"C:/Users/Playeroth/Documents/EscapeTheBackrooms--Mods/MainMod/Content/Mods/Z_DebugLog_P/BlueprintLibraries/BFL_DebugLog.uasset" 0
"C:/Users/Playeroth/Documents/EscapeTheBackrooms--Mods/MainMod/Content/Mods/Z_DebugLog_P/BlueprintLibraries/BFL_DebugLog.uexp" 1
"C:/Users/Playeroth/Documents/EscapeTheBackrooms--Mods/MainMod/Content/BPCINS_CheckOfficeDoor.uasset" 2
"C:/Users/Playeroth/Documents/EscapeTheBackrooms--Mods/MainMod/Content/BPCINS_CheckOfficeDoor.uexp" 3
"C:/Users/Playeroth/Documents/EscapeTheBackrooms--Mods/MainMod/Content/Unlit_Black.uasset" 4
"C:/Users/Playeroth/Documents/EscapeTheBackrooms--Mods/MainMod/Content/Unlit_Black.uexp" 5
"C:/Users/Playeroth/Documents/EscapeTheBackrooms--Mods/MainMod/Content/LightsOut/Structure/Wall/SM_Wall012.uasset" 6
"C:/Users/Playeroth/Documents/EscapeTheBackrooms--Mods/MainMod/Content/LightsOut/Structure/Wall/SM_Wall012.uexp" 7
"C:/Users/Playeroth/Documents/EscapeTheBackrooms--Mods/MainMod/Content/LightsOut/Structure/Wall/SM_Wall03.uasset" 8
"C:/Users/Playeroth/Documents/EscapeTheBackrooms--Mods/MainMod/Content/LightsOut/Structure/Wall/SM_Wall03.uexp" 9
"C:/Users/Playeroth/Documents/EscapeTheBackrooms--Mods/MainMod/Content/Mods/PYAutoRevive/DA_PYAR.uasset" 10
"C:/Users/Playeroth/Documents/EscapeTheBackrooms--Mods/MainMod/Content/Mods/PYAutoRevive/DA_PYAR.uexp" 11
"C:/Users/Playeroth/Documents/EscapeTheBackrooms--Mods/MainMod/Content/Mods/Z_ModLoader_P/Structs/New/F_ModLoaderModActor.uasset" 12
"C:/Users/Playeroth/Documents/EscapeTheBackrooms--Mods/MainMod/Content/Mods/Z_ModLoader_P/Structs/New/F_ModLoaderModActor.uexp" 13
"C:/Users/Playeroth/Documents/EscapeTheBackrooms--Mods/MainMod/Content/Mods/Z_ModLoader_P/Blueprints/BP_M_ModActor.uasset" 14
"C:/Users/Playeroth/Documents/EscapeTheBackrooms--Mods/MainMod/Content/Mods/Z_ModLoader_P/Blueprints/BP_M_ModActor.uexp" 15
"C:/Users/Playeroth/Documents/EscapeTheBackrooms--Mods/MainMod/Content/Mods/Z_ModLoader_P/Structs/New/F_ModLoaderDataTable.uasset" 16
"C:/Users/Playeroth/Documents/EscapeTheBackrooms--Mods/MainMod/Content/Mods/Z_ModLoader_P/Structs/New/F_ModLoaderDataTable.uexp" 17
"../../../Engine/Content/EditorBlueprintResources/StandardMacros.uasset" 18
"../../../Engine/Content/EditorBlueprintResources/StandardMacros.uexp" 19
"C:/Users/Playeroth/Documents/EscapeTheBackrooms--Mods/MainMod/Content/Mods/PYAutoRevive/BP_PYAR.uasset" 20
"C:/Users/Playeroth/Documents/EscapeTheBackrooms--Mods/MainMod/Content/Mods/PYAutoRevive/BP_PYAR.uexp" 21
"C:/Users/Playeroth/Documents/EscapeTheBackrooms--Mods/MainMod/Content/Mods/PYAutoRevive/DataTables/DT_MainDT.uasset" 22
"C:/Users/Playeroth/Documents/EscapeTheBackrooms--Mods/MainMod/Content/Mods/PYAutoRevive/DataTables/DT_MainDT.uexp" 23
"C:/Users/Playeroth/Documents/EscapeTheBackrooms--Mods/MainMod/Content/Mods/PYEntityRandomizer/DA_ERandom.uasset" 24
"C:/Users/Playeroth/Documents/EscapeTheBackrooms--Mods/MainMod/Content/Mods/PYEntityRandomizer/DA_ERandom.uexp" 25
"C:/Users/Playeroth/Documents/EscapeTheBackrooms--Mods/MainMod/Content/Mods/PYEntityRandomizer/WBP_ERandom.uasset" 26
"C:/Users/Playeroth/Documents/EscapeTheBackrooms--Mods/MainMod/Content/Mods/PYEntityRandomizer/WBP_ERandom.uexp" 27
"C:/Users/Playeroth/Documents/EscapeTheBackrooms--Mods/MainMod/Content/Mods/PYEntityRandomizer/BP_ERandom.uasset" 28
"C:/Users/Playeroth/Documents/EscapeTheBackrooms--Mods/MainMod/Content/Mods/PYEntityRandomizer/BP_ERandom.uexp" 29
"C:/Users/Playeroth/Documents/EscapeTheBackrooms--Mods/MainMod/Content/Mods/PYEntityRandomizer/DataTables/DT_ERandom.uasset" 30
"C:/Users/Playeroth/Documents/EscapeTheBackrooms--Mods/MainMod/Content/Mods/PYEntityRandomizer/DataTables/DT_ERandom.uexp" 31
"C:/Users/Playeroth/Documents/EscapeTheBackrooms--Mods/MainMod/Content/Mods/PYInsanityMod/DA_PYINS.uasset" 32
"C:/Users/Playeroth/Documents/EscapeTheBackrooms--Mods/MainMod/Content/Mods/PYInsanityMod/DA_PYINS.uexp" 33
"C:/Users/Playeroth/Documents/EscapeTheBackrooms--Mods/MainMod/Content/Mods/PYInsanityMod/WBP/InsVersion.uasset" 34
"C:/Users/Playeroth/Documents/EscapeTheBackrooms--Mods/MainMod/Content/Mods/PYInsanityMod/WBP/InsVersion.uexp" 35
"../../../Engine/Content/EngineMaterials/T_Default_Material_Grid_N.uasset" 36
"../../../Engine/Content/EngineMaterials/T_Default_Material_Grid_N.uexp" 37
"../../../Engine/Content/EngineMaterials/T_Default_Material_Grid_N.ubulk" 38
"../../../Engine/Content/EngineMaterials/T_Default_Material_Grid_M.uasset" 39
"../../../Engine/Content/EngineMaterials/T_Default_Material_Grid_M.uexp" 40
"../../../Engine/Content/EngineMaterials/T_Default_Material_Grid_M.ubulk" 41
"../../../Engine/Content/Functions/Engine_MaterialFunctions01/Opacity/CameraDepthFade.uasset" 42
"../../../Engine/Content/Functions/Engine_MaterialFunctions01/Opacity/CameraDepthFade.uexp" 43
"../../../Engine/Content/EngineMaterials/WorldGridMaterial.uasset" 44
"../../../Engine/Content/EngineMaterials/WorldGridMaterial.uexp" 45
"../../../Engine/Content/BasicShapes/Cube1.uasset" 46
"../../../Engine/Content/BasicShapes/Cube1.uexp" 47
"C:/Users/Playeroth/Documents/EscapeTheBackrooms--Mods/MainMod/Content/Mods/PYInsanityMod/CustomSystems/AIBPC_ChangeAction.uasset" 48
"C:/Users/Playeroth/Documents/EscapeTheBackrooms--Mods/MainMod/Content/Mods/PYInsanityMod/CustomSystems/AIBPC_ChangeAction.uexp" 49
"C:/Users/Playeroth/Documents/EscapeTheBackrooms--Mods/MainMod/Content/Mods/PYInsanityMod/CustomSystems/BPC_AISpeed.uasset" 50
"C:/Users/Playeroth/Documents/EscapeTheBackrooms--Mods/MainMod/Content/Mods/PYInsanityMod/CustomSystems/BPC_AISpeed.uexp" 51
"C:/Users/Playeroth/Documents/EscapeTheBackrooms--Mods/MainMod/Content/Mods/PYInsanityMod/Maps/Fun+/FunTape/PYINS_FunTape.uasset" 52
"C:/Users/Playeroth/Documents/EscapeTheBackrooms--Mods/MainMod/Content/Mods/PYInsanityMod/Maps/Fun+/FunTape/PYINS_FunTape.uexp" 53
"C:/Users/Playeroth/Documents/EscapeTheBackrooms--Mods/MainMod/Content/Mods/PYInsanityMod/TheEndCheckTapes.uasset" 54
"C:/Users/Playeroth/Documents/EscapeTheBackrooms--Mods/MainMod/Content/Mods/PYInsanityMod/TheEndCheckTapes.uexp" 55
"C:/Users/Playeroth/Documents/EscapeTheBackrooms--Mods/MainMod/Content/Mods/PYInsanityMod/CheckMapMisc/S_EntityHolder.uasset" 56
"C:/Users/Playeroth/Documents/EscapeTheBackrooms--Mods/MainMod/Content/Mods/PYInsanityMod/CheckMapMisc/S_EntityHolder.uexp" 57
"C:/Users/Playeroth/Documents/EscapeTheBackrooms--Mods/MainMod/Content/Mods/PYInsanityMod/CheckMapMisc/S_MapLoader.uasset" 58
"C:/Users/Playeroth/Documents/EscapeTheBackrooms--Mods/MainMod/Content/Mods/PYInsanityMod/CheckMapMisc/S_MapLoader.uexp" 59
"C:/Users/Playeroth/Documents/EscapeTheBackrooms--Mods/MainMod/Content/Mods/PYInsanityMod/CustomSystems/AISpeedType.uasset" 60
"C:/Users/Playeroth/Documents/EscapeTheBackrooms--Mods/MainMod/Content/Mods/PYInsanityMod/CustomSystems/AISpeedType.uexp" 61
"C:/Users/Playeroth/Documents/EscapeTheBackrooms--Mods/MainMod/Content/Mods/PYInsanityMod/CustomSystems/PYINS_AIMovement.uasset" 62
"C:/Users/Playeroth/Documents/EscapeTheBackrooms--Mods/MainMod/Content/Mods/PYInsanityMod/CustomSystems/PYINS_AIMovement.uexp" 63
"C:/Users/Playeroth/Documents/EscapeTheBackrooms--Mods/MainMod/Content/Mods/PYInsanityMod/Maps/WaterDamage/PYINS_WaterDamageManager.uasset" 64
"C:/Users/Playeroth/Documents/EscapeTheBackrooms--Mods/MainMod/Content/Mods/PYInsanityMod/Maps/WaterDamage/PYINS_WaterDamageManager.uexp" 65
"C:/Users/Playeroth/Documents/EscapeTheBackrooms--Mods/MainMod/Content/Mods/PYInsanityMod/Maps/TopFloor/PYINS_TopFloorManager.uasset" 66
"C:/Users/Playeroth/Documents/EscapeTheBackrooms--Mods/MainMod/Content/Mods/PYInsanityMod/Maps/TopFloor/PYINS_TopFloorManager.uexp" 67
"../../../Engine/Content/EngineMaterials/DefaultMaterial.uasset" 68
"../../../Engine/Content/EngineMaterials/DefaultMaterial.uexp" 69
"../../../Engine/Content/EngineMeshes/Cube.uasset" 70
"../../../Engine/Content/EngineMeshes/Cube.uexp" 71
"../../../Engine/Content/BasicShapes/Cube.uasset" 72
"../../../Engine/Content/BasicShapes/Cube.uexp" 73
"C:/Users/Playeroth/Documents/EscapeTheBackrooms--Mods/MainMod/Content/Mods/PYInsanityMod/Maps/TheHub/Base_Timer.uasset" 74
"C:/Users/Playeroth/Documents/EscapeTheBackrooms--Mods/MainMod/Content/Mods/PYInsanityMod/Maps/TheHub/Base_Timer.uexp" 75
"C:/Users/Playeroth/Documents/EscapeTheBackrooms--Mods/MainMod/Content/Mods/PYInsanityMod/Maps/TheHub/PYIns_TimerOBJ.uasset" 76
"C:/Users/Playeroth/Documents/EscapeTheBackrooms--Mods/MainMod/Content/Mods/PYInsanityMod/Maps/TheHub/PYIns_TimerOBJ.uexp" 77
"C:/Users/Playeroth/Documents/EscapeTheBackrooms--Mods/MainMod/Content/Mods/PYInsanityMod/Maps/TheHub/PYIns_TimerReachPoint.uasset" 78
"C:/Users/Playeroth/Documents/EscapeTheBackrooms--Mods/MainMod/Content/Mods/PYInsanityMod/Maps/TheHub/PYIns_TimerReachPoint.uexp" 79
"C:/Users/Playeroth/Documents/EscapeTheBackrooms--Mods/MainMod/Content/Mods/PYInsanityMod/Maps/TheHub/PYInsanity_TheHub.uasset" 80
"C:/Users/Playeroth/Documents/EscapeTheBackrooms--Mods/MainMod/Content/Mods/PYInsanityMod/Maps/TheHub/PYInsanity_TheHub.uexp" 81
"C:/Users/Playeroth/Documents/EscapeTheBackrooms--Mods/MainMod/Content/Mods/PYInsanityMod/Maps/TheEnd/PYINS_TheEnd.uasset" 82
"C:/Users/Playeroth/Documents/EscapeTheBackrooms--Mods/MainMod/Content/Mods/PYInsanityMod/Maps/TheEnd/PYINS_TheEnd.uexp" 83
"../../../Engine/Content/EngineDebugMaterials/WireframeMaterial.uasset" 84
"../../../Engine/Content/EngineDebugMaterials/WireframeMaterial.uexp" 85
"C:/Users/Playeroth/Documents/EscapeTheBackrooms--Mods/MainMod/Content/Mods/PYInsanityMod/CustomSystems/UseType.uasset" 86
"C:/Users/Playeroth/Documents/EscapeTheBackrooms--Mods/MainMod/Content/Mods/PYInsanityMod/CustomSystems/UseType.uexp" 87
"C:/Users/Playeroth/Documents/EscapeTheBackrooms--Mods/MainMod/Content/Mods/PYInsanityMod/CustomSystems/InteractType.uasset" 88
"C:/Users/Playeroth/Documents/EscapeTheBackrooms--Mods/MainMod/Content/Mods/PYInsanityMod/CustomSystems/InteractType.uexp" 89
"C:/Users/Playeroth/Documents/EscapeTheBackrooms--Mods/MainMod/Content/Mods/PYInsanityMod/CustomSystems/BPC_PYINS_CustomInteractable.uasset" 90
"C:/Users/Playeroth/Documents/EscapeTheBackrooms--Mods/MainMod/Content/Mods/PYInsanityMod/CustomSystems/BPC_PYINS_CustomInteractable.uexp" 91
"C:/Users/Playeroth/Documents/EscapeTheBackrooms--Mods/MainMod/Content/Mods/PYInsanityMod/Maps/Thalaso/PYINS_Thalaso.uasset" 92
"C:/Users/Playeroth/Documents/EscapeTheBackrooms--Mods/MainMod/Content/Mods/PYInsanityMod/Maps/Thalaso/PYINS_Thalaso.uexp" 93
"C:/Users/Playeroth/Documents/EscapeTheBackrooms--Mods/MainMod/Content/Mods/PYInsanityMod/Maps/Suburbs/PYINS_Suburbs.uasset" 94
"C:/Users/Playeroth/Documents/EscapeTheBackrooms--Mods/MainMod/Content/Mods/PYInsanityMod/Maps/Suburbs/PYINS_Suburbs.uexp" 95
"C:/Users/Playeroth/Documents/EscapeTheBackrooms--Mods/MainMod/Content/Snackrooms/BP_Snackrooms_Exit.uasset" 96
"C:/Users/Playeroth/Documents/EscapeTheBackrooms--Mods/MainMod/Content/Snackrooms/BP_Snackrooms_Exit.uexp" 97
"C:/Users/Playeroth/Documents/EscapeTheBackrooms--Mods/MainMod/Content/Mods/PYInsanityMod/Maps/Snackrooms/Datas/S_ObjectStruct.uasset" 98
"C:/Users/Playeroth/Documents/EscapeTheBackrooms--Mods/MainMod/Content/Mods/PYInsanityMod/Maps/Snackrooms/Datas/S_ObjectStruct.uexp" 99
"C:/Users/Playeroth/Documents/EscapeTheBackrooms--Mods/MainMod/Content/Mods/PYInsanityMod/Maps/Snackrooms/Datas/S_ObjectList.uasset" 100
"C:/Users/Playeroth/Documents/EscapeTheBackrooms--Mods/MainMod/Content/Mods/PYInsanityMod/Maps/Snackrooms/Datas/S_ObjectList.uexp" 101
"C:/Users/Playeroth/Documents/EscapeTheBackrooms--Mods/MainMod/Content/Mods/PYInsanityMod/Libraries/PYINS_GlobalFunction.uasset" 102
"C:/Users/Playeroth/Documents/EscapeTheBackrooms--Mods/MainMod/Content/Mods/PYInsanityMod/Libraries/PYINS_GlobalFunction.uexp" 103
"C:/Users/Playeroth/Documents/EscapeTheBackrooms--Mods/MainMod/Content/Mods/PYInsanityMod/Maps/Snackrooms/PYINS_Snackrooms.uasset" 104
"C:/Users/Playeroth/Documents/EscapeTheBackrooms--Mods/MainMod/Content/Mods/PYInsanityMod/Maps/Snackrooms/PYINS_Snackrooms.uexp" 105
"C:/Users/Playeroth/Documents/EscapeTheBackrooms--Mods/MainMod/Content/Mods/PYInsanityMod/Maps/PoolroomsExpanded/PYINS_PoolroomsExpanded.uasset" 106
"C:/Users/Playeroth/Documents/EscapeTheBackrooms--Mods/MainMod/Content/Mods/PYInsanityMod/Maps/PoolroomsExpanded/PYINS_PoolroomsExpanded.uexp" 107
"C:/Users/Playeroth/Documents/EscapeTheBackrooms--Mods/MainMod/Content/Mods/PYInsanityMod/Maps/Poolrooms/Trigger_PushableReachPoints.uasset" 108
"C:/Users/Playeroth/Documents/EscapeTheBackrooms--Mods/MainMod/Content/Mods/PYInsanityMod/Maps/Poolrooms/Trigger_PushableReachPoints.uexp" 109
"C:/Users/Playeroth/Documents/EscapeTheBackrooms--Mods/MainMod/Content/Mods/PYInsanityMod/Maps/Poolrooms/Config_Pushable.uasset" 110
"C:/Users/Playeroth/Documents/EscapeTheBackrooms--Mods/MainMod/Content/Mods/PYInsanityMod/Maps/Poolrooms/Config_Pushable.uexp" 111
"C:/Users/Playeroth/Documents/EscapeTheBackrooms--Mods/MainMod/Content/Mods/PYInsanityMod/Maps/Poolrooms/PYINS_PoolroomsManager.uasset" 112
"C:/Users/Playeroth/Documents/EscapeTheBackrooms--Mods/MainMod/Content/Mods/PYInsanityMod/Maps/Poolrooms/PYINS_PoolroomsManager.uexp" 113
"C:/Users/Playeroth/Documents/EscapeTheBackrooms--Mods/MainMod/Content/LightsOut/Structure/Wall/SM_Wall02.uasset" 114
"C:/Users/Playeroth/Documents/EscapeTheBackrooms--Mods/MainMod/Content/LightsOut/Structure/Wall/SM_Wall02.uexp" 115
"C:/Users/Playeroth/Documents/EscapeTheBackrooms--Mods/MainMod/Content/Mods/PYInsanityMod/Maps/PipesLevel/BP_WallOfDeath.uasset" 116
"C:/Users/Playeroth/Documents/EscapeTheBackrooms--Mods/MainMod/Content/Mods/PYInsanityMod/Maps/PipesLevel/BP_WallOfDeath.uexp" 117
"C:/Users/Playeroth/Documents/EscapeTheBackrooms--Mods/MainMod/Content/Mods/PYInsanityMod/CustomSystems/BP_BetterTrigger.uasset" 118
"C:/Users/Playeroth/Documents/EscapeTheBackrooms--Mods/MainMod/Content/Mods/PYInsanityMod/CustomSystems/BP_BetterTrigger.uexp" 119
"C:/Users/Playeroth/Documents/EscapeTheBackrooms--Mods/MainMod/Content/Mods/PYInsanityMod/CustomSystems/BPC_CommonMisc.uasset" 120
"C:/Users/Playeroth/Documents/EscapeTheBackrooms--Mods/MainMod/Content/Mods/PYInsanityMod/CustomSystems/BPC_CommonMisc.uexp" 121
"C:/Users/Playeroth/Documents/EscapeTheBackrooms--Mods/MainMod/Content/Mods/PYInsanityMod/Maps/PipesLevel/PYINS_Pipes.uasset" 122
"C:/Users/Playeroth/Documents/EscapeTheBackrooms--Mods/MainMod/Content/Mods/PYInsanityMod/Maps/PipesLevel/PYINS_Pipes.uexp" 123
"C:/Users/Playeroth/Documents/EscapeTheBackrooms--Mods/MainMod/Content/Mods/PYInsanityMod/Maps/Office/Datas/Office_S_MoveToStruct.uasset" 124
"C:/Users/Playeroth/Documents/EscapeTheBackrooms--Mods/MainMod/Content/Mods/PYInsanityMod/Maps/Office/Datas/Office_S_MoveToStruct.uexp" 125
"C:/Users/Playeroth/Documents/EscapeTheBackrooms--Mods/MainMod/Content/Mods/PYInsanityMod/Maps/Office/Datas/Office_S_MoveToArray.uasset" 126
"C:/Users/Playeroth/Documents/EscapeTheBackrooms--Mods/MainMod/Content/Mods/PYInsanityMod/Maps/Office/Datas/Office_S_MoveToArray.uexp" 127
"C:/Users/Playeroth/Documents/EscapeTheBackrooms--Mods/MainMod/Content/Mods/PYInsanityMod/Maps/Office/BPCINS_FacelingRoadMovement.uasset" 128
"C:/Users/Playeroth/Documents/EscapeTheBackrooms--Mods/MainMod/Content/Mods/PYInsanityMod/Maps/Office/BPCINS_FacelingRoadMovement.uexp" 129
"C:/Users/Playeroth/Documents/EscapeTheBackrooms--Mods/MainMod/Content/Mods/PYInsanityMod/Maps/Office/PYINS_Office.uasset" 130
"C:/Users/Playeroth/Documents/EscapeTheBackrooms--Mods/MainMod/Content/Mods/PYInsanityMod/Maps/Office/PYINS_Office.uexp" 131
"C:/Users/Playeroth/Documents/EscapeTheBackrooms--Mods/MainMod/Content/Mods/PYInsanityMod/Maps/MiddleFloor/PYIns_MiddleFloorManager.uasset" 132
"C:/Users/Playeroth/Documents/EscapeTheBackrooms--Mods/MainMod/Content/Mods/PYInsanityMod/Maps/MiddleFloor/PYIns_MiddleFloorManager.uexp" 133
"C:/Users/Playeroth/Documents/EscapeTheBackrooms--Mods/MainMod/Content/Mods/PYInsanityMod/CustomSystems/CubeKillerMaker.uasset" 134
"C:/Users/Playeroth/Documents/EscapeTheBackrooms--Mods/MainMod/Content/Mods/PYInsanityMod/CustomSystems/CubeKillerMaker.uexp" 135
"C:/Users/Playeroth/Documents/EscapeTheBackrooms--Mods/MainMod/Content/LightsOut/Merg/SM_Cement_Rubble_Group.uasset" 136
"C:/Users/Playeroth/Documents/EscapeTheBackrooms--Mods/MainMod/Content/LightsOut/Merg/SM_Cement_Rubble_Group.uexp" 137
"C:/Users/Playeroth/Documents/EscapeTheBackrooms--Mods/MainMod/Content/Mods/PYInsanityMod/Maps/LightsOut/PYINS_LightsOutManager.uasset" 138
"C:/Users/Playeroth/Documents/EscapeTheBackrooms--Mods/MainMod/Content/Mods/PYInsanityMod/Maps/LightsOut/PYINS_LightsOutManager.uexp" 139
"C:/Users/Playeroth/Documents/EscapeTheBackrooms--Mods/MainMod/Content/Mods/PYInsanityMod/Maps/LevelRun/LevelRunDatas/F_ActorsListSpawn.uasset" 140
"C:/Users/Playeroth/Documents/EscapeTheBackrooms--Mods/MainMod/Content/Mods/PYInsanityMod/Maps/LevelRun/LevelRunDatas/F_ActorsListSpawn.uexp" 141
"C:/Users/Playeroth/Documents/EscapeTheBackrooms--Mods/MainMod/Content/Mods/PYInsanityMod/Maps/LevelRun/LevelRunDatas/F_LevelSpawn.uasset" 142
"C:/Users/Playeroth/Documents/EscapeTheBackrooms--Mods/MainMod/Content/Mods/PYInsanityMod/Maps/LevelRun/LevelRunDatas/F_LevelSpawn.uexp" 143
"C:/Users/Playeroth/Documents/EscapeTheBackrooms--Mods/MainMod/Content/Mods/PYInsanityMod/Maps/LevelRun/INS_LevelRunManager.uasset" 144
"C:/Users/Playeroth/Documents/EscapeTheBackrooms--Mods/MainMod/Content/Mods/PYInsanityMod/Maps/LevelRun/INS_LevelRunManager.uexp" 145
"C:/Users/Playeroth/Documents/EscapeTheBackrooms--Mods/MainMod/Content/Mods/PYInsanityMod/CustomSystems/WBP_TextHint.uasset" 146
"C:/Users/Playeroth/Documents/EscapeTheBackrooms--Mods/MainMod/Content/Mods/PYInsanityMod/CustomSystems/WBP_TextHint.uexp" 147
"C:/Users/Playeroth/Documents/EscapeTheBackrooms--Mods/MainMod/Content/Mods/PYInsanityMod/Maps/LevelFun/INS_LevelFunManager.uasset" 148
"C:/Users/Playeroth/Documents/EscapeTheBackrooms--Mods/MainMod/Content/Mods/PYInsanityMod/Maps/LevelFun/INS_LevelFunManager.uexp" 149
"C:/Users/Playeroth/Documents/EscapeTheBackrooms--Mods/MainMod/Content/Mods/PYInsanityMod/Maps/LevelDash/PYINS_LevelDashManager.uasset" 150
"C:/Users/Playeroth/Documents/EscapeTheBackrooms--Mods/MainMod/Content/Mods/PYInsanityMod/Maps/LevelDash/PYINS_LevelDashManager.uexp" 151
"C:/Users/Playeroth/Documents/EscapeTheBackrooms--Mods/MainMod/Content/Mods/PYInsanityMod/Maps/Level94/PYINS_Level94Manager.uasset" 152
"C:/Users/Playeroth/Documents/EscapeTheBackrooms--Mods/MainMod/Content/Mods/PYInsanityMod/Maps/Level94/PYINS_Level94Manager.uexp" 153
"C:/Users/Playeroth/Documents/EscapeTheBackrooms--Mods/MainMod/Content/Mods/PYInsanityMod/CustomSystems/BPC_CheckGround.uasset" 154
"C:/Users/Playeroth/Documents/EscapeTheBackrooms--Mods/MainMod/Content/Mods/PYInsanityMod/CustomSystems/BPC_CheckGround.uexp" 155
"C:/Users/Playeroth/Documents/EscapeTheBackrooms--Mods/MainMod/Content/Mods/PYInsanityMod/Maps/Level55/PYINS_Level55.uasset" 156
"C:/Users/Playeroth/Documents/EscapeTheBackrooms--Mods/MainMod/Content/Mods/PYInsanityMod/Maps/Level55/PYINS_Level55.uexp" 157
"C:/Users/Playeroth/Documents/EscapeTheBackrooms--Mods/MainMod/Content/Mods/PYInsanityMod/Maps/Level52/PYINS_Level52Manager.uasset" 158
"C:/Users/Playeroth/Documents/EscapeTheBackrooms--Mods/MainMod/Content/Mods/PYInsanityMod/Maps/Level52/PYINS_Level52Manager.uexp" 159
"C:/Users/Playeroth/Documents/EscapeTheBackrooms--Mods/MainMod/Content/Mods/PYInsanityMod/Maps/Level0/Datas/S_Level0MazeStruct.uasset" 160
"C:/Users/Playeroth/Documents/EscapeTheBackrooms--Mods/MainMod/Content/Mods/PYInsanityMod/Maps/Level0/Datas/S_Level0MazeStruct.uexp" 161
"C:/Users/Playeroth/Documents/EscapeTheBackrooms--Mods/MainMod/Content/Mods/PYInsanityMod/Maps/Level0/Datas/S_Level0MazeList.uasset" 162
"C:/Users/Playeroth/Documents/EscapeTheBackrooms--Mods/MainMod/Content/Mods/PYInsanityMod/Maps/Level0/Datas/S_Level0MazeList.uexp" 163
"C:/Users/Playeroth/Documents/EscapeTheBackrooms--Mods/MainMod/Content/Mods/PYInsanityMod/Maps/Level0/BalanceCheck.uasset" 164
"C:/Users/Playeroth/Documents/EscapeTheBackrooms--Mods/MainMod/Content/Mods/PYInsanityMod/Maps/Level0/BalanceCheck.uexp" 165
"C:/Users/Playeroth/Documents/EscapeTheBackrooms--Mods/MainMod/Content/Mods/PYInsanityMod/Maps/Level0/PYINS_Level0Manager.uasset" 166
"C:/Users/Playeroth/Documents/EscapeTheBackrooms--Mods/MainMod/Content/Mods/PYInsanityMod/Maps/Level0/PYINS_Level0Manager.uexp" 167
"C:/Users/Playeroth/Documents/EscapeTheBackrooms--Mods/MainMod/Content/Mods/PYInsanityMod/Maps/Floor3/PYINS_Hotel.uasset" 168
"C:/Users/Playeroth/Documents/EscapeTheBackrooms--Mods/MainMod/Content/Mods/PYInsanityMod/Maps/Floor3/PYINS_Hotel.uexp" 169
"C:/Users/Playeroth/Documents/EscapeTheBackrooms--Mods/MainMod/Content/Mods/PYInsanityMod/Maps/Garage/C_LeversFunc.uasset" 170
"C:/Users/Playeroth/Documents/EscapeTheBackrooms--Mods/MainMod/Content/Mods/PYInsanityMod/Maps/Garage/C_LeversFunc.uexp" 171
"C:/Users/Playeroth/Documents/EscapeTheBackrooms--Mods/MainMod/Content/Mods/PYInsanityMod/Maps/Garage/INS_LeversManager.uasset" 172
"C:/Users/Playeroth/Documents/EscapeTheBackrooms--Mods/MainMod/Content/Mods/PYInsanityMod/Maps/Garage/INS_LeversManager.uexp" 173
"C:/Users/Playeroth/Documents/EscapeTheBackrooms--Mods/MainMod/Content/Mods/PYInsanityMod/Maps/Garage/INS_BottomFloor.uasset" 174
"C:/Users/Playeroth/Documents/EscapeTheBackrooms--Mods/MainMod/Content/Mods/PYInsanityMod/Maps/Garage/INS_BottomFloor.uexp" 175
"C:/Users/Playeroth/Documents/EscapeTheBackrooms--Mods/MainMod/Content/Mods/PYInsanityMod/Maps/Fun+/FunGlowstick/PYINS_FunGlowstick.uasset" 176
"C:/Users/Playeroth/Documents/EscapeTheBackrooms--Mods/MainMod/Content/Mods/PYInsanityMod/Maps/Fun+/FunGlowstick/PYINS_FunGlowstick.uexp" 177
"C:/Users/Playeroth/Documents/EscapeTheBackrooms--Mods/MainMod/Content/Mods/PYInsanityMod/Maps/FieldOfWheat/PYINS_FieldOfWheatManager.uasset" 178
"C:/Users/Playeroth/Documents/EscapeTheBackrooms--Mods/MainMod/Content/Mods/PYInsanityMod/Maps/FieldOfWheat/PYINS_FieldOfWheatManager.uexp" 179
"C:/Users/Playeroth/Documents/EscapeTheBackrooms--Mods/MainMod/Content/Mods/PYInsanityMod/Maps/Cave/PYINS_CaveManager.uasset" 180
"C:/Users/Playeroth/Documents/EscapeTheBackrooms--Mods/MainMod/Content/Mods/PYInsanityMod/Maps/Cave/PYINS_CaveManager.uexp" 181
"C:/Users/Playeroth/Documents/EscapeTheBackrooms--Mods/MainMod/Content/Mods/PYInsanityMod/Maps/BoilerRoom/Datas/SBoiler_BaseSpawn.uasset" 182
"C:/Users/Playeroth/Documents/EscapeTheBackrooms--Mods/MainMod/Content/Mods/PYInsanityMod/Maps/BoilerRoom/Datas/SBoiler_BaseSpawn.uexp" 183
"C:/Users/Playeroth/Documents/EscapeTheBackrooms--Mods/MainMod/Content/Mods/PYInsanityMod/Maps/BoilerRoom/Datas/SBoiler_SpawnArray.uasset" 184
"C:/Users/Playeroth/Documents/EscapeTheBackrooms--Mods/MainMod/Content/Mods/PYInsanityMod/Maps/BoilerRoom/Datas/SBoiler_SpawnArray.uexp" 185
"C:/Users/Playeroth/Documents/EscapeTheBackrooms--Mods/MainMod/Content/Mods/PYInsanityMod/Maps/BoilerRoom/BPC_MothChill.uasset" 186
"C:/Users/Playeroth/Documents/EscapeTheBackrooms--Mods/MainMod/Content/Mods/PYInsanityMod/Maps/BoilerRoom/BPC_MothChill.uexp" 187
"C:/Users/Playeroth/Documents/EscapeTheBackrooms--Mods/MainMod/Content/Mods/PYInsanityMod/Maps/BoilerRoom/PYINS_BoilerRoom.uasset" 188
"C:/Users/Playeroth/Documents/EscapeTheBackrooms--Mods/MainMod/Content/Mods/PYInsanityMod/Maps/BoilerRoom/PYINS_BoilerRoom.uexp" 189
"C:/Users/Playeroth/Documents/EscapeTheBackrooms--Mods/MainMod/Content/SaveSystem/BP_New_SaveGame.uasset" 190
"C:/Users/Playeroth/Documents/EscapeTheBackrooms--Mods/MainMod/Content/SaveSystem/BP_New_SaveGame.uexp" 191
"C:/Users/Playeroth/Documents/EscapeTheBackrooms--Mods/MainMod/Content/Mods/PYInsanityMod/Maps/AnimatedKingdom/BottleCheck.uasset" 192
"C:/Users/Playeroth/Documents/EscapeTheBackrooms--Mods/MainMod/Content/Mods/PYInsanityMod/Maps/AnimatedKingdom/BottleCheck.uexp" 193
"C:/Users/Playeroth/Documents/EscapeTheBackrooms--Mods/MainMod/Content/Mods/PYInsanityMod/Maps/AnimatedKingdom/PYINS_EventStartedManager.uasset" 194
"C:/Users/Playeroth/Documents/EscapeTheBackrooms--Mods/MainMod/Content/Mods/PYInsanityMod/Maps/AnimatedKingdom/PYINS_EventStartedManager.uexp" 195
"C:/Users/Playeroth/Documents/EscapeTheBackrooms--Mods/MainMod/Content/Mods/PYInsanityMod/Maps/AnimatedKingdom/DynamicStaticMeshes.uasset" 196
"C:/Users/Playeroth/Documents/EscapeTheBackrooms--Mods/MainMod/Content/Mods/PYInsanityMod/Maps/AnimatedKingdom/DynamicStaticMeshes.uexp" 197
"C:/Users/Playeroth/Documents/EscapeTheBackrooms--Mods/MainMod/Content/Mods/PYInsanityMod/Maps/AnimatedKingdom/DynamicPlasticClown.uasset" 198
"C:/Users/Playeroth/Documents/EscapeTheBackrooms--Mods/MainMod/Content/Mods/PYInsanityMod/Maps/AnimatedKingdom/DynamicPlasticClown.uexp" 199
"C:/Users/Playeroth/Documents/EscapeTheBackrooms--Mods/MainMod/Content/Mods/PYInsanityMod/Maps/AnimatedKingdom/CheckLineOfSight.uasset" 200
"C:/Users/Playeroth/Documents/EscapeTheBackrooms--Mods/MainMod/Content/Mods/PYInsanityMod/Maps/AnimatedKingdom/CheckLineOfSight.uexp" 201
"C:/Users/Playeroth/Documents/EscapeTheBackrooms--Mods/MainMod/Content/Mods/PYInsanityMod/Maps/AnimatedKingdom/PYINS_AnimKingdomManager.uasset" 202
"C:/Users/Playeroth/Documents/EscapeTheBackrooms--Mods/MainMod/Content/Mods/PYInsanityMod/Maps/AnimatedKingdom/PYINS_AnimKingdomManager.uexp" 203
"C:/Users/Playeroth/Documents/EscapeTheBackrooms--Mods/MainMod/Content/Mods/PYInsanityMod/Maps/AbandonedBase/INS_AbandonedBaseManager.uasset" 204
"C:/Users/Playeroth/Documents/EscapeTheBackrooms--Mods/MainMod/Content/Mods/PYInsanityMod/Maps/AbandonedBase/INS_AbandonedBaseManager.uexp" 205
"C:/Users/Playeroth/Documents/EscapeTheBackrooms--Mods/MainMod/Content/Level188/BP_Lobby_Exit.uasset" 206
"C:/Users/Playeroth/Documents/EscapeTheBackrooms--Mods/MainMod/Content/Level188/BP_Lobby_Exit.uexp" 207
"C:/Users/Playeroth/Documents/EscapeTheBackrooms--Mods/MainMod/Content/Level188/BP_FallExit.uasset" 208
"C:/Users/Playeroth/Documents/EscapeTheBackrooms--Mods/MainMod/Content/Level188/BP_FallExit.uexp" 209
"C:/Users/Playeroth/Documents/EscapeTheBackrooms--Mods/MainMod/Content/Mods/PYInsanityMod/Maps/188_Expanded/PYINS_188_Expanded.uasset" 210
"C:/Users/Playeroth/Documents/EscapeTheBackrooms--Mods/MainMod/Content/Mods/PYInsanityMod/Maps/188_Expanded/PYINS_188_Expanded.uexp" 211
"C:/Users/Playeroth/Documents/EscapeTheBackrooms--Mods/MainMod/Content/Mods/PYInsanityMod/FunZone2CheckDoors.uasset" 212
"C:/Users/Playeroth/Documents/EscapeTheBackrooms--Mods/MainMod/Content/Mods/PYInsanityMod/FunZone2CheckDoors.uexp" 213
"C:/Users/Playeroth/Documents/EscapeTheBackrooms--Mods/MainMod/Content/Mods/PYInsanityMod/SpawnedHoundCheck.uasset" 214
"C:/Users/Playeroth/Documents/EscapeTheBackrooms--Mods/MainMod/Content/Mods/PYInsanityMod/SpawnedHoundCheck.uexp" 215
"C:/Users/Playeroth/Documents/EscapeTheBackrooms--Mods/MainMod/Content/Mods/PYInsanityMod/Maps/ElectricalStation/INS_ElectricalStationManager.uasset" 216
"C:/Users/Playeroth/Documents/EscapeTheBackrooms--Mods/MainMod/Content/Mods/PYInsanityMod/Maps/ElectricalStation/INS_ElectricalStationManager.uexp" 217
"C:/Users/Playeroth/Documents/EscapeTheBackrooms--Mods/MainMod/Content/Mods/PYInsanityMod/Maps/MainHallHotel/FixMOTH.uasset" 218
"C:/Users/Playeroth/Documents/EscapeTheBackrooms--Mods/MainMod/Content/Mods/PYInsanityMod/Maps/MainHallHotel/FixMOTH.uexp" 219
"C:/Users/Playeroth/Documents/EscapeTheBackrooms--Mods/MainMod/Content/Mods/PYInsanityMod/Maps/MainHallHotel/PYINS_MainHallHotel.uasset" 220
"C:/Users/Playeroth/Documents/EscapeTheBackrooms--Mods/MainMod/Content/Mods/PYInsanityMod/Maps/MainHallHotel/PYINS_MainHallHotel.uexp" 221
"C:/Users/Playeroth/Documents/EscapeTheBackrooms--Mods/MainMod/Content/Mods/PYInsanityMod/PYINS_MainBP.uasset" 222
"C:/Users/Playeroth/Documents/EscapeTheBackrooms--Mods/MainMod/Content/Mods/PYInsanityMod/PYINS_MainBP.uexp" 223
"C:/Users/Playeroth/Documents/EscapeTheBackrooms--Mods/MainMod/Content/Mods/PYInsanityMod/Level52HelpAIMove.uasset" 224
"C:/Users/Playeroth/Documents/EscapeTheBackrooms--Mods/MainMod/Content/Mods/PYInsanityMod/Level52HelpAIMove.uexp" 225
"C:/Users/Playeroth/Documents/EscapeTheBackrooms--Mods/MainMod/Content/Mods/PYInsanityMod/PYIns_Walls.uasset" 226
"C:/Users/Playeroth/Documents/EscapeTheBackrooms--Mods/MainMod/Content/Mods/PYInsanityMod/PYIns_Walls.uexp" 227
"C:/Users/Playeroth/Documents/EscapeTheBackrooms--Mods/MainMod/Content/Mods/PYInsanityMod/CheckMapMisc/DT_SpawnClassOnMap.uasset" 228
"C:/Users/Playeroth/Documents/EscapeTheBackrooms--Mods/MainMod/Content/Mods/PYInsanityMod/CheckMapMisc/DT_SpawnClassOnMap.uexp" 229
"C:/Users/Playeroth/Documents/EscapeTheBackrooms--Mods/MainMod/Content/Mods/PYInsanityMod/CustomSystems/BP_PYINS_CustomInteractable.uasset" 230
"C:/Users/Playeroth/Documents/EscapeTheBackrooms--Mods/MainMod/Content/Mods/PYInsanityMod/CustomSystems/BP_PYINS_CustomInteractable.uexp" 231
"C:/Users/Playeroth/Documents/EscapeTheBackrooms--Mods/MainMod/Content/Mods/PYInsanityMod/CustomSystems/Entity/BPC_ActivateMoth.uasset" 232
"C:/Users/Playeroth/Documents/EscapeTheBackrooms--Mods/MainMod/Content/Mods/PYInsanityMod/CustomSystems/Entity/BPC_ActivateMoth.uexp" 233
"C:/Users/Playeroth/Documents/EscapeTheBackrooms--Mods/MainMod/Content/Mods/PYInsanityMod/DataTables/DT_PYINS.uasset" 234
"C:/Users/Playeroth/Documents/EscapeTheBackrooms--Mods/MainMod/Content/Mods/PYInsanityMod/DataTables/DT_PYINS.uexp" 235
"C:/Users/Playeroth/Documents/EscapeTheBackrooms--Mods/MainMod/Content/Mods/PYInsanityMod/Maps/BoilerRoom/Datas/DT_BoilerRoomSpawnsLoc.uasset" 236
"C:/Users/Playeroth/Documents/EscapeTheBackrooms--Mods/MainMod/Content/Mods/PYInsanityMod/Maps/BoilerRoom/Datas/DT_BoilerRoomSpawnsLoc.uexp" 237
"C:/Users/Playeroth/Documents/EscapeTheBackrooms--Mods/MainMod/Content/Mods/PYInsanityMod/Maps/Garage/PortalDash.uasset" 238
"C:/Users/Playeroth/Documents/EscapeTheBackrooms--Mods/MainMod/Content/Mods/PYInsanityMod/Maps/Garage/PortalDash.uexp" 239
"C:/Users/Playeroth/Documents/EscapeTheBackrooms--Mods/MainMod/Content/Mods/PYInsanityMod/Maps/Level0/Datas/DT_Level0MazePoints.uasset" 240
"C:/Users/Playeroth/Documents/EscapeTheBackrooms--Mods/MainMod/Content/Mods/PYInsanityMod/Maps/Level0/Datas/DT_Level0MazePoints.uexp" 241
"C:/Users/Playeroth/Documents/EscapeTheBackrooms--Mods/MainMod/Content/Mods/PYInsanityMod/Maps/LevelRun/LevelRunDatas/DT_BeforeMiddleArea.uasset" 242
"C:/Users/Playeroth/Documents/EscapeTheBackrooms--Mods/MainMod/Content/Mods/PYInsanityMod/Maps/LevelRun/LevelRunDatas/DT_BeforeMiddleArea.uexp" 243
"C:/Users/Playeroth/Documents/EscapeTheBackrooms--Mods/MainMod/Content/Mods/PYInsanityMod/Maps/LevelRun/LevelRunDatas/DT_MiddleArea.uasset" 244
"C:/Users/Playeroth/Documents/EscapeTheBackrooms--Mods/MainMod/Content/Mods/PYInsanityMod/Maps/LevelRun/LevelRunDatas/DT_MiddleArea.uexp" 245
"C:/Users/Playeroth/Documents/EscapeTheBackrooms--Mods/MainMod/Content/Mods/PYInsanityMod/Maps/LevelRun/LevelRunDatas/DT_PastMiddleArea.uasset" 246
"C:/Users/Playeroth/Documents/EscapeTheBackrooms--Mods/MainMod/Content/Mods/PYInsanityMod/Maps/LevelRun/LevelRunDatas/DT_PastMiddleArea.uexp" 247
"C:/Users/Playeroth/Documents/EscapeTheBackrooms--Mods/MainMod/Content/Mods/PYInsanityMod/Maps/Office/Datas/Office_DT.uasset" 248
"C:/Users/Playeroth/Documents/EscapeTheBackrooms--Mods/MainMod/Content/Mods/PYInsanityMod/Maps/Office/Datas/Office_DT.uexp" 249
"C:/Users/Playeroth/Documents/EscapeTheBackrooms--Mods/MainMod/Content/Mods/PYInsanityMod/Maps/Snackrooms/Puddle_BoxVisualizer.uasset" 250
"C:/Users/Playeroth/Documents/EscapeTheBackrooms--Mods/MainMod/Content/Mods/PYInsanityMod/Maps/Snackrooms/Puddle_BoxVisualizer.uexp" 251
"C:/Users/Playeroth/Documents/EscapeTheBackrooms--Mods/MainMod/Content/VictorianInteriorAssets/Mesh/VIA_PRP_Gramophone_Disc.uasset" 252
"C:/Users/Playeroth/Documents/EscapeTheBackrooms--Mods/MainMod/Content/VictorianInteriorAssets/Mesh/VIA_PRP_Gramophone_Disc.uexp" 253
"C:/Users/Playeroth/Documents/EscapeTheBackrooms--Mods/MainMod/Content/VictorianInteriorAssets/Mesh/VIA_PRP_Gramophone.uasset" 254
"C:/Users/Playeroth/Documents/EscapeTheBackrooms--Mods/MainMod/Content/VictorianInteriorAssets/Mesh/VIA_PRP_Gramophone.uexp" 255
"C:/Users/Playeroth/Documents/EscapeTheBackrooms--Mods/MainMod/Content/Mods/PYInsanityMod/Maps/Snackrooms/Datas/DT_Snackrooms_ObjectsSpawn.uasset" 256
"C:/Users/Playeroth/Documents/EscapeTheBackrooms--Mods/MainMod/Content/Mods/PYInsanityMod/Maps/Snackrooms/Datas/DT_Snackrooms_ObjectsSpawn.uexp" 257
"C:/Users/Playeroth/Documents/EscapeTheBackrooms--Mods/MainMod/Content/Mods/PYLevelRunRework/DA_MainDA.uasset" 258
"C:/Users/Playeroth/Documents/EscapeTheBackrooms--Mods/MainMod/Content/Mods/PYLevelRunRework/DA_MainDA.uexp" 259
"C:/Users/Playeroth/Documents/EscapeTheBackrooms--Mods/MainMod/Content/Mods/PYLevelRunRework/LevelRunMisc/F_ActorsListSpawn_Rework.uasset" 260
"C:/Users/Playeroth/Documents/EscapeTheBackrooms--Mods/MainMod/Content/Mods/PYLevelRunRework/LevelRunMisc/F_ActorsListSpawn_Rework.uexp" 261
"C:/Users/Playeroth/Documents/EscapeTheBackrooms--Mods/MainMod/Content/Mods/PYLevelRunRework/LevelRunMisc/F_LevelSpawn_Rework.uasset" 262
"C:/Users/Playeroth/Documents/EscapeTheBackrooms--Mods/MainMod/Content/Mods/PYLevelRunRework/LevelRunMisc/F_LevelSpawn_Rework.uexp" 263
"C:/Users/Playeroth/Documents/EscapeTheBackrooms--Mods/MainMod/Content/Mods/PYLevelRunRework/LevelRunMisc/DT_BeforeMiddleArea_Rework.uasset" 264
"C:/Users/Playeroth/Documents/EscapeTheBackrooms--Mods/MainMod/Content/Mods/PYLevelRunRework/LevelRunMisc/DT_BeforeMiddleArea_Rework.uexp" 265
"C:/Users/Playeroth/Documents/EscapeTheBackrooms--Mods/MainMod/Content/Mods/PYLevelRunRework/LevelRunMisc/DT_MiddleArea_Rework.uasset" 266
"C:/Users/Playeroth/Documents/EscapeTheBackrooms--Mods/MainMod/Content/Mods/PYLevelRunRework/LevelRunMisc/DT_MiddleArea_Rework.uexp" 267
"C:/Users/Playeroth/Documents/EscapeTheBackrooms--Mods/MainMod/Content/Mods/PYLevelRunRework/LevelRunMisc/DT_PastMiddleArea_Rework.uasset" 268
"C:/Users/Playeroth/Documents/EscapeTheBackrooms--Mods/MainMod/Content/Mods/PYLevelRunRework/LevelRunMisc/DT_PastMiddleArea_Rework.uexp" 269
"C:/Users/Playeroth/Documents/EscapeTheBackrooms--Mods/MainMod/Content/Mods/PYLevelRunRework/PY_LevelRunManager.uasset" 270
"C:/Users/Playeroth/Documents/EscapeTheBackrooms--Mods/MainMod/Content/Mods/PYLevelRunRework/PY_LevelRunManager.uexp" 271
"C:/Users/Playeroth/Documents/EscapeTheBackrooms--Mods/MainMod/Content/Mods/PYLevelRunRework/PY_MainLevelRUNBP.uasset" 272
"C:/Users/Playeroth/Documents/EscapeTheBackrooms--Mods/MainMod/Content/Mods/PYLevelRunRework/PY_MainLevelRUNBP.uexp" 273
"C:/Users/Playeroth/Documents/EscapeTheBackrooms--Mods/MainMod/Content/Mods/PYLevelRunRework/MOD_DT/DT_MainDT.uasset" 274
"C:/Users/Playeroth/Documents/EscapeTheBackrooms--Mods/MainMod/Content/Mods/PYLevelRunRework/MOD_DT/DT_MainDT.uexp" 275
"C:/Users/Playeroth/Documents/EscapeTheBackrooms--Mods/MainMod/Content/Mods/PYModMenu/OBJ_Widgets/STYLE_MonsterTabStyle.uasset" 276
"C:/Users/Playeroth/Documents/EscapeTheBackrooms--Mods/MainMod/Content/Mods/PYModMenu/OBJ_Widgets/STYLE_MonsterTabStyle.uexp" 277
"C:/Users/Playeroth/Documents/EscapeTheBackrooms--Mods/MainMod/Content/Mods/PYModMenu/OBJ_Widgets/STYLE_BaseStyles.uasset" 278
"C:/Users/Playeroth/Documents/EscapeTheBackrooms--Mods/MainMod/Content/Mods/PYModMenu/OBJ_Widgets/STYLE_BaseStyles.uexp" 279
"C:/Users/Playeroth/Documents/EscapeTheBackrooms--Mods/MainMod/Content/Mods/PYModMenu/OBJ_Widgets/OBJ_BaseValues.uasset" 280
"C:/Users/Playeroth/Documents/EscapeTheBackrooms--Mods/MainMod/Content/Mods/PYModMenu/OBJ_Widgets/OBJ_BaseValues.uexp" 281
"C:/Users/Playeroth/Documents/EscapeTheBackrooms--Mods/MainMod/Content/Mods/PYModMenu/BASE_ModBP.uasset" 282
"C:/Users/Playeroth/Documents/EscapeTheBackrooms--Mods/MainMod/Content/Mods/PYModMenu/BASE_ModBP.uexp" 283
"C:/Users/Playeroth/Documents/EscapeTheBackrooms--Mods/MainMod/Content/Mods/PYModMenu/BPZoom.uasset" 284
"C:/Users/Playeroth/Documents/EscapeTheBackrooms--Mods/MainMod/Content/Mods/PYModMenu/BPZoom.uexp" 285
"C:/Users/Playeroth/Documents/EscapeTheBackrooms--Mods/MainMod/Content/Mods/PYModMenu/DA_PYModMenuDA.uasset" 286
"C:/Users/Playeroth/Documents/EscapeTheBackrooms--Mods/MainMod/Content/Mods/PYModMenu/DA_PYModMenuDA.uexp" 287
"C:/Users/Playeroth/Documents/EscapeTheBackrooms--Mods/MainMod/Content/Mods/PYModMenu/DotPush_Comp.uasset" 288
"C:/Users/Playeroth/Documents/EscapeTheBackrooms--Mods/MainMod/Content/Mods/PYModMenu/DotPush_Comp.uexp" 289
"C:/Users/Playeroth/Documents/EscapeTheBackrooms--Mods/MainMod/Content/Mods/PYModMenu/BP_WBPViewerManager.uasset" 290
"C:/Users/Playeroth/Documents/EscapeTheBackrooms--Mods/MainMod/Content/Mods/PYModMenu/BP_WBPViewerManager.uexp" 291
"C:/Users/Playeroth/Documents/EscapeTheBackrooms--Mods/MainMod/Content/Mods/PYModMenu/WidgetsRelated/Base_Widgets/Base_EntityList.uasset" 292
"C:/Users/Playeroth/Documents/EscapeTheBackrooms--Mods/MainMod/Content/Mods/PYModMenu/WidgetsRelated/Base_Widgets/Base_EntityList.uexp" 293
"C:/Users/Playeroth/Documents/EscapeTheBackrooms--Mods/MainMod/Content/Mods/PYModMenu/WidgetsRelated/Base_Widgets/MainBase_DynamicWidget.uasset" 294
"C:/Users/Playeroth/Documents/EscapeTheBackrooms--Mods/MainMod/Content/Mods/PYModMenu/WidgetsRelated/Base_Widgets/MainBase_DynamicWidget.uexp" 295
"C:/Users/Playeroth/Documents/EscapeTheBackrooms--Mods/MainMod/Content/Mods/PYModMenu/WidgetsRelated/Base_Widgets/Base_Texts.uasset" 296
"C:/Users/Playeroth/Documents/EscapeTheBackrooms--Mods/MainMod/Content/Mods/PYModMenu/WidgetsRelated/Base_Widgets/Base_Texts.uexp" 297
"C:/Users/Playeroth/Documents/EscapeTheBackrooms--Mods/MainMod/Content/Mods/PYModMenu/WidgetsRelated/Base_Widgets/BASE_Button.uasset" 298
"C:/Users/Playeroth/Documents/EscapeTheBackrooms--Mods/MainMod/Content/Mods/PYModMenu/WidgetsRelated/Base_Widgets/BASE_Button.uexp" 299
"C:/Users/Playeroth/Documents/EscapeTheBackrooms--Mods/MainMod/Content/Mods/PYModMenu/WidgetsRelated/DynamicWidgets/WBP_SelectButton.uasset" 300
"C:/Users/Playeroth/Documents/EscapeTheBackrooms--Mods/MainMod/Content/Mods/PYModMenu/WidgetsRelated/DynamicWidgets/WBP_SelectButton.uexp" 301
"C:/Users/Playeroth/Documents/EscapeTheBackrooms--Mods/MainMod/Content/Mods/PYModMenu/WidgetsRelated/DynamicWidgets/WBP_Text.uasset" 302
"C:/Users/Playeroth/Documents/EscapeTheBackrooms--Mods/MainMod/Content/Mods/PYModMenu/WidgetsRelated/DynamicWidgets/WBP_Text.uexp" 303
"C:/Users/Playeroth/Documents/EscapeTheBackrooms--Mods/MainMod/Content/Mods/PYModMenu/EntityStruct/S_SelectedEntities.uasset" 304
"C:/Users/Playeroth/Documents/EscapeTheBackrooms--Mods/MainMod/Content/Mods/PYModMenu/EntityStruct/S_SelectedEntities.uexp" 305
"C:/Users/Playeroth/Documents/EscapeTheBackrooms--Mods/MainMod/Content/Mods/PYModMenu/EntityStruct/OBJ_SelectedEntity.uasset" 306
"C:/Users/Playeroth/Documents/EscapeTheBackrooms--Mods/MainMod/Content/Mods/PYModMenu/EntityStruct/OBJ_SelectedEntity.uexp" 307
"C:/Users/Playeroth/Documents/EscapeTheBackrooms--Mods/MainMod/Content/Mods/PYModMenu/Librarys/Actor_BPM_GlobalMacros.uasset" 308
"C:/Users/Playeroth/Documents/EscapeTheBackrooms--Mods/MainMod/Content/Mods/PYModMenu/Librarys/Actor_BPM_GlobalMacros.uexp" 309
"C:/Users/Playeroth/Documents/EscapeTheBackrooms--Mods/MainMod/Content/Mods/PYModMenu/BASE_BPManagers.uasset" 310
"C:/Users/Playeroth/Documents/EscapeTheBackrooms--Mods/MainMod/Content/Mods/PYModMenu/BASE_BPManagers.uexp" 311
"C:/Users/Playeroth/Documents/EscapeTheBackrooms--Mods/MainMod/Content/Mods/PYModMenu/Checks/PlayerStateCheck/PlayerComp.uasset" 312
"C:/Users/Playeroth/Documents/EscapeTheBackrooms--Mods/MainMod/Content/Mods/PYModMenu/Checks/PlayerStateCheck/PlayerComp.uexp" 313
"C:/Users/Playeroth/Documents/EscapeTheBackrooms--Mods/MainMod/Content/Mods/PYModMenu/Checks/PlayerStateCheck/PY_PlayerExistence.uasset" 314
"C:/Users/Playeroth/Documents/EscapeTheBackrooms--Mods/MainMod/Content/Mods/PYModMenu/Checks/PlayerStateCheck/PY_PlayerExistence.uexp" 315
"C:/Users/Playeroth/Documents/EscapeTheBackrooms--Mods/MainMod/Content/Mods/PYModMenu/Checks/PlayerStateCheck/PY_PlayerAlive.uasset" 316
"C:/Users/Playeroth/Documents/EscapeTheBackrooms--Mods/MainMod/Content/Mods/PYModMenu/Checks/PlayerStateCheck/PY_PlayerAlive.uexp" 317
"C:/Users/Playeroth/Documents/EscapeTheBackrooms--Mods/MainMod/Content/Mods/PYModMenu/Managers/BP_PlayerTabManager.uasset" 318
"C:/Users/Playeroth/Documents/EscapeTheBackrooms--Mods/MainMod/Content/Mods/PYModMenu/Managers/BP_PlayerTabManager.uexp" 319
"C:/Users/Playeroth/Documents/EscapeTheBackrooms--Mods/MainMod/Content/Mods/PYModMenu/WidgetsRelated/TabsRelated/Player/PlayerListSelection.uasset" 320
"C:/Users/Playeroth/Documents/EscapeTheBackrooms--Mods/MainMod/Content/Mods/PYModMenu/WidgetsRelated/TabsRelated/Player/PlayerListSelection.uexp" 321
"C:/Users/Playeroth/Documents/EscapeTheBackrooms--Mods/MainMod/Content/Mods/PYModMenu/Librarys/BPL_GlobalFunctions.uasset" 322
"C:/Users/Playeroth/Documents/EscapeTheBackrooms--Mods/MainMod/Content/Mods/PYModMenu/Librarys/BPL_GlobalFunctions.uexp" 323
"C:/Users/Playeroth/Documents/EscapeTheBackrooms--Mods/MainMod/Content/Mods/PYModMenu/Level_Data/S_LevelList.uasset" 324
"C:/Users/Playeroth/Documents/EscapeTheBackrooms--Mods/MainMod/Content/Mods/PYModMenu/Level_Data/S_LevelList.uexp" 325
"C:/Users/Playeroth/Documents/EscapeTheBackrooms--Mods/MainMod/Content/Mods/PYModMenu/WidgetsRelated/TabsRelated/GAMETab/WBP_MapTravelButton.uasset" 326
"C:/Users/Playeroth/Documents/EscapeTheBackrooms--Mods/MainMod/Content/Mods/PYModMenu/WidgetsRelated/TabsRelated/GAMETab/WBP_MapTravelButton.uexp" 327
"C:/Users/Playeroth/Documents/EscapeTheBackrooms--Mods/MainMod/Content/Mods/PYModMenu/WidgetsRelated/Datas/Base_Datas.uasset" 328
"C:/Users/Playeroth/Documents/EscapeTheBackrooms--Mods/MainMod/Content/Mods/PYModMenu/WidgetsRelated/Datas/Base_Datas.uexp" 329
"C:/Users/Playeroth/Documents/EscapeTheBackrooms--Mods/MainMod/Content/Mods/PYModMenu/WidgetsRelated/DynamicWidgets/Dynamic_ListViews/WBP_BaseListView.uasset" 330
"C:/Users/Playeroth/Documents/EscapeTheBackrooms--Mods/MainMod/Content/Mods/PYModMenu/WidgetsRelated/DynamicWidgets/Dynamic_ListViews/WBP_BaseListView.uexp" 331
"C:/Users/Playeroth/Documents/EscapeTheBackrooms--Mods/MainMod/Content/Mods/PYModMenu/WidgetsRelated/DynamicWidgets/Dynamic_ListViews/WBP_MapListView.uasset" 332
"C:/Users/Playeroth/Documents/EscapeTheBackrooms--Mods/MainMod/Content/Mods/PYModMenu/WidgetsRelated/DynamicWidgets/Dynamic_ListViews/WBP_MapListView.uexp" 333
"C:/Users/Playeroth/Documents/EscapeTheBackrooms--Mods/MainMod/Content/Mods/PYModMenu/WidgetsRelated/Datas/ActorData.uasset" 334
"C:/Users/Playeroth/Documents/EscapeTheBackrooms--Mods/MainMod/Content/Mods/PYModMenu/WidgetsRelated/Datas/ActorData.uexp" 335
"C:/Users/Playeroth/Documents/EscapeTheBackrooms--Mods/MainMod/Content/Mods/PYModMenu/WidgetsRelated/TabsRelated/GAMETab/WBP_ActorSpawnButton.uasset" 336
"C:/Users/Playeroth/Documents/EscapeTheBackrooms--Mods/MainMod/Content/Mods/PYModMenu/WidgetsRelated/TabsRelated/GAMETab/WBP_ActorSpawnButton.uexp" 337
"C:/Users/Playeroth/Documents/EscapeTheBackrooms--Mods/MainMod/Content/Mods/PYModMenu/WidgetsRelated/DynamicWidgets/Dynamic_ListViews/WBP_ActorListView.uasset" 338
"C:/Users/Playeroth/Documents/EscapeTheBackrooms--Mods/MainMod/Content/Mods/PYModMenu/WidgetsRelated/DynamicWidgets/Dynamic_ListViews/WBP_ActorListView.uexp" 339
"C:/Users/Playeroth/Documents/EscapeTheBackrooms--Mods/MainMod/Content/Mods/PYModMenu/Managers/BP_GameTabManager.uasset" 340
"C:/Users/Playeroth/Documents/EscapeTheBackrooms--Mods/MainMod/Content/Mods/PYModMenu/Managers/BP_GameTabManager.uexp" 341
"C:/Users/Playeroth/Documents/EscapeTheBackrooms--Mods/MainMod/Content/Mods/PYModMenu/WidgetsRelated/Datas/MapData.uasset" 342
"C:/Users/Playeroth/Documents/EscapeTheBackrooms--Mods/MainMod/Content/Mods/PYModMenu/WidgetsRelated/Datas/MapData.uexp" 343
"C:/Users/Playeroth/Documents/EscapeTheBackrooms--Mods/MainMod/Content/Mods/PYModMenu/WidgetsRelated/Datas/ComponentsDatas.uasset" 344
"C:/Users/Playeroth/Documents/EscapeTheBackrooms--Mods/MainMod/Content/Mods/PYModMenu/WidgetsRelated/Datas/ComponentsDatas.uexp" 345
"C:/Users/Playeroth/Documents/EscapeTheBackrooms--Mods/MainMod/Content/Mods/PYModMenu/WidgetsRelated/Base_Widgets/Base_ButtonOnList.uasset" 346
"C:/Users/Playeroth/Documents/EscapeTheBackrooms--Mods/MainMod/Content/Mods/PYModMenu/WidgetsRelated/Base_Widgets/Base_ButtonOnList.uexp" 347
"C:/Users/Playeroth/Documents/EscapeTheBackrooms--Mods/MainMod/Content/Mods/PYModMenu/WidgetsRelated/TabsRelated/MonsterTab/MonsterSpawnsButton.uasset" 348
"C:/Users/Playeroth/Documents/EscapeTheBackrooms--Mods/MainMod/Content/Mods/PYModMenu/WidgetsRelated/TabsRelated/MonsterTab/MonsterSpawnsButton.uexp" 349
"C:/Users/Playeroth/Documents/EscapeTheBackrooms--Mods/MainMod/Content/Mods/PYModMenu/WidgetsRelated/DynamicWidgets/DynamicScrollVertical.uasset" 350
"C:/Users/Playeroth/Documents/EscapeTheBackrooms--Mods/MainMod/Content/Mods/PYModMenu/WidgetsRelated/DynamicWidgets/DynamicScrollVertical.uexp" 351
"C:/Users/Playeroth/Documents/EscapeTheBackrooms--Mods/MainMod/Content/Mods/PYModMenu/WidgetsRelated/WBP_BaseTabs.uasset" 352
"C:/Users/Playeroth/Documents/EscapeTheBackrooms--Mods/MainMod/Content/Mods/PYModMenu/WidgetsRelated/WBP_BaseTabs.uexp" 353
"C:/Users/Playeroth/Documents/EscapeTheBackrooms--Mods/MainMod/Content/Mods/PYModMenu/WidgetsRelated/ModMenu.uasset" 354
"C:/Users/Playeroth/Documents/EscapeTheBackrooms--Mods/MainMod/Content/Mods/PYModMenu/WidgetsRelated/ModMenu.uexp" 355
"C:/Users/Playeroth/Documents/EscapeTheBackrooms--Mods/MainMod/Content/Mods/PYModMenu/Managers/BP_SubViewerTabManager.uasset" 356
"C:/Users/Playeroth/Documents/EscapeTheBackrooms--Mods/MainMod/Content/Mods/PYModMenu/Managers/BP_SubViewerTabManager.uexp" 357
"C:/Users/Playeroth/Documents/EscapeTheBackrooms--Mods/MainMod/Content/Mods/PYModMenu/Managers/BP_SpecialTabManager.uasset" 358
"C:/Users/Playeroth/Documents/EscapeTheBackrooms--Mods/MainMod/Content/Mods/PYModMenu/Managers/BP_SpecialTabManager.uexp" 359
"C:/Users/Playeroth/Documents/EscapeTheBackrooms--Mods/MainMod/Content/Mods/PYModMenu/SaveSystem/BindType.uasset" 360
"C:/Users/Playeroth/Documents/EscapeTheBackrooms--Mods/MainMod/Content/Mods/PYModMenu/SaveSystem/BindType.uexp" 361
"C:/Users/Playeroth/Documents/EscapeTheBackrooms--Mods/MainMod/Content/Mods/PYModMenu/SaveSystem/OB_PYMM_Saves.uasset" 362
"C:/Users/Playeroth/Documents/EscapeTheBackrooms--Mods/MainMod/Content/Mods/PYModMenu/SaveSystem/OB_PYMM_Saves.uexp" 363
"C:/Users/Playeroth/Documents/EscapeTheBackrooms--Mods/MainMod/Content/Mods/PYModMenu/Managers/BP_SaveSystemManager.uasset" 364
"C:/Users/Playeroth/Documents/EscapeTheBackrooms--Mods/MainMod/Content/Mods/PYModMenu/Managers/BP_SaveSystemManager.uexp" 365
"C:/Users/Playeroth/Documents/EscapeTheBackrooms--Mods/MainMod/Content/Mods/PYModMenu/WidgetsRelated/TabsRelated/MonsterTab/MonsterListSelection.uasset" 366
"C:/Users/Playeroth/Documents/EscapeTheBackrooms--Mods/MainMod/Content/Mods/PYModMenu/WidgetsRelated/TabsRelated/MonsterTab/MonsterListSelection.uexp" 367
"C:/Users/Playeroth/Documents/EscapeTheBackrooms--Mods/MainMod/Content/Mods/PYModMenu/Checks/MonsterCheckState/PY_MonsterAliveCheck.uasset" 368
"C:/Users/Playeroth/Documents/EscapeTheBackrooms--Mods/MainMod/Content/Mods/PYModMenu/Checks/MonsterCheckState/PY_MonsterAliveCheck.uexp" 369
"C:/Users/Playeroth/Documents/EscapeTheBackrooms--Mods/MainMod/Content/Mods/PYModMenu/Managers/BP_MonsterTabManager.uasset" 370
"C:/Users/Playeroth/Documents/EscapeTheBackrooms--Mods/MainMod/Content/Mods/PYModMenu/Managers/BP_MonsterTabManager.uexp" 371
"C:/Users/Playeroth/Documents/EscapeTheBackrooms--Mods/MainMod/Content/Mods/PYModMenu/Managers/BP_MenuTabManager.uasset" 372
"C:/Users/Playeroth/Documents/EscapeTheBackrooms--Mods/MainMod/Content/Mods/PYModMenu/Managers/BP_MenuTabManager.uexp" 373
"C:/Users/Playeroth/Documents/EscapeTheBackrooms--Mods/MainMod/Content/Mods/PYModMenu/Managers/_BP_MainManager.uasset" 374
"C:/Users/Playeroth/Documents/EscapeTheBackrooms--Mods/MainMod/Content/Mods/PYModMenu/Managers/_BP_MainManager.uexp" 375
"C:/Users/Playeroth/Documents/EscapeTheBackrooms--Mods/MainMod/Content/Mods/PYModMenu/TriggerMapBox.uasset" 376
"C:/Users/Playeroth/Documents/EscapeTheBackrooms--Mods/MainMod/Content/Mods/PYModMenu/TriggerMapBox.uexp" 377
"C:/Users/Playeroth/Documents/EscapeTheBackrooms--Mods/MainMod/Content/Mods/PYModMenu/WidgetsRelated/DynamicWidgets/WBP_SpinBox3Values.uasset" 378
"C:/Users/Playeroth/Documents/EscapeTheBackrooms--Mods/MainMod/Content/Mods/PYModMenu/WidgetsRelated/DynamicWidgets/WBP_SpinBox3Values.uexp" 379
"C:/Users/Playeroth/Documents/EscapeTheBackrooms--Mods/MainMod/Content/Mods/PYModMenu/WidgetsRelated/DynamicWidgets/WBP_ComponentSimpleText.uasset" 380
"C:/Users/Playeroth/Documents/EscapeTheBackrooms--Mods/MainMod/Content/Mods/PYModMenu/WidgetsRelated/DynamicWidgets/WBP_ComponentSimpleText.uexp" 381
"C:/Users/Playeroth/Documents/EscapeTheBackrooms--Mods/MainMod/Content/Mods/PYModMenu/Style/Hollow.uasset" 382
"C:/Users/Playeroth/Documents/EscapeTheBackrooms--Mods/MainMod/Content/Mods/PYModMenu/Style/Hollow.uexp" 383
"C:/Users/Playeroth/Documents/EscapeTheBackrooms--Mods/MainMod/Content/Mods/PYModMenu/WidgetsRelated/Info_WBP.uasset" 384
"C:/Users/Playeroth/Documents/EscapeTheBackrooms--Mods/MainMod/Content/Mods/PYModMenu/WidgetsRelated/Info_WBP.uexp" 385
"C:/Users/Playeroth/Documents/EscapeTheBackrooms--Mods/MainMod/Content/Mods/PYModMenu/WidgetsRelated/DynamicWidgets/WBP_ButtonScalable.uasset" 386
"C:/Users/Playeroth/Documents/EscapeTheBackrooms--Mods/MainMod/Content/Mods/PYModMenu/WidgetsRelated/DynamicWidgets/WBP_ButtonScalable.uexp" 387
"C:/Users/Playeroth/Documents/EscapeTheBackrooms--Mods/MainMod/Content/Mods/PYModMenu/WidgetsRelated/TabsRelated/Viewer/WBP_Viewer.uasset" 388
"C:/Users/Playeroth/Documents/EscapeTheBackrooms--Mods/MainMod/Content/Mods/PYModMenu/WidgetsRelated/TabsRelated/Viewer/WBP_Viewer.uexp" 389
"C:/Users/Playeroth/Documents/EscapeTheBackrooms--Mods/MainMod/Content/Mods/PYModMenu/WidgetsRelated/WBP_SpecialTab.uasset" 390
"C:/Users/Playeroth/Documents/EscapeTheBackrooms--Mods/MainMod/Content/Mods/PYModMenu/WidgetsRelated/WBP_SpecialTab.uexp" 391
"C:/Users/Playeroth/Documents/EscapeTheBackrooms--Mods/MainMod/Content/Mods/PYModMenu/Mats/EntityWalls.uasset" 392
"C:/Users/Playeroth/Documents/EscapeTheBackrooms--Mods/MainMod/Content/Mods/PYModMenu/Mats/EntityWalls.uexp" 393
"C:/Users/Playeroth/Documents/EscapeTheBackrooms--Mods/MainMod/Content/Mods/PYModMenu/WidgetsRelated/Base_Widgets/BASE_SpinBox.uasset" 394
"C:/Users/Playeroth/Documents/EscapeTheBackrooms--Mods/MainMod/Content/Mods/PYModMenu/WidgetsRelated/Base_Widgets/BASE_SpinBox.uexp" 395
"C:/Users/Playeroth/Documents/EscapeTheBackrooms--Mods/MainMod/Content/Mods/PYModMenu/WidgetsRelated/DynamicWidgets/WBP_SpinBoxText.uasset" 396
"C:/Users/Playeroth/Documents/EscapeTheBackrooms--Mods/MainMod/Content/Mods/PYModMenu/WidgetsRelated/DynamicWidgets/WBP_SpinBoxText.uexp" 397
"C:/Users/Playeroth/Documents/EscapeTheBackrooms--Mods/MainMod/Content/Mods/PYModMenu/WidgetsRelated/DynamicWidgets/WBP_ButtonText.uasset" 398
"C:/Users/Playeroth/Documents/EscapeTheBackrooms--Mods/MainMod/Content/Mods/PYModMenu/WidgetsRelated/DynamicWidgets/WBP_ButtonText.uexp" 399
"C:/Users/Playeroth/Documents/EscapeTheBackrooms--Mods/MainMod/Content/Mods/PYModMenu/WidgetsRelated/WBP_PlayerTab.uasset" 400
"C:/Users/Playeroth/Documents/EscapeTheBackrooms--Mods/MainMod/Content/Mods/PYModMenu/WidgetsRelated/WBP_PlayerTab.uexp" 401
"C:/Users/Playeroth/Documents/EscapeTheBackrooms--Mods/MainMod/Content/Mods/PYModMenu/ModVersion.uasset" 402
"C:/Users/Playeroth/Documents/EscapeTheBackrooms--Mods/MainMod/Content/Mods/PYModMenu/ModVersion.uexp" 403
"C:/Users/Playeroth/Documents/EscapeTheBackrooms--Mods/MainMod/Content/Mods/PYModMenu/WidgetsRelated/WBP_MenuTab.uasset" 404
"C:/Users/Playeroth/Documents/EscapeTheBackrooms--Mods/MainMod/Content/Mods/PYModMenu/WidgetsRelated/WBP_MenuTab.uexp" 405
"C:/Users/Playeroth/Documents/EscapeTheBackrooms--Mods/MainMod/Content/Mods/PYModMenu/WidgetsRelated/WBP_GameTab.uasset" 406
"C:/Users/Playeroth/Documents/EscapeTheBackrooms--Mods/MainMod/Content/Mods/PYModMenu/WidgetsRelated/WBP_GameTab.uexp" 407
"C:/Users/Playeroth/Documents/EscapeTheBackrooms--Mods/MainMod/Content/Mods/PYModMenu/WidgetsRelated/WBP_ModTabHolder.uasset" 408
"C:/Users/Playeroth/Documents/EscapeTheBackrooms--Mods/MainMod/Content/Mods/PYModMenu/WidgetsRelated/WBP_ModTabHolder.uexp" 409
"C:/Users/Playeroth/Documents/EscapeTheBackrooms--Mods/MainMod/Content/Mods/PYModMenu/BP_GlobalVariables.uasset" 410
"C:/Users/Playeroth/Documents/EscapeTheBackrooms--Mods/MainMod/Content/Mods/PYModMenu/BP_GlobalVariables.uexp" 411
"C:/Users/Playeroth/Documents/EscapeTheBackrooms--Mods/MainMod/Content/Mods/PYModMenu/Monster_DT/S_MonsterClassInit.uasset" 412
"C:/Users/Playeroth/Documents/EscapeTheBackrooms--Mods/MainMod/Content/Mods/PYModMenu/Monster_DT/S_MonsterClassInit.uexp" 413
"C:/Users/Playeroth/Documents/EscapeTheBackrooms--Mods/MainMod/Content/Mods/PYModMenu/Monster_DT/S_MonsterclassHolder.uasset" 414
"C:/Users/Playeroth/Documents/EscapeTheBackrooms--Mods/MainMod/Content/Mods/PYModMenu/Monster_DT/S_MonsterclassHolder.uexp" 415
"C:/Users/Playeroth/Documents/EscapeTheBackrooms--Mods/MainMod/Content/Mods/PYModMenu/WidgetsRelated/WBP_MonsterTab.uasset" 416
"C:/Users/Playeroth/Documents/EscapeTheBackrooms--Mods/MainMod/Content/Mods/PYModMenu/WidgetsRelated/WBP_MonsterTab.uexp" 417
"C:/Users/Playeroth/Documents/EscapeTheBackrooms--Mods/MainMod/Content/Mods/PYModMenu/CheckMod.uasset" 418
"C:/Users/Playeroth/Documents/EscapeTheBackrooms--Mods/MainMod/Content/Mods/PYModMenu/CheckMod.uexp" 419
"C:/Users/Playeroth/Documents/EscapeTheBackrooms--Mods/MainMod/Content/Mods/PYModMenu/BP_ClientMainMod.uasset" 420
"C:/Users/Playeroth/Documents/EscapeTheBackrooms--Mods/MainMod/Content/Mods/PYModMenu/BP_ClientMainMod.uexp" 421
"../../../Engine/Content/VREditor/TransformGizmo/Xray.uasset" 422
"../../../Engine/Content/VREditor/TransformGizmo/Xray.uexp" 423
"../../../Engine/Content/EngineFonts/RobotoDistanceField.uasset" 424
"../../../Engine/Content/EngineFonts/RobotoDistanceField.uexp" 425
"C:/Users/Playeroth/Documents/EscapeTheBackrooms--Mods/MainMod/Content/Mods/PYModMenu/Mats/DisplayNameWalls.uasset" 426
"C:/Users/Playeroth/Documents/EscapeTheBackrooms--Mods/MainMod/Content/Mods/PYModMenu/Mats/DisplayNameWalls.uexp" 427
"C:/Users/Playeroth/Documents/EscapeTheBackrooms--Mods/MainMod/Content/Mods/PYModMenu/WidgetsRelated/PYIcon.uasset" 428
"C:/Users/Playeroth/Documents/EscapeTheBackrooms--Mods/MainMod/Content/Mods/PYModMenu/WidgetsRelated/PYIcon.uexp" 429
"C:/Users/Playeroth/Documents/EscapeTheBackrooms--Mods/MainMod/Content/Mods/PYModMenu/PY_MainBP.uasset" 430
"C:/Users/Playeroth/Documents/EscapeTheBackrooms--Mods/MainMod/Content/Mods/PYModMenu/PY_MainBP.uexp" 431
"C:/Users/Playeroth/Documents/EscapeTheBackrooms--Mods/MainMod/Content/Mods/PYModMenu/DataTables/DT_PYModMenuDT.uasset" 432
"C:/Users/Playeroth/Documents/EscapeTheBackrooms--Mods/MainMod/Content/Mods/PYModMenu/DataTables/DT_PYModMenuDT.uexp" 433
"C:/Users/Playeroth/Documents/EscapeTheBackrooms--Mods/MainMod/Content/Mods/PYModMenu/GiucaColorWheel/circle.uasset" 434
"C:/Users/Playeroth/Documents/EscapeTheBackrooms--Mods/MainMod/Content/Mods/PYModMenu/GiucaColorWheel/circle.uexp" 435
"C:/Users/Playeroth/Documents/EscapeTheBackrooms--Mods/MainMod/Content/Mods/PYModMenu/GiucaColorWheel/circle.ubulk" 436
"C:/Users/Playeroth/Documents/EscapeTheBackrooms--Mods/MainMod/Content/Mods/PYModMenu/GiucaColorWheel/colorbar.uasset" 437
"C:/Users/Playeroth/Documents/EscapeTheBackrooms--Mods/MainMod/Content/Mods/PYModMenu/GiucaColorWheel/colorbar.uexp" 438
"../../../Engine/Content/EngineMaterials/BlendFunc_DefBlend.uasset" 439
"../../../Engine/Content/EngineMaterials/BlendFunc_DefBlend.uexp" 440
"../../../Engine/Content/EngineMaterials/BlendFunc_DefBase.uasset" 441
"../../../Engine/Content/EngineMaterials/BlendFunc_DefBase.uexp" 442
"../../../Engine/Content/Functions/Engine_MaterialFunctions03/Blends/Blend_ColorBurn.uasset" 443
"../../../Engine/Content/Functions/Engine_MaterialFunctions03/Blends/Blend_ColorBurn.uexp" 444
"../../../Engine/Content/Functions/Engine_MaterialFunctions02/Utility/VectorToRadialValue.uasset" 445
"../../../Engine/Content/Functions/Engine_MaterialFunctions02/Utility/VectorToRadialValue.uexp" 446
"../../../Engine/Content/Functions/Engine_MaterialFunctions02/Utility/VectorLength.uasset" 447
"../../../Engine/Content/Functions/Engine_MaterialFunctions02/Utility/VectorLength.uexp" 448
"../../../Engine/Content/Functions/Engine_MaterialFunctions02/Utility/MakeFloat3.uasset" 449
"../../../Engine/Content/Functions/Engine_MaterialFunctions02/Utility/MakeFloat3.uexp" 450
"C:/Users/Playeroth/Documents/EscapeTheBackrooms--Mods/MainMod/Content/Mods/PYModMenu/GiucaColorWheel/color.uasset" 451
"C:/Users/Playeroth/Documents/EscapeTheBackrooms--Mods/MainMod/Content/Mods/PYModMenu/GiucaColorWheel/color.uexp" 452
"C:/Users/Playeroth/Documents/EscapeTheBackrooms--Mods/MainMod/Content/Mods/PYModMenu/GiucaColorWheel/ColorWheel.uasset" 453
"C:/Users/Playeroth/Documents/EscapeTheBackrooms--Mods/MainMod/Content/Mods/PYModMenu/GiucaColorWheel/ColorWheel.uexp" 454
"C:/Users/Playeroth/Documents/EscapeTheBackrooms--Mods/MainMod/Content/Mods/PYModMenu/GiucaColorWheel/Slider_Hue.uasset" 455
"C:/Users/Playeroth/Documents/EscapeTheBackrooms--Mods/MainMod/Content/Mods/PYModMenu/GiucaColorWheel/Slider_Hue.uexp" 456
"C:/Users/Playeroth/Documents/EscapeTheBackrooms--Mods/MainMod/Content/Mods/PYModMenu/GiucaColorWheel/Slider_Sat.uasset" 457
"C:/Users/Playeroth/Documents/EscapeTheBackrooms--Mods/MainMod/Content/Mods/PYModMenu/GiucaColorWheel/Slider_Sat.uexp" 458
"C:/Users/Playeroth/Documents/EscapeTheBackrooms--Mods/MainMod/Content/Mods/PYModMenu/GiucaColorWheel/Thumb.uasset" 459
"C:/Users/Playeroth/Documents/EscapeTheBackrooms--Mods/MainMod/Content/Mods/PYModMenu/GiucaColorWheel/Thumb.uexp" 460
"C:/Users/Playeroth/Documents/EscapeTheBackrooms--Mods/MainMod/Content/Mods/PYModMenu/Level_Data/DT_LevelDatas.uasset" 461
"C:/Users/Playeroth/Documents/EscapeTheBackrooms--Mods/MainMod/Content/Mods/PYModMenu/Level_Data/DT_LevelDatas.uexp" 462
"C:/Users/Playeroth/Documents/EscapeTheBackrooms--Mods/MainMod/Content/Mods/PYModMenu/Librarys/WBP_BPM_GlobalMacros.uasset" 463
"C:/Users/Playeroth/Documents/EscapeTheBackrooms--Mods/MainMod/Content/Mods/PYModMenu/Librarys/WBP_BPM_GlobalMacros.uexp" 464
"C:/Users/Playeroth/Documents/EscapeTheBackrooms--Mods/MainMod/Content/Mods/PYModMenu/Mats/ColorWheel.uasset" 465
"C:/Users/Playeroth/Documents/EscapeTheBackrooms--Mods/MainMod/Content/Mods/PYModMenu/Mats/ColorWheel.uexp" 466
"C:/Users/Playeroth/Documents/EscapeTheBackrooms--Mods/MainMod/Content/Mods/PYModMenu/Monster_DT/DT_MonsterClassList.uasset" 467
"C:/Users/Playeroth/Documents/EscapeTheBackrooms--Mods/MainMod/Content/Mods/PYModMenu/Monster_DT/DT_MonsterClassList.uexp" 468
"C:/Users/Playeroth/Documents/EscapeTheBackrooms--Mods/MainMod/Content/Mods/PYModMenu/WidgetsRelated/WBP_MiscTab.uasset" 469
"C:/Users/Playeroth/Documents/EscapeTheBackrooms--Mods/MainMod/Content/Mods/PYModMenu/WidgetsRelated/WBP_MiscTab.uexp" 470
"C:/Users/Playeroth/Documents/EscapeTheBackrooms--Mods/MainMod/Content/Mods/PYModMenu/WidgetsRelated/DynamicWidgets/MarginOutline.uasset" 471
"C:/Users/Playeroth/Documents/EscapeTheBackrooms--Mods/MainMod/Content/Mods/PYModMenu/WidgetsRelated/DynamicWidgets/MarginOutline.uexp" 472
"C:/Users/Playeroth/Documents/EscapeTheBackrooms--Mods/MainMod/Content/Mods/PYModMenu/WidgetsRelated/DynamicWidgets/WBP_SpinBoxNoToggle.uasset" 473
"C:/Users/Playeroth/Documents/EscapeTheBackrooms--Mods/MainMod/Content/Mods/PYModMenu/WidgetsRelated/DynamicWidgets/WBP_SpinBoxNoToggle.uexp" 474
"C:/Users/Playeroth/Documents/EscapeTheBackrooms--Mods/MainMod/Content/Mods/PYModMenu/WidgetsRelated/TabsRelated/Viewer/Selected_Components.uasset" 475
"C:/Users/Playeroth/Documents/EscapeTheBackrooms--Mods/MainMod/Content/Mods/PYModMenu/WidgetsRelated/TabsRelated/Viewer/Selected_Components.uexp" 476
"C:/Users/Playeroth/Documents/EscapeTheBackrooms--Mods/MainMod/Content/Mods/PYPeacefulMode/DA_PYPeacefulModeDA.uasset" 477
"C:/Users/Playeroth/Documents/EscapeTheBackrooms--Mods/MainMod/Content/Mods/PYPeacefulMode/DA_PYPeacefulModeDA.uexp" 478
"C:/Users/Playeroth/Documents/EscapeTheBackrooms--Mods/MainMod/Content/Mods/PYPeacefulMode/BP_PYPeacefulModeBP.uasset" 479
"C:/Users/Playeroth/Documents/EscapeTheBackrooms--Mods/MainMod/Content/Mods/PYPeacefulMode/BP_PYPeacefulModeBP.uexp" 480
"C:/Users/Playeroth/Documents/EscapeTheBackrooms--Mods/MainMod/Content/Mods/PYPeacefulMode/DataTables/DT_PeacefulModeMainDT.uasset" 481
"C:/Users/Playeroth/Documents/EscapeTheBackrooms--Mods/MainMod/Content/Mods/PYPeacefulMode/DataTables/DT_PeacefulModeMainDT.uexp" 482
"C:/Users/Playeroth/Documents/EscapeTheBackrooms--Mods/MainMod/Content/Mods/PYTracker/DA_PYTracker.uasset" 483
"C:/Users/Playeroth/Documents/EscapeTheBackrooms--Mods/MainMod/Content/Mods/PYTracker/DA_PYTracker.uexp" 484
"C:/Users/Playeroth/Documents/EscapeTheBackrooms--Mods/MainMod/Content/Mods/PYTracker/Tracker_BindType.uasset" 485
"C:/Users/Playeroth/Documents/EscapeTheBackrooms--Mods/MainMod/Content/Mods/PYTracker/Tracker_BindType.uexp" 486
"C:/Users/Playeroth/Documents/EscapeTheBackrooms--Mods/MainMod/Content/Mods/PYTracker/Saves/S_TrackerDataList.uasset" 487
"C:/Users/Playeroth/Documents/EscapeTheBackrooms--Mods/MainMod/Content/Mods/PYTracker/Saves/S_TrackerDataList.uexp" 488
"C:/Users/Playeroth/Documents/EscapeTheBackrooms--Mods/MainMod/Content/Mods/PYTracker/Saves/TrackerSave.uasset" 489
"C:/Users/Playeroth/Documents/EscapeTheBackrooms--Mods/MainMod/Content/Mods/PYTracker/Saves/TrackerSave.uexp" 490
"C:/Users/Playeroth/Documents/EscapeTheBackrooms--Mods/MainMod/Content/Mods/PYTracker/BP_SaveGameManager.uasset" 491
"C:/Users/Playeroth/Documents/EscapeTheBackrooms--Mods/MainMod/Content/Mods/PYTracker/BP_SaveGameManager.uexp" 492
"C:/Users/Playeroth/Documents/EscapeTheBackrooms--Mods/MainMod/Content/Mods/PYTracker/WBP_Menu.uasset" 493
"C:/Users/Playeroth/Documents/EscapeTheBackrooms--Mods/MainMod/Content/Mods/PYTracker/WBP_Menu.uexp" 494
"C:/Users/Playeroth/Documents/EscapeTheBackrooms--Mods/MainMod/Content/Mods/PYTracker/DummyMaterial.uasset" 495
"C:/Users/Playeroth/Documents/EscapeTheBackrooms--Mods/MainMod/Content/Mods/PYTracker/DummyMaterial.uexp" 496
"C:/Users/Playeroth/Documents/EscapeTheBackrooms--Mods/MainMod/Content/Mods/PYTracker/BP_MainTrackerBP.uasset" 497
"C:/Users/Playeroth/Documents/EscapeTheBackrooms--Mods/MainMod/Content/Mods/PYTracker/BP_MainTrackerBP.uexp" 498
"C:/Users/Playeroth/Documents/EscapeTheBackrooms--Mods/MainMod/Content/Mods/PYTracker/DT/DA_TrackerDA.uasset" 499
"C:/Users/Playeroth/Documents/EscapeTheBackrooms--Mods/MainMod/Content/Mods/PYTracker/DT/DA_TrackerDA.uexp" 500
"C:/Users/Playeroth/Documents/EscapeTheBackrooms--Mods/MainMod/Content/Mods/PYTracker/Saves/S_TrackerData.uasset" 501
"C:/Users/Playeroth/Documents/EscapeTheBackrooms--Mods/MainMod/Content/Mods/PYTracker/Saves/S_TrackerData.uexp" 502
"C:/Users/Playeroth/Documents/EscapeTheBackrooms--Mods/MainMod/Content/Mods/Z_ExampleLevel_P/DA_ExampleLEvel.uasset" 503
"C:/Users/Playeroth/Documents/EscapeTheBackrooms--Mods/MainMod/Content/Mods/Z_ExampleLevel_P/DA_ExampleLEvel.uexp" 504
"C:/Users/Playeroth/Documents/EscapeTheBackrooms--Mods/MainMod/Content/Mods/Z_ExampleLevel_P/ExampleLevelModActor.uasset" 505
"C:/Users/Playeroth/Documents/EscapeTheBackrooms--Mods/MainMod/Content/Mods/Z_ExampleLevel_P/ExampleLevelModActor.uexp" 506
"C:/Users/Playeroth/Documents/EscapeTheBackrooms--Mods/MainMod/Content/Mods/Z_ExampleLevel_P/DataTables/DT_ExampleLevel.uasset" 507
"C:/Users/Playeroth/Documents/EscapeTheBackrooms--Mods/MainMod/Content/Mods/Z_ExampleLevel_P/DataTables/DT_ExampleLevel.uexp" 508
"C:/Users/Playeroth/Documents/EscapeTheBackrooms--Mods/MainMod/Content/Mods/Z_MapLoader_P/Structs/F_MapLoaderDataTable.uasset" 509
"C:/Users/Playeroth/Documents/EscapeTheBackrooms--Mods/MainMod/Content/Mods/Z_MapLoader_P/Structs/F_MapLoaderDataTable.uexp" 510
"C:/Users/Playeroth/Documents/EscapeTheBackrooms--Mods/MainMod/Content/Mods/Z_ExampleLevel_P/DataTables/DT_Level_ExampleLevel.uasset" 511
"C:/Users/Playeroth/Documents/EscapeTheBackrooms--Mods/MainMod/Content/Mods/Z_ExampleLevel_P/DataTables/DT_Level_ExampleLevel.uexp" 512
"C:/Users/Playeroth/Documents/EscapeTheBackrooms--Mods/MainMod/Content/Mods/Z_ExampleLevel_P/Textures/example.uasset" 513
"C:/Users/Playeroth/Documents/EscapeTheBackrooms--Mods/MainMod/Content/Mods/Z_ExampleLevel_P/Textures/example.uexp" 514
"C:/Users/Playeroth/Documents/EscapeTheBackrooms--Mods/MainMod/Content/Mods/Z_ModLoader_P/Structs/F_ModLoaderInformation.uasset" 515
"C:/Users/Playeroth/Documents/EscapeTheBackrooms--Mods/MainMod/Content/Mods/Z_ModLoader_P/Structs/F_ModLoaderInformation.uexp" 516
"C:/Users/Playeroth/Documents/EscapeTheBackrooms--Mods/MainMod/Content/Mods/Z_ModLoader_P/Widgets/WBP_Main_Entry.uasset" 517
"C:/Users/Playeroth/Documents/EscapeTheBackrooms--Mods/MainMod/Content/Mods/Z_ModLoader_P/Widgets/WBP_Main_Entry.uexp" 518
"C:/Users/Playeroth/Documents/EscapeTheBackrooms--Mods/MainMod/Content/Mods/Z_ModLoader_P/Widgets/WBP_ModLoader.uasset" 519
"C:/Users/Playeroth/Documents/EscapeTheBackrooms--Mods/MainMod/Content/Mods/Z_ModLoader_P/Widgets/WBP_ModLoader.uexp" 520
"C:/Users/Playeroth/Documents/EscapeTheBackrooms--Mods/MainMod/Content/Snackrooms/BP_Elevator_Snackrooms.uasset" 521
"C:/Users/Playeroth/Documents/EscapeTheBackrooms--Mods/MainMod/Content/Snackrooms/BP_Elevator_Snackrooms.uexp" 522
"../../../Engine/Content/ArtTools/RenderToTexture/Meshes/S_1_Unit_Plane.uasset" 523
"../../../Engine/Content/ArtTools/RenderToTexture/Meshes/S_1_Unit_Plane.uexp" 524
"../../../Engine/Content/ArtTools/RenderToTexture/Textures/127grey.uasset" 525
"../../../Engine/Content/ArtTools/RenderToTexture/Textures/127grey.uexp" 526
"../../../Engine/Content/BasicShapes/Cone.uasset" 527
"../../../Engine/Content/BasicShapes/Cone.uexp" 528
"../../../Engine/Content/BasicShapes/Plane.uasset" 529
"../../../Engine/Content/BasicShapes/Plane.uexp" 530
"../../../Engine/Content/BasicShapes/Sphere.uasset" 531
"../../../Engine/Content/BasicShapes/Sphere.uexp" 532
"../../../Engine/Content/EditorLandscapeResources/DataLayer.uasset" 533
"../../../Engine/Content/EditorLandscapeResources/DataLayer.uexp" 534
"../../../Engine/Content/EditorLandscapeResources/DefaultAlphaTexture.uasset" 535
"../../../Engine/Content/EditorLandscapeResources/DefaultAlphaTexture.uexp" 536
"../../../Engine/Content/EditorMaterials/MAT_Groups_Toggle.uasset" 537
"../../../Engine/Content/EditorMaterials/MAT_Groups_Toggle.uexp" 538
"../../../Engine/Content/EditorMaterials/MAT_Groups_Visibility.uasset" 539
"../../../Engine/Content/EditorMaterials/MAT_Groups_Visibility.uexp" 540
"../../../Engine/Content/EditorMaterials/PreviewShadowIndicator.uasset" 541
"../../../Engine/Content/EditorMaterials/PreviewShadowIndicator.uexp" 542
"../../../Engine/Content/EditorMaterials/PreviewShadowIndicator.ubulk" 543
"../../../Engine/Content/EditorMaterials/PreviewShadowIndicatorMaterial.uasset" 544
"../../../Engine/Content/EditorMaterials/PreviewShadowIndicatorMaterial.uexp" 545
"../../../Engine/Content/EditorMaterials/MatineeGroups/MAT_ColorTrack.uasset" 546
"../../../Engine/Content/EditorMaterials/MatineeGroups/MAT_ColorTrack.uexp" 547
"../../../Engine/Content/EditorMaterials/MatineeGroups/MAT_Groups_Anim.uasset" 548
"../../../Engine/Content/EditorMaterials/MatineeGroups/MAT_Groups_Anim.uexp" 549
"../../../Engine/Content/EditorMaterials/MatineeGroups/MAT_Groups_AudioMaster.uasset" 550
"../../../Engine/Content/EditorMaterials/MatineeGroups/MAT_Groups_AudioMaster.uexp" 551
"../../../Engine/Content/EditorMaterials/MatineeGroups/MAT_Groups_Director.uasset" 552
"../../../Engine/Content/EditorMaterials/MatineeGroups/MAT_Groups_Director.uexp" 553
"../../../Engine/Content/EditorMaterials/MatineeGroups/MAT_Groups_Event.uasset" 554
"../../../Engine/Content/EditorMaterials/MatineeGroups/MAT_Groups_Event.uexp" 555
"../../../Engine/Content/EditorMaterials/MatineeGroups/MAT_Groups_Fade.uasset" 556
"../../../Engine/Content/EditorMaterials/MatineeGroups/MAT_Groups_Fade.uexp" 557
"../../../Engine/Content/EditorMaterials/MatineeGroups/MAT_Groups_Float.uasset" 558
"../../../Engine/Content/EditorMaterials/MatineeGroups/MAT_Groups_Float.uexp" 559
"../../../Engine/Content/EditorMaterials/MatineeGroups/MAT_Groups_Move.uasset" 560
"../../../Engine/Content/EditorMaterials/MatineeGroups/MAT_Groups_Move.uexp" 561
"../../../Engine/Content/EditorMaterials/MatineeGroups/MAT_Groups_Slomo.uasset" 562
"../../../Engine/Content/EditorMaterials/MatineeGroups/MAT_Groups_Slomo.uexp" 563
"../../../Engine/Content/EditorMaterials/MatineeGroups/MAT_Groups_Sound.uasset" 564
"../../../Engine/Content/EditorMaterials/MatineeGroups/MAT_Groups_Sound.uexp" 565
"../../../Engine/Content/EditorMaterials/MatineeGroups/MAT_Groups_Vector.uasset" 566
"../../../Engine/Content/EditorMaterials/MatineeGroups/MAT_Groups_Vector.uexp" 567
"../../../Engine/Content/EditorMaterials/ParticleSystems/PSysThumbnail_NoImage.uasset" 568
"../../../Engine/Content/EditorMaterials/ParticleSystems/PSysThumbnail_NoImage.uexp" 569
"../../../Engine/Content/EditorMaterials/ParticleSystems/PSysThumbnail_NoImage.ubulk" 570
"../../../Engine/Content/EditorMaterials/ParticleSystems/PSysThumbnail_OOD.uasset" 571
"../../../Engine/Content/EditorMaterials/ParticleSystems/PSysThumbnail_OOD.uexp" 572
"../../../Engine/Content/EditorMaterials/ParticleSystems/PSysThumbnail_OOD.ubulk" 573
"../../../Engine/Content/EditorMaterials/Camera/CineMat.uasset" 574
"../../../Engine/Content/EditorMaterials/Camera/CineMat.uexp" 575
"../../../Engine/Content/EditorMaterials/Camera/MI_CineMat_Rig.uasset" 576
"../../../Engine/Content/EditorMaterials/Camera/MI_CineMat_Rig.uexp" 577
"../../../Engine/Content/EditorMeshes/Camera/SM_CraneRig_Arm.uasset" 578
"../../../Engine/Content/EditorMeshes/Camera/SM_CraneRig_Arm.uexp" 579
"../../../Engine/Content/EditorMeshes/Camera/SM_CraneRig_Base.uasset" 580
"../../../Engine/Content/EditorMeshes/Camera/SM_CraneRig_Base.uexp" 581
"../../../Engine/Content/EditorMeshes/Camera/SM_CraneRig_Body.uasset" 582
"../../../Engine/Content/EditorMeshes/Camera/SM_CraneRig_Body.uexp" 583
"../../../Engine/Content/EditorMeshes/Camera/SM_CraneRig_Mount.uasset" 584
"../../../Engine/Content/EditorMeshes/Camera/SM_CraneRig_Mount.uexp" 585
"../../../Engine/Content/EditorMeshes/Camera/SM_RailRig_Mount.uasset" 586
"../../../Engine/Content/EditorMeshes/Camera/SM_RailRig_Mount.uexp" 587
"../../../Engine/Content/EditorMeshes/Camera/SM_RailRig_Track.uasset" 588
"../../../Engine/Content/EditorMeshes/Camera/SM_RailRig_Track.uexp" 589
"../../../Engine/Content/EditorResources/BSPVertex.uasset" 590
"../../../Engine/Content/EditorResources/BSPVertex.uexp" 591
"../../../Engine/Content/EditorResources/EmptyActor.uasset" 592
"../../../Engine/Content/EditorResources/EmptyActor.uexp" 593
"../../../Engine/Content/EditorResources/S_Actor.uasset" 594
"../../../Engine/Content/EditorResources/S_Actor.uexp" 595
"../../../Engine/Content/EditorResources/S_Actor.ubulk" 596
"../../../Engine/Content/EditorResources/S_Note.uasset" 597
"../../../Engine/Content/EditorResources/S_Note.uexp" 598
"../../../Engine/Content/EditorResources/S_Note.ubulk" 599
"../../../Engine/Content/EditorResources/S_Solver.uasset" 600
"../../../Engine/Content/EditorResources/S_Solver.uexp" 601
"../../../Engine/Content/EditorResources/S_Solver.ubulk" 602
"../../../Engine/Content/EditorResources/S_Terrain.uasset" 603
"../../../Engine/Content/EditorResources/S_Terrain.uexp" 604
"../../../Engine/Content/EditorResources/S_Terrain.ubulk" 605
"../../../Engine/Content/EditorResources/S_Trigger.uasset" 606
"../../../Engine/Content/EditorResources/S_Trigger.uexp" 607
"../../../Engine/Content/EditorResources/S_Trigger.ubulk" 608
"../../../Engine/Content/EditorResources/LightIcons/S_LightError.uasset" 609
"../../../Engine/Content/EditorResources/LightIcons/S_LightError.uexp" 610
"../../../Engine/Content/EditorResources/SequenceRecorder/Countdown.uasset" 611
"../../../Engine/Content/EditorResources/SequenceRecorder/Countdown.uexp" 612
"../../../Engine/Content/EditorResources/SequenceRecorder/RecordingIndicator.uasset" 613
"../../../Engine/Content/EditorResources/SequenceRecorder/RecordingIndicator.uexp" 614
"../../../Engine/Content/EngineDamageTypes/DmgTypeBP_Environmental.uasset" 615
"../../../Engine/Content/EngineDamageTypes/DmgTypeBP_Environmental.uexp" 616
"../../../Engine/Content/EngineDebugMaterials/DebugEditorMaterial.uasset" 617
"../../../Engine/Content/EngineDebugMaterials/DebugEditorMaterial.uexp" 618
"../../../Engine/Content/EngineDebugMaterials/DebugMeshMaterial.uasset" 619
"../../../Engine/Content/EngineDebugMaterials/DebugMeshMaterial.uexp" 620
"../../../Engine/Content/EngineDebugMaterials/M_SimpleUnlitTranslucent.uasset" 621
"../../../Engine/Content/EngineDebugMaterials/M_SimpleUnlitTranslucent.uexp" 622
"../../../Engine/Content/EngineDebugMaterials/VolumeToRender.uasset" 623
"../../../Engine/Content/EngineDebugMaterials/VolumeToRender.uexp" 624
"../../../Engine/Content/Functions/Engine_MaterialFunctions02/Utility/CameraDirectionVector.uasset" 625
"../../../Engine/Content/Functions/Engine_MaterialFunctions02/Utility/CameraDirectionVector.uexp" 626
"../../../Engine/Content/EngineDebugMaterials/M_VolumeRenderSphereTracePP.uasset" 627
"../../../Engine/Content/EngineDebugMaterials/M_VolumeRenderSphereTracePP.uexp" 628
"../../../Engine/Content/Functions/Engine_MaterialFunctions01/Shading/ConvertFromDiffSpec.uasset" 629
"../../../Engine/Content/Functions/Engine_MaterialFunctions01/Shading/ConvertFromDiffSpec.uexp" 630
"../../../Engine/Content/EngineDebugMaterials/VertexColorMaterial.uasset" 631
"../../../Engine/Content/EngineDebugMaterials/VertexColorMaterial.uexp" 632
"../../../Engine/Content/EngineFonts/Faces/RobotoRegular.uasset" 633
"../../../Engine/Content/EngineFonts/Faces/RobotoRegular.uexp" 634
"../../../Engine/Content/EngineFonts/Faces/RobotoRegular.ufont" 635
"../../../Engine/Content/EngineFonts/Faces/RobotoLight.uasset" 636
"../../../Engine/Content/EngineFonts/Faces/RobotoLight.uexp" 637
"../../../Engine/Content/EngineFonts/Faces/RobotoLight.ufont" 638
"../../../Engine/Content/EngineFonts/Faces/RobotoItalic.uasset" 639
"../../../Engine/Content/EngineFonts/Faces/RobotoItalic.uexp" 640
"../../../Engine/Content/EngineFonts/Faces/RobotoItalic.ufont" 641
"../../../Engine/Content/EngineFonts/Faces/RobotoBoldItalic.uasset" 642
"../../../Engine/Content/EngineFonts/Faces/RobotoBoldItalic.uexp" 643
"../../../Engine/Content/EngineFonts/Faces/RobotoBoldItalic.ufont" 644
"../../../Engine/Content/EngineFonts/Faces/RobotoBold.uasset" 645
"../../../Engine/Content/EngineFonts/Faces/RobotoBold.uexp" 646
"../../../Engine/Content/EngineFonts/Faces/RobotoBold.ufont" 647
"../../../Engine/Content/EngineFonts/Faces/DroidSansFallback.uasset" 648
"../../../Engine/Content/EngineFonts/Faces/DroidSansFallback.uexp" 649
"../../../Engine/Content/EngineFonts/Faces/DroidSansFallback.ufont" 650
"../../../Engine/Content/EngineFonts/Roboto.uasset" 651
"../../../Engine/Content/EngineFonts/Roboto.uexp" 652
"../../../Engine/Content/EngineMaterials/BaseFlattenGrayscaleMap.uasset" 653
"../../../Engine/Content/EngineMaterials/BaseFlattenGrayscaleMap.uexp" 654
"../../../Engine/Content/EngineMaterials/BaseFlattenEmissiveMap.uasset" 655
"../../../Engine/Content/EngineMaterials/BaseFlattenEmissiveMap.uexp" 656
"../../../Engine/Content/EngineMaterials/BaseFlattenDiffuseMap.uasset" 657
"../../../Engine/Content/EngineMaterials/BaseFlattenDiffuseMap.uexp" 658
"../../../Engine/Content/EngineMaterials/BaseFlattenNormalMap.uasset" 659
"../../../Engine/Content/EngineMaterials/BaseFlattenNormalMap.uexp" 660
"../../../Engine/Content/EngineMaterials/BaseFlattenMaterial.uasset" 661
"../../../Engine/Content/EngineMaterials/BaseFlattenMaterial.uexp" 662
"../../../Engine/Content/EngineMaterials/BlueNoise.uasset" 663
"../../../Engine/Content/EngineMaterials/BlueNoise.uexp" 664
"../../../Engine/Content/EngineMaterials/DefaultBloomKernel.uasset" 665
"../../../Engine/Content/EngineMaterials/DefaultBloomKernel.uexp" 666
"../../../Engine/Content/EngineMaterials/DefaultBokeh.uasset" 667
"../../../Engine/Content/EngineMaterials/DefaultBokeh.uexp" 668
"../../../Engine/Content/EngineMaterials/DefaultDiffuse.uasset" 669
"../../../Engine/Content/EngineMaterials/DefaultDiffuse.uexp" 670
"../../../Engine/Content/EngineMaterials/DefaultDiffuse.ubulk" 671
"../../../Engine/Content/EngineMaterials/DefaultDeferredDecalMaterial.uasset" 672
"../../../Engine/Content/EngineMaterials/DefaultDeferredDecalMaterial.uexp" 673
"../../../Engine/Content/EngineMaterials/DefaultLightFunctionMaterial.uasset" 674
"../../../Engine/Content/EngineMaterials/DefaultLightFunctionMaterial.uexp" 675
"../../../Engine/Content/EngineMaterials/DefaultNormal.uasset" 676
"../../../Engine/Content/EngineMaterials/DefaultNormal.uexp" 677
"../../../Engine/Content/EngineMaterials/DefaultNormal.ubulk" 678
"../../../Engine/Content/EngineMaterials/DefaultPhysicalMaterial.uasset" 679
"../../../Engine/Content/EngineMaterials/DefaultPhysicalMaterial.uexp" 680
"../../../Engine/Content/Functions/Engine_MaterialFunctions02/Utility/BreakOutFloat2Components.uasset" 681
"../../../Engine/Content/Functions/Engine_MaterialFunctions02/Utility/BreakOutFloat2Components.uexp" 682
"../../../Engine/Content/EngineMaterials/DefaultPostProcessMaterial.uasset" 683
"../../../Engine/Content/EngineMaterials/DefaultPostProcessMaterial.uexp" 684
"../../../Engine/Content/EngineMaterials/DefaultTextMaterialOpaque.uasset" 685
"../../../Engine/Content/EngineMaterials/DefaultTextMaterialOpaque.uexp" 686
"../../../Engine/Content/EngineMaterials/DefaultWhiteGrid.uasset" 687
"../../../Engine/Content/EngineMaterials/DefaultWhiteGrid.uexp" 688
"../../../Engine/Content/EngineMaterials/DefaultWhiteGrid.ubulk" 689
"../../../Engine/Content/EngineMaterials/DefaultWhiteGrid_Low.uasset" 690
"../../../Engine/Content/EngineMaterials/DefaultWhiteGrid_Low.uexp" 691
"../../../Engine/Content/EngineMaterials/EmissiveMeshMaterial.uasset" 692
"../../../Engine/Content/EngineMaterials/EmissiveMeshMaterial.uexp" 693
"../../../Engine/Content/EngineMaterials/GizmoMaterial.uasset" 694
"../../../Engine/Content/EngineMaterials/GizmoMaterial.uexp" 695
"../../../Engine/Content/EngineMaterials/Good64x64TilingNoiseHighFreq.uasset" 696
"../../../Engine/Content/EngineMaterials/Good64x64TilingNoiseHighFreq.uexp" 697
"../../../Engine/Content/EngineMaterials/MiniFont.uasset" 698
"../../../Engine/Content/EngineMaterials/MiniFont.uexp" 699
"../../../Engine/Content/EngineMaterials/InvalidLightmapSettings.uasset" 700
"../../../Engine/Content/EngineMaterials/InvalidLightmapSettings.uexp" 701
"../../../Engine/Content/EngineMaterials/InvalidLightmapSettings.ubulk" 702
"../../../Engine/Content/EngineMaterials/M_InvalidLightmapSettings.uasset" 703
"../../../Engine/Content/EngineMaterials/M_InvalidLightmapSettings.uexp" 704
"../../../Engine/Content/Functions/Engine_MaterialFunctions02/WorldPositionOffset/CameraOffset.uasset" 705
"../../../Engine/Content/Functions/Engine_MaterialFunctions02/WorldPositionOffset/CameraOffset.uexp" 706
"../../../Engine/Content/EngineMaterials/PhAT_JointLimitMaterial.uasset" 707
"../../../Engine/Content/EngineMaterials/PhAT_JointLimitMaterial.uexp" 708
"../../../Engine/Content/EngineMaterials/DefaultCalibrationColor.uasset" 709
"../../../Engine/Content/EngineMaterials/DefaultCalibrationColor.uexp" 710
"../../../Engine/Content/EngineMaterials/PPM_DefaultCalibrationColor.uasset" 711
"../../../Engine/Content/EngineMaterials/PPM_DefaultCalibrationColor.uexp" 712
"../../../Engine/Content/EngineMaterials/DefaultCalibrationGrayscale.uasset" 713
"../../../Engine/Content/EngineMaterials/DefaultCalibrationGrayscale.uexp" 714
"../../../Engine/Content/EngineMaterials/PPM_DefaultCalibrationGrayscale.uasset" 715
"../../../Engine/Content/EngineMaterials/PPM_DefaultCalibrationGrayscale.uexp" 716
"../../../Engine/Content/EngineMaterials/PreintegratedSkinBRDF.uasset" 717
"../../../Engine/Content/EngineMaterials/PreintegratedSkinBRDF.uexp" 718
"../../../Engine/Content/EngineMaterials/RemoveSurfaceMaterial.uasset" 719
"../../../Engine/Content/EngineMaterials/RemoveSurfaceMaterial.uexp" 720
"../../../Engine/Content/EngineMaterials/WeightMapPlaceholderTexture.uasset" 721
"../../../Engine/Content/EngineMaterials/WeightMapPlaceholderTexture.uexp" 722
"../../../Engine/Content/EngineResources/WhiteSquareTexture.uasset" 723
"../../../Engine/Content/EngineResources/WhiteSquareTexture.uexp" 724
"../../../Engine/Content/EngineMaterials/Widget3DPassThrough.uasset" 725
"../../../Engine/Content/EngineMaterials/Widget3DPassThrough.uexp" 726
"../../../Engine/Content/EngineMaterials/Widget3DPassThrough_Masked.uasset" 727
"../../../Engine/Content/EngineMaterials/Widget3DPassThrough_Masked.uexp" 728
"../../../Engine/Content/EngineMaterials/Widget3DPassThrough_Opaque.uasset" 729
"../../../Engine/Content/EngineMaterials/Widget3DPassThrough_Opaque.uexp" 730
"../../../Engine/Content/EngineMaterials/Widget3DPassThrough_Masked_OneSided.uasset" 731
"../../../Engine/Content/EngineMaterials/Widget3DPassThrough_Masked_OneSided.uexp" 732
"../../../Engine/Content/EngineMaterials/Widget3DPassThrough_Opaque_OneSided.uasset" 733
"../../../Engine/Content/EngineMaterials/Widget3DPassThrough_Opaque_OneSided.uexp" 734
"../../../Engine/Content/EngineMaterials/Widget3DPassThrough_Translucent.uasset" 735
"../../../Engine/Content/EngineMaterials/Widget3DPassThrough_Translucent.uexp" 736
"../../../Engine/Content/EngineMaterials/Widget3DPassThrough_Translucent_OneSided.uasset" 737
"../../../Engine/Content/EngineMaterials/Widget3DPassThrough_Translucent_OneSided.uexp" 738
"../../../Engine/Content/EngineMeshes/Cylinder.uasset" 739
"../../../Engine/Content/EngineMeshes/Cylinder.uexp" 740
"../../../Engine/Content/EngineMeshes/Sphere.uasset" 741
"../../../Engine/Content/EngineMeshes/Sphere.uexp" 742
"../../../Engine/Content/EngineResources/DefaultTexture.uasset" 743
"../../../Engine/Content/EngineResources/DefaultTexture.uexp" 744
"../../../Engine/Content/EngineResources/DefaultTexture.ubulk" 745
"../../../Engine/Content/EngineResources/DefaultTextureCube.uasset" 746
"../../../Engine/Content/EngineResources/DefaultTextureCube.uexp" 747
"../../../Engine/Content/EngineResources/DefaultVolumeTexture2D.uasset" 748
"../../../Engine/Content/EngineResources/DefaultVolumeTexture2D.uexp" 749
"../../../Engine/Content/EngineResources/DefaultVolumeTexture.uasset" 750
"../../../Engine/Content/EngineResources/DefaultVolumeTexture.uexp" 751
"../../../Engine/Content/EngineResources/GradientTexture0.uasset" 752
"../../../Engine/Content/EngineResources/GradientTexture0.uexp" 753
"../../../Engine/Content/EngineSky/VolumetricClouds/T_NoiseShape64.uasset" 754
"../../../Engine/Content/EngineSky/VolumetricClouds/T_NoiseShape64.uexp" 755
"../../../Engine/Content/EngineSky/VolumetricClouds/T_NoiseShape64.ubulk" 756
"../../../Engine/Content/EngineSky/VolumetricClouds/T_VolumeNoiseShape64.uasset" 757
"../../../Engine/Content/EngineSky/VolumetricClouds/T_VolumeNoiseShape64.uexp" 758
"../../../Engine/Content/EngineSky/VolumetricClouds/T_NoiseErosion.uasset" 759
"../../../Engine/Content/EngineSky/VolumetricClouds/T_NoiseErosion.uexp" 760
"../../../Engine/Content/EngineSky/VolumetricClouds/T_NoiseErosion.ubulk" 761
"../../../Engine/Content/EngineSky/VolumetricClouds/T_VolumeNoiseErosion32.uasset" 762
"../../../Engine/Content/EngineSky/VolumetricClouds/T_VolumeNoiseErosion32.uexp" 763
"../../../Engine/Content/EngineSky/VolumetricClouds/CloudWeatherTexture.uasset" 764
"../../../Engine/Content/EngineSky/VolumetricClouds/CloudWeatherTexture.uexp" 765
"../../../Engine/Content/EngineSky/VolumetricClouds/CloudGradientTexture.uasset" 766
"../../../Engine/Content/EngineSky/VolumetricClouds/CloudGradientTexture.uexp" 767
"../../../Engine/Content/Functions/Engine_MaterialFunctions02/Utility/MakeFloat2.uasset" 768
"../../../Engine/Content/Functions/Engine_MaterialFunctions02/Utility/MakeFloat2.uexp" 769
"../../../Engine/Content/EngineSky/VolumetricClouds/m_SimpleVolumetricCloud.uasset" 770
"../../../Engine/Content/EngineSky/VolumetricClouds/m_SimpleVolumetricCloud.uexp" 771
"../../../Engine/Content/EngineSky/VolumetricClouds/m_SimpleVolumetricCloud_Inst.uasset" 772
"../../../Engine/Content/EngineSky/VolumetricClouds/m_SimpleVolumetricCloud_Inst.uexp" 773
"../../../Engine/Content/EngineSounds/Master.uasset" 774
"../../../Engine/Content/EngineSounds/Master.uexp" 775
"../../../Engine/Content/Functions/Engine_MaterialFunctions01/Shading/PowerToRoughness.uasset" 776
"../../../Engine/Content/Functions/Engine_MaterialFunctions01/Shading/PowerToRoughness.uexp" 777
"../../../Engine/Content/Maps/Templates/Thumbnails/Default.uasset" 778
"../../../Engine/Content/Maps/Templates/Thumbnails/Default.uexp" 779
"../../../Engine/Content/Maps/Templates/Thumbnails/TimeOfDay.uasset" 780
"../../../Engine/Content/Maps/Templates/Thumbnails/TimeOfDay.uexp" 781
"../../../Engine/Content/Maps/Templates/Thumbnails/VR-Basic.uasset" 782
"../../../Engine/Content/Maps/Templates/Thumbnails/VR-Basic.uexp" 783
"../../../Engine/Content/MobileResources/T_MobileControls_texture.uasset" 784
"../../../Engine/Content/MobileResources/T_MobileControls_texture.uexp" 785
"../../../Engine/Content/MobileResources/T_MobileMenu2.uasset" 786
"../../../Engine/Content/MobileResources/T_MobileMenu2.uexp" 787
"../../../Engine/Content/MobileResources/HUD/AnalogHat.uasset" 788
"../../../Engine/Content/MobileResources/HUD/AnalogHat.uexp" 789
"../../../Engine/Content/MobileResources/HUD/VirtualJoystick_Thumb.uasset" 790
"../../../Engine/Content/MobileResources/HUD/VirtualJoystick_Thumb.uexp" 791
"../../../Engine/Content/MobileResources/HUD/VirtualJoystick_Background.uasset" 792
"../../../Engine/Content/MobileResources/HUD/VirtualJoystick_Background.uexp" 793
"../../../Engine/Content/MobileResources/HUD/DefaultVirtualJoysticks.uasset" 794
"../../../Engine/Content/MobileResources/HUD/DefaultVirtualJoysticks.uexp" 795
"../../../Engine/Content/MobileResources/HUD/LeftVirtualJoystickOnly.uasset" 796
"../../../Engine/Content/MobileResources/HUD/LeftVirtualJoystickOnly.uexp" 797
"../../../Engine/Content/MobileResources/HUD/MobileHUDButton1_off.uasset" 798
"../../../Engine/Content/MobileResources/HUD/MobileHUDButton1_off.uexp" 799
"../../../Engine/Content/MobileResources/HUD/MobileHUDButton1_on.uasset" 800
"../../../Engine/Content/MobileResources/HUD/MobileHUDButton1_on.uexp" 801
"../../../Engine/Content/MobileResources/HUD/MobileHUDButton2_off.uasset" 802
"../../../Engine/Content/MobileResources/HUD/MobileHUDButton2_off.uexp" 803
"../../../Engine/Content/MobileResources/HUD/MobileHUDButton2_on.uasset" 804
"../../../Engine/Content/MobileResources/HUD/MobileHUDButton2_on.uexp" 805
"../../../Engine/Content/MobileResources/HUD/MobileHUDButton3.uasset" 806
"../../../Engine/Content/MobileResources/HUD/MobileHUDButton3.uexp" 807
"../../../Engine/Content/MobileResources/HUD/MobileHUDButtonFire.uasset" 808
"../../../Engine/Content/MobileResources/HUD/MobileHUDButtonFire.uexp" 809
"../../../Engine/Content/MobileResources/HUD/MobileHUDDirectionPad.uasset" 810
"../../../Engine/Content/MobileResources/HUD/MobileHUDDirectionPad.uexp" 811
"../../../Engine/Content/MobileResources/HUD/MobileHUDDirectionPad2.uasset" 812
"../../../Engine/Content/MobileResources/HUD/MobileHUDDirectionPad2.uexp" 813
"../../../Engine/Content/MobileResources/HUD/MobileHUDDirectionPad3.uasset" 814
"../../../Engine/Content/MobileResources/HUD/MobileHUDDirectionPad3.uexp" 815
"../../../Engine/Content/MobileResources/HUD/MobileHUDDirectionStick.uasset" 816
"../../../Engine/Content/MobileResources/HUD/MobileHUDDirectionStick.uexp" 817
"../../../Engine/Content/MobileResources/HUD/T_Castle_ThumbstickInner.uasset" 818
"../../../Engine/Content/MobileResources/HUD/T_Castle_ThumbstickInner.uexp" 819
"../../../Engine/Content/MobileResources/HUD/T_Castle_ThumbstickOutter.uasset" 820
"../../../Engine/Content/MobileResources/HUD/T_Castle_ThumbstickOutter.uexp" 821
"../../../Engine/Content/Tutorial/ContentIntroCurve.uasset" 822
"../../../Engine/Content/Tutorial/ContentIntroCurve.uexp" 823
"../../../Engine/Content/Tutorial/BlueprintTutorials/TutorialAssets/Blueprint_64x.uasset" 824
"../../../Engine/Content/Tutorial/BlueprintTutorials/TutorialAssets/Blueprint_64x.uexp" 825
"../../../Engine/Content/VREditor/TransformGizmo/TranslucentTransformGizmoMaterial.uasset" 826
"../../../Engine/Content/VREditor/TransformGizmo/TranslucentTransformGizmoMaterial.uexp" 827
"../../../Engine/Content/VREditor/LaserPointer/VR_LaserPower_01.uasset" 828
"../../../Engine/Content/VREditor/LaserPointer/VR_LaserPower_01.uexp" 829
"../../../Engine/Content/VREditor/LaserPointer/VR_LaserPower_01.ubulk" 830
"../../../Engine/Content/VREditor/TransformGizmo/TransformGizmoMaterial.uasset" 831
"../../../Engine/Content/VREditor/TransformGizmo/TransformGizmoMaterial.uexp" 832
"../../../Engine/Content/VREditor/TransformGizmo/BoundingBoxCorner.uasset" 833
"../../../Engine/Content/VREditor/TransformGizmo/BoundingBoxCorner.uexp" 834
"../../../Engine/Content/VREditor/TransformGizmo/BoundingBoxEdge.uasset" 835
"../../../Engine/Content/VREditor/TransformGizmo/BoundingBoxEdge.uexp" 836
"../../../Engine/Content/VREditor/TransformGizmo/PlaneTranslationHandle.uasset" 837
"../../../Engine/Content/VREditor/TransformGizmo/PlaneTranslationHandle.uexp" 838
"../../../Engine/Content/VREditor/TransformGizmo/Main.uasset" 839
"../../../Engine/Content/VREditor/TransformGizmo/Main.uexp" 840
"../../../Engine/Content/VREditor/TransformGizmo/SM_Sequencer_Key.uasset" 841
"../../../Engine/Content/VREditor/TransformGizmo/SM_Sequencer_Key.uexp" 842
"../../../Engine/Content/VREditor/TransformGizmo/SM_Sequencer_Node.uasset" 843
"../../../Engine/Content/VREditor/TransformGizmo/SM_Sequencer_Node.uexp" 844
"../../../Engine/Plugins/2D/Paper2D/Content/PlaceholderTextures/DummySpriteTexture.uasset" 845
"../../../Engine/Plugins/2D/Paper2D/Content/PlaceholderTextures/DummySpriteTexture.uexp" 846
"../../../Engine/Plugins/2D/Paper2D/Content/PlaceholderTextures/DummySpriteTexture.ubulk" 847
"../../../Engine/Plugins/2D/Paper2D/Content/DummySprite.uasset" 848
"../../../Engine/Plugins/2D/Paper2D/Content/DummySprite.uexp" 849
"../../../Engine/Plugins/2D/Paper2D/Content/DefaultPaperTerrainMaterial.uasset" 850
"../../../Engine/Plugins/2D/Paper2D/Content/DefaultPaperTerrainMaterial.uexp" 851
"../../../Engine/Plugins/2D/Paper2D/Content/DefaultSpriteMaterial.uasset" 852
"../../../Engine/Plugins/2D/Paper2D/Content/DefaultSpriteMaterial.uexp" 853
"../../../Engine/Plugins/2D/Paper2D/Content/MaskedUnlitSpriteMaterial.uasset" 854
"../../../Engine/Plugins/2D/Paper2D/Content/MaskedUnlitSpriteMaterial.uexp" 855
"../../../Engine/Plugins/2D/Paper2D/Content/OpaqueUnlitSpriteMaterial.uasset" 856
"../../../Engine/Plugins/2D/Paper2D/Content/OpaqueUnlitSpriteMaterial.uexp" 857
"../../../Engine/Plugins/2D/Paper2D/Content/PlaceholderTextures/FlatNormalMap.uasset" 858
"../../../Engine/Plugins/2D/Paper2D/Content/PlaceholderTextures/FlatNormalMap.uexp" 859
"../../../Engine/Content/Functions/Engine_MaterialFunctions02/ObjectLocalBounds.uasset" 860
"../../../Engine/Content/Functions/Engine_MaterialFunctions02/ObjectLocalBounds.uexp" 861
"../../../Engine/Content/Functions/Engine_MaterialFunctions02/Utility/BreakOutFloat3Components.uasset" 862
"../../../Engine/Content/Functions/Engine_MaterialFunctions02/Utility/BreakOutFloat3Components.uexp" 863
"../../../Engine/Content/Functions/Engine_MaterialFunctions02/UVs/BoundingBoxBased_0-1_UVW.uasset" 864
"../../../Engine/Content/Functions/Engine_MaterialFunctions02/UVs/BoundingBoxBased_0-1_UVW.uexp" 865
"../../../Engine/Content/Functions/Engine_MaterialFunctions02/SafeNormalize.uasset" 866
"../../../Engine/Content/Functions/Engine_MaterialFunctions02/SafeNormalize.uexp" 867
"../../../Engine/Content/Functions/Engine_MaterialFunctions02/WorldPositionOffset/ObjectScale.uasset" 868
"../../../Engine/Content/Functions/Engine_MaterialFunctions02/WorldPositionOffset/ObjectScale.uexp" 869
"../../../Engine/Plugins/Editor/SpeedTreeImporter/Content/SpeedTree9/UnpackInteger3.uasset" 870
"../../../Engine/Plugins/Editor/SpeedTreeImporter/Content/SpeedTree9/UnpackInteger3.uexp" 871
"../../../Engine/Plugins/Editor/SpeedTreeImporter/Content/SpeedTree9/UnpackDirection.uasset" 872
"../../../Engine/Plugins/Editor/SpeedTreeImporter/Content/SpeedTree9/UnpackDirection.uexp" 873
"../../../Engine/Plugins/Editor/SpeedTreeImporter/Content/SpeedTree9/game_wind_noise.uasset" 874
"../../../Engine/Plugins/Editor/SpeedTreeImporter/Content/SpeedTree9/game_wind_noise.uexp" 875
"../../../Engine/Plugins/Editor/SpeedTreeImporter/Content/SpeedTree9/game_wind_noise.ubulk" 876
"../../../Engine/Plugins/Editor/SpeedTreeImporter/Content/SpeedTree9/SpeedTreeWindMotion.uasset" 877
"../../../Engine/Plugins/Editor/SpeedTreeImporter/Content/SpeedTree9/SpeedTreeWindMotion.uexp" 878
"../../../Engine/Plugins/Editor/SpeedTreeImporter/Content/SpeedTree9/SpeedTreeBranchMotion.uasset" 879
"../../../Engine/Plugins/Editor/SpeedTreeImporter/Content/SpeedTree9/SpeedTreeBranchMotion.uexp" 880
"../../../Engine/Plugins/Editor/SpeedTreeImporter/Content/SpeedTree9/SpeedTreeWind.uasset" 881
"../../../Engine/Plugins/Editor/SpeedTreeImporter/Content/SpeedTree9/SpeedTreeWind.uexp" 882
"../../../Engine/Plugins/Editor/SpeedTreeImporter/Content/SpeedTree9/SpeedTreeBillboard.uasset" 883
"../../../Engine/Plugins/Editor/SpeedTreeImporter/Content/SpeedTree9/SpeedTreeBillboard.uexp" 884
"../../../Engine/Plugins/Editor/SpeedTreeImporter/Content/SpeedTree9/EmptyNormal.uasset" 885
"../../../Engine/Plugins/Editor/SpeedTreeImporter/Content/SpeedTree9/EmptyNormal.uexp" 886
"../../../Engine/Plugins/Editor/SpeedTreeImporter/Content/SpeedTree9/Empty.uasset" 887
"../../../Engine/Plugins/Editor/SpeedTreeImporter/Content/SpeedTree9/Empty.uexp" 888
"../../../Engine/Plugins/Editor/SpeedTreeImporter/Content/SpeedTree9/SpeedTreeBillboardMaster.uasset" 889
"../../../Engine/Plugins/Editor/SpeedTreeImporter/Content/SpeedTree9/SpeedTreeBillboardMaster.uexp" 890
"../../../Engine/Plugins/Editor/SpeedTreeImporter/Content/SpeedTree9/SpeedTreeCameraFacing.uasset" 891
"../../../Engine/Plugins/Editor/SpeedTreeImporter/Content/SpeedTree9/SpeedTreeCameraFacing.uexp" 892
"../../../Engine/Plugins/Editor/SpeedTreeImporter/Content/SpeedTree9/SpeedTreeMaster.uasset" 893
"../../../Engine/Plugins/Editor/SpeedTreeImporter/Content/SpeedTree9/SpeedTreeMaster.uexp" 894
"../../../Engine/Content/BasicShapes/Cylinder.uasset" 895
"../../../Engine/Content/BasicShapes/Cylinder.uexp" 896
"../../../Engine/Content/ArtTools/RenderToTexture/Materials/Debug/M_Emissive_Color.uasset" 897
"../../../Engine/Content/ArtTools/RenderToTexture/Materials/Debug/M_Emissive_Color.uexp" 898
"../../../Engine/Plugins/Lumin/MagicLeapPassableWorld/Content/MagicLeapARPinInfoActor.uasset" 899
"../../../Engine/Plugins/Lumin/MagicLeapPassableWorld/Content/MagicLeapARPinInfoActor.uexp" 900
"../../../Engine/Plugins/Runtime/OpenXR/Content/Devices/GoogleDaydream/MRTexture.uasset" 901
"../../../Engine/Plugins/Runtime/OpenXR/Content/Devices/GoogleDaydream/MRTexture.uexp" 902
"../../../Engine/Plugins/Runtime/OpenXR/Content/Devices/GoogleDaydream/MRTexture.ubulk" 903
"../../../Engine/Plugins/Runtime/OpenXR/Content/Devices/GoogleDaydream/BaseTexture.uasset" 904
"../../../Engine/Plugins/Runtime/OpenXR/Content/Devices/GoogleDaydream/BaseTexture.uexp" 905
"../../../Engine/Plugins/Runtime/OpenXR/Content/Devices/GoogleDaydream/BaseTexture.ubulk" 906
"../../../Engine/Content/EngineResources/Black.uasset" 907
"../../../Engine/Content/EngineResources/Black.uexp" 908
"../../../Engine/Plugins/Runtime/OpenXR/Content/Devices/M_XRController.uasset" 909
"../../../Engine/Plugins/Runtime/OpenXR/Content/Devices/M_XRController.uexp" 910
"../../../Engine/Plugins/Runtime/OpenXR/Content/Devices/GoogleDaydream/MI_GoogleDaydream.uasset" 911
"../../../Engine/Plugins/Runtime/OpenXR/Content/Devices/GoogleDaydream/MI_GoogleDaydream.uexp" 912
"../../../Engine/Plugins/Runtime/OpenXR/Content/Devices/GoogleDaydream/GoogleDaydreamController.uasset" 913
"../../../Engine/Plugins/Runtime/OpenXR/Content/Devices/GoogleDaydream/GoogleDaydreamController.uexp" 914
"../../../Engine/Plugins/Runtime/OpenXR/Content/Devices/HTCVive/BaseTexture.uasset" 915
"../../../Engine/Plugins/Runtime/OpenXR/Content/Devices/HTCVive/BaseTexture.uexp" 916
"../../../Engine/Plugins/Runtime/OpenXR/Content/Devices/HTCVive/BaseTexture.ubulk" 917
"../../../Engine/Plugins/Runtime/OpenXR/Content/Devices/HTCVive/MI_HTCVive.uasset" 918
"../../../Engine/Plugins/Runtime/OpenXR/Content/Devices/HTCVive/MI_HTCVive.uexp" 919
"../../../Engine/Plugins/Runtime/OpenXR/Content/Devices/HTCVive/HTCViveController.uasset" 920
"../../../Engine/Plugins/Runtime/OpenXR/Content/Devices/HTCVive/HTCViveController.uexp" 921
"../../../Engine/Plugins/Runtime/OpenXR/Content/Devices/MicrosoftMixedReality/NormalTexture.uasset" 922
"../../../Engine/Plugins/Runtime/OpenXR/Content/Devices/MicrosoftMixedReality/NormalTexture.uexp" 923
"../../../Engine/Plugins/Runtime/OpenXR/Content/Devices/MicrosoftMixedReality/NormalTexture.ubulk" 924
"../../../Engine/Plugins/Runtime/OpenXR/Content/Devices/MicrosoftMixedReality/MRTexture.uasset" 925
"../../../Engine/Plugins/Runtime/OpenXR/Content/Devices/MicrosoftMixedReality/MRTexture.uexp" 926
"../../../Engine/Plugins/Runtime/OpenXR/Content/Devices/MicrosoftMixedReality/MRTexture.ubulk" 927
"../../../Engine/Plugins/Runtime/OpenXR/Content/Devices/MicrosoftMixedReality/EmissiveTexture.uasset" 928
"../../../Engine/Plugins/Runtime/OpenXR/Content/Devices/MicrosoftMixedReality/EmissiveTexture.uexp" 929
"../../../Engine/Plugins/Runtime/OpenXR/Content/Devices/MicrosoftMixedReality/EmissiveTexture.ubulk" 930
"../../../Engine/Plugins/Runtime/OpenXR/Content/Devices/MicrosoftMixedReality/BaseTexture.uasset" 931
"../../../Engine/Plugins/Runtime/OpenXR/Content/Devices/MicrosoftMixedReality/BaseTexture.uexp" 932
"../../../Engine/Plugins/Runtime/OpenXR/Content/Devices/MicrosoftMixedReality/BaseTexture.ubulk" 933
"../../../Engine/Plugins/Runtime/OpenXR/Content/Devices/MicrosoftMixedReality/MI_MicrosoftMixedReality.uasset" 934
"../../../Engine/Plugins/Runtime/OpenXR/Content/Devices/MicrosoftMixedReality/MI_MicrosoftMixedReality.uexp" 935
"../../../Engine/Plugins/Runtime/OpenXR/Content/Devices/MicrosoftMixedReality/Left/left_MicrosoftMixedRealityController.uasset" 936
"../../../Engine/Plugins/Runtime/OpenXR/Content/Devices/MicrosoftMixedReality/Left/left_MicrosoftMixedRealityController.uexp" 937
"../../../Engine/Plugins/Runtime/OpenXR/Content/Devices/MicrosoftMixedReality/Right/right_MicrosoftMixedRealityController.uasset" 938
"../../../Engine/Plugins/Runtime/OpenXR/Content/Devices/MicrosoftMixedReality/Right/right_MicrosoftMixedRealityController.uexp" 939
"../../../Engine/Plugins/Runtime/OpenXR/Content/Devices/OculusGo/BaseTexture.uasset" 940
"../../../Engine/Plugins/Runtime/OpenXR/Content/Devices/OculusGo/BaseTexture.uexp" 941
"../../../Engine/Plugins/Runtime/OpenXR/Content/Devices/OculusGo/BaseTexture.ubulk" 942
"../../../Engine/Plugins/Runtime/OpenXR/Content/Devices/OculusGo/MI_OculusGo.uasset" 943
"../../../Engine/Plugins/Runtime/OpenXR/Content/Devices/OculusGo/MI_OculusGo.uexp" 944
"../../../Engine/Plugins/Runtime/OpenXR/Content/Devices/OculusGo/OculusGoController.uasset" 945
"../../../Engine/Plugins/Runtime/OpenXR/Content/Devices/OculusGo/OculusGoController.uexp" 946
"../../../Engine/Plugins/Runtime/OpenXR/Content/Devices/OculusTouch/MRTexture.uasset" 947
"../../../Engine/Plugins/Runtime/OpenXR/Content/Devices/OculusTouch/MRTexture.uexp" 948
"../../../Engine/Plugins/Runtime/OpenXR/Content/Devices/OculusTouch/MRTexture.ubulk" 949
"../../../Engine/Plugins/Runtime/OpenXR/Content/Devices/OculusTouch/BaseTexture.uasset" 950
"../../../Engine/Plugins/Runtime/OpenXR/Content/Devices/OculusTouch/BaseTexture.uexp" 951
"../../../Engine/Plugins/Runtime/OpenXR/Content/Devices/OculusTouch/BaseTexture.ubulk" 952
"../../../Engine/Plugins/Runtime/OpenXR/Content/Devices/OculusTouch/MI_OculusTouch.uasset" 953
"../../../Engine/Plugins/Runtime/OpenXR/Content/Devices/OculusTouch/MI_OculusTouch.uexp" 954
"../../../Engine/Plugins/Runtime/OpenXR/Content/Devices/OculusTouch/Left/left_OculusTouchController.uasset" 955
"../../../Engine/Plugins/Runtime/OpenXR/Content/Devices/OculusTouch/Left/left_OculusTouchController.uexp" 956
"../../../Engine/Plugins/Runtime/OpenXR/Content/Devices/OculusTouch/Right/right_OculusTouchController.uasset" 957
"../../../Engine/Plugins/Runtime/OpenXR/Content/Devices/OculusTouch/Right/right_OculusTouchController.uexp" 958
"../../../Engine/Plugins/Runtime/OpenXR/Content/Devices/OculusTouch_v2/MRTexture.uasset" 959
"../../../Engine/Plugins/Runtime/OpenXR/Content/Devices/OculusTouch_v2/MRTexture.uexp" 960
"../../../Engine/Plugins/Runtime/OpenXR/Content/Devices/OculusTouch_v2/MRTexture.ubulk" 961
"../../../Engine/Plugins/Runtime/OpenXR/Content/Devices/OculusTouch_v2/BaseTexture.uasset" 962
"../../../Engine/Plugins/Runtime/OpenXR/Content/Devices/OculusTouch_v2/BaseTexture.uexp" 963
"../../../Engine/Plugins/Runtime/OpenXR/Content/Devices/OculusTouch_v2/BaseTexture.ubulk" 964
"../../../Engine/Plugins/Runtime/OpenXR/Content/Devices/OculusTouch_v2/MI_OculusTouch_v2.uasset" 965
"../../../Engine/Plugins/Runtime/OpenXR/Content/Devices/OculusTouch_v2/MI_OculusTouch_v2.uexp" 966
"../../../Engine/Plugins/Runtime/OpenXR/Content/Devices/OculusTouch_v2/Left/left_OculusTouch_v2Controller.uasset" 967
"../../../Engine/Plugins/Runtime/OpenXR/Content/Devices/OculusTouch_v2/Left/left_OculusTouch_v2Controller.uexp" 968
"../../../Engine/Plugins/Runtime/OpenXR/Content/Devices/OculusTouch_v2/Right/right_OculusTouch_v2Controller.uasset" 969
"../../../Engine/Plugins/Runtime/OpenXR/Content/Devices/OculusTouch_v2/Right/right_OculusTouch_v2Controller.uexp" 970
"../../../Engine/Plugins/Runtime/OpenXR/Content/Devices/OculusTouch_v3/MRTexture.uasset" 971
"../../../Engine/Plugins/Runtime/OpenXR/Content/Devices/OculusTouch_v3/MRTexture.uexp" 972
"../../../Engine/Plugins/Runtime/OpenXR/Content/Devices/OculusTouch_v3/MRTexture.ubulk" 973
"../../../Engine/Plugins/Runtime/OpenXR/Content/Devices/OculusTouch_v3/BaseTexture.uasset" 974
"../../../Engine/Plugins/Runtime/OpenXR/Content/Devices/OculusTouch_v3/BaseTexture.uexp" 975
"../../../Engine/Plugins/Runtime/OpenXR/Content/Devices/OculusTouch_v3/BaseTexture.ubulk" 976
"../../../Engine/Plugins/Runtime/OpenXR/Content/Devices/OculusTouch_v3/MI_OculusTouch_v3.uasset" 977
"../../../Engine/Plugins/Runtime/OpenXR/Content/Devices/OculusTouch_v3/MI_OculusTouch_v3.uexp" 978
"../../../Engine/Plugins/Runtime/OpenXR/Content/Devices/OculusTouch_v3/Left/left_OculusTouch_v3Controller.uasset" 979
"../../../Engine/Plugins/Runtime/OpenXR/Content/Devices/OculusTouch_v3/Left/left_OculusTouch_v3Controller.uexp" 980
"../../../Engine/Plugins/Runtime/OpenXR/Content/Devices/OculusTouch_v3/Right/right_OculusTouch_v3Controller.uasset" 981
"../../../Engine/Plugins/Runtime/OpenXR/Content/Devices/OculusTouch_v3/Right/right_OculusTouch_v3Controller.uexp" 982
"../../../Engine/Plugins/Runtime/OpenXR/Content/Devices/ValveIndex/MRTexture.uasset" 983
"../../../Engine/Plugins/Runtime/OpenXR/Content/Devices/ValveIndex/MRTexture.uexp" 984
"../../../Engine/Plugins/Runtime/OpenXR/Content/Devices/ValveIndex/MRTexture.ubulk" 985
"../../../Engine/Plugins/Runtime/OpenXR/Content/Devices/ValveIndex/BaseTexture.uasset" 986
"../../../Engine/Plugins/Runtime/OpenXR/Content/Devices/ValveIndex/BaseTexture.uexp" 987
"../../../Engine/Plugins/Runtime/OpenXR/Content/Devices/ValveIndex/BaseTexture.ubulk" 988
"../../../Engine/Plugins/Runtime/OpenXR/Content/Devices/ValveIndex/Left/MI_left_ValveIndex.uasset" 989
"../../../Engine/Plugins/Runtime/OpenXR/Content/Devices/ValveIndex/Left/MI_left_ValveIndex.uexp" 990
"../../../Engine/Plugins/Runtime/OpenXR/Content/Devices/ValveIndex/Left/left_ValveIndexController.uasset" 991
"../../../Engine/Plugins/Runtime/OpenXR/Content/Devices/ValveIndex/Left/left_ValveIndexController.uexp" 992
"../../../Engine/Plugins/Runtime/OpenXR/Content/Devices/ValveIndex/Right/MI_right_ValveIndex.uasset" 993
"../../../Engine/Plugins/Runtime/OpenXR/Content/Devices/ValveIndex/Right/MI_right_ValveIndex.uexp" 994
"../../../Engine/Plugins/Runtime/OpenXR/Content/Devices/ValveIndex/Right/right_ValveIndexController.uasset" 995
"../../../Engine/Plugins/Runtime/OpenXR/Content/Devices/ValveIndex/Right/right_ValveIndexController.uexp" 996
"../../../Engine/Content/Functions/Engine_MaterialFunctions02/Utility/BreakOutFloat4Components.uasset" 997
"../../../Engine/Content/Functions/Engine_MaterialFunctions02/Utility/BreakOutFloat4Components.uexp" 998
"../../../Engine/Plugins/Runtime/Oculus/OculusVR/Content/Materials/OculusMR_ChromaKey.uasset" 999
"../../../Engine/Plugins/Runtime/Oculus/OculusVR/Content/Materials/OculusMR_ChromaKey.uexp" 1000
"../../../Engine/Plugins/Runtime/Oculus/OculusVR/Content/Materials/OculusMR_OpaqueColoredMaterial.uasset" 1001
"../../../Engine/Plugins/Runtime/Oculus/OculusVR/Content/Materials/OculusMR_OpaqueColoredMaterial.uexp" 1002
"../../../Engine/Plugins/Runtime/Oculus/OculusVR/Content/Materials/PokeAHoleMaterial.uasset" 1003
"../../../Engine/Plugins/Runtime/Oculus/OculusVR/Content/Materials/PokeAHoleMaterial.uexp" 1004
"../../../Engine/Plugins/Runtime/Oculus/OculusVR/Content/Textures/touchController_controlmap.uasset" 1005
"../../../Engine/Plugins/Runtime/Oculus/OculusVR/Content/Textures/touchController_controlmap.uexp" 1006
"../../../Engine/Plugins/Runtime/Oculus/OculusVR/Content/Textures/touchController_controlmap.ubulk" 1007
"../../../Engine/Plugins/Runtime/Oculus/OculusVR/Content/Textures/touchController_albedo.uasset" 1008
"../../../Engine/Plugins/Runtime/Oculus/OculusVR/Content/Textures/touchController_albedo.uexp" 1009
"../../../Engine/Plugins/Runtime/Oculus/OculusVR/Content/Textures/touchController_albedo.ubulk" 1010
"../../../Engine/Plugins/Runtime/Oculus/OculusVR/Content/Materials/touchController_mat.uasset" 1011
"../../../Engine/Plugins/Runtime/Oculus/OculusVR/Content/Materials/touchController_mat.uexp" 1012
"../../../Engine/Plugins/Runtime/Oculus/OculusVR/Content/Meshes/LeftTouchController.uasset" 1013
"../../../Engine/Plugins/Runtime/Oculus/OculusVR/Content/Meshes/LeftTouchController.uexp" 1014
"../../../Engine/Plugins/Runtime/Oculus/OculusVR/Content/Textures/TouchForQuestRiftSController_albedo.uasset" 1015
"../../../Engine/Plugins/Runtime/Oculus/OculusVR/Content/Textures/TouchForQuestRiftSController_albedo.uexp" 1016
"../../../Engine/Plugins/Runtime/Oculus/OculusVR/Content/Textures/TouchForQuestRiftSController_albedo.ubulk" 1017
"../../../Engine/Plugins/Runtime/Oculus/OculusVR/Content/Materials/TouchForQuestRiftSControllerMaterial.uasset" 1018
"../../../Engine/Plugins/Runtime/Oculus/OculusVR/Content/Materials/TouchForQuestRiftSControllerMaterial.uexp" 1019
"../../../Engine/Plugins/Runtime/Oculus/OculusVR/Content/Meshes/LeftTouchForQuestRiftSController.uasset" 1020
"../../../Engine/Plugins/Runtime/Oculus/OculusVR/Content/Meshes/LeftTouchForQuestRiftSController.uexp" 1021
"../../../Engine/Plugins/Runtime/Oculus/OculusVR/Content/Meshes/RiftHMD.uasset" 1022
"../../../Engine/Plugins/Runtime/Oculus/OculusVR/Content/Meshes/RiftHMD.uexp" 1023
"../../../Engine/Plugins/Runtime/Oculus/OculusVR/Content/Meshes/RightTouchController.uasset" 1024
"../../../Engine/Plugins/Runtime/Oculus/OculusVR/Content/Meshes/RightTouchController.uexp" 1025
"../../../Engine/Plugins/Runtime/Oculus/OculusVR/Content/Meshes/RightTouchForQuestRiftSController.uasset" 1026
"../../../Engine/Plugins/Runtime/Oculus/OculusVR/Content/Meshes/RightTouchForQuestRiftSController.uexp" 1027
"C:/Users/Playeroth/Documents/EscapeTheBackrooms--Mods/MainMod/Content/Mods/PYInsanityMod/PYINS_AINavMesh.uexp" 1028
"C:/Users/Playeroth/Documents/EscapeTheBackrooms--Mods/MainMod/Content/Mods/PYInsanityMod/PYINS_AINavMesh.umap" 1029
"C:/Users/Playeroth/Documents/EscapeTheBackrooms--Mods/MainMod/Content/Mods/PYModMenu/PY_AINavMesh.uexp" 1030
"C:/Users/Playeroth/Documents/EscapeTheBackrooms--Mods/MainMod/Content/Mods/PYModMenu/PY_AINavMesh.umap" 1031
"../../../Engine/Content/MapTemplates/SM_Template_Map_Floor.uasset" 1032
"../../../Engine/Content/MapTemplates/SM_Template_Map_Floor.uexp" 1033
"../../../Engine/Content/EngineSky/T_Sky_Stars.uasset" 1034
"../../../Engine/Content/EngineSky/T_Sky_Stars.uexp" 1035
"../../../Engine/Content/EngineSky/T_Sky_Stars.ubulk" 1036
"../../../Engine/Content/EngineSky/T_Sky_Clouds_M.uasset" 1037
"../../../Engine/Content/EngineSky/T_Sky_Clouds_M.uexp" 1038
"../../../Engine/Content/EngineSky/T_Sky_Clouds_M.ubulk" 1039
"../../../Engine/Content/EngineSky/T_Sky_Blue.uasset" 1040
"../../../Engine/Content/EngineSky/T_Sky_Blue.uexp" 1041
"../../../Engine/Content/EngineSky/T_Sky_Blue.ubulk" 1042
"../../../Engine/Content/EngineSky/M_Sky_Panning_Clouds2.uasset" 1043
"../../../Engine/Content/EngineSky/M_Sky_Panning_Clouds2.uexp" 1044
"../../../Engine/Content/EngineSky/SM_SkySphere.uasset" 1045
"../../../Engine/Content/EngineSky/SM_SkySphere.uexp" 1046
"../../../Engine/Content/EngineSky/C_Sky_Zenith_Color.uasset" 1047
"../../../Engine/Content/EngineSky/C_Sky_Zenith_Color.uexp" 1048
"../../../Engine/Content/EngineSky/C_Sky_Horizon_Color.uasset" 1049
"../../../Engine/Content/EngineSky/C_Sky_Horizon_Color.uexp" 1050
"../../../Engine/Content/EngineSky/C_Sky_Cloud_Color.uasset" 1051
"../../../Engine/Content/EngineSky/C_Sky_Cloud_Color.uexp" 1052
"../../../Engine/Content/EngineSky/BP_Sky_Sphere.uasset" 1053
"../../../Engine/Content/EngineSky/BP_Sky_Sphere.uexp" 1054
"C:/Users/Playeroth/Documents/EscapeTheBackrooms--Mods/MainMod/Content/Mods/Z_ExampleLevel_P/Levels/ExampleLevel.uexp" 1055
"C:/Users/Playeroth/Documents/EscapeTheBackrooms--Mods/MainMod/Content/Mods/Z_ExampleLevel_P/Levels/ExampleLevel.umap" 1056
"../../../Engine/Content/Maps/Entry_BuiltData.uasset" 1057
"../../../Engine/Content/Maps/Entry_BuiltData.uexp" 1058
"../../../Engine/Content/Maps/Entry.uexp" 1059
"../../../Engine/Content/Maps/Entry.umap" 1060
