Log file open, 04/15/25 17:49:57
LogWindows: Failed to load 'aqProf.dll' (GetLastError=126)
LogWindows: File 'aqProf.dll' does not exist
LogWindows: Failed to load 'VtuneApi.dll' (GetLastError=126)
LogWindows: File 'VtuneApi.dll' does not exist
LogWindows: Failed to load 'VtuneApi32e.dll' (GetLastError=126)
LogWindows: File 'VtuneApi32e.dll' does not exist
LogConsoleResponse: Display: Failed to find resolution value strings in scalability ini. Falling back to default.
LogConsoleResponse: Display: Failed to find resolution value strings in scalability ini. Falling back to default.
LogInit: Display: Running engine for game: EscapeTheBackrooms
LogPlatformFile: Not using cached read wrapper
LogTaskGraph: Started task graph with 5 named threads and 35 total threads with 3 sets of task threads.
LogStats: Stats thread started at 0.279704
LogICUInternationalization: ICU TimeZone Detection - Raw Offset: -3:00, Platform Override: ''
LogInit: Display: Loading text-based GConfig....
LogPluginManager: Mounting plugin MeshPainting
LogPluginManager: Mounting plugin XGEController
LogPluginManager: Mounting plugin Paper2D
LogPluginManager: Mounting plugin LiveLink
LogPluginManager: Mounting plugin AISupport
LogPluginManager: Mounting plugin EnvironmentQueryEditor
LogPluginManager: Mounting plugin CameraShakePreviewer
LogPluginManager: Mounting plugin GameplayCameras
LogPluginManager: Mounting plugin OodleNetwork
LogPluginManager: Mounting plugin OodleData
LogPluginManager: Mounting plugin LightPropagationVolume
LogPluginManager: Mounting plugin AnimationSharing
LogPluginManager: Mounting plugin CodeLiteSourceCodeAccess
LogPluginManager: Mounting plugin GitSourceControl
LogPluginManager: Mounting plugin NullSourceCodeAccess
LogPluginManager: Mounting plugin PerforceSourceControl
LogPluginManager: Mounting plugin PixWinPlugin
LogPluginManager: Mounting plugin KDevelopSourceCodeAccess
LogPluginManager: Mounting plugin PluginUtils
LogPluginManager: Mounting plugin PropertyAccessNode
LogPluginManager: Mounting plugin SubversionSourceControl
LogPluginManager: Mounting plugin TextureFormatOodle
LogPluginManager: Mounting plugin RiderSourceCodeAccess
LogPluginManager: Mounting plugin UObjectPlugin
LogPluginManager: Mounting plugin VisualStudioSourceCodeAccess
LogPluginManager: Mounting plugin VisualStudioCodeSourceCodeAccess
LogPluginManager: Mounting plugin XCodeSourceCodeAccess
LogPluginManager: Mounting plugin CryptoKeys
LogPluginManager: Mounting plugin CurveEditorTools
LogPluginManager: Mounting plugin CLionSourceCodeAccess
LogPluginManager: Mounting plugin PlasticSourceControl
LogPluginManager: Mounting plugin AssetManagerEditor
LogPluginManager: Mounting plugin FacialAnimation
LogPluginManager: Mounting plugin GameplayTagsEditor
LogPluginManager: Mounting plugin GeometryMode
LogPluginManager: Mounting plugin MaterialAnalyzer
LogPluginManager: Mounting plugin MacGraphicsSwitching
LogPluginManager: Mounting plugin MobileLauncherProfileWizard
LogPluginManager: Mounting plugin PluginBrowser
LogPluginManager: Mounting plugin SpeedTreeImporter
LogPluginManager: Mounting plugin DataValidation
LogPluginManager: Mounting plugin DatasmithContent
LogPluginManager: Mounting plugin VariantManagerContent
LogPluginManager: Mounting plugin AlembicImporter
LogPluginManager: Mounting plugin AutomationUtils
LogPluginManager: Mounting plugin BackChannel
LogPluginManager: Mounting plugin ChaosCloth
LogPluginManager: Mounting plugin ChaosClothEditor
LogPluginManager: Mounting plugin ChaosEditor
LogPluginManager: Mounting plugin ChaosNiagara
LogPluginManager: Mounting plugin ChaosSolverPlugin
LogPluginManager: Mounting plugin CharacterAI
LogPluginManager: Mounting plugin Niagara
LogPluginManager: Mounting plugin GeometryCache
LogPluginManager: Mounting plugin GeometryCollectionPlugin
LogPluginManager: Mounting plugin GeometryProcessing
LogPluginManager: Mounting plugin MotoSynth
LogPluginManager: Mounting plugin OpenImageDenoise
LogPluginManager: Mounting plugin PlanarCut
LogPluginManager: Mounting plugin PlatformCrypto
LogPluginManager: Mounting plugin PythonScriptPlugin
LogPluginManager: Mounting plugin ProxyLODPlugin
LogPluginManager: Mounting plugin LuminPlatformFeatures
LogPluginManager: Mounting plugin MagicLeap
LogPluginManager: Mounting plugin MagicLeapLightEstimation
LogPluginManager: Mounting plugin MagicLeapMedia
LogPluginManager: Mounting plugin MLSDK
LogPluginManager: Mounting plugin SkeletalReduction
LogPluginManager: Mounting plugin MagicLeapPassableWorld
LogPluginManager: Mounting plugin AndroidMedia
LogPluginManager: Mounting plugin AvfMedia
LogPluginManager: Mounting plugin ImgMedia
LogPluginManager: Mounting plugin MediaCompositing
LogPluginManager: Mounting plugin MediaPlayerEditor
LogPluginManager: Mounting plugin WebMMedia
LogPluginManager: Mounting plugin WmfMedia
LogPluginManager: Mounting plugin TcpMessaging
LogPluginManager: Mounting plugin UdpMessaging
LogPluginManager: Mounting plugin ActorSequence
LogPluginManager: Mounting plugin MatineeToLevelSequence
LogPluginManager: Mounting plugin LevelSequenceEditor
LogPluginManager: Mounting plugin TemplateSequence
LogPluginManager: Mounting plugin OnlineSubsystem
LogPluginManager: Mounting plugin OnlineSubsystemNull
LogPluginManager: Mounting plugin OnlineSubsystemUtils
LogPluginManager: Mounting plugin LauncherChunkInstaller
LogPluginManager: Mounting plugin ActorLayerUtilities
LogPluginManager: Mounting plugin AndroidMoviePlayer
LogPluginManager: Mounting plugin AndroidDeviceProfileSelector
LogPluginManager: Mounting plugin AndroidPermission
LogPluginManager: Mounting plugin AppleImageUtils
LogPluginManager: Mounting plugin AppleMoviePlayer
LogPluginManager: Mounting plugin ArchVisCharacter
LogPluginManager: Mounting plugin AssetTags
LogPluginManager: Mounting plugin AudioCapture
LogPluginManager: Mounting plugin AudioSynesthesia
LogPluginManager: Mounting plugin CustomMeshComponent
LogPluginManager: Mounting plugin ChunkDownloader
LogPluginManager: Mounting plugin EditableMesh
LogPluginManager: Mounting plugin CableComponent
LogPluginManager: Mounting plugin ExampleDeviceProfileSelector
LogPluginManager: Mounting plugin GoogleCloudMessaging
LogPluginManager: Mounting plugin GooglePAD
LogPluginManager: Mounting plugin IOSDeviceProfileSelector
LogPluginManager: Mounting plugin LinuxDeviceProfileSelector
LogPluginManager: Mounting plugin LocationServicesBPLibrary
LogPluginManager: Mounting plugin MobilePatchingUtils
LogPluginManager: Mounting plugin OpenXR
LogPluginManager: Mounting plugin OpenXREyeTracker
LogPluginManager: Mounting plugin OpenXRHandTracking
LogPluginManager: Mounting plugin ProceduralMeshComponent
LogPluginManager: Mounting plugin PhysXVehicles
LogPluginManager: Mounting plugin SignificanceManager
LogPluginManager: Mounting plugin PostSplashScreen
LogPluginManager: Mounting plugin SoundFields
LogPluginManager: Mounting plugin RuntimePhysXCooking
LogPluginManager: Mounting plugin Synthesis
LogPluginManager: Mounting plugin WindowsMoviePlayer
LogPluginManager: Mounting plugin ScreenshotTools
LogPluginManager: Mounting plugin WebMMoviePlayer
LogPluginManager: Mounting plugin Takes
LogPluginManager: Mounting plugin PropertyAccessEditor
LogPluginManager: Mounting plugin ContentBrowserAssetDataSource
LogPluginManager: Mounting plugin ContentBrowserClassDataSource
LogPluginManager: Mounting plugin ContentBrowserFileDataSource
LogPluginManager: Mounting plugin OnlineSubsystemGooglePlay
LogPluginManager: Mounting plugin OnlineSubsystemIOS
LogPluginManager: Mounting plugin OculusVR
LogPluginManager: Mounting plugin SteamVR
PixWinPlugin: PIX capture plugin failed to initialize! Check that the process is launched from PIX.
LogInit: Using libcurl 7.55.1-DEV
LogInit:  - built for x86_64-pc-win32
LogInit:  - supports SSL with OpenSSL/1.1.1
LogInit:  - supports HTTP deflate (compression) using libz 1.2.8
LogInit:  - other features:
LogInit:      CURL_VERSION_SSL
LogInit:      CURL_VERSION_LIBZ
LogInit:      CURL_VERSION_IPV6
LogInit:      CURL_VERSION_ASYNCHDNS
LogInit:      CURL_VERSION_LARGEFILE
LogInit:      CURL_VERSION_IDN
LogInit:  CurlRequestOptions (configurable via config and command line):
LogInit:  - bVerifyPeer = true  - Libcurl will verify peer certificate
LogInit:  - bUseHttpProxy = false  - Libcurl will NOT use HTTP proxy
LogInit:  - bDontReuseConnections = false  - Libcurl will reuse connections
LogInit:  - MaxHostConnections = 16  - Libcurl will limit the number of connections to a host
LogInit:  - LocalHostAddr = Default
LogInit:  - BufferSize = 65536
LogOnline: OSS: Creating online subsystem instance for: NULL
LogInit: WinSock: version 1.1 (2.2), MaxSocks=32767, MaxUdp=65467
LogOnline: OSS: TryLoadSubsystemAndSetDefault: Loaded subsystem for module [NULL]
LogOculusPluginWrapper: OculusPlugin initialized successfully
LogHMD: Failed initializing OVRPlugin 1.59.0
LogInit: Build: ++UE4+Release-4.27-CL-18319896
LogInit: Engine Version: 4.27.2-18319896+++UE4+Release-4.27
LogInit: Compatible Engine Version: 4.27.0-17155196+++UE4+Release-4.27
LogInit: Net CL: 17155196
LogInit: OS: Windows 10 (Release 2009) (), CPU: Intel(R) Core(TM) i5-10400F CPU @ 2.90GHz, GPU: AMD Radeon RX 580 2048SP
LogInit: Compiled (64-bit): Nov 30 2021 07:12:08
LogInit: Compiled with Visual C++: 19.24.28315.00
LogInit: Build Configuration: Development
LogInit: Branch Name: ++UE4+Release-4.27
LogInit: Command Line: 
LogInit: Base Directory: C:/Program Files/Epic Games/UE_4.27/Engine/Binaries/Win64/
LogInit: Allocator: TBB
LogInit: Installed Engine Build: 1
LogDevObjectVersion: Number of dev versions registered: 29
LogDevObjectVersion:   Dev-Blueprints (B0D832E4-1F89-4F0D-ACCF-7EB736FD4AA2): 10
LogDevObjectVersion:   Dev-Build (E1C64328-A22C-4D53-A36C-8E866417BD8C): 0
LogDevObjectVersion:   Dev-Core (375EC13C-06E4-48FB-B500-84F0262A717E): 4
LogDevObjectVersion:   Dev-Editor (E4B068ED-F494-42E9-A231-DA0B2E46BB41): 40
LogDevObjectVersion:   Dev-Framework (CFFC743F-43B0-4480-9391-14DF171D2073): 37
LogDevObjectVersion:   Dev-Mobile (B02B49B5-BB20-44E9-A304-32B752E40360): 3
LogDevObjectVersion:   Dev-Networking (A4E4105C-59A1-49B5-A7C5-40C4547EDFEE): 0
LogDevObjectVersion:   Dev-Online (39C831C9-5AE6-47DC-9A44-9C173E1C8E7C): 0
LogDevObjectVersion:   Dev-Physics (78F01B33-EBEA-4F98-B9B4-84EACCB95AA2): 14
LogDevObjectVersion:   Dev-Platform (6631380F-2D4D-43E0-8009-CF276956A95A): 0
LogDevObjectVersion:   Dev-Rendering (12F88B9F-8875-4AFC-A67C-D90C383ABD29): 45
LogDevObjectVersion:   Dev-Sequencer (7B5AE74C-D270-4C10-A958-57980B212A5A): 13
LogDevObjectVersion:   Dev-VR (D7296918-1DD6-4BDD-9DE2-64A83CC13884): 3
LogDevObjectVersion:   Dev-LoadTimes (C2A15278-BFE7-4AFE-6C17-90FF531DF755): 1
LogDevObjectVersion:   Private-Geometry (6EACA3D4-40EC-4CC1-B786-8BED09428FC5): 3
LogDevObjectVersion:   Dev-AnimPhys (29E575DD-E0A3-4627-9D10-D276232CDCEA): 17
LogDevObjectVersion:   Dev-Anim (AF43A65D-7FD3-4947-9873-3E8ED9C1BB05): 15
LogDevObjectVersion:   Dev-ReflectionCapture (6B266CEC-1EC7-4B8F-A30B-E4D90942FC07): 1
LogDevObjectVersion:   Dev-Automation (0DF73D61-A23F-47EA-B727-89E90C41499A): 1
LogDevObjectVersion:   FortniteMain (601D1886-AC64-4F84-AA16-D3DE0DEAC7D6): 47
LogDevObjectVersion:   FortniteRelease (E7086368-6B23-4C58-8439-1B7016265E91): 1
LogDevObjectVersion:   Dev-Enterprise (9DFFBCD6-494F-0158-E221-12823C92A888): 10
LogDevObjectVersion:   Dev-Niagara (F2AED0AC-9AFE-416F-8664-AA7FFA26D6FC): 1
LogDevObjectVersion:   Dev-Destruction (174F1F0B-B4C6-45A5-B13F-2EE8D0FB917D): 10
LogDevObjectVersion:   Dev-Physics-Ext (35F94A83-E258-406C-A318-09F59610247C): 41
LogDevObjectVersion:   Dev-PhysicsMaterial-Chaos (B68FC16E-8B1B-42E2-B453-215C058844FE): 1
LogDevObjectVersion:   Dev-CineCamera (B2E18506-4273-CFC2-A54E-F4BB758BBA07): 1
LogDevObjectVersion:   Dev-VirtualProduction (64F58936-FD1B-42BA-BA96-7289D5D0FA4E): 1
LogDevObjectVersion:   Dev-MediaFramework (6F0ED827-A609-4895-9C91-998D90180EA4): 2
LogInit: Presizing for max 25165824 objects, including 0 objects not considered by GC, pre-allocating 0 bytes for permanent pool.
LogConfig: Applying CVar settings from Section [/Script/Engine.StreamingSettings] File [C:/Users/Playeroth/Documents/EscapeTheBackrooms--Mods/MainMod/Saved/Config/Windows/Engine.ini]
LogConfig: Setting CVar [[s.MinBulkDataSizeForAsyncLoading:131072]]
LogConfig: Setting CVar [[s.AsyncLoadingThreadEnabled:0]]
LogConfig: Setting CVar [[s.EventDrivenLoaderEnabled:1]]
LogConfig: Setting CVar [[s.WarnIfTimeLimitExceeded:0]]
LogConfig: Setting CVar [[s.TimeLimitExceededMultiplier:1.5]]
LogConfig: Setting CVar [[s.TimeLimitExceededMinTime:0.005]]
LogConfig: Setting CVar [[s.UseBackgroundLevelStreaming:1]]
LogConfig: Setting CVar [[s.PriorityAsyncLoadingExtraTime:15.0]]
LogConfig: Setting CVar [[s.LevelStreamingActorsUpdateTimeLimit:5.0]]
LogConfig: Setting CVar [[s.PriorityLevelStreamingActorsUpdateExtraTime:5.0]]
LogConfig: Setting CVar [[s.LevelStreamingComponentsRegistrationGranularity:10]]
LogConfig: Setting CVar [[s.UnregisterComponentsTimeLimit:1.0]]
LogConfig: Setting CVar [[s.LevelStreamingComponentsUnregistrationGranularity:5]]
LogConfig: Setting CVar [[s.FlushStreamingOnExit:1]]
LogInit: Object subsystem initialized
LogConfig: Setting CVar [[con.DebugEarlyDefault:1]]
LogConfig: Setting CVar [[r.setres:1280x720]]
[2025.04.15-20.49.58:104][  0]LogConfig: Setting CVar [[r.VSync:0]]
[2025.04.15-20.49.58:104][  0]LogConfig: Setting CVar [[r.RHICmdBypass:0]]
[2025.04.15-20.49.58:104][  0]LogConfig: Applying CVar settings from Section [/Script/Engine.RendererSettings] File [C:/Users/Playeroth/Documents/EscapeTheBackrooms--Mods/MainMod/Saved/Config/Windows/Engine.ini]
[2025.04.15-20.49.58:104][  0]LogConfig: Setting CVar [[r.GPUCrashDebugging:0]]
[2025.04.15-20.49.58:104][  0]LogConfig: Setting CVar [[r.DefaultFeature.AutoExposure.ExtendDefaultLuminanceRange:1]]
[2025.04.15-20.49.58:105][  0]LogConfig: Applying CVar settings from Section [/Script/Engine.RendererOverrideSettings] File [C:/Users/Playeroth/Documents/EscapeTheBackrooms--Mods/MainMod/Saved/Config/Windows/Engine.ini]
[2025.04.15-20.49.58:105][  0]LogConfig: Applying CVar settings from Section [/Script/Engine.StreamingSettings] File [C:/Users/Playeroth/Documents/EscapeTheBackrooms--Mods/MainMod/Saved/Config/Windows/Engine.ini]
[2025.04.15-20.49.58:105][  0]LogConfig: Setting CVar [[s.MinBulkDataSizeForAsyncLoading:131072]]
[2025.04.15-20.49.58:105][  0]LogConfig: Setting CVar [[s.AsyncLoadingThreadEnabled:0]]
[2025.04.15-20.49.58:105][  0]LogConfig: Setting CVar [[s.EventDrivenLoaderEnabled:1]]
[2025.04.15-20.49.58:105][  0]LogConfig: Setting CVar [[s.WarnIfTimeLimitExceeded:0]]
[2025.04.15-20.49.58:105][  0]LogConfig: Setting CVar [[s.TimeLimitExceededMultiplier:1.5]]
[2025.04.15-20.49.58:105][  0]LogConfig: Setting CVar [[s.TimeLimitExceededMinTime:0.005]]
[2025.04.15-20.49.58:105][  0]LogConfig: Setting CVar [[s.UseBackgroundLevelStreaming:1]]
[2025.04.15-20.49.58:105][  0]LogConfig: Setting CVar [[s.PriorityAsyncLoadingExtraTime:15.0]]
[2025.04.15-20.49.58:105][  0]LogConfig: Setting CVar [[s.LevelStreamingActorsUpdateTimeLimit:5.0]]
[2025.04.15-20.49.58:105][  0]LogConfig: Setting CVar [[s.PriorityLevelStreamingActorsUpdateExtraTime:5.0]]
[2025.04.15-20.49.58:105][  0]LogConfig: Setting CVar [[s.LevelStreamingComponentsRegistrationGranularity:10]]
[2025.04.15-20.49.58:105][  0]LogConfig: Setting CVar [[s.UnregisterComponentsTimeLimit:1.0]]
[2025.04.15-20.49.58:105][  0]LogConfig: Setting CVar [[s.LevelStreamingComponentsUnregistrationGranularity:5]]
[2025.04.15-20.49.58:105][  0]LogConfig: Setting CVar [[s.FlushStreamingOnExit:1]]
[2025.04.15-20.49.58:105][  0]LogConfig: Applying CVar settings from Section [/Script/Engine.GarbageCollectionSettings] File [C:/Users/Playeroth/Documents/EscapeTheBackrooms--Mods/MainMod/Saved/Config/Windows/Engine.ini]
[2025.04.15-20.49.58:105][  0]LogConfig: Setting CVar [[gc.MaxObjectsNotConsideredByGC:1]]
[2025.04.15-20.49.58:105][  0]LogConfig: Setting CVar [[gc.SizeOfPermanentObjectPool:0]]
[2025.04.15-20.49.58:105][  0]LogConfig: Setting CVar [[gc.FlushStreamingOnGC:0]]
[2025.04.15-20.49.58:105][  0]LogConfig: Setting CVar [[gc.NumRetriesBeforeForcingGC:10]]
[2025.04.15-20.49.58:105][  0]LogConfig: Setting CVar [[gc.AllowParallelGC:1]]
[2025.04.15-20.49.58:105][  0]LogConfig: Setting CVar [[gc.TimeBetweenPurgingPendingKillObjects:61.1]]
[2025.04.15-20.49.58:105][  0]LogConfig: Setting CVar [[gc.MaxObjectsInEditor:25165824]]
[2025.04.15-20.49.58:105][  0]LogConfig: Setting CVar [[gc.IncrementalBeginDestroyEnabled:1]]
[2025.04.15-20.49.58:105][  0]LogConfig: Setting CVar [[gc.CreateGCClusters:1]]
[2025.04.15-20.49.58:105][  0]LogConfig: Setting CVar [[gc.MinGCClusterSize:5]]
[2025.04.15-20.49.58:105][  0]LogConfig: Setting CVar [[gc.ActorClusteringEnabled:0]]
[2025.04.15-20.49.58:105][  0]LogConfig: Setting CVar [[gc.BlueprintClusteringEnabled:0]]
[2025.04.15-20.49.58:105][  0]LogConfig: Setting CVar [[gc.UseDisregardForGCOnDedicatedServers:0]]
[2025.04.15-20.49.58:105][  0]LogConfig: Setting CVar [[gc.MultithreadedDestructionEnabled:1]]
[2025.04.15-20.49.58:105][  0]LogConfig: Applying CVar settings from Section [/Script/Engine.NetworkSettings] File [C:/Users/Playeroth/Documents/EscapeTheBackrooms--Mods/MainMod/Saved/Config/Windows/Engine.ini]
[2025.04.15-20.49.58:105][  0]LogConfig: Applying CVar settings from Section [/Script/UnrealEd.CookerSettings] File [C:/Users/Playeroth/Documents/EscapeTheBackrooms--Mods/MainMod/Saved/Config/Windows/Engine.ini]
[2025.04.15-20.49.58:122][  0]LogConfig: Applying CVar settings from Section [ViewDistanceQuality@3] File [C:/Users/Playeroth/Documents/EscapeTheBackrooms--Mods/MainMod/Saved/Config/Windows/Scalability.ini]
[2025.04.15-20.49.58:122][  0]LogConfig: Setting CVar [[r.SkeletalMeshLODBias:0]]
[2025.04.15-20.49.58:122][  0]LogConfig: Setting CVar [[r.ViewDistanceScale:1.0]]
[2025.04.15-20.49.58:122][  0]LogConfig: Applying CVar settings from Section [AntiAliasingQuality@3] File [C:/Users/Playeroth/Documents/EscapeTheBackrooms--Mods/MainMod/Saved/Config/Windows/Scalability.ini]
[2025.04.15-20.49.58:122][  0]LogConfig: Setting CVar [[r.PostProcessAAQuality:4]]
[2025.04.15-20.49.58:122][  0]LogConfig: Applying CVar settings from Section [ShadowQuality@3] File [C:/Users/Playeroth/Documents/EscapeTheBackrooms--Mods/MainMod/Saved/Config/Windows/Scalability.ini]
[2025.04.15-20.49.58:122][  0]LogConfig: Setting CVar [[r.LightFunctionQuality:1]]
[2025.04.15-20.49.58:122][  0]LogConfig: Setting CVar [[r.ShadowQuality:5]]
[2025.04.15-20.49.58:122][  0]LogConfig: Setting CVar [[r.Shadow.CSM.MaxCascades:10]]
[2025.04.15-20.49.58:122][  0]LogConfig: Setting CVar [[r.Shadow.MaxResolution:2048]]
[2025.04.15-20.49.58:122][  0]LogConfig: Setting CVar [[r.Shadow.MaxCSMResolution:2048]]
[2025.04.15-20.49.58:122][  0]LogConfig: Setting CVar [[r.Shadow.RadiusThreshold:0.01]]
[2025.04.15-20.49.58:122][  0]LogConfig: Setting CVar [[r.Shadow.DistanceScale:1.0]]
[2025.04.15-20.49.58:122][  0]LogConfig: Setting CVar [[r.Shadow.CSM.TransitionScale:1.0]]
[2025.04.15-20.49.58:122][  0]LogConfig: Setting CVar [[r.Shadow.PreShadowResolutionFactor:1.0]]
[2025.04.15-20.49.58:122][  0]LogConfig: Setting CVar [[r.DistanceFieldShadowing:1]]
[2025.04.15-20.49.58:122][  0]LogConfig: Setting CVar [[r.DistanceFieldAO:1]]
[2025.04.15-20.49.58:122][  0]LogConfig: Setting CVar [[r.AOQuality:2]]
[2025.04.15-20.49.58:122][  0]LogConfig: Setting CVar [[r.VolumetricFog:1]]
[2025.04.15-20.49.58:122][  0]LogConfig: Setting CVar [[r.VolumetricFog.GridPixelSize:8]]
[2025.04.15-20.49.58:122][  0]LogConfig: Setting CVar [[r.VolumetricFog.GridSizeZ:128]]
[2025.04.15-20.49.58:122][  0]LogConfig: Setting CVar [[r.VolumetricFog.HistoryMissSupersampleCount:4]]
[2025.04.15-20.49.58:122][  0]LogConfig: Setting CVar [[r.LightMaxDrawDistanceScale:1]]
[2025.04.15-20.49.58:122][  0]LogConfig: Setting CVar [[r.CapsuleShadows:1]]
[2025.04.15-20.49.58:122][  0]LogConfig: Applying CVar settings from Section [PostProcessQuality@3] File [C:/Users/Playeroth/Documents/EscapeTheBackrooms--Mods/MainMod/Saved/Config/Windows/Scalability.ini]
[2025.04.15-20.49.58:122][  0]LogConfig: Setting CVar [[r.MotionBlurQuality:4]]
[2025.04.15-20.49.58:122][  0]LogConfig: Setting CVar [[r.AmbientOcclusionMipLevelFactor:0.4]]
[2025.04.15-20.49.58:122][  0]LogConfig: Setting CVar [[r.AmbientOcclusionMaxQuality:100]]
[2025.04.15-20.49.58:122][  0]LogConfig: Setting CVar [[r.AmbientOcclusionLevels:-1]]
[2025.04.15-20.49.58:122][  0]LogConfig: Setting CVar [[r.AmbientOcclusionRadiusScale:1.0]]
[2025.04.15-20.49.58:122][  0]LogConfig: Setting CVar [[r.DepthOfFieldQuality:2]]
[2025.04.15-20.49.58:122][  0]LogConfig: Setting CVar [[r.RenderTargetPoolMin:400]]
[2025.04.15-20.49.58:122][  0]LogConfig: Setting CVar [[r.LensFlareQuality:2]]
[2025.04.15-20.49.58:122][  0]LogConfig: Setting CVar [[r.SceneColorFringeQuality:1]]
[2025.04.15-20.49.58:122][  0]LogConfig: Setting CVar [[r.EyeAdaptationQuality:2]]
[2025.04.15-20.49.58:122][  0]LogConfig: Setting CVar [[r.BloomQuality:5]]
[2025.04.15-20.49.58:122][  0]LogConfig: Setting CVar [[r.FastBlurThreshold:100]]
[2025.04.15-20.49.58:122][  0]LogConfig: Setting CVar [[r.Upscale.Quality:3]]
[2025.04.15-20.49.58:122][  0]LogConfig: Setting CVar [[r.Tonemapper.GrainQuantization:1]]
[2025.04.15-20.49.58:122][  0]LogConfig: Setting CVar [[r.LightShaftQuality:1]]
[2025.04.15-20.49.58:122][  0]LogConfig: Setting CVar [[r.Filter.SizeScale:1]]
[2025.04.15-20.49.58:122][  0]LogConfig: Setting CVar [[r.Tonemapper.Quality:5]]
[2025.04.15-20.49.58:122][  0]LogConfig: Setting CVar [[r.DOF.Gather.AccumulatorQuality:1        ; higher gathering accumulator quality]]
[2025.04.15-20.49.58:122][  0]LogConfig: Setting CVar [[r.DOF.Gather.PostfilterMethod:1          ; Median3x3 postfilering method]]
[2025.04.15-20.49.58:122][  0]LogConfig: Setting CVar [[r.DOF.Gather.EnableBokehSettings:0       ; no bokeh simulation when gathering]]
[2025.04.15-20.49.58:122][  0]LogConfig: Setting CVar [[r.DOF.Gather.RingCount:4                 ; medium number of samples when gathering]]
[2025.04.15-20.49.58:122][  0]LogConfig: Setting CVar [[r.DOF.Scatter.ForegroundCompositing:1    ; additive foreground scattering]]
[2025.04.15-20.49.58:122][  0]LogConfig: Setting CVar [[r.DOF.Scatter.BackgroundCompositing:2    ; additive background scattering]]
[2025.04.15-20.49.58:122][  0]LogConfig: Setting CVar [[r.DOF.Scatter.EnableBokehSettings:1      ; bokeh simulation when scattering]]
[2025.04.15-20.49.58:122][  0]LogConfig: Setting CVar [[r.DOF.Scatter.MaxSpriteRatio:0.1         ; only a maximum of 10% of scattered bokeh]]
[2025.04.15-20.49.58:122][  0]LogConfig: Setting CVar [[r.DOF.Recombine.Quality:1                ; cheap slight out of focus]]
[2025.04.15-20.49.58:122][  0]LogConfig: Setting CVar [[r.DOF.Recombine.EnableBokehSettings:0    ; no bokeh simulation on slight out of focus]]
[2025.04.15-20.49.58:122][  0]LogConfig: Setting CVar [[r.DOF.TemporalAAQuality:1                ; more stable temporal accumulation]]
[2025.04.15-20.49.58:122][  0]LogConfig: Setting CVar [[r.DOF.Kernel.MaxForegroundRadius:0.025]]
[2025.04.15-20.49.58:122][  0]LogConfig: Setting CVar [[r.DOF.Kernel.MaxBackgroundRadius:0.025]]
[2025.04.15-20.49.58:122][  0]LogConfig: Applying CVar settings from Section [TextureQuality@3] File [C:/Users/Playeroth/Documents/EscapeTheBackrooms--Mods/MainMod/Saved/Config/Windows/Scalability.ini]
[2025.04.15-20.49.58:122][  0]LogConfig: Setting CVar [[r.Streaming.MipBias:0]]
[2025.04.15-20.49.58:122][  0]LogConfig: Setting CVar [[r.Streaming.AmortizeCPUToGPUCopy:0]]
[2025.04.15-20.49.58:122][  0]LogConfig: Setting CVar [[r.Streaming.MaxNumTexturesToStreamPerFrame:0]]
[2025.04.15-20.49.58:122][  0]LogConfig: Setting CVar [[r.Streaming.Boost:1]]
[2025.04.15-20.49.58:122][  0]LogConfig: Setting CVar [[r.MaxAnisotropy:8]]
[2025.04.15-20.49.58:122][  0]LogConfig: Setting CVar [[r.VT.MaxAnisotropy:8]]
[2025.04.15-20.49.58:122][  0]LogConfig: Setting CVar [[r.Streaming.LimitPoolSizeToVRAM:0]]
[2025.04.15-20.49.58:122][  0]LogConfig: Setting CVar [[r.Streaming.PoolSize:1000]]
[2025.04.15-20.49.58:122][  0]LogConfig: Setting CVar [[r.Streaming.MaxEffectiveScreenSize:0]]
[2025.04.15-20.49.58:122][  0]LogConfig: Applying CVar settings from Section [EffectsQuality@3] File [C:/Users/Playeroth/Documents/EscapeTheBackrooms--Mods/MainMod/Saved/Config/Windows/Scalability.ini]
[2025.04.15-20.49.58:122][  0]LogConfig: Setting CVar [[r.TranslucencyLightingVolumeDim:64]]
[2025.04.15-20.49.58:123][  0]LogConfig: Setting CVar [[r.RefractionQuality:2]]
[2025.04.15-20.49.58:123][  0]LogConfig: Setting CVar [[r.SSR.Quality:3]]
[2025.04.15-20.49.58:123][  0]LogConfig: Setting CVar [[r.SSR.HalfResSceneColor:0]]
[2025.04.15-20.49.58:123][  0]LogConfig: Setting CVar [[r.SceneColorFormat:4]]
[2025.04.15-20.49.58:123][  0]LogConfig: Setting CVar [[r.DetailMode:2]]
[2025.04.15-20.49.58:123][  0]LogConfig: Setting CVar [[r.TranslucencyVolumeBlur:1]]
[2025.04.15-20.49.58:123][  0]LogConfig: Setting CVar [[r.MaterialQualityLevel:1 ; High quality]]
[2025.04.15-20.49.58:123][  0]LogConfig: Setting CVar [[r.AnisotropicMaterials:1]]
[2025.04.15-20.49.58:123][  0]LogConfig: Setting CVar [[r.SSS.Scale:1]]
[2025.04.15-20.49.58:123][  0]LogConfig: Setting CVar [[r.SSS.SampleSet:2]]
[2025.04.15-20.49.58:123][  0]LogConfig: Setting CVar [[r.SSS.Quality:1]]
[2025.04.15-20.49.58:123][  0]LogConfig: Setting CVar [[r.SSS.HalfRes:0]]
[2025.04.15-20.49.58:123][  0]LogConfig: Setting CVar [[r.SSGI.Quality:3]]
[2025.04.15-20.49.58:123][  0]LogConfig: Setting CVar [[r.EmitterSpawnRateScale:1.0]]
[2025.04.15-20.49.58:123][  0]LogConfig: Setting CVar [[r.ParticleLightQuality:2]]
[2025.04.15-20.49.58:123][  0]LogConfig: Setting CVar [[r.SkyAtmosphere.AerialPerspectiveLUT.FastApplyOnOpaque:1 ; Always have FastSkyLUT 1 in this case to avoid wrong sky]]
[2025.04.15-20.49.58:123][  0]LogConfig: Setting CVar [[r.SkyAtmosphere.AerialPerspectiveLUT.SampleCountMaxPerSlice:4]]
[2025.04.15-20.49.58:123][  0]LogConfig: Setting CVar [[r.SkyAtmosphere.AerialPerspectiveLUT.DepthResolution:16.0]]
[2025.04.15-20.49.58:123][  0]LogConfig: Setting CVar [[r.SkyAtmosphere.FastSkyLUT:1]]
[2025.04.15-20.49.58:123][  0]LogConfig: Setting CVar [[r.SkyAtmosphere.FastSkyLUT.SampleCountMin:4.0]]
[2025.04.15-20.49.58:123][  0]LogConfig: Setting CVar [[r.SkyAtmosphere.FastSkyLUT.SampleCountMax:128.0]]
[2025.04.15-20.49.58:123][  0]LogConfig: Setting CVar [[r.SkyAtmosphere.SampleCountMin:4.0]]
[2025.04.15-20.49.58:123][  0]LogConfig: Setting CVar [[r.SkyAtmosphere.SampleCountMax:128.0]]
[2025.04.15-20.49.58:123][  0]LogConfig: Setting CVar [[r.SkyAtmosphere.TransmittanceLUT.UseSmallFormat:0]]
[2025.04.15-20.49.58:123][  0]LogConfig: Setting CVar [[r.SkyAtmosphere.TransmittanceLUT.SampleCount:10.0]]
[2025.04.15-20.49.58:123][  0]LogConfig: Setting CVar [[r.SkyAtmosphere.MultiScatteringLUT.SampleCount:15.0]]
[2025.04.15-20.49.58:123][  0]LogConfig: Setting CVar [[r.SkyLight.RealTimeReflectionCapture:1]]
[2025.04.15-20.49.58:123][  0]LogConfig: Applying CVar settings from Section [FoliageQuality@3] File [C:/Users/Playeroth/Documents/EscapeTheBackrooms--Mods/MainMod/Saved/Config/Windows/Scalability.ini]
[2025.04.15-20.49.58:123][  0]LogConfig: Setting CVar [[foliage.DensityScale:1.0]]
[2025.04.15-20.49.58:123][  0]LogConfig: Setting CVar [[grass.DensityScale:1.0]]
[2025.04.15-20.49.58:123][  0]LogConfig: Applying CVar settings from Section [ShadingQuality@3] File [C:/Users/Playeroth/Documents/EscapeTheBackrooms--Mods/MainMod/Saved/Config/Windows/Scalability.ini]
[2025.04.15-20.49.58:123][  0]LogConfig: Setting CVar [[r.HairStrands.SkyLighting.IntegrationType:2]]
[2025.04.15-20.49.58:123][  0]LogConfig: Setting CVar [[r.HairStrands.SkyAO.SampleCount:4]]
[2025.04.15-20.49.58:123][  0]LogConfig: Setting CVar [[r.HairStrands.Visibility.MSAA.SamplePerPixel:4]]
[2025.04.15-20.49.58:123][  0]LogInit: Selected Device Profile: [Windows]
[2025.04.15-20.49.58:123][  0]LogInit: Applying CVar settings loaded from the selected device profile: [Windows]
[2025.04.15-20.49.58:123][  0]LogHAL: Display: Platform has ~ 16 GB [17045495808 / 17179869184 / 16], which maps to Larger [LargestMinGB=32, LargerMinGB=12, DefaultMinGB=8, SmallerMinGB=6, SmallestMinGB=0)
[2025.04.15-20.49.58:123][  0]LogInit: Going up to parent DeviceProfile []
[2025.04.15-20.49.58:123][  0]LogConfig: Applying CVar settings from Section [ViewDistanceQuality@3] File [C:/Users/Playeroth/Documents/EscapeTheBackrooms--Mods/MainMod/Saved/Config/Windows/Scalability.ini]
[2025.04.15-20.49.58:123][  0]LogConfig: Setting CVar [[r.SkeletalMeshLODBias:0]]
[2025.04.15-20.49.58:123][  0]LogConfig: Setting CVar [[r.ViewDistanceScale:1.0]]
[2025.04.15-20.49.58:123][  0]LogConfig: Applying CVar settings from Section [AntiAliasingQuality@3] File [C:/Users/Playeroth/Documents/EscapeTheBackrooms--Mods/MainMod/Saved/Config/Windows/Scalability.ini]
[2025.04.15-20.49.58:123][  0]LogConfig: Setting CVar [[r.PostProcessAAQuality:4]]
[2025.04.15-20.49.58:123][  0]LogConfig: Applying CVar settings from Section [ShadowQuality@3] File [C:/Users/Playeroth/Documents/EscapeTheBackrooms--Mods/MainMod/Saved/Config/Windows/Scalability.ini]
[2025.04.15-20.49.58:123][  0]LogConfig: Setting CVar [[r.LightFunctionQuality:1]]
[2025.04.15-20.49.58:123][  0]LogConfig: Setting CVar [[r.ShadowQuality:5]]
[2025.04.15-20.49.58:123][  0]LogConfig: Setting CVar [[r.Shadow.CSM.MaxCascades:10]]
[2025.04.15-20.49.58:123][  0]LogConfig: Setting CVar [[r.Shadow.MaxResolution:2048]]
[2025.04.15-20.49.58:123][  0]LogConfig: Setting CVar [[r.Shadow.MaxCSMResolution:2048]]
[2025.04.15-20.49.58:123][  0]LogConfig: Setting CVar [[r.Shadow.RadiusThreshold:0.01]]
[2025.04.15-20.49.58:123][  0]LogConfig: Setting CVar [[r.Shadow.DistanceScale:1.0]]
[2025.04.15-20.49.58:123][  0]LogConfig: Setting CVar [[r.Shadow.CSM.TransitionScale:1.0]]
[2025.04.15-20.49.58:123][  0]LogConfig: Setting CVar [[r.Shadow.PreShadowResolutionFactor:1.0]]
[2025.04.15-20.49.58:123][  0]LogConfig: Setting CVar [[r.DistanceFieldShadowing:1]]
[2025.04.15-20.49.58:123][  0]LogConfig: Setting CVar [[r.DistanceFieldAO:1]]
[2025.04.15-20.49.58:123][  0]LogConfig: Setting CVar [[r.AOQuality:2]]
[2025.04.15-20.49.58:123][  0]LogConfig: Setting CVar [[r.VolumetricFog:1]]
[2025.04.15-20.49.58:123][  0]LogConfig: Setting CVar [[r.VolumetricFog.GridPixelSize:8]]
[2025.04.15-20.49.58:123][  0]LogConfig: Setting CVar [[r.VolumetricFog.GridSizeZ:128]]
[2025.04.15-20.49.58:123][  0]LogConfig: Setting CVar [[r.VolumetricFog.HistoryMissSupersampleCount:4]]
[2025.04.15-20.49.58:123][  0]LogConfig: Setting CVar [[r.LightMaxDrawDistanceScale:1]]
[2025.04.15-20.49.58:123][  0]LogConfig: Setting CVar [[r.CapsuleShadows:1]]
[2025.04.15-20.49.58:123][  0]LogConfig: Applying CVar settings from Section [PostProcessQuality@3] File [C:/Users/Playeroth/Documents/EscapeTheBackrooms--Mods/MainMod/Saved/Config/Windows/Scalability.ini]
[2025.04.15-20.49.58:123][  0]LogConfig: Setting CVar [[r.MotionBlurQuality:4]]
[2025.04.15-20.49.58:123][  0]LogConfig: Setting CVar [[r.AmbientOcclusionMipLevelFactor:0.4]]
[2025.04.15-20.49.58:123][  0]LogConfig: Setting CVar [[r.AmbientOcclusionMaxQuality:100]]
[2025.04.15-20.49.58:123][  0]LogConfig: Setting CVar [[r.AmbientOcclusionLevels:-1]]
[2025.04.15-20.49.58:123][  0]LogConfig: Setting CVar [[r.AmbientOcclusionRadiusScale:1.0]]
[2025.04.15-20.49.58:123][  0]LogConfig: Setting CVar [[r.DepthOfFieldQuality:2]]
[2025.04.15-20.49.58:123][  0]LogConfig: Setting CVar [[r.RenderTargetPoolMin:400]]
[2025.04.15-20.49.58:123][  0]LogConfig: Setting CVar [[r.LensFlareQuality:2]]
[2025.04.15-20.49.58:123][  0]LogConfig: Setting CVar [[r.SceneColorFringeQuality:1]]
[2025.04.15-20.49.58:123][  0]LogConfig: Setting CVar [[r.EyeAdaptationQuality:2]]
[2025.04.15-20.49.58:123][  0]LogConfig: Setting CVar [[r.BloomQuality:5]]
[2025.04.15-20.49.58:123][  0]LogConfig: Setting CVar [[r.FastBlurThreshold:100]]
[2025.04.15-20.49.58:123][  0]LogConfig: Setting CVar [[r.Upscale.Quality:3]]
[2025.04.15-20.49.58:123][  0]LogConfig: Setting CVar [[r.Tonemapper.GrainQuantization:1]]
[2025.04.15-20.49.58:123][  0]LogConfig: Setting CVar [[r.LightShaftQuality:1]]
[2025.04.15-20.49.58:123][  0]LogConfig: Setting CVar [[r.Filter.SizeScale:1]]
[2025.04.15-20.49.58:123][  0]LogConfig: Setting CVar [[r.Tonemapper.Quality:5]]
[2025.04.15-20.49.58:123][  0]LogConfig: Setting CVar [[r.DOF.Gather.AccumulatorQuality:1        ; higher gathering accumulator quality]]
[2025.04.15-20.49.58:124][  0]LogConfig: Setting CVar [[r.DOF.Gather.PostfilterMethod:1          ; Median3x3 postfilering method]]
[2025.04.15-20.49.58:124][  0]LogConfig: Setting CVar [[r.DOF.Gather.EnableBokehSettings:0       ; no bokeh simulation when gathering]]
[2025.04.15-20.49.58:124][  0]LogConfig: Setting CVar [[r.DOF.Gather.RingCount:4                 ; medium number of samples when gathering]]
[2025.04.15-20.49.58:124][  0]LogConfig: Setting CVar [[r.DOF.Scatter.ForegroundCompositing:1    ; additive foreground scattering]]
[2025.04.15-20.49.58:124][  0]LogConfig: Setting CVar [[r.DOF.Scatter.BackgroundCompositing:2    ; additive background scattering]]
[2025.04.15-20.49.58:124][  0]LogConfig: Setting CVar [[r.DOF.Scatter.EnableBokehSettings:1      ; bokeh simulation when scattering]]
[2025.04.15-20.49.58:124][  0]LogConfig: Setting CVar [[r.DOF.Scatter.MaxSpriteRatio:0.1         ; only a maximum of 10% of scattered bokeh]]
[2025.04.15-20.49.58:124][  0]LogConfig: Setting CVar [[r.DOF.Recombine.Quality:1                ; cheap slight out of focus]]
[2025.04.15-20.49.58:124][  0]LogConfig: Setting CVar [[r.DOF.Recombine.EnableBokehSettings:0    ; no bokeh simulation on slight out of focus]]
[2025.04.15-20.49.58:124][  0]LogConfig: Setting CVar [[r.DOF.TemporalAAQuality:1                ; more stable temporal accumulation]]
[2025.04.15-20.49.58:124][  0]LogConfig: Setting CVar [[r.DOF.Kernel.MaxForegroundRadius:0.025]]
[2025.04.15-20.49.58:124][  0]LogConfig: Setting CVar [[r.DOF.Kernel.MaxBackgroundRadius:0.025]]
[2025.04.15-20.49.58:124][  0]LogConfig: Applying CVar settings from Section [TextureQuality@3] File [C:/Users/Playeroth/Documents/EscapeTheBackrooms--Mods/MainMod/Saved/Config/Windows/Scalability.ini]
[2025.04.15-20.49.58:124][  0]LogConfig: Setting CVar [[r.Streaming.MipBias:0]]
[2025.04.15-20.49.58:124][  0]LogConfig: Setting CVar [[r.Streaming.AmortizeCPUToGPUCopy:0]]
[2025.04.15-20.49.58:124][  0]LogConfig: Setting CVar [[r.Streaming.MaxNumTexturesToStreamPerFrame:0]]
[2025.04.15-20.49.58:124][  0]LogConfig: Setting CVar [[r.Streaming.Boost:1]]
[2025.04.15-20.49.58:124][  0]LogConfig: Setting CVar [[r.MaxAnisotropy:8]]
[2025.04.15-20.49.58:124][  0]LogConfig: Setting CVar [[r.VT.MaxAnisotropy:8]]
[2025.04.15-20.49.58:124][  0]LogConfig: Setting CVar [[r.Streaming.LimitPoolSizeToVRAM:0]]
[2025.04.15-20.49.58:124][  0]LogConfig: Setting CVar [[r.Streaming.PoolSize:1000]]
[2025.04.15-20.49.58:124][  0]LogConfig: Setting CVar [[r.Streaming.MaxEffectiveScreenSize:0]]
[2025.04.15-20.49.58:124][  0]LogConfig: Applying CVar settings from Section [EffectsQuality@3] File [C:/Users/Playeroth/Documents/EscapeTheBackrooms--Mods/MainMod/Saved/Config/Windows/Scalability.ini]
[2025.04.15-20.49.58:124][  0]LogConfig: Setting CVar [[r.TranslucencyLightingVolumeDim:64]]
[2025.04.15-20.49.58:124][  0]LogConfig: Setting CVar [[r.RefractionQuality:2]]
[2025.04.15-20.49.58:124][  0]LogConfig: Setting CVar [[r.SSR.Quality:3]]
[2025.04.15-20.49.58:124][  0]LogConfig: Setting CVar [[r.SSR.HalfResSceneColor:0]]
[2025.04.15-20.49.58:124][  0]LogConfig: Setting CVar [[r.SceneColorFormat:4]]
[2025.04.15-20.49.58:124][  0]LogConfig: Setting CVar [[r.DetailMode:2]]
[2025.04.15-20.49.58:124][  0]LogConfig: Setting CVar [[r.TranslucencyVolumeBlur:1]]
[2025.04.15-20.49.58:124][  0]LogConfig: Setting CVar [[r.MaterialQualityLevel:1 ; High quality]]
[2025.04.15-20.49.58:124][  0]LogConfig: Setting CVar [[r.AnisotropicMaterials:1]]
[2025.04.15-20.49.58:124][  0]LogConfig: Setting CVar [[r.SSS.Scale:1]]
[2025.04.15-20.49.58:124][  0]LogConfig: Setting CVar [[r.SSS.SampleSet:2]]
[2025.04.15-20.49.58:124][  0]LogConfig: Setting CVar [[r.SSS.Quality:1]]
[2025.04.15-20.49.58:124][  0]LogConfig: Setting CVar [[r.SSS.HalfRes:0]]
[2025.04.15-20.49.58:124][  0]LogConfig: Setting CVar [[r.SSGI.Quality:3]]
[2025.04.15-20.49.58:124][  0]LogConfig: Setting CVar [[r.EmitterSpawnRateScale:1.0]]
[2025.04.15-20.49.58:124][  0]LogConfig: Setting CVar [[r.ParticleLightQuality:2]]
[2025.04.15-20.49.58:124][  0]LogConfig: Setting CVar [[r.SkyAtmosphere.AerialPerspectiveLUT.FastApplyOnOpaque:1 ; Always have FastSkyLUT 1 in this case to avoid wrong sky]]
[2025.04.15-20.49.58:124][  0]LogConfig: Setting CVar [[r.SkyAtmosphere.AerialPerspectiveLUT.SampleCountMaxPerSlice:4]]
[2025.04.15-20.49.58:124][  0]LogConfig: Setting CVar [[r.SkyAtmosphere.AerialPerspectiveLUT.DepthResolution:16.0]]
[2025.04.15-20.49.58:124][  0]LogConfig: Setting CVar [[r.SkyAtmosphere.FastSkyLUT:1]]
[2025.04.15-20.49.58:124][  0]LogConfig: Setting CVar [[r.SkyAtmosphere.FastSkyLUT.SampleCountMin:4.0]]
[2025.04.15-20.49.58:124][  0]LogConfig: Setting CVar [[r.SkyAtmosphere.FastSkyLUT.SampleCountMax:128.0]]
[2025.04.15-20.49.58:124][  0]LogConfig: Setting CVar [[r.SkyAtmosphere.SampleCountMin:4.0]]
[2025.04.15-20.49.58:124][  0]LogConfig: Setting CVar [[r.SkyAtmosphere.SampleCountMax:128.0]]
[2025.04.15-20.49.58:124][  0]LogConfig: Setting CVar [[r.SkyAtmosphere.TransmittanceLUT.UseSmallFormat:0]]
[2025.04.15-20.49.58:124][  0]LogConfig: Setting CVar [[r.SkyAtmosphere.TransmittanceLUT.SampleCount:10.0]]
[2025.04.15-20.49.58:124][  0]LogConfig: Setting CVar [[r.SkyAtmosphere.MultiScatteringLUT.SampleCount:15.0]]
[2025.04.15-20.49.58:124][  0]LogConfig: Setting CVar [[r.SkyLight.RealTimeReflectionCapture:1]]
[2025.04.15-20.49.58:124][  0]LogConfig: Applying CVar settings from Section [FoliageQuality@3] File [C:/Users/Playeroth/Documents/EscapeTheBackrooms--Mods/MainMod/Saved/Config/Windows/Scalability.ini]
[2025.04.15-20.49.58:124][  0]LogConfig: Setting CVar [[foliage.DensityScale:1.0]]
[2025.04.15-20.49.58:124][  0]LogConfig: Setting CVar [[grass.DensityScale:1.0]]
[2025.04.15-20.49.58:124][  0]LogConfig: Applying CVar settings from Section [ShadingQuality@3] File [C:/Users/Playeroth/Documents/EscapeTheBackrooms--Mods/MainMod/Saved/Config/Windows/Scalability.ini]
[2025.04.15-20.49.58:124][  0]LogConfig: Setting CVar [[r.HairStrands.SkyLighting.IntegrationType:2]]
[2025.04.15-20.49.58:124][  0]LogConfig: Setting CVar [[r.HairStrands.SkyAO.SampleCount:4]]
[2025.04.15-20.49.58:124][  0]LogConfig: Setting CVar [[r.HairStrands.Visibility.MSAA.SamplePerPixel:4]]
[2025.04.15-20.49.58:124][  0]LogConfig: Applying CVar settings from Section [Startup] File [../../../Engine/Config/ConsoleVariables.ini]
[2025.04.15-20.49.58:125][  0]LogConfig: Setting CVar [[net.UseAdaptiveNetUpdateFrequency:0]]
[2025.04.15-20.49.58:125][  0]LogConfig: Setting CVar [[p.chaos.AllowCreatePhysxBodies:1]]
[2025.04.15-20.49.58:125][  0]LogConfig: Setting CVar [[fx.SkipVectorVMBackendOptimizations:1]]
[2025.04.15-20.49.58:125][  0]LogConfig: Applying CVar settings from Section [ConsoleVariables] File [C:/Users/Playeroth/Documents/EscapeTheBackrooms--Mods/MainMod/Saved/Config/Windows/Engine.ini]
[2025.04.15-20.49.58:125][  0]LogConfig: Applying CVar settings from Section [ConsoleVariables] File [C:/Users/Playeroth/Documents/EscapeTheBackrooms--Mods/MainMod/Saved/Config/Windows/Editor.ini]
[2025.04.15-20.49.58:125][  0]LogInit: Computer: DESKTOP-PLAYER
[2025.04.15-20.49.58:125][  0]LogInit: User: Playeroth
[2025.04.15-20.49.58:125][  0]LogInit: CPU Page size=4096, Cores=6
[2025.04.15-20.49.58:125][  0]LogInit: High frequency timer resolution =10.000000 MHz
[2025.04.15-20.49.58:125][  0]LogMemory: Memory total: Physical=15.9GB (16GB approx)
[2025.04.15-20.49.58:125][  0]LogMemory: Platform Memory Stats for Windows
[2025.04.15-20.49.58:125][  0]LogMemory: Process Physical Memory: 144.00 MB used, 144.00 MB peak
[2025.04.15-20.49.58:125][  0]LogMemory: Process Virtual Memory: 127.94 MB used, 127.94 MB peak
[2025.04.15-20.49.58:125][  0]LogMemory: Physical Memory: 12072.90 MB used,  4182.95 MB free, 16255.85 MB total
[2025.04.15-20.49.58:125][  0]LogMemory: Virtual Memory: 134206704.00 MB used,  11020.25 MB free, 134217728.00 MB total
[2025.04.15-20.49.58:130][  0]LogWindows: WindowsPlatformFeatures enabled
[2025.04.15-20.49.58:167][  0]LogInit: Physics initialised using underlying interface: PhysX
[2025.04.15-20.49.58:168][  0]LogInit: Overriding language with editor language configuration option (en).
[2025.04.15-20.49.58:168][  0]LogInit: Overriding language with editor locale configuration option (en).
[2025.04.15-20.49.58:504][  0]LogInit: Setting process to per monitor DPI aware
[2025.04.15-20.49.58:513][  0]LogWindowsTextInputMethodSystem: Display: IME system deactivated.
[2025.04.15-20.49.58:527][  0]LogSlate: New Slate User Created.  User Index 0, Is Virtual User: 0
[2025.04.15-20.49.58:527][  0]LogSlate: Slate User Registered.  User Index 0, Is Virtual User: 0
[2025.04.15-20.49.58:753][  0]LogD3D11RHI: Loaded GFSDK_Aftermath_Lib.x64.dll
[2025.04.15-20.49.58:755][  0]LogHMD: Failed to initialize OpenVR with code 110
[2025.04.15-20.49.58:755][  0]LogD3D11RHI: D3D11 min allowed feature level: 11_0
[2025.04.15-20.49.58:755][  0]LogD3D11RHI: D3D11 max allowed feature level: 11_0
[2025.04.15-20.49.58:755][  0]LogD3D11RHI: D3D11 adapters:
[2025.04.15-20.49.58:808][  0]LogD3D11RHI:    0. 'AMD Radeon RX 580 2048SP' (Feature Level 11_0)
[2025.04.15-20.49.58:808][  0]LogD3D11RHI:       8170/0/8127 MB DedicatedVideo/DedicatedSystem/SharedSystem, Outputs:1, VendorId:0x1002
[2025.04.15-20.49.58:812][  0]LogD3D11RHI:    1. 'Microsoft Basic Render Driver' (Feature Level 11_0)
[2025.04.15-20.49.58:812][  0]LogD3D11RHI:       0/0/8127 MB DedicatedVideo/DedicatedSystem/SharedSystem, Outputs:0, VendorId:0x1414
[2025.04.15-20.49.58:812][  0]LogD3D11RHI: Chosen D3D11 Adapter:
[2025.04.15-20.49.58:812][  0]LogD3D11RHI:     Description : AMD Radeon RX 580 2048SP
[2025.04.15-20.49.58:812][  0]LogD3D11RHI:     VendorId    : 1002
[2025.04.15-20.49.58:812][  0]LogD3D11RHI:     DeviceId    : 6fdf
[2025.04.15-20.49.58:812][  0]LogD3D11RHI:     SubSysId    : b311002
[2025.04.15-20.49.58:812][  0]LogD3D11RHI:     Revision    : 00ef
[2025.04.15-20.49.58:812][  0]LogD3D11RHI:     DedicatedVideoMemory : 8567906304 bytes
[2025.04.15-20.49.58:812][  0]LogD3D11RHI:     DedicatedSystemMemory : 0 bytes
[2025.04.15-20.49.58:812][  0]LogD3D11RHI:     SharedSystemMemory : 8522747904 bytes
[2025.04.15-20.49.58:812][  0]LogD3D11RHI:     AdapterLuid : 0 60967
[2025.04.15-20.49.58:818][  0]LogD3D11RHI: Creating new Direct3DDevice
[2025.04.15-20.49.58:818][  0]LogD3D11RHI:     GPU DeviceId: 0x6fdf (for the marketing name, search the web for "GPU Device Id")
[2025.04.15-20.49.58:818][  0]LogWindows: EnumDisplayDevices:
[2025.04.15-20.49.58:818][  0]LogWindows:    0. 'AMD Radeon RX 580 2048SP' (P:1 D:1)
[2025.04.15-20.49.58:818][  0]LogWindows:    1. 'AMD Radeon RX 580 2048SP' (P:0 D:0)
[2025.04.15-20.49.58:819][  0]LogWindows:    2. 'AMD Radeon RX 580 2048SP' (P:0 D:0)
[2025.04.15-20.49.58:819][  0]LogWindows:    3. 'AMD Radeon RX 580 2048SP' (P:0 D:0)
[2025.04.15-20.49.58:819][  0]LogWindows:    4. 'AMD Radeon RX 580 2048SP' (P:0 D:0)
[2025.04.15-20.49.58:820][  0]LogWindows:    5. 'AMD Radeon RX 580 2048SP' (P:0 D:0)
[2025.04.15-20.49.58:820][  0]LogWindows:    6. 'AMD Radeon RX 580 2048SP' (P:0 D:0)
[2025.04.15-20.49.58:820][  0]LogWindows: DebugString: FoundDriverCount:7 
[2025.04.15-20.49.58:820][  0]LogD3D11RHI:     Adapter Name: AMD Radeon RX 580 2048SP
[2025.04.15-20.49.58:820][  0]LogD3D11RHI:   Driver Version: AMD Software: Adrenalin Edition 24.9.1 (internal:31.0.21921.1000, unified:31.0.21921.1000)
[2025.04.15-20.49.58:820][  0]LogD3D11RHI:      Driver Date: 8-19-2024
[2025.04.15-20.49.58:820][  0]LogRHI: Texture pool is 5182 MB (70% of 7402 MB)
[2025.04.15-20.49.58:852][  0]LogD3D11RHI: Creating D3DDevice with AMD AGS, using adapter:
[2025.04.15-20.49.58:852][  0]LogD3D11RHI:     Description : AMD Radeon RX 580 2048SP
[2025.04.15-20.49.58:852][  0]LogD3D11RHI:     VendorId    : 1002
[2025.04.15-20.49.58:852][  0]LogD3D11RHI:     DeviceId    : 6fdf
[2025.04.15-20.49.58:852][  0]LogD3D11RHI:     SubSysId    : b311002
[2025.04.15-20.49.58:852][  0]LogD3D11RHI:     Revision    : 00ef
[2025.04.15-20.49.58:852][  0]LogD3D11RHI:     DedicatedVideoMemory : 8567906304 bytes
[2025.04.15-20.49.58:852][  0]LogD3D11RHI:     DedicatedSystemMemory : 0 bytes
[2025.04.15-20.49.58:852][  0]LogD3D11RHI:     SharedSystemMemory : 8522747904 bytes
[2025.04.15-20.49.58:852][  0]LogD3D11RHI:     AdapterLuid : 0 60967
[2025.04.15-20.49.58:890][  0]LogD3D11RHI: Created device via AGS, feature level 11_0, supported extensions 1fffffbf.
[2025.04.15-20.49.58:890][  0]LogD3D11RHI: RHI has support for 64 bit atomics
[2025.04.15-20.49.58:890][  0]LogD3D11RHI: Async texture creation enabled
[2025.04.15-20.49.58:890][  0]LogD3D11RHI: Array index from any shader is supported
[2025.04.15-20.49.58:890][  0]LogD3D11RHI: HDR output is supported on display 0 (AMD Device: 0x0, Display: 0x0).
[2025.04.15-20.49.58:902][  0]LogD3D11RHI: GPU Timing Frequency: 25.000000 (Debug: 2 1)
[2025.04.15-20.49.59:240][  0]LogTargetPlatformManager: Display: Loaded TargetPlatform 'AllDesktop'
[2025.04.15-20.49.59:262][  0]LogTargetPlatformManager: Display: Loaded TargetPlatform 'Android'
[2025.04.15-20.49.59:262][  0]LogTargetPlatformManager: Display: Loaded TargetPlatform 'Android_ASTC'
[2025.04.15-20.49.59:262][  0]LogTargetPlatformManager: Display: Loaded TargetPlatform 'Android_DXT'
[2025.04.15-20.49.59:262][  0]LogTargetPlatformManager: Display: Loaded TargetPlatform 'Android_ETC2'
[2025.04.15-20.49.59:262][  0]LogTargetPlatformManager: Display: Loaded TargetPlatform 'AndroidClient'
[2025.04.15-20.49.59:262][  0]LogTargetPlatformManager: Display: Loaded TargetPlatform 'Android_ASTCClient'
[2025.04.15-20.49.59:262][  0]LogTargetPlatformManager: Display: Loaded TargetPlatform 'Android_DXTClient'
[2025.04.15-20.49.59:262][  0]LogTargetPlatformManager: Display: Loaded TargetPlatform 'Android_ETC2Client'
[2025.04.15-20.49.59:262][  0]LogTargetPlatformManager: Display: Loaded TargetPlatform 'Android_Multi'
[2025.04.15-20.49.59:262][  0]LogTargetPlatformManager: Display: Loaded TargetPlatform 'Android_MultiClient'
[2025.04.15-20.49.59:280][  0]LogTargetPlatformManager: Display: Loaded TargetPlatform 'IOSClient'
[2025.04.15-20.49.59:280][  0]LogTargetPlatformManager: Display: Loaded TargetPlatform 'IOS'
[2025.04.15-20.49.59:291][  0]LogTargetPlatformManager: Display: Loaded TargetPlatform 'Linux'
[2025.04.15-20.49.59:296][  0]LogTargetPlatformManager: Display: Loaded TargetPlatform 'LinuxNoEditor'
[2025.04.15-20.49.59:302][  0]LogTargetPlatformManager: Display: Loaded TargetPlatform 'LinuxClient'
[2025.04.15-20.49.59:307][  0]LogTargetPlatformManager: Display: Loaded TargetPlatform 'LinuxServer'
[2025.04.15-20.49.59:316][  0]LogTargetPlatformManager: Display: Loaded TargetPlatform 'LinuxAArch64NoEditor'
[2025.04.15-20.49.59:321][  0]LogTargetPlatformManager: Display: Loaded TargetPlatform 'LinuxAArch64Client'
[2025.04.15-20.49.59:327][  0]LogTargetPlatformManager: Display: Loaded TargetPlatform 'LinuxAArch64Server'
[2025.04.15-20.49.59:350][  0]LogTargetPlatformManager: Display: Loaded TargetPlatform 'Lumin'
[2025.04.15-20.49.59:350][  0]LogTargetPlatformManager: Display: Loaded TargetPlatform 'LuminClient'
[2025.04.15-20.49.59:358][  0]LogTargetPlatformManager: Display: Loaded TargetPlatform 'MacNoEditor'
[2025.04.15-20.49.59:363][  0]LogTargetPlatformManager: Display: Loaded TargetPlatform 'Mac'
[2025.04.15-20.49.59:368][  0]LogTargetPlatformManager: Display: Loaded TargetPlatform 'MacClient'
[2025.04.15-20.49.59:372][  0]LogTargetPlatformManager: Display: Loaded TargetPlatform 'MacServer'
[2025.04.15-20.49.59:383][  0]LogTargetPlatformManager: Display: Loaded TargetPlatform 'TVOSClient'
[2025.04.15-20.49.59:383][  0]LogTargetPlatformManager: Display: Loaded TargetPlatform 'TVOS'
[2025.04.15-20.49.59:391][  0]LogTargetPlatformManager: Display: Loaded TargetPlatform 'WindowsNoEditor'
[2025.04.15-20.49.59:396][  0]LogTargetPlatformManager: Display: Loaded TargetPlatform 'Windows'
[2025.04.15-20.49.59:401][  0]LogTargetPlatformManager: Display: Loaded TargetPlatform 'WindowsClient'
[2025.04.15-20.49.59:405][  0]LogTargetPlatformManager: Display: Loaded TargetPlatform 'WindowsServer'
[2025.04.15-20.49.59:405][  0]LogTargetPlatformManager: Display: Building Assets For Windows
[2025.04.15-20.49.59:415][  0]LogAudioDebug: Display: Lib vorbis DLL was dynamically loaded.
[2025.04.15-20.49.59:453][  0]LogTextureFormatOodle: Display: Oodle Texture 2.9.0 init RDO Off
[2025.04.15-20.49.59:494][  0]LogRendererCore: Ray tracing is disabled. Reason: r.RayTracing=0.
[2025.04.15-20.49.59:494][  0]LogShaderCompilers: Guid format shader working directory is -27 characters bigger than the processId version (../../../../../../Users/Playeroth/Documents/EscapeTheBackrooms--Mods/MainMod/Intermediate/Shaders/WorkingDirectory/17776/).
[2025.04.15-20.49.59:494][  0]LogShaderCompilers: Cleaned the shader compiler working directory 'C:/Users/Playeroth/AppData/Local/Temp/UnrealShaderWorkingDir/5B66C6194B817D1D0397B6840A71BFEE/'.
[2025.04.15-20.49.59:495][  0]LogXGEController: Cannot use XGE Controller as Incredibuild is not installed on this machine.
[2025.04.15-20.49.59:495][  0]LogShaderCompilers: Cannot use XGE Shader Compiler as Incredibuild is not installed on this machine.
[2025.04.15-20.49.59:495][  0]LogShaderCompilers: Display: Using Local Shader Compiler.
[2025.04.15-20.50.00:489][  0]LogDerivedDataCache: Display: Max Cache Size: 512 MB
[2025.04.15-20.50.00:605][  0]LogDerivedDataCache: Loaded boot cache 0.12s 94MB C:/Users/Playeroth/AppData/Local/UnrealEngine/4.27/DerivedDataCache/Boot.ddc.
[2025.04.15-20.50.00:605][  0]LogDerivedDataCache: Display: Loaded Boot cache: C:/Users/Playeroth/AppData/Local/UnrealEngine/4.27/DerivedDataCache/Boot.ddc
[2025.04.15-20.50.00:605][  0]LogDerivedDataCache: FDerivedDataBackendGraph:  Pak pak cache file ../../../../../../Users/Playeroth/Documents/EscapeTheBackrooms--Mods/MainMod/DerivedDataCache/DDC.ddp not found, will not use a pak cache.
[2025.04.15-20.50.00:605][  0]LogDerivedDataCache: Unable to find inner node Pak for hierarchical cache Hierarchy.
[2025.04.15-20.50.00:605][  0]LogDerivedDataCache: FDerivedDataBackendGraph:  CompressedPak pak cache file ../../../../../../Users/Playeroth/Documents/EscapeTheBackrooms--Mods/MainMod/DerivedDataCache/Compressed.ddp not found, will not use a pak cache.
[2025.04.15-20.50.00:605][  0]LogDerivedDataCache: Unable to find inner node CompressedPak for hierarchical cache Hierarchy.
[2025.04.15-20.50.00:624][  0]LogDerivedDataCache: Display: Pak cache opened for reading ../../../Engine/DerivedDataCache/Compressed.ddp.
[2025.04.15-20.50.00:624][  0]LogDerivedDataCache: FDerivedDataBackendGraph:  EnterprisePak pak cache file ../../../Enterprise/DerivedDataCache/Compressed.ddp not found, will not use a pak cache.
[2025.04.15-20.50.00:624][  0]LogDerivedDataCache: Unable to find inner node EnterprisePak for hierarchical cache Hierarchy.
[2025.04.15-20.50.00:637][  0]LogDerivedDataCache: Speed tests for C:/Users/Playeroth/AppData/Local/UnrealEngine/Common/DerivedDataCache took 0.01 seconds
[2025.04.15-20.50.00:637][  0]LogDerivedDataCache: Display: Performance to C:/Users/Playeroth/AppData/Local/UnrealEngine/Common/DerivedDataCache: Latency=0.04ms. RandomReadSpeed=151.16MBs, RandomWriteSpeed=168.25MBs. Assigned SpeedClass 'Local'
[2025.04.15-20.50.00:641][  0]LogDerivedDataCache: Using Local data cache path C:/Users/Playeroth/AppData/Local/UnrealEngine/Common/DerivedDataCache: Writable
[2025.04.15-20.50.00:641][  0]LogDerivedDataCache: Shared data cache path not found in *engine.ini, will not use an Shared cache.
[2025.04.15-20.50.00:641][  0]LogDerivedDataCache: Unable to find inner node Shared for hierarchical cache Hierarchy.
[2025.04.15-20.50.00:697][  0]LogSlate: Using FreeType 2.10.0
[2025.04.15-20.50.00:698][  0]LogSlate: SlateFontServices - WITH_FREETYPE: 1, WITH_HARFBUZZ: 1
[2025.04.15-20.50.00:724][  0]LogAssetRegistry: FAssetRegistry took 0.0026 seconds to start up
[2025.04.15-20.50.01:137][  0]LogCollisionProfile: Warning: ProfileRedirect (EntitiType : EntityType) - New Name ('EntityType') isn't found 
[2025.04.15-20.50.01:208][  0]LogInit: Selected Device Profile: [Windows]
[2025.04.15-20.50.01:208][  0]LogInit: Active device profile: [000001E53482EC00][000001E53F274700 49] Windows
[2025.04.15-20.50.01:208][  0]LogInit: Profiles: [000001E53482EC00][000001E53F274700 49] Windows, [000001E5347E1A00][000001E53F27C880 49] WindowsNoEditor, [000001E53482E000][000001E53F2789C0 49] WindowsServer, [000001E5347E2500][000001E540FB2B00 49] WindowsClient, [000001E53482DA00][000001E540FB6C40 49] IOS, [000001E5347E1300][000001E540FBAD80 49] iPadAir, [000001E53482EA00][000001E540FC2F00 49] iPadAir2, [000001E53477D300][000001E540FCB1C0 49] IPadPro, [000001E53477D400][000001E540FC7200 49] iPadAir3, [000001E5347E2300][000001E540FCF380 49] iPadAir4, [000001E53477E200][000001E540FD3500 49] iPadMini2, [000001E5347E0200][000001E540FD7680 49] iPadMini3, [000001E53477EE00][000001E540FDB800 49] iPadMini4, [000001E5347E2C00][000001E540FDF980 49] iPadMini5, [000001E534790B00][000001E540FE60C0 49] iPhone6, [000001E534790C00][000001E540FE2100 49] iPodTouch6, [000001E53482CA00][000001E540FEE3C0 49] iPhone7, [000001E53482F700][000001E540FEA400 49] iPodTouch7, [000001E53477FE00][000001E540FF2580 49] iPhone5S, [000001E53477C300][000001E540FF6700 49] iPhone6Plus, [000001E534793C00][000001E540FFA880 49] iPhone6S, [000001E53477CA00][000001E540FFEA00 49] iPhone6SPlus, [000001E534793100][000001E540FBEB40 49] iPhone7Plus, [000001E53477FD00][000001E541002C80 49] iPhoneSE, [000001E534790500][000001E541006DC0 49] iPhone8, [000001E53477E100][000001E54100AF00 49] iPhone8Plus, [000001E534790E00][000001E541013080 49] iPhoneX, [000001E53477F100][000001E541017200 49] iPhoneXS, [000001E534791800][000001E54101B380 49] iPhoneXSMax, [000001E53477F600][000001E54101F500 49] iPhoneXR, [000001E534792200][000001E541023680 49] iPhone11, [000001E53482D700][000001E541027800 49] iPhone11Pro, [000001E534793F00][000001E54102B980 49] iPhone11ProMax, [000001E53482DF00][000001E54102FB00 49] iPhoneSE2, [000001E534790100][000001E541032100 49] iPhone12Mini, [000001E53482C200][000001E541036280 49] iPhone12, [000001E534790800][000001E54103A400 49] iPhone12Pro, [000001E53482D000][000001E54103E580 49] iPhone12ProMax, [000001E534790D00][000001E541042700 49] iPadPro105, [000001E53482D200][000001E541046880 49] iPadPro129, [000001E534792A00][000001E54104AA00 49] iPadPro97, [000001E53482D600][000001E54104EB80 49] iPadPro2_129, [000001E534791700][000001E541052D00 49] iPad5, [000001E53482D300][000001E54100EE40 49] iPad6, [000001E534791C00][000001E541056F80 49] iPad7, [000001E53482CF00][000001E54105B0C0 49] iPad8, [000001E534791300][000001E541063240 49] iPadPro11, [000001E53482E800][000001E5410673C0 49] iPadPro2_11, [000001E534790F00][000001E54106B540 49] iPadPro3_129, [000001E53482E500][000001E54106F6C0 49] iPadPro4_129, [000001E534792E00][000001E541073840 49] AppleTV, [000001E53482F500][000001E5410779C0 49] AppleTV4K, [000001E534793000][000001E54107BB40 49] TVOS, [000001E53482CD00][000001E54107E140 49] Mac, [000001E534790900][000001E5410822C0 49] MacClient, [000001E53482F100][000001E541086440 49] MacNoEditor, [000001E534793A00][000001E54108A5C0 49] MacServer, [000001E53482F800][000001E54108E740 49] Linux, [000001E534792900][000001E5410928C0 49] LinuxAArch64, [000001E53482EE00][000001E541096A40 49] LinuxNoEditor, [000001E534791F00][000001E54109ABC0 49] LinuxAArch64NoEditor, [000001E53482F300][000001E54109ED40 49] LinuxClient, [000001E534790600][000001E5410A2EC0 49] LinuxAArch64Client, [000001E53482D900][000001E54105F000 49] LinuxServer, [000001E534791000][000001E5410A7140 49] LinuxAArch64Server, [000001E53482E600][000001E5410AB280 49] Android, [000001E534793E00][000001E5410AF3C0 49] Android_Low, [000001E53482C900][000001E5410B7540 49] Android_Mid, [000001E534791400][000001E5410BB6C0 49] Android_High, [000001E53482CB00][000001E5410BF840 49] Android_Default, [000001E534790300][000001E5410C39C0 49] Android_Adreno4xx, [000001E53482E900][000001E5410C7B40 49] Android_Adreno5xx_Low, [000001E534790400][000001E5410CA140 49] Android_Adreno5xx, [000001E53477C800][000001E5410CE2C0 49] Android_Adreno6xx, [000001E5347E3200][000001E5410D2440 49] Android_Adreno6xx_Vulkan, [000001E53477D500][000001E5410D65C0 49] Android_Mali_T6xx, [000001E5347E3300][000001E5410DA740 49] Android_Mali_T7xx, [000001E53477EC00][000001E5410DE8C0 49] Android_Mali_T8xx, [000001E5347E3B00][000001E5410E2A40 49] Android_Mali_G71, [000001E53477ED00][000001E5410E6BC0 49] Android_Mali_G72, [000001E5347E3C00][000001E5410EAD40 49] Android_Mali_G72_Vulkan, [000001E53477DF00][000001E5410EEEC0 49] Android_Mali_G76, [000001E5347E3A00][000001E5410F3040 49] Android_Mali_G76_Vulkan, [000001E53477EA00][000001E5410B3180 49] Android_Mali_G77, [000001E5347E2000][000001E5410F72C0 49] Android_Mali_G77_Vulkan, [000001E53477D700][000001E5410FB400 49] Android_Mali_G78, [000001E5347E2800][000001E5410FF540 49] Android_Mali_G78_Vulkan, [000001E53477F700][000001E5411076C0 49] Android_Mali_G710, [000001E5347E1400][000001E54110B840 49] Android_Mali_G710_Vulkan, [000001E53477FC00][000001E54110F9C0 49] Android_Vulkan_SM5, [000001E5347E1500][000001E541113B40 49] Android_PowerVR_G6xxx, [000001E53477C500][000001E541116140 49] Android_PowerVR_GT7xxx, [000001E5347E0F00][000001E54111A2C0 49] Android_PowerVR_GE8xxx, [000001E53477F300][000001E54111E440 49] Android_PowerVR_GM9xxx, [000001E5347E1C00][000001E5411225C0 49] Android_PowerVR_GM9xxx_Vulkan, [000001E53477F200][000001E541126740 49] Android_TegraK1, [000001E5347E0E00][000001E54112A8C0 49] Android_Unknown_Vulkan, [000001E53477C100][000001E54112EA40 49] Lumin, [000001E5347E2B00][000001E541132BC0 49] Lumin_Desktop, [000001E53477D800][000001E541136D40 49] HoloLens, 
[2025.04.15-20.50.01:435][  0]LogMeshReduction: Using QuadricMeshReduction for automatic static mesh reduction
[2025.04.15-20.50.01:435][  0]LogMeshReduction: Using SimplygonMeshReduction for automatic skeletal mesh reduction
[2025.04.15-20.50.01:435][  0]LogMeshReduction: Using ProxyLODMeshReduction for automatic mesh merging
[2025.04.15-20.50.01:435][  0]LogMeshReduction: No distributed automatic mesh merging module available
[2025.04.15-20.50.01:435][  0]LogMeshMerging: No distributed automatic mesh merging module available
[2025.04.15-20.50.01:484][  0]LogNetVersion: EscapeTheBackrooms 1.0.0, NetCL: 17155196, EngineNetVer: 17, GameNetVer: 0 (Checksum: 3701509013)
[2025.04.15-20.50.02:697][  0]LogTexture: Default maximum texture size for cubemaps generated from long-lat sources has been changed from 512 to unlimited. In order to preserve old behaiour for '/Engine/MapTemplates/Sky/DaylightAmbientCubemap.DaylightAmbientCubemap', its maximum texture size has been explicitly set to 512.
[2025.04.15-20.50.02:830][  0]LogHMD: PokeAHoleMaterial loaded successfully
[2025.04.15-20.50.02:835][  0]LogUObjectArray: 17178 objects as part of root set at end of initial load.
[2025.04.15-20.50.02:835][  0]LogUObjectAllocator: 4302048 out of 0 bytes used by permanent object pool.
[2025.04.15-20.50.02:835][  0]LogUObjectArray: CloseDisregardForGC: 0/0 objects in disregard for GC pool
[2025.04.15-20.50.03:449][  0]LogNiagaraDebuggerClient: Niagara Debugger Client Initialized | Session: AE25151840B6F54DA7C30D993FE8B627 | Instance: 37A0792747593A20231DD3B15E25408F (DESKTOP-PLAYER-17776).
[2025.04.15-20.50.03:490][  0]LogPython: Using Python 3.7.7
[2025.04.15-20.50.04:172][  0]LogTcpMessaging: Initializing TcpMessaging bridge
[2025.04.15-20.50.04:177][  0]LogUdpMessaging: Initializing bridge on interface 0.0.0.0:0 to multicast group 230.0.0.1:6666.
[2025.04.15-20.50.04:377][  0]SourceControl: Source control is disabled
[2025.04.15-20.50.04:377][  0]SourceControl: Source control is disabled
[2025.04.15-20.50.04:382][  0]SourceControl: Source control is disabled
[2025.04.15-20.50.04:388][  0]SourceControl: Source control is disabled
[2025.04.15-20.50.04:403][  0]LogUProjectInfo: Found projects:
[2025.04.15-20.50.04:435][  0]SourceControl: Source control is disabled
[2025.04.15-20.50.04:768][  0]LogOpenImageDenoise: OIDN starting up
[2025.04.15-20.50.04:817][  0]LogAndroidPermission: UAndroidPermissionCallbackProxy::GetInstance
[2025.04.15-20.50.04:842][  0]LogAudioCaptureCore: Display: No Audio Capture implementations found. Audio input will be silent.
[2025.04.15-20.50.04:842][  0]LogAudioCaptureCore: Display: No Audio Capture implementations found. Audio input will be silent.
[2025.04.15-20.50.04:987][  0]LogCollectionManager: Loaded 0 collections in 0.001446 seconds
[2025.04.15-20.50.05:014][  0]LogFileCache: Scanning file cache for directory 'C:/Users/Playeroth/Documents/EscapeTheBackrooms--Mods/MainMod/Saved/Collections/' took 0.00s
[2025.04.15-20.50.05:014][  0]LogFileCache: Scanning file cache for directory 'C:/Users/Playeroth/Documents/EscapeTheBackrooms--Mods/MainMod/Content/Developers/Playeroth/Collections/' took 0.00s
[2025.04.15-20.50.05:014][  0]LogFileCache: Scanning file cache for directory 'C:/Users/Playeroth/Documents/EscapeTheBackrooms--Mods/MainMod/Content/Collections/' took 0.00s
[2025.04.15-20.50.05:014][  0]LogOcInput: OculusInput pre-init called
[2025.04.15-20.50.05:239][  0]LogEngine: Initializing Engine...
[2025.04.15-20.50.05:242][  0]LogHMD: Failed to enumerate extensions. Please check that you have a valid OpenXR runtime installed.
[2025.04.15-20.50.05:242][  0]LogHMD: Failed to initialize OpenVR with code 110
[2025.04.15-20.50.05:242][  0]LogMagicLeap: Warning: VR disabled because ZI is not enabled.  To enable, in the editor, Edit -> Project Settings -> Plugins -> Magic Leap Plugin -> Enable Zero Iteration
[2025.04.15-20.50.05:243][  0]LogStats: UGameplayTagsManager::InitializeManager -  0.000 s
[2025.04.15-20.50.05:403][  0]LogInit: Initializing FReadOnlyCVARCache
[2025.04.15-20.50.05:411][  0]LogAIModule: Creating AISystem for world Untitled
[2025.04.15-20.50.05:415][  0]LogAudio: Display: Initializing Audio Device Manager...
[2025.04.15-20.50.05:419][  0]LogAudio: Display: Loading Default Audio Settings Objects...
[2025.04.15-20.50.05:420][  0]LogAudio: Display: No default SoundConcurrencyObject specified (or failed to load).
[2025.04.15-20.50.05:420][  0]LogAudio: Display: Audio Device Manager Initialized
[2025.04.15-20.50.05:420][  0]LogAudio: Display: Creating Audio Device:                 Id: 1, Scope: Shared, Realtime: True
[2025.04.15-20.50.05:420][  0]LogAudioMixer: Display: Audio Mixer Platform Settings:
[2025.04.15-20.50.05:421][  0]LogAudioMixer: Display: 	Sample Rate:						  48000
[2025.04.15-20.50.05:421][  0]LogAudioMixer: Display: 	Callback Buffer Frame Size Requested: 1024
[2025.04.15-20.50.05:421][  0]LogAudioMixer: Display: 	Callback Buffer Frame Size To Use:	  1024
[2025.04.15-20.50.05:421][  0]LogAudioMixer: Display: 	Number of buffers to queue:			  2
[2025.04.15-20.50.05:421][  0]LogAudioMixer: Display: 	Max Channels (voices):				  32
[2025.04.15-20.50.05:421][  0]LogAudioMixer: Display: 	Number of Async Source Workers:		  0
[2025.04.15-20.50.05:421][  0]LogAudio: Display: AudioDevice MaxSources: 32
[2025.04.15-20.50.05:421][  0]LogAudio: Display: Audio Spatialization Plugin: None (built-in).
[2025.04.15-20.50.05:421][  0]LogAudio: Display: Audio Reverb Plugin: None (built-in).
[2025.04.15-20.50.05:421][  0]LogAudio: Display: Audio Occlusion Plugin: None (built-in).
[2025.04.15-20.50.05:421][  0]LogAudioMixer: Display: Initializing audio mixer.
[2025.04.15-20.50.05:434][  0]LogAudioMixer: Display: 0: FrontLeft
[2025.04.15-20.50.05:434][  0]LogAudioMixer: Display: 1: FrontRight
[2025.04.15-20.50.05:455][  0]LogAudioMixer: Display: Using Audio Device Alto-falantes (Realtek High Definition Audio)
[2025.04.15-20.50.05:457][  0]LogAudioMixer: Display: Initializing Sound Submixes...
[2025.04.15-20.50.05:460][  0]LogAudioMixer: Display: Creating Master Submix 'MasterSubmixDefault'
[2025.04.15-20.50.05:460][  0]LogAudioMixer: Display: Creating Master Submix 'MasterReverbSubmixDefault'
[2025.04.15-20.50.05:460][  0]LogAudioMixer: Display: Creating Master Submix 'MasterEQSubmixDefault'
[2025.04.15-20.50.05:460][  0]LogAudioMixer: FMixerPlatformXAudio2::StartAudioStream() called
[2025.04.15-20.50.05:460][  0]LogAudioMixer: Display: Output buffers initialized: Frames=1024, Channels=2, Samples=2048
[2025.04.15-20.50.05:461][  0]LogAudioMixer: Display: Starting AudioMixerPlatformInterface::RunInternal()
[2025.04.15-20.50.05:461][  0]LogAudioMixer: Display: FMixerPlatformXAudio2::SubmitBuffer() called for the first time
[2025.04.15-20.50.05:461][  0]LogInit: FAudioDevice initialized.
[2025.04.15-20.50.05:461][  0]LogAudio: Display: Audio Device (ID: 1) registered with world 'Untitled'.
[2025.04.15-20.50.05:462][  0]LogNetVersion: Set ProjectVersion to 1.0.0.0. Version Checksum will be recalculated on next use.
[2025.04.15-20.50.05:507][  0]LogDerivedDataCache: Saved boot cache 0.05s 94MB C:/Users/Playeroth/AppData/Local/UnrealEngine/4.27/DerivedDataCache/Boot.ddc.
[2025.04.15-20.50.05:508][  0]LogInit: Texture streaming: Enabled
[2025.04.15-20.50.05:522][  0]LogAnalytics: Display: [UEEditor.Rocket.Release] APIServer = https://datarouter.ol.epicgames.com/. AppVersion = 4.27.2-18319896+++UE4+Release-4.27
[2025.04.15-20.50.05:527][  0]LogEngineSessionManager: EngineSessionManager initialized
[2025.04.15-20.50.05:527][  0]LogEditorSessionSummary: Verbose: Initializing EditorSessionSummaryWriter for editor session tracking
[2025.04.15-20.50.05:529][  0]LogEditorSessionSummary: EditorSessionSummaryWriter initialized
[2025.04.15-20.50.05:556][  0]LogInit: Transaction tracking system initialized
[2025.04.15-20.50.05:585][  0]BlueprintLog: New page: Editor Load
[2025.04.15-20.50.05:665][  0]LocalizationService: Localization service is disabled
[2025.04.15-20.50.05:701][  0]TimingProfiler: Initialize
[2025.04.15-20.50.05:701][  0]TimingProfiler: OnSessionChanged
[2025.04.15-20.50.05:701][  0]LoadingProfiler: Initialize
[2025.04.15-20.50.05:701][  0]LoadingProfiler: OnSessionChanged
[2025.04.15-20.50.05:701][  0]NetworkingProfiler: Initialize
[2025.04.15-20.50.05:701][  0]NetworkingProfiler: OnSessionChanged
[2025.04.15-20.50.05:701][  0]MemoryProfiler: Initialize
[2025.04.15-20.50.05:701][  0]MemoryProfiler: OnSessionChanged
[2025.04.15-20.50.05:864][  0]LogCook: Display: CookSettings for Memory: MemoryMaxUsedVirtual 0MiB, MemoryMaxUsedPhysical 16384MiB, MemoryMinFreeVirtual 0MiB, MemoryMinFreePhysical 1024MiB
[2025.04.15-20.50.05:864][  0]LogCook: Display: Mobile HDR setting 1
[2025.04.15-20.50.06:116][  0]LogFileCache: Scanning file cache for directory 'C:/Users/Playeroth/Documents/EscapeTheBackrooms--Mods/MainMod/Content/' took 0.08s
[2025.04.15-20.50.06:296][  0]LogInit: Display: Engine is initialized. Leaving FEngineLoop::Init()
[2025.04.15-20.50.06:300][  0]SourceControl: Source control is disabled
[2025.04.15-20.50.06:300][  0]LogUnrealEdMisc: Loading editor; pre map load, took 9.609
[2025.04.15-20.50.06:301][  0]Cmd: MAP LOAD FILE="../../../Engine/Content/Maps/Templates/Template_Default.umap" TEMPLATE=1 SHOWPROGRESS=1 FEATURELEVEL=3
[2025.04.15-20.50.06:302][  0]LightingResults: New page: Lighting Build
[2025.04.15-20.50.06:303][  0]LogWorld: UWorld::CleanupWorld for Untitled, bSessionEnded=true, bCleanupResources=true
[2025.04.15-20.50.06:303][  0]LogSlate: InvalidateAllWidgets triggered.  All widgets were invalidated
[2025.04.15-20.50.06:304][  0]MapCheck: New page: Map Check
[2025.04.15-20.50.06:304][  0]LightingResults: New page: Lighting Build
[2025.04.15-20.50.06:310][  0]LogAudio: Display: Audio Device unregistered from world 'None'.
[2025.04.15-20.50.06:314][  0]LogUObjectHash: Compacting FUObjectHashTables data took   1.07ms
[2025.04.15-20.50.06:399][  0]LogTexture: Display: Building textures: DeprecatedTextureEB9CBE3C423008B5E8E130901E171C89 (BGRA8, 128X128)
[2025.04.15-20.50.06:411][  0]LogAudio: Display: Audio Device (ID: 1) registered with world 'Untitled_1'.
[2025.04.15-20.50.06:412][  0]LogAIModule: Creating AISystem for world Untitled_1
[2025.04.15-20.50.06:416][  0]LogEditorServer: Finished looking for orphan Actors (0.000 secs)
[2025.04.15-20.50.06:424][  0]LogUObjectHash: Compacting FUObjectHashTables data took   0.86ms
[2025.04.15-20.50.06:424][  0]Cmd: MAP CHECKDEP NOCLEARLOG
[2025.04.15-20.50.06:424][  0]MapCheck: Map check complete: 0 Error(s), 0 Warning(s), took 0.178ms to complete.
[2025.04.15-20.50.06:424][  0]LogFileHelpers: Loading map 'Template_Default' took 0.123
[2025.04.15-20.50.06:426][  0]LogUnrealEdMisc: Total Editor Startup Time, took 9.734
[2025.04.15-20.50.06:529][  0]LogSlate: Updating window title bar state: overlay mode, drag disabled, window buttons hidden, title bar hidden
[2025.04.15-20.50.06:539][  0]LogSlate: Updating window title bar state: overlay mode, drag disabled, window buttons hidden, title bar hidden
[2025.04.15-20.50.06:546][  0]LogSlate: Updating window title bar state: overlay mode, drag disabled, window buttons hidden, title bar hidden
[2025.04.15-20.50.06:555][  0]LogSlate: Updating window title bar state: overlay mode, drag disabled, window buttons hidden, title bar hidden
[2025.04.15-20.50.06:569][  0]LogNativeClassHierarchy: Verbose: Native class hierarchy populated in 0.0100 seconds. Added 3822 classes and 928 folders.
[2025.04.15-20.50.06:576][  0]LogNativeClassHierarchy: Verbose: Native class hierarchy updated for 'WidgetCarousel' in 0.0003 seconds. Added 0 classes and 0 folders.
[2025.04.15-20.50.06:579][  0]LogNativeClassHierarchy: Verbose: Native class hierarchy updated for 'AddContentDialog' in 0.0004 seconds. Added 0 classes and 0 folders.
[2025.04.15-20.50.06:580][  0]LogNativeClassHierarchy: Verbose: Native class hierarchy updated for 'SceneOutliner' in 0.0003 seconds. Added 2 classes and 0 folders.
[2025.04.15-20.50.06:602][  0]LogSlate: Took 0.000896 seconds to synchronously load lazily loaded font '../../../Engine/Content/Slate/Fonts/Roboto-Regular.ttf' (155K)
[2025.04.15-20.50.06:604][  0]LogSlate: Took 0.000737 seconds to synchronously load lazily loaded font '../../../Engine/Content/Editor/Slate/Fonts/FontAwesome.ttf' (139K)
[2025.04.15-20.50.06:605][  0]LogSlate: Took 0.000833 seconds to synchronously load lazily loaded font '../../../Engine/Content/Slate/Fonts/Roboto-Bold.ttf' (160K)
[2025.04.15-20.50.06:706][  0]LogRenderer: Reallocating scene render targets to support 1208x560 Format 10 NumSamples 1 (Frame:1).
[2025.04.15-20.50.06:814][  0]LogNativeClassHierarchy: Verbose: Native class hierarchy updated for 'HierarchicalLODOutliner' in 0.0004 seconds. Added 0 classes and 0 folders.
[2025.04.15-20.50.06:814][  0]LogLoad: (Engine Initialization) Total time: 10.12 seconds
[2025.04.15-20.50.06:814][  0]LogLoad: (Engine Initialization) Total Blueprint compile time: 0.00 seconds
[2025.04.15-20.50.06:878][  0]LogContentStreaming: Texture pool size now 1000 MB
[2025.04.15-20.50.06:930][  1]LogAssetRegistry: Asset discovery search completed in 6.2075 seconds
[2025.04.15-20.50.06:938][  1]LogCollectionManager: Fixed up redirectors for 0 collections in 0.000003 seconds (updated 0 objects)
[2025.04.15-20.50.07:574][  3]LogSlate: Took 0.000802 seconds to synchronously load lazily loaded font '../../../Engine/Content/Slate/Fonts/Roboto-Light.ttf' (167K)
[2025.04.15-20.50.24:235][741]LogSlate: Window 'Color Picker' being destroyed
[2025.04.15-20.50.25:003][831]LogUObjectHash: Compacting FUObjectHashTables data took   0.66ms
[2025.04.15-20.50.25:045][831]LogSlate: Window 'EscapeTheBackrooms - Unreal Editor' being destroyed
[2025.04.15-20.50.25:148][832]Cmd: QUIT_EDITOR
[2025.04.15-20.50.25:148][832]LogCore: Engine exit requested (reason: UUnrealEdEngine::CloseEditor())
[2025.04.15-20.50.25:151][832]LogCore: Engine exit requested (reason: EngineExit() was called; note: exit was already requested)
[2025.04.15-20.50.25:158][832]LogAudio: Display: Beginning Audio Device Manager Shutdown (Module: AudioMixerXAudio2)...
[2025.04.15-20.50.25:158][832]LogAudio: Display: Destroying 1 Remaining Audio Device(s)...
[2025.04.15-20.50.25:158][832]LogAudio: Display: Audio Device unregistered from world 'Untitled_1'.
[2025.04.15-20.50.25:159][832]LogAudioMixer: FMixerPlatformXAudio2::StopAudioStream() called
[2025.04.15-20.50.25:160][832]LogAudioMixer: FMixerPlatformXAudio2::StopAudioStream() called
[2025.04.15-20.50.25:164][832]LogAudio: Display: Audio Device Manager Shutdown
[2025.04.15-20.50.25:170][832]LogWindowsTextInputMethodSystem: Display: IME system deactivated.
[2025.04.15-20.50.25:173][832]LogExit: Preparing to exit.
[2025.04.15-20.50.25:200][832]LogUObjectHash: Compacting FUObjectHashTables data took   0.70ms
[2025.04.15-20.50.25:359][832]LogDemo: Cleaned up 0 splitscreen connections with owner deletion
[2025.04.15-20.50.25:372][832]LogWorld: UWorld::CleanupWorld for None, bSessionEnded=true, bCleanupResources=true
[2025.04.15-20.50.25:373][832]LogExit: Editor shut down
[2025.04.15-20.50.25:373][832]LogExit: Transaction tracking system shut down
[2025.04.15-20.50.25:659][832]LogExit: Object subsystem successfully closed.
[2025.04.15-20.50.25:676][832]LogShaderCompilers: Display: === FShaderJobCache stats ===
[2025.04.15-20.50.25:676][832]LogShaderCompilers: Display: Total job queries 0, among them cache hits 0 (0.00%)
[2025.04.15-20.50.25:676][832]LogShaderCompilers: Display: Tracking 0 distinct input hashes that result in 0 distinct outputs (0.00%)
[2025.04.15-20.50.25:676][832]LogShaderCompilers: Display: RAM used: 0.00 MB (0.00 GB) of 819.20 MB (0.80 GB) budget. Usage: 0.00%
[2025.04.15-20.50.25:676][832]LogShaderCompilers: Display: ================================================
[2025.04.15-20.50.25:694][832]LogShaderCompilers: Display: Shaders left to compile 0
[2025.04.15-20.50.25:730][832]LogModuleManager: Shutting down and abandoning module HierarchicalLODOutliner (870)
[2025.04.15-20.50.25:730][832]LogModuleManager: Shutting down and abandoning module SceneOutliner (868)
[2025.04.15-20.50.25:731][832]LogModuleManager: Shutting down and abandoning module AddContentDialog (866)
[2025.04.15-20.50.25:732][832]LogModuleManager: Shutting down and abandoning module WidgetCarousel (865)
[2025.04.15-20.50.25:732][832]LogModuleManager: Shutting down and abandoning module EditorWidgets (862)
[2025.04.15-20.50.25:732][832]LogModuleManager: Shutting down and abandoning module StatsViewer (860)
[2025.04.15-20.50.25:732][832]LogModuleManager: Shutting down and abandoning module PIEPreviewDeviceProfileSelector (858)
[2025.04.15-20.50.25:733][832]LogModuleManager: Shutting down and abandoning module SequenceRecorderSections (856)
[2025.04.15-20.50.25:733][832]LogModuleManager: Shutting down and abandoning module AutomationWorker (854)
[2025.04.15-20.50.25:733][832]LogModuleManager: Shutting down and abandoning module SteamVREditor (852)
[2025.04.15-20.50.25:733][832]LogModuleManager: Shutting down and abandoning module OculusMR (850)
[2025.04.15-20.50.25:733][832]LogModuleManager: Shutting down and abandoning module TakeRecorderSources (848)
[2025.04.15-20.50.25:733][832]LogModuleManager: Shutting down and abandoning module TakeRecorder (847)
[2025.04.15-20.50.25:734][832]LogModuleManager: Shutting down and abandoning module TakeTrackRecorders (844)
[2025.04.15-20.50.25:734][832]LogModuleManager: Shutting down and abandoning module TakesCore (842)
[2025.04.15-20.50.25:734][832]LogModuleManager: Shutting down and abandoning module OpenXRInput (840)
[2025.04.15-20.50.25:734][832]LogModuleManager: Shutting down and abandoning module GooglePADEditor (838)
[2025.04.15-20.50.25:734][832]LogModuleManager: Shutting down and abandoning module AudioCaptureEditor (836)
[2025.04.15-20.50.25:734][832]LogModuleManager: Shutting down and abandoning module TemplateSequenceEditor (834)
[2025.04.15-20.50.25:735][832]LogModuleManager: Shutting down and abandoning module LevelSequenceEditor (832)
[2025.04.15-20.50.25:735][832]LogModuleManager: Shutting down and abandoning module MatineeToLevelSequence (830)
[2025.04.15-20.50.25:735][832]LogModuleManager: Shutting down and abandoning module ActorSequenceEditor (828)
[2025.04.15-20.50.25:735][832]LogModuleManager: Shutting down and abandoning module WmfMediaFactory (826)
[2025.04.15-20.50.25:735][832]LogModuleManager: Shutting down and abandoning module WmfMediaEditor (824)
[2025.04.15-20.50.25:735][832]LogModuleManager: Shutting down and abandoning module WebMMediaFactory (822)
[2025.04.15-20.50.25:735][832]LogModuleManager: Shutting down and abandoning module WebMMediaEditor (820)
[2025.04.15-20.50.25:735][832]LogModuleManager: Shutting down and abandoning module WebMMedia (818)
[2025.04.15-20.50.25:735][832]LogModuleManager: Shutting down and abandoning module MediaPlayerEditor (816)
[2025.04.15-20.50.25:735][832]LogModuleManager: Shutting down and abandoning module MediaCompositingEditor (814)
[2025.04.15-20.50.25:736][832]LogModuleManager: Shutting down and abandoning module SequenceRecorder (813)
[2025.04.15-20.50.25:736][832]LogModuleManager: Shutting down and abandoning module OpenExrWrapper (810)
[2025.04.15-20.50.25:736][832]LogModuleManager: Shutting down and abandoning module ImgMediaFactory (808)
[2025.04.15-20.50.25:736][832]LogModuleManager: Shutting down and abandoning module ImgMediaEditor (806)
[2025.04.15-20.50.25:736][832]LogModuleManager: Shutting down and abandoning module AvfMediaFactory (804)
[2025.04.15-20.50.25:736][832]LogModuleManager: Shutting down and abandoning module AvfMediaEditor (802)
[2025.04.15-20.50.25:736][832]LogModuleManager: Shutting down and abandoning module AndroidMediaFactory (800)
[2025.04.15-20.50.25:736][832]LogModuleManager: Shutting down and abandoning module AndroidMediaEditor (798)
[2025.04.15-20.50.25:736][832]LogModuleManager: Shutting down and abandoning module MagicLeapMediaCodecFactory (796)
[2025.04.15-20.50.25:736][832]LogModuleManager: Shutting down and abandoning module MagicLeapMediaFactory (794)
[2025.04.15-20.50.25:736][832]LogModuleManager: Shutting down and abandoning module MagicLeapMediaEditor (792)
[2025.04.15-20.50.25:736][832]LogModuleManager: Shutting down and abandoning module PlanarCut (790)
[2025.04.15-20.50.25:736][832]LogModuleManager: Shutting down and abandoning module CharacterAI (788)
[2025.04.15-20.50.25:736][832]LogModuleManager: Shutting down and abandoning module TextureAlignMode (786)
[2025.04.15-20.50.25:736][832]LogModuleManager: Shutting down and abandoning module BspMode (784)
[2025.04.15-20.50.25:736][832]LogModuleManager: Shutting down and abandoning module GeometryMode (782)
[2025.04.15-20.50.25:736][832]LogModuleManager: Shutting down and abandoning module CameraShakePreviewer (780)
[2025.04.15-20.50.25:736][832]LogModuleManager: Shutting down and abandoning module SmartSnapping (778)
[2025.04.15-20.50.25:736][832]LogModuleManager: Shutting down and abandoning module SessionServices (776)
[2025.04.15-20.50.25:736][832]LogModuleManager: Shutting down and abandoning module MeshPaint (774)
[2025.04.15-20.50.25:736][832]LogModuleManager: Shutting down and abandoning module VirtualTexturingEditor (772)
[2025.04.15-20.50.25:736][832]LogModuleManager: Shutting down and abandoning module FoliageEdit (770)
[2025.04.15-20.50.25:736][832]LogModuleManager: Shutting down and abandoning module LandscapeEditor (768)
[2025.04.15-20.50.25:736][832]LogModuleManager: Shutting down and abandoning module MeshPaintMode (766)
[2025.04.15-20.50.25:736][832]LogModuleManager: Shutting down and abandoning module SceneDepthPickerMode (764)
[2025.04.15-20.50.25:736][832]LogModuleManager: Shutting down and abandoning module ActorPickerMode (762)
[2025.04.15-20.50.25:736][832]LogModuleManager: Shutting down and abandoning module PlacementMode (760)
[2025.04.15-20.50.25:737][832]LogModuleManager: Shutting down and abandoning module ViewportSnapping (758)
[2025.04.15-20.50.25:737][832]LogModuleManager: Shutting down and abandoning module ViewportInteraction (756)
[2025.04.15-20.50.25:737][832]LogModuleManager: Shutting down and abandoning module ClothPainter (754)
[2025.04.15-20.50.25:737][832]LogModuleManager: Shutting down and abandoning module SkeletalMeshEditor (753)
[2025.04.15-20.50.25:737][832]LogModuleManager: Shutting down and abandoning module LogVisualizer (750)
[2025.04.15-20.50.25:737][832]LogModuleManager: Shutting down and abandoning module IntroTutorials (748)
[2025.04.15-20.50.25:737][832]LogModuleManager: Shutting down and abandoning module GameProjectGeneration (747)
[2025.04.15-20.50.25:738][832]LogModuleManager: Shutting down and abandoning module LuminPlatformEditor (744)
[2025.04.15-20.50.25:738][832]LogModuleManager: Shutting down and abandoning module IOSPlatformEditor (742)
[2025.04.15-20.50.25:738][832]LogModuleManager: Shutting down and abandoning module AndroidPlatformEditor (740)
[2025.04.15-20.50.25:738][832]LogModuleManager: Shutting down and abandoning module AndroidDeviceDetection (739)
[2025.04.15-20.50.26:750][832]LogModuleManager: Shutting down and abandoning module WindowsPlatformEditor (736)
[2025.04.15-20.50.26:750][832]LogModuleManager: Shutting down and abandoning module LuminRuntimeSettings (734)
[2025.04.15-20.50.26:750][832]LogModuleManager: Shutting down and abandoning module IOSRuntimeSettings (732)
[2025.04.15-20.50.26:750][832]LogModuleManager: Shutting down and abandoning module AndroidRuntimeSettings (730)
[2025.04.15-20.50.26:750][832]LogModuleManager: Shutting down and abandoning module TraceInsights (728)
[2025.04.15-20.50.26:750][832]MemoryProfiler: Shutdown
[2025.04.15-20.50.26:750][832]NetworkingProfiler: Shutdown
[2025.04.15-20.50.26:751][832]LoadingProfiler: Shutdown
[2025.04.15-20.50.26:751][832]TimingProfiler: Shutdown
[2025.04.15-20.50.26:751][832]LogModuleManager: Shutting down and abandoning module TraceServices (727)
[2025.04.15-20.50.26:751][832]LogModuleManager: Shutting down and abandoning module EditorInteractiveToolsFramework (724)
[2025.04.15-20.50.26:751][832]LogModuleManager: Shutting down and abandoning module TimeManagementEditor (722)
[2025.04.15-20.50.26:751][832]LogModuleManager: Shutting down and abandoning module InputBindingEditor (720)
[2025.04.15-20.50.26:751][832]LogModuleManager: Shutting down and abandoning module MergeActors (718)
[2025.04.15-20.50.26:751][832]LogModuleManager: Shutting down and abandoning module LocalizationDashboard (716)
[2025.04.15-20.50.26:751][832]LogModuleManager: Shutting down and abandoning module LocalizationService (715)
[2025.04.15-20.50.26:751][832]LogModuleManager: Shutting down and abandoning module HardwareTargeting (712)
[2025.04.15-20.50.26:751][832]LogModuleManager: Shutting down and abandoning module DeviceProfileEditor (710)
[2025.04.15-20.50.26:751][832]LogModuleManager: Shutting down and abandoning module UndoHistory (708)
[2025.04.15-20.50.26:751][832]LogModuleManager: Shutting down and abandoning module XmlParser (706)
[2025.04.15-20.50.26:751][832]LogModuleManager: Shutting down and abandoning module Blutility (704)
[2025.04.15-20.50.26:751][832]LogModuleManager: Shutting down and abandoning module ProjectSettingsViewer (702)
[2025.04.15-20.50.26:751][832]LogModuleManager: Shutting down and abandoning module ProjectTargetPlatformEditor (701)
[2025.04.15-20.50.26:751][832]LogModuleManager: Shutting down and abandoning module EditorSettingsViewer (698)
[2025.04.15-20.50.26:751][832]LogModuleManager: Shutting down and abandoning module InternationalizationSettings (697)
[2025.04.15-20.50.26:751][832]LogModuleManager: Shutting down and abandoning module SettingsEditor (694)
[2025.04.15-20.50.26:751][832]LogModuleManager: Shutting down and abandoning module ProjectLauncher (692)
[2025.04.15-20.50.26:751][832]LogModuleManager: Shutting down and abandoning module SessionFrontend (690)
[2025.04.15-20.50.26:751][832]LogModuleManager: Shutting down and abandoning module ProfilerClient (688)
[2025.04.15-20.50.26:751][832]LogModuleManager: Shutting down and abandoning module DeviceManager (686)
[2025.04.15-20.50.26:751][832]LogModuleManager: Shutting down and abandoning module TargetDeviceServices (685)
[2025.04.15-20.50.26:784][832]LogModuleManager: Shutting down and abandoning module AutomationController (682)
[2025.04.15-20.50.26:784][832]LogModuleManager: Shutting down and abandoning module AutomationWindow (680)
[2025.04.15-20.50.26:784][832]LogModuleManager: Shutting down and abandoning module Layers (678)
[2025.04.15-20.50.26:784][832]LogModuleManager: Shutting down and abandoning module ComponentVisualizers (676)
[2025.04.15-20.50.26:784][832]LogModuleManager: Shutting down and abandoning module DetailCustomizations (674)
[2025.04.15-20.50.26:784][832]LogModuleManager: Shutting down and abandoning module PackagesDialog (672)
[2025.04.15-20.50.26:784][832]LogModuleManager: Shutting down and abandoning module AnimationBlueprintEditor (670)
[2025.04.15-20.50.26:784][832]LogModuleManager: Shutting down and abandoning module Persona (668)
[2025.04.15-20.50.26:784][832]LogModuleManager: Shutting down and abandoning module AdvancedPreviewScene (667)
[2025.04.15-20.50.26:784][832]LogModuleManager: Shutting down and abandoning module AnimGraph (665)
[2025.04.15-20.50.26:785][832]LogModuleManager: Shutting down and abandoning module Kismet (662)
[2025.04.15-20.50.26:787][832]LogModuleManager: Shutting down and abandoning module KismetWidgets (661)
[2025.04.15-20.50.26:787][832]LogModuleManager: Shutting down and abandoning module GraphEditor (658)
[2025.04.15-20.50.26:789][832]LogModuleManager: Shutting down and abandoning module StructViewer (656)
[2025.04.15-20.50.26:789][832]LogModuleManager: Shutting down and abandoning module ClassViewer (654)
[2025.04.15-20.50.26:789][832]LogModuleManager: Shutting down and abandoning module Toolbox (652)
[2025.04.15-20.50.26:789][832]LogModuleManager: Shutting down and abandoning module ModuleUI (650)
[2025.04.15-20.50.26:789][832]LogModuleManager: Shutting down and abandoning module OutputLog (648)
[2025.04.15-20.50.26:789][832]LogModuleManager: Shutting down and abandoning module GammaUI (646)
[2025.04.15-20.50.26:789][832]LogModuleManager: Shutting down and abandoning module Documentation (644)
[2025.04.15-20.50.26:789][832]LogModuleManager: Shutting down and abandoning module LiveCoding (642)
[2025.04.15-20.50.26:789][832]LogModuleManager: Shutting down and abandoning module LevelSequence (640)
[2025.04.15-20.50.26:789][832]LogModuleManager: Shutting down and abandoning module MovieSceneTracks (638)
[2025.04.15-20.50.26:789][832]LogModuleManager: Shutting down and abandoning module MovieScene (636)
[2025.04.15-20.50.26:790][832]LogModuleManager: Shutting down and abandoning module StreamingPauseRendering (634)
[2025.04.15-20.50.26:790][832]LogModuleManager: Shutting down and abandoning module LauncherPlatform (632)
[2025.04.15-20.50.26:790][832]LogModuleManager: Shutting down and abandoning module AnalyticsET (630)
[2025.04.15-20.50.26:790][832]LogModuleManager: Shutting down and abandoning module PortalServices (628)
[2025.04.15-20.50.26:790][832]LogModuleManager: Shutting down and abandoning module PortalRpc (626)
[2025.04.15-20.50.26:790][832]LogModuleManager: Shutting down and abandoning module MessagingRpc (624)
[2025.04.15-20.50.26:790][832]LogModuleManager: Shutting down and abandoning module AudioMixerXAudio2 (622)
[2025.04.15-20.50.26:790][832]LogModuleManager: Shutting down and abandoning module AudioMixerCore (621)
[2025.04.15-20.50.26:790][832]LogModuleManager: Shutting down and abandoning module AIModule (618)
[2025.04.15-20.50.26:790][832]LogModuleManager: Shutting down and abandoning module GameplayDebugger (617)
[2025.04.15-20.50.26:790][832]LogModuleManager: Shutting down and abandoning module AITestSuite (615)
[2025.04.15-20.50.26:790][832]LogModuleManager: Shutting down and abandoning module NavigationSystem (613)
[2025.04.15-20.50.26:790][832]LogModuleManager: Shutting down and abandoning module ImageWriteQueue (610)
[2025.04.15-20.50.26:794][832]LogModuleManager: Shutting down and abandoning module ProfilerService (608)
[2025.04.15-20.50.27:000][832]LogModuleManager: Shutting down and abandoning module TaskGraph (606)
[2025.04.15-20.50.27:000][832]LogModuleManager: Shutting down and abandoning module AudioSynesthesiaEditor (604)
[2025.04.15-20.50.27:000][832]LogModuleManager: Shutting down and abandoning module OculusEditor (602)
[2025.04.15-20.50.27:000][832]LogModuleManager: Shutting down and abandoning module OculusInput (600)
[2025.04.15-20.50.27:000][832]LogModuleManager: Shutting down and abandoning module ContentBrowserFileDataSource (598)
[2025.04.15-20.50.27:000][832]LogModuleManager: Shutting down and abandoning module ContentBrowserClassDataSource (596)
[2025.04.15-20.50.27:000][832]LogModuleManager: Shutting down and abandoning module ContentBrowserAssetDataSource (594)
[2025.04.15-20.50.27:000][832]LogModuleManager: Shutting down and abandoning module CollectionManager (593)
[2025.04.15-20.50.27:000][832]LogModuleManager: Shutting down and abandoning module TakeSequencer (590)
[2025.04.15-20.50.27:000][832]LogModuleManager: Shutting down and abandoning module TakeMovieScene (588)
[2025.04.15-20.50.27:000][832]LogModuleManager: Shutting down and abandoning module ScreenshotTools (586)
[2025.04.15-20.50.27:000][832]LogModuleManager: Shutting down and abandoning module SynthesisEditor (584)
[2025.04.15-20.50.27:000][832]LogModuleManager: Shutting down and abandoning module Synthesis (582)
[2025.04.15-20.50.27:000][832]LogModuleManager: Shutting down and abandoning module ProceduralMeshComponentEditor (580)
[2025.04.15-20.50.27:000][832]LogModuleManager: Shutting down and abandoning module ProceduralMeshComponent (578)
[2025.04.15-20.50.27:000][832]LogModuleManager: Shutting down and abandoning module OpenXREditor (576)
[2025.04.15-20.50.27:000][832]LogModuleManager: Shutting down and abandoning module MobilePatchingUtils (574)
[2025.04.15-20.50.27:000][832]LogModuleManager: Shutting down and abandoning module GooglePAD (572)
[2025.04.15-20.50.27:000][832]LogModuleManager: Shutting down and abandoning module CableComponent (570)
[2025.04.15-20.50.27:000][832]LogModuleManager: Shutting down and abandoning module EditableMesh (568)
[2025.04.15-20.50.27:000][832]LogModuleManager: Shutting down and abandoning module CustomMeshComponent (566)
[2025.04.15-20.50.27:000][832]LogModuleManager: Shutting down and abandoning module AudioCapture (564)
[2025.04.15-20.50.27:000][832]LogModuleManager: Shutting down and abandoning module AudioCaptureRtAudio (563)
[2025.04.15-20.50.27:001][832]LogModuleManager: Shutting down and abandoning module AssetTags (560)
[2025.04.15-20.50.27:001][832]LogModuleManager: Shutting down and abandoning module ArchVisCharacter (558)
[2025.04.15-20.50.27:001][832]LogModuleManager: Shutting down and abandoning module AppleImageUtilsBlueprintSupport (556)
[2025.04.15-20.50.27:001][832]LogModuleManager: Shutting down and abandoning module AppleImageUtils (554)
[2025.04.15-20.50.27:001][832]LogModuleManager: Shutting down and abandoning module AndroidPermission (552)
[2025.04.15-20.50.27:001][832]LogModuleManager: Shutting down and abandoning module ActorLayerUtilitiesEditor (550)
[2025.04.15-20.50.27:001][832]LogModuleManager: Shutting down and abandoning module ActorLayerUtilities (548)
[2025.04.15-20.50.27:001][832]LogModuleManager: Shutting down and abandoning module TemplateSequence (546)
[2025.04.15-20.50.27:001][832]LogModuleManager: Shutting down and abandoning module MediaCompositing (544)
[2025.04.15-20.50.27:001][832]LogModuleManager: Shutting down and abandoning module ImgMedia (542)
[2025.04.15-20.50.27:001][832]LogModuleManager: Shutting down and abandoning module MagicLeapSharedWorld (540)
[2025.04.15-20.50.27:001][832]LogModuleManager: Shutting down and abandoning module MagicLeapLightEstimation (538)
[2025.04.15-20.50.27:001][832]LogModuleManager: Shutting down and abandoning module MagicLeapHelperVulkan (536)
[2025.04.15-20.50.27:001][832]LogModuleManager: Shutting down and abandoning module MagicLeapHelperOpenGL (534)
[2025.04.15-20.50.27:001][832]LogModuleManager: Shutting down and abandoning module MagicLeapAudio (532)
[2025.04.15-20.50.27:001][832]LogModuleManager: Shutting down and abandoning module OpenImageDenoise (530)
[2025.04.15-20.50.27:001][832]LogOpenImageDenoise: OIDN shutting down
[2025.04.15-20.50.27:001][832]LogModuleManager: Shutting down and abandoning module MotoSynthEditor (528)
[2025.04.15-20.50.27:001][832]LogModuleManager: Shutting down and abandoning module MotoSynth (526)
[2025.04.15-20.50.27:001][832]LogModuleManager: Shutting down and abandoning module MeshConversion (524)
[2025.04.15-20.50.27:001][832]LogModuleManager: Shutting down and abandoning module DynamicMesh (522)
[2025.04.15-20.50.27:001][832]LogModuleManager: Shutting down and abandoning module GeometryAlgorithms (520)
[2025.04.15-20.50.27:001][832]LogModuleManager: Shutting down and abandoning module GeometricObjects (518)
[2025.04.15-20.50.27:001][832]LogModuleManager: Shutting down and abandoning module GeometryCollectionTracks (516)
[2025.04.15-20.50.27:001][832]LogModuleManager: Shutting down and abandoning module GeometryCollectionSequencer (515)
[2025.04.15-20.50.27:001][832]LogModuleManager: Shutting down and abandoning module GeometryCollectionEditor (512)
[2025.04.15-20.50.27:001][832]LogModuleManager: Shutting down and abandoning module GeometryCacheTracks (510)
[2025.04.15-20.50.27:001][832]LogModuleManager: Shutting down and abandoning module GeometryCacheStreamer (508)
[2025.04.15-20.50.27:001][832]LogModuleManager: Shutting down and abandoning module GeometryCacheSequencer (506)
[2025.04.15-20.50.27:001][832]LogModuleManager: Shutting down and abandoning module NiagaraEditorWidgets (504)
[2025.04.15-20.50.27:001][832]LogModuleManager: Shutting down and abandoning module ChaosSolverEditor (502)
[2025.04.15-20.50.27:001][832]LogModuleManager: Shutting down and abandoning module ChaosNiagara (500)
[2025.04.15-20.50.27:001][832]LogModuleManager: Shutting down and abandoning module FractureEditor (498)
[2025.04.15-20.50.27:001][832]LogModuleManager: Shutting down and abandoning module FieldSystemEngine (497)
[2025.04.15-20.50.27:001][832]LogModuleManager: Shutting down and abandoning module ChaosClothEditor (494)
[2025.04.15-20.50.27:001][832]LogModuleManager: Shutting down and abandoning module BackChannel (492)
[2025.04.15-20.50.27:001][832]LogModuleManager: Shutting down and abandoning module AutomationUtilsEditor (490)
[2025.04.15-20.50.27:001][832]LogModuleManager: Shutting down and abandoning module AutomationUtils (488)
[2025.04.15-20.50.27:001][832]LogModuleManager: Shutting down and abandoning module AlembicImporter (486)
[2025.04.15-20.50.27:001][832]LogModuleManager: Shutting down and abandoning module AlembicLibrary (485)
[2025.04.15-20.50.27:001][832]LogModuleManager: Shutting down and abandoning module GeometryCache (484)
[2025.04.15-20.50.27:001][832]LogModuleManager: Shutting down and abandoning module GeometryCacheEd (483)
[2025.04.15-20.50.27:001][832]LogModuleManager: Shutting down and abandoning module VariantManagerContentEditor (478)
[2025.04.15-20.50.27:001][832]LogModuleManager: Shutting down and abandoning module DatasmithContentEditor (476)
[2025.04.15-20.50.27:001][832]LogModuleManager: Shutting down and abandoning module SpeedTreeImporter (474)
[2025.04.15-20.50.27:001][832]LogModuleManager: Shutting down and abandoning module PluginBrowser (472)
[2025.04.15-20.50.27:001][832]LogModuleManager: Shutting down and abandoning module MobileLauncherProfileWizard (470)
[2025.04.15-20.50.27:001][832]LogModuleManager: Shutting down and abandoning module MaterialAnalyzer (468)
[2025.04.15-20.50.27:001][832]LogModuleManager: Shutting down and abandoning module PlasticSourceControl (466)
[2025.04.15-20.50.27:001][832]LogModuleManager: Shutting down and abandoning module CLionSourceCodeAccess (464)
[2025.04.15-20.50.27:001][832]LogModuleManager: Shutting down and abandoning module CurveEditorTools (462)
[2025.04.15-20.50.27:001][832]LogModuleManager: Shutting down and abandoning module CryptoKeysOpenSSL (460)
[2025.04.15-20.50.27:001][832]LogModuleManager: Shutting down and abandoning module CryptoKeys (458)
[2025.04.15-20.50.27:001][832]LogModuleManager: Shutting down and abandoning module VisualStudioCodeSourceCodeAccess (456)
[2025.04.15-20.50.27:001][832]LogModuleManager: Shutting down and abandoning module VisualStudioSourceCodeAccess (454)
[2025.04.15-20.50.27:001][832]LogModuleManager: Shutting down and abandoning module UObjectPlugin (452)
[2025.04.15-20.50.27:001][832]LogModuleManager: Shutting down and abandoning module RiderSourceCodeAccess (450)
[2025.04.15-20.50.27:001][832]LogModuleManager: Shutting down and abandoning module SubversionSourceControl (448)
[2025.04.15-20.50.27:001][832]LogModuleManager: Shutting down and abandoning module PluginUtils (446)
[2025.04.15-20.50.27:001][832]LogModuleManager: Shutting down and abandoning module PerforceSourceControl (444)
[2025.04.15-20.50.27:002][832]LogModuleManager: Shutting down and abandoning module GitSourceControl (442)
[2025.04.15-20.50.27:002][832]LogModuleManager: Shutting down and abandoning module SourceControl (441)
[2025.04.15-20.50.27:002][832]LogModuleManager: Shutting down and abandoning module AnimationSharingEd (438)
[2025.04.15-20.50.27:002][832]LogModuleManager: Shutting down and abandoning module LightPropagationVolumeEditor (436)
[2025.04.15-20.50.27:002][832]LogModuleManager: Shutting down and abandoning module OodleNetworkHandlerComponent (434)
[2025.04.15-20.50.27:002][832]LogModuleManager: Shutting down and abandoning module LiveLinkSequencer (432)
[2025.04.15-20.50.27:002][832]LogModuleManager: Shutting down and abandoning module LiveLinkMovieScene (430)
[2025.04.15-20.50.27:002][832]LogModuleManager: Shutting down and abandoning module LiveLinkGraphNode (428)
[2025.04.15-20.50.27:002][832]LogModuleManager: Shutting down and abandoning module LiveLinkEditor (426)
[2025.04.15-20.50.27:002][832]LogModuleManager: Shutting down and abandoning module LiveLinkComponents (424)
[2025.04.15-20.50.27:002][832]LogModuleManager: Shutting down and abandoning module LiveLink (422)
[2025.04.15-20.50.27:302][832]LogModuleManager: Shutting down and abandoning module PaperTiledImporter (420)
[2025.04.15-20.50.27:302][832]LogModuleManager: Shutting down and abandoning module PaperSpriteSheetImporter (418)
[2025.04.15-20.50.27:302][832]LogModuleManager: Shutting down and abandoning module Paper2DEditor (416)
[2025.04.15-20.50.27:302][832]LogModuleManager: Shutting down and abandoning module MeshPaintingToolset (414)
[2025.04.15-20.50.27:302][832]LogModuleManager: Shutting down and abandoning module MeshPaintEditorMode (412)
[2025.04.15-20.50.27:302][832]LogModuleManager: Shutting down and abandoning module PropertyAccessEditor (410)
[2025.04.15-20.50.27:302][832]LogModuleManager: Shutting down and abandoning module RuntimePhysXCooking (408)
[2025.04.15-20.50.27:302][832]LogModuleManager: Shutting down and abandoning module SoundFields (406)
[2025.04.15-20.50.27:302][832]LogModuleManager: Shutting down and abandoning module SignificanceManager (404)
[2025.04.15-20.50.27:302][832]LogModuleManager: Shutting down and abandoning module PhysXVehiclesEditor (402)
[2025.04.15-20.50.27:302][832]LogModuleManager: Shutting down and abandoning module LocationServicesBPLibrary (398)
[2025.04.15-20.50.27:302][832]LogModuleManager: Shutting down and abandoning module AudioSynesthesia (396)
[2025.04.15-20.50.27:302][832]LogModuleManager: Shutting down and abandoning module AudioSynesthesiaCore (394)
[2025.04.15-20.50.27:302][832]LogModuleManager: Shutting down and abandoning module ActorSequence (392)
[2025.04.15-20.50.27:302][832]LogModuleManager: Shutting down and abandoning module UdpMessaging (390)
[2025.04.15-20.50.27:403][832]LogModuleManager: Shutting down and abandoning module TcpMessaging (388)
[2025.04.15-20.50.27:503][832]LogModuleManager: Shutting down and abandoning module ImgMediaEngine (386)
[2025.04.15-20.50.27:503][832]LogModuleManager: Shutting down and abandoning module MagicLeapARPin (384)
[2025.04.15-20.50.27:503][832]LogModuleManager: Shutting down and abandoning module MagicLeapHandMeshing (382)
[2025.04.15-20.50.27:503][832]LogModuleManager: Shutting down and abandoning module MagicLeapSecureStorage (380)
[2025.04.15-20.50.27:503][832]LogModuleManager: Shutting down and abandoning module MagicLeapPrivileges (378)
[2025.04.15-20.50.27:503][832]LogModuleManager: Shutting down and abandoning module MagicLeapPlanes (376)
[2025.04.15-20.50.27:503][832]LogMagicLeapPlanes: Planes tracker already destroyed.
[2025.04.15-20.50.27:503][832]LogModuleManager: Shutting down and abandoning module MagicLeapImageTracker (374)
[2025.04.15-20.50.27:503][832]LogModuleManager: Shutting down and abandoning module MagicLeapIdentity (372)
[2025.04.15-20.50.27:503][832]LogModuleManager: Shutting down and abandoning module MagicLeapHandTracking (370)
[2025.04.15-20.50.27:503][832]LogModuleManager: Shutting down and abandoning module MagicLeapEyeTracker (368)
[2025.04.15-20.50.27:503][832]LogModuleManager: Shutting down and abandoning module MagicLeapController (366)
[2025.04.15-20.50.27:503][832]LogModuleManager: Shutting down and abandoning module MagicLeapARPinImpl (364)
[2025.04.15-20.50.27:503][832]LogModuleManager: Shutting down and abandoning module MagicLeapAR (362)
[2025.04.15-20.50.27:503][832]LogModuleManager: Shutting down and abandoning module PythonScriptPlugin (360)
[2025.04.15-20.50.27:503][832]LogModuleManager: Shutting down and abandoning module NiagaraAnimNotifies (358)
[2025.04.15-20.50.27:503][832]LogModuleManager: Shutting down and abandoning module Niagara (356)
[2025.04.15-20.50.27:504][832]LogModuleManager: Shutting down and abandoning module SignalProcessing (355)
[2025.04.15-20.50.27:504][832]LogModuleManager: Shutting down and abandoning module NiagaraEditor (353)
[2025.04.15-20.50.27:504][832]LogModuleManager: Shutting down and abandoning module NiagaraCore (350)
[2025.04.15-20.50.27:504][832]LogModuleManager: Shutting down and abandoning module DataValidation (348)
[2025.04.15-20.50.27:504][832]LogModuleManager: Shutting down and abandoning module GameplayTagsEditor (346)
[2025.04.15-20.50.27:504][832]LogModuleManager: Shutting down and abandoning module FacialAnimationEditor (344)
[2025.04.15-20.50.27:504][832]LogModuleManager: Shutting down and abandoning module FacialAnimation (342)
[2025.04.15-20.50.27:504][832]LogModuleManager: Shutting down and abandoning module AssetManagerEditor (340)
[2025.04.15-20.50.27:504][832]LogModuleManager: Shutting down and abandoning module LevelEditor (339)
[2025.04.15-20.50.27:505][832]LogModuleManager: Shutting down and abandoning module PixelInspectorModule (338)
[2025.04.15-20.50.27:505][832]LogModuleManager: Shutting down and abandoning module CommonMenuExtensions (336)
[2025.04.15-20.50.27:505][832]LogModuleManager: Shutting down and abandoning module MainFrame (334)
[2025.04.15-20.50.27:505][832]LogModuleManager: Shutting down and abandoning module HotReload (333)
[2025.04.15-20.50.27:506][832]LogModuleManager: Shutting down and abandoning module ToolMenus (329)
[2025.04.15-20.50.27:506][832]LogModuleManager: Shutting down and abandoning module ContentBrowser (327)
[2025.04.15-20.50.27:506][832]LogModuleManager: Shutting down and abandoning module ContentBrowserData (326)
[2025.04.15-20.50.27:506][832]LogModuleManager: Shutting down and abandoning module TreeMap (323)
[2025.04.15-20.50.27:506][832]LogModuleManager: Shutting down and abandoning module PropertyAccessNode (320)
[2025.04.15-20.50.27:506][832]LogModuleManager: Shutting down and abandoning module AnimationSharing (318)
[2025.04.15-20.50.27:506][832]LogModuleManager: Shutting down and abandoning module LightPropagationVolumeRuntime (316)
[2025.04.15-20.50.27:506][832]LogModuleManager: Shutting down and abandoning module GameplayCameras (314)
[2025.04.15-20.50.27:506][832]LogModuleManager: Shutting down and abandoning module EnvironmentQueryEditor (312)
[2025.04.15-20.50.27:506][832]LogModuleManager: Shutting down and abandoning module Paper2D (310)
[2025.04.15-20.50.27:506][832]LogModuleManager: Shutting down and abandoning module WebMMoviePlayer (308)
[2025.04.15-20.50.27:506][832]LogModuleManager: Shutting down and abandoning module WindowsMoviePlayer (306)
[2025.04.15-20.50.27:507][832]LogModuleManager: Shutting down and abandoning module NetworkReplayStreaming (304)
[2025.04.15-20.50.27:507][832]LogModuleManager: Shutting down and abandoning module PacketHandler (302)
[2025.04.15-20.50.27:507][832]LogModuleManager: Shutting down and abandoning module ClothingSystemEditor (300)
[2025.04.15-20.50.27:507][832]LogModuleManager: Shutting down and abandoning module ClothingSystemRuntimeNv (298)
[2025.04.15-20.50.27:507][832]LogModuleManager: Shutting down and abandoning module MediaAssets (296)
[2025.04.15-20.50.27:507][832]LogModuleManager: Shutting down and abandoning module Overlay (294)
[2025.04.15-20.50.27:507][832]LogModuleManager: Shutting down and abandoning module OverlayEditor (293)
[2025.04.15-20.50.27:507][832]LogModuleManager: Shutting down and abandoning module VREditor (290)
[2025.04.15-20.50.27:507][832]LogModuleManager: Shutting down and abandoning module StringTableEditor (288)
[2025.04.15-20.50.27:507][832]LogModuleManager: Shutting down and abandoning module GameplayTasksEditor (286)
[2025.04.15-20.50.27:507][832]LogModuleManager: Shutting down and abandoning module BehaviorTreeEditor (284)
[2025.04.15-20.50.27:507][832]LogModuleManager: Shutting down and abandoning module FunctionalTesting (282)
[2025.04.15-20.50.27:507][832]LogModuleManager: Shutting down and abandoning module CollisionAnalyzer (280)
[2025.04.15-20.50.27:507][832]LogModuleManager: Shutting down and abandoning module WorkspaceMenuStructure (279)
[2025.04.15-20.50.27:507][832]LogModuleManager: Shutting down and abandoning module UMG (276)
[2025.04.15-20.50.27:508][832]LogModuleManager: Shutting down and abandoning module UMGEditor (275)
[2025.04.15-20.50.27:508][832]LogModuleManager: Shutting down and abandoning module MessageLog (273)
[2025.04.15-20.50.27:508][832]LogModuleManager: Shutting down and abandoning module SlateReflector (268)
[2025.04.15-20.50.27:510][832]LogModuleManager: Shutting down and abandoning module Slate (266)
[2025.04.15-20.50.27:510][832]LogModuleManager: Shutting down and abandoning module SlateCore (264)
[2025.04.15-20.50.27:511][832]LogModuleManager: Shutting down and abandoning module LandscapeEditorUtilities (262)
[2025.04.15-20.50.27:511][832]LogModuleManager: Shutting down and abandoning module UnrealEd (260)
[2025.04.15-20.50.27:511][832]LogModuleManager: Shutting down and abandoning module MRMesh (258)
[2025.04.15-20.50.27:511][832]LogModuleManager: Shutting down and abandoning module SourceCodeAccess (256)
[2025.04.15-20.50.27:512][832]LogModuleManager: Shutting down and abandoning module HeadMountedDisplay (254)
[2025.04.15-20.50.27:512][832]LogModuleManager: Shutting down and abandoning module XAudio2 (252)
[2025.04.15-20.50.27:512][832]LogModuleManager: Shutting down and abandoning module Networking (250)
[2025.04.15-20.50.27:512][832]LogModuleManager: Shutting down and abandoning module Core (248)
[2025.04.15-20.50.27:512][832]LogModuleManager: Shutting down and abandoning module MaterialEditor (246)
[2025.04.15-20.50.27:512][832]LogModuleManager: Shutting down and abandoning module MovieSceneTools (244)
[2025.04.15-20.50.27:513][832]LogModuleManager: Shutting down and abandoning module CurveEditor (243)
[2025.04.15-20.50.27:514][832]LogModuleManager: Shutting down and abandoning module Sequencer (241)
[2025.04.15-20.50.27:515][832]LogModuleManager: Shutting down and abandoning module EditorStyle (240)
[2025.04.15-20.50.27:516][832]LogModuleManager: Shutting down and abandoning module KismetCompiler (236)
[2025.04.15-20.50.27:516][832]LogModuleManager: Shutting down and abandoning module MeshBuilder (234)
[2025.04.15-20.50.27:516][832]LogModuleManager: Shutting down and abandoning module MeshUtilities (232)
[2025.04.15-20.50.27:516][832]LogModuleManager: Shutting down and abandoning module MeshMergeUtilities (231)
[2025.04.15-20.50.27:516][832]LogModuleManager: Shutting down and abandoning module MeshReductionInterface (230)
[2025.04.15-20.50.27:516][832]LogModuleManager: Shutting down and abandoning module MeshBoneReduction (229)
[2025.04.15-20.50.27:516][832]LogModuleManager: Shutting down and abandoning module SkeletalMeshReduction (227)
[2025.04.15-20.50.27:516][832]LogModuleManager: Shutting down and abandoning module ProxyLODMeshReduction (225)
[2025.04.15-20.50.27:517][832]LogModuleManager: Shutting down and abandoning module QuadricMeshReduction (223)
[2025.04.15-20.50.27:517][832]LogModuleManager: Shutting down and abandoning module MaterialBaking (219)
[2025.04.15-20.50.27:518][832]LogModuleManager: Shutting down and abandoning module NullInstallBundleManager (214)
[2025.04.15-20.50.27:518][832]LogModuleManager: Shutting down and abandoning module DerivedDataCache (212)
[2025.04.15-20.50.27:518][832]LogModuleManager: Shutting down and abandoning module TargetPlatform (210)
[2025.04.15-20.50.27:518][832]LogModuleManager: Shutting down and abandoning module VulkanShaderFormat (209)
[2025.04.15-20.50.27:519][832]LogModuleManager: Shutting down and abandoning module ShaderFormatVectorVM (207)
[2025.04.15-20.50.27:519][832]LogModuleManager: Shutting down and abandoning module ShaderFormatOpenGL (205)
[2025.04.15-20.50.27:519][832]LogModuleManager: Shutting down and abandoning module ShaderFormatD3D (203)
[2025.04.15-20.50.27:519][832]LogModuleManager: Shutting down and abandoning module MetalShaderFormat (201)
[2025.04.15-20.50.27:519][832]LogModuleManager: Shutting down and abandoning module TextureFormatOodle (199)
[2025.04.15-20.50.27:519][832]LogModuleManager: Shutting down and abandoning module TextureFormatUncompressed (197)
[2025.04.15-20.50.27:519][832]LogModuleManager: Shutting down and abandoning module TextureFormatPVR (195)
[2025.04.15-20.50.27:519][832]LogModuleManager: Shutting down and abandoning module TextureFormatETC2 (193)
[2025.04.15-20.50.27:519][832]LogModuleManager: Shutting down and abandoning module TextureFormatDXT (191)
[2025.04.15-20.50.27:519][832]LogModuleManager: Shutting down and abandoning module TextureFormatIntelISPCTexComp (189)
[2025.04.15-20.50.27:519][832]LogModuleManager: Shutting down and abandoning module TextureFormatASTC (187)
[2025.04.15-20.50.27:519][832]LogModuleManager: Shutting down and abandoning module ImageWrapper (186)
[2025.04.15-20.50.27:519][832]LogModuleManager: Shutting down and abandoning module AudioFormatOpus (183)
[2025.04.15-20.50.27:519][832]LogModuleManager: Shutting down and abandoning module AudioFormatOgg (181)
[2025.04.15-20.50.27:519][832]LogModuleManager: Shutting down and abandoning module AudioFormatADPCM (179)
[2025.04.15-20.50.27:519][832]LogModuleManager: Shutting down and abandoning module WindowsServerTargetPlatform (177)
[2025.04.15-20.50.27:519][832]LogModuleManager: Shutting down and abandoning module WindowsClientTargetPlatform (175)
[2025.04.15-20.50.27:519][832]LogModuleManager: Shutting down and abandoning module WindowsTargetPlatform (173)
[2025.04.15-20.50.27:519][832]LogModuleManager: Shutting down and abandoning module WindowsNoEditorTargetPlatform (171)
[2025.04.15-20.50.27:519][832]LogModuleManager: Shutting down and abandoning module TVOSTargetPlatform (169)
[2025.04.15-20.50.27:519][832]LogModuleManager: Shutting down and abandoning module MacServerTargetPlatform (167)
[2025.04.15-20.50.27:519][832]LogModuleManager: Shutting down and abandoning module MacClientTargetPlatform (165)
[2025.04.15-20.50.27:519][832]LogModuleManager: Shutting down and abandoning module MacTargetPlatform (163)
[2025.04.15-20.50.27:519][832]LogModuleManager: Shutting down and abandoning module MacNoEditorTargetPlatform (161)
[2025.04.15-20.50.27:519][832]LogModuleManager: Shutting down and abandoning module LuminTargetPlatform (159)
[2025.04.15-20.50.27:520][832]LogModuleManager: Shutting down and abandoning module LinuxAArch64ServerTargetPlatform (157)
[2025.04.15-20.50.27:520][832]LogModuleManager: Shutting down and abandoning module LinuxAArch64ClientTargetPlatform (155)
[2025.04.15-20.50.27:520][832]LogModuleManager: Shutting down and abandoning module LinuxAArch64NoEditorTargetPlatform (153)
[2025.04.15-20.50.27:520][832]LogModuleManager: Shutting down and abandoning module LinuxServerTargetPlatform (151)
[2025.04.15-20.50.27:520][832]LogModuleManager: Shutting down and abandoning module LinuxClientTargetPlatform (149)
[2025.04.15-20.50.27:520][832]LogModuleManager: Shutting down and abandoning module LinuxNoEditorTargetPlatform (147)
[2025.04.15-20.50.27:520][832]LogModuleManager: Shutting down and abandoning module LinuxTargetPlatform (145)
[2025.04.15-20.50.27:520][832]LogModuleManager: Shutting down and abandoning module Messaging (143)
[2025.04.15-20.50.27:520][832]LogModuleManager: Shutting down and abandoning module IOSTargetPlatform (141)
[2025.04.15-20.50.27:521][832]LogModuleManager: Shutting down and abandoning module AndroidTargetPlatform (139)
[2025.04.15-20.50.27:524][832]LogModuleManager: Shutting down and abandoning module AllDesktopTargetPlatform (137)
[2025.04.15-20.50.27:524][832]LogModuleManager: Shutting down and abandoning module D3D11RHI (134)
[2025.04.15-20.50.27:524][832]LogModuleManager: Shutting down and abandoning module InputCore (132)
[2025.04.15-20.50.27:524][832]LogModuleManager: Shutting down and abandoning module Settings (130)
[2025.04.15-20.50.27:524][832]LogModuleManager: Shutting down and abandoning module DirectoryWatcher (128)
[2025.04.15-20.50.27:524][832]LogModuleManager: Shutting down and abandoning module PhysXCooking (126)
[2025.04.15-20.50.27:524][832]LogModuleManager: Shutting down and abandoning module Chaos (124)
[2025.04.15-20.50.27:525][832]LogModuleManager: Shutting down and abandoning module WindowsPlatformFeatures (122)
[2025.04.15-20.50.27:525][832]LogModuleManager: Shutting down and abandoning module GameplayMediaEncoder (121)
[2025.04.15-20.50.27:525][832]LogModuleManager: Shutting down and abandoning module AVEncoder (120)
[2025.04.15-20.50.27:525][832]LogModuleManager: Shutting down and abandoning module SteamVRInputDevice (116)
[2025.04.15-20.50.27:525][832]LogModuleManager: Shutting down and abandoning module SteamVRInput (114)
[2025.04.15-20.50.27:525][832]LogModuleManager: Shutting down and abandoning module SteamVR (112)
[2025.04.15-20.50.27:525][832]LogHMD: Freeing OpenVRDLLHandle.
[2025.04.15-20.50.27:525][832]LogModuleManager: Shutting down and abandoning module OculusHMD (110)
[2025.04.15-20.50.27:525][832]LogModuleManager: Shutting down and abandoning module OpenXRHandTracking (108)
[2025.04.15-20.50.27:525][832]LogSlate: Slate User Destroyed.  User Index 0, Is Virtual User: 0
[2025.04.15-20.50.27:525][832]LogModuleManager: Shutting down and abandoning module OpenXREyeTracker (106)
[2025.04.15-20.50.27:525][832]LogModuleManager: Shutting down and abandoning module OpenXRAR (104)
[2025.04.15-20.50.27:526][832]LogModuleManager: Shutting down and abandoning module AugmentedReality (103)
[2025.04.15-20.50.27:526][832]LogModuleManager: Shutting down and abandoning module OpenXRHMD (100)
[2025.04.15-20.50.27:526][832]LogModuleManager: Shutting down and abandoning module ExampleDeviceProfileSelector (98)
[2025.04.15-20.50.27:526][832]LogModuleManager: Shutting down and abandoning module ChunkDownloader (96)
[2025.04.15-20.50.27:526][832]LogModuleManager: Shutting down and abandoning module LauncherChunkInstaller (94)
[2025.04.15-20.50.27:526][832]LogModuleManager: Shutting down and abandoning module OnlineBlueprintSupport (92)
[2025.04.15-20.50.27:526][832]LogModuleManager: Shutting down and abandoning module OnlineSubsystem (88)
[2025.04.15-20.50.27:528][832]LogModuleManager: Shutting down and abandoning module XMPP (83)
[2025.04.15-20.50.27:528][832]LogModuleManager: Shutting down and abandoning module WebSockets (82)
[2025.04.15-20.50.27:546][832]LogModuleManager: Shutting down and abandoning module HTTP (79)
[2025.04.15-20.50.27:546][832]LogHttp: Display: Http module shutting down, but needs to wait on 1 outstanding Http requests:
[2025.04.15-20.50.27:546][832]LogHttp: Display: 	verb=[POST] url=[https://datarouter.ol.epicgames.com/datarouter/api/v1/public/data?SessionID=%7BBF3C4C65-46B1-59BC-4315-52804EDDAF3D%7D&AppID=UEEditor.Rocket.Release&AppVersion=4.27.2-18319896%2B%2B%2BUE4%2BRelease-4.27&UserID=ff34cec34635c2434a0cbe8ccdbd3a28%7C2eea84bf844543fbbb7d5cf485b735d0%7Cc84dd4ac-b030-4b4d-8068-60af0798f8bd&AppEnvironment=datacollector-binary&UploadType=eteventstream] refs=[1] status=Processing
[2025.04.15-20.50.27:546][832]LogHttp: Display: cleaning up 1 outstanding Http requests.
[2025.04.15-20.50.27:580][832]LogModuleManager: Shutting down and abandoning module SSL (78)
[2025.04.15-20.50.27:580][832]LogModuleManager: Shutting down and abandoning module WmfMedia (74)
[2025.04.15-20.50.27:583][832]LogModuleManager: Shutting down and abandoning module Media (73)
[2025.04.15-20.50.27:583][832]LogModuleManager: Shutting down and abandoning module MediaInfo (72)
[2025.04.15-20.50.27:583][832]LogModuleManager: Shutting down and abandoning module ExrReaderGpu (68)
[2025.04.15-20.50.27:583][832]LogModuleManager: Shutting down and abandoning module MLSDK (66)
[2025.04.15-20.50.27:583][832]LogModuleManager: Shutting down and abandoning module MagicLeap (64)
[2025.04.15-20.50.27:583][832]LogModuleManager: Shutting down and abandoning module NiagaraVertexFactories (62)
[2025.04.15-20.50.27:583][832]LogModuleManager: Shutting down and abandoning module NiagaraShader (60)
[2025.04.15-20.50.27:583][832]LogModuleManager: Shutting down and abandoning module ChaosCloth (58)
[2025.04.15-20.50.27:583][832]LogModuleManager: Shutting down and abandoning module VariantManagerContent (56)
[2025.04.15-20.50.27:583][832]LogModuleManager: Shutting down and abandoning module DatasmithContent (54)
[2025.04.15-20.50.27:584][832]LogModuleManager: Shutting down and abandoning module PixWinPlugin (52)
[2025.04.15-20.50.27:584][832]LogModuleManager: Shutting down and abandoning module AISupportModule (50)
[2025.04.15-20.50.27:584][832]LogModuleManager: Shutting down and abandoning module DesktopPlatform (48)
[2025.04.15-20.50.27:584][832]LogModuleManager: Shutting down and abandoning module PythonScriptPluginPreload (46)
[2025.04.15-20.50.27:584][832]LogModuleManager: Shutting down and abandoning module PlatformCryptoOpenSSL (44)
[2025.04.15-20.50.27:584][832]LogModuleManager: Shutting down and abandoning module PlatformCryptoTypes (42)
[2025.04.15-20.50.27:584][832]LogModuleManager: Shutting down and abandoning module PlatformCrypto (40)
[2025.04.15-20.50.27:584][832]LogModuleManager: Shutting down and abandoning module OodleDataCompressionFormat (38)
[2025.04.15-20.50.27:584][832]LogModuleManager: Shutting down and abandoning module XGEController (36)
[2025.04.15-20.50.27:584][832]LogXGEController: Cleaning working directory: C:/Users/Playeroth/AppData/Local/Temp/UnrealXGEWorkingDir/
[2025.04.15-20.50.27:585][832]LogModuleManager: Shutting down and abandoning module AnimationModifiers (34)
[2025.04.15-20.50.27:585][832]LogModuleManager: Shutting down and abandoning module AudioEditor (32)
[2025.04.15-20.50.27:586][832]LogModuleManager: Shutting down and abandoning module PropertyEditor (31)
[2025.04.15-20.50.27:586][832]LogModuleManager: Shutting down and abandoning module TextureCompressor (28)
[2025.04.15-20.50.27:586][832]LogModuleManager: Shutting down and abandoning module RenderCore (26)
[2025.04.15-20.50.27:586][832]LogModuleManager: Shutting down and abandoning module Landscape (24)
[2025.04.15-20.50.27:586][832]LogModuleManager: Shutting down and abandoning module SlateRHIRenderer (22)
[2025.04.15-20.50.27:587][832]LogModuleManager: Shutting down and abandoning module AnimGraphRuntime (20)
[2025.04.15-20.50.27:587][832]LogModuleManager: Shutting down and abandoning module Renderer (18)
[2025.04.15-20.50.27:587][832]LogModuleManager: Shutting down and abandoning module Engine (16)
[2025.04.15-20.50.27:588][832]LogModuleManager: Shutting down and abandoning module CoreUObject (14)
[2025.04.15-20.50.27:588][832]LogModuleManager: Shutting down and abandoning module NetworkFile (12)
[2025.04.15-20.50.27:588][832]LogModuleManager: Shutting down and abandoning module CookedIterativeFile (10)
[2025.04.15-20.50.27:588][832]LogModuleManager: Shutting down and abandoning module StreamingFile (8)
[2025.04.15-20.50.27:588][832]LogModuleManager: Shutting down and abandoning module SandboxFile (6)
[2025.04.15-20.50.27:588][832]LogModuleManager: Shutting down and abandoning module PakFile (4)
[2025.04.15-20.50.27:588][832]LogModuleManager: Shutting down and abandoning module RSA (3)
[2025.04.15-20.50.27:739][832]LogContentStreaming: Display: There are 1 unreleased StreamingManagers
[2025.04.15-20.50.27:754][832]LogD3D11RHI: Shutdown
[2025.04.15-20.50.27:754][832]LogD3D11RHI: CleanupD3DDevice
[2025.04.15-20.50.27:757][832]LogExit: Exiting.
[2025.04.15-20.50.27:763][832]Log file closed, 04/15/25 17:50:27
