Log file open, 04/15/25 17:26:42
LogWindows: Failed to load 'aqProf.dll' (GetLastError=126)
LogWindows: File 'aqProf.dll' does not exist
LogWindows: Failed to load 'VtuneApi.dll' (GetLastError=126)
LogWindows: File 'VtuneApi.dll' does not exist
LogWindows: Failed to load 'VtuneApi32e.dll' (GetLastError=126)
LogWindows: File 'VtuneApi32e.dll' does not exist
LogConsoleResponse: Display: Failed to find resolution value strings in scalability ini. Falling back to default.
LogConsoleResponse: Display: Failed to find resolution value strings in scalability ini. Falling back to default.
LogInit: Display: Running engine for game: EscapeTheBackrooms
LogPlatformFile: Not using cached read wrapper
LogTaskGraph: Started task graph with 5 named threads and 35 total threads with 3 sets of task threads.
LogStats: Stats thread started at 0.212826
LogICUInternationalization: ICU TimeZone Detection - Raw Offset: -3:00, Platform Override: ''
LogInit: Display: Loading text-based GConfig....
LogPluginManager: Mounting plugin MeshPainting
LogPluginManager: Mounting plugin XGEController
LogPluginManager: Mounting plugin Paper2D
LogPluginManager: Mounting plugin LiveLink
LogPluginManager: Mounting plugin EnvironmentQueryEditor
LogPluginManager: Mounting plugin LightPropagationVolume
LogPluginManager: Mounting plugin AISupport
LogPluginManager: Mounting plugin GameplayCameras
LogPluginManager: Mounting plugin CameraShakePreviewer
LogPluginManager: Mounting plugin OodleData
LogPluginManager: Mounting plugin AnimationSharing
LogPluginManager: Mounting plugin CodeLiteSourceCodeAccess
LogPluginManager: Mounting plugin KDevelopSourceCodeAccess
LogPluginManager: Mounting plugin CLionSourceCodeAccess
LogPluginManager: Mounting plugin NullSourceCodeAccess
LogPluginManager: Mounting plugin PerforceSourceControl
LogPluginManager: Mounting plugin GitSourceControl
LogPluginManager: Mounting plugin PluginUtils
LogPluginManager: Mounting plugin PlasticSourceControl
LogPluginManager: Mounting plugin PixWinPlugin
LogPluginManager: Mounting plugin PropertyAccessNode
LogPluginManager: Mounting plugin RiderSourceCodeAccess
LogPluginManager: Mounting plugin VisualStudioCodeSourceCodeAccess
LogPluginManager: Mounting plugin TextureFormatOodle
LogPluginManager: Mounting plugin UObjectPlugin
LogPluginManager: Mounting plugin VisualStudioSourceCodeAccess
LogPluginManager: Mounting plugin XCodeSourceCodeAccess
LogPluginManager: Mounting plugin SubversionSourceControl
LogPluginManager: Mounting plugin DatasmithContent
LogPluginManager: Mounting plugin VariantManagerContent
LogPluginManager: Mounting plugin AssetManagerEditor
LogPluginManager: Mounting plugin CryptoKeys
LogPluginManager: Mounting plugin CurveEditorTools
LogPluginManager: Mounting plugin FacialAnimation
LogPluginManager: Mounting plugin DataValidation
LogPluginManager: Mounting plugin GameplayTagsEditor
LogPluginManager: Mounting plugin GeometryMode
LogPluginManager: Mounting plugin MacGraphicsSwitching
LogPluginManager: Mounting plugin MobileLauncherProfileWizard
LogPluginManager: Mounting plugin PluginBrowser
LogPluginManager: Mounting plugin SpeedTreeImporter
LogPluginManager: Mounting plugin MaterialAnalyzer
LogPluginManager: Mounting plugin AlembicImporter
LogPluginManager: Mounting plugin AutomationUtils
LogPluginManager: Mounting plugin ChaosCloth
LogPluginManager: Mounting plugin ChaosClothEditor
LogPluginManager: Mounting plugin ChaosNiagara
LogPluginManager: Mounting plugin ChaosEditor
LogPluginManager: Mounting plugin BackChannel
LogPluginManager: Mounting plugin CharacterAI
LogPluginManager: Mounting plugin ChaosSolverPlugin
LogPluginManager: Mounting plugin GeometryCache
LogPluginManager: Mounting plugin Niagara
LogPluginManager: Mounting plugin GeometryCollectionPlugin
LogPluginManager: Mounting plugin GeometryProcessing
LogPluginManager: Mounting plugin MotoSynth
LogPluginManager: Mounting plugin OpenImageDenoise
LogPluginManager: Mounting plugin PlanarCut
LogPluginManager: Mounting plugin ProxyLODPlugin
LogPluginManager: Mounting plugin PlatformCrypto
LogPluginManager: Mounting plugin PythonScriptPlugin
LogPluginManager: Mounting plugin SkeletalReduction
LogPluginManager: Mounting plugin LuminPlatformFeatures
LogPluginManager: Mounting plugin MagicLeap
LogPluginManager: Mounting plugin MagicLeapLightEstimation
LogPluginManager: Mounting plugin MagicLeapMedia
LogPluginManager: Mounting plugin MagicLeapPassableWorld
LogPluginManager: Mounting plugin MLSDK
LogPluginManager: Mounting plugin AndroidMedia
LogPluginManager: Mounting plugin AvfMedia
LogPluginManager: Mounting plugin ImgMedia
LogPluginManager: Mounting plugin MediaCompositing
LogPluginManager: Mounting plugin MediaPlayerEditor
LogPluginManager: Mounting plugin WebMMedia
LogPluginManager: Mounting plugin WmfMedia
LogPluginManager: Mounting plugin ActorSequence
LogPluginManager: Mounting plugin TcpMessaging
LogPluginManager: Mounting plugin UdpMessaging
LogPluginManager: Mounting plugin LevelSequenceEditor
LogPluginManager: Mounting plugin MatineeToLevelSequence
LogPluginManager: Mounting plugin TemplateSequence
LogPluginManager: Mounting plugin OnlineSubsystem
LogPluginManager: Mounting plugin OnlineSubsystemNull
LogPluginManager: Mounting plugin OnlineSubsystemUtils
LogPluginManager: Mounting plugin LauncherChunkInstaller
LogPluginManager: Mounting plugin ActorLayerUtilities
LogPluginManager: Mounting plugin AndroidDeviceProfileSelector
LogPluginManager: Mounting plugin AndroidMoviePlayer
LogPluginManager: Mounting plugin AndroidPermission
LogPluginManager: Mounting plugin AppleImageUtils
LogPluginManager: Mounting plugin AppleMoviePlayer
LogPluginManager: Mounting plugin AssetTags
LogPluginManager: Mounting plugin CableComponent
LogPluginManager: Mounting plugin AudioSynesthesia
LogPluginManager: Mounting plugin ArchVisCharacter
LogPluginManager: Mounting plugin CustomMeshComponent
LogPluginManager: Mounting plugin EditableMesh
LogPluginManager: Mounting plugin ChunkDownloader
LogPluginManager: Mounting plugin AudioCapture
LogPluginManager: Mounting plugin GoogleCloudMessaging
LogPluginManager: Mounting plugin GooglePAD
LogPluginManager: Mounting plugin ExampleDeviceProfileSelector
LogPluginManager: Mounting plugin IOSDeviceProfileSelector
LogPluginManager: Mounting plugin LinuxDeviceProfileSelector
LogPluginManager: Mounting plugin LocationServicesBPLibrary
LogPluginManager: Mounting plugin MobilePatchingUtils
LogPluginManager: Mounting plugin OpenXR
LogPluginManager: Mounting plugin OpenXREyeTracker
LogPluginManager: Mounting plugin OpenXRHandTracking
LogPluginManager: Mounting plugin PhysXVehicles
LogPluginManager: Mounting plugin ProceduralMeshComponent
LogPluginManager: Mounting plugin PostSplashScreen
LogPluginManager: Mounting plugin RuntimePhysXCooking
LogPluginManager: Mounting plugin SignificanceManager
LogPluginManager: Mounting plugin SoundFields
LogPluginManager: Mounting plugin Synthesis
LogPluginManager: Mounting plugin PropertyAccessEditor
LogPluginManager: Mounting plugin WebMMoviePlayer
LogPluginManager: Mounting plugin WindowsMoviePlayer
LogPluginManager: Mounting plugin ScreenshotTools
LogPluginManager: Mounting plugin Takes
LogPluginManager: Mounting plugin OodleNetwork
LogPluginManager: Mounting plugin ContentBrowserAssetDataSource
LogPluginManager: Mounting plugin ContentBrowserClassDataSource
LogPluginManager: Mounting plugin ContentBrowserFileDataSource
LogPluginManager: Mounting plugin OnlineSubsystemIOS
LogPluginManager: Mounting plugin OnlineSubsystemGooglePlay
LogPluginManager: Mounting plugin OculusVR
LogPluginManager: Mounting plugin SteamVR
PixWinPlugin: PIX capture plugin failed to initialize! Check that the process is launched from PIX.
LogInit: Using libcurl 7.55.1-DEV
LogInit:  - built for x86_64-pc-win32
LogInit:  - supports SSL with OpenSSL/1.1.1
LogInit:  - supports HTTP deflate (compression) using libz 1.2.8
LogInit:  - other features:
LogInit:      CURL_VERSION_SSL
LogInit:      CURL_VERSION_LIBZ
LogInit:      CURL_VERSION_IPV6
LogInit:      CURL_VERSION_ASYNCHDNS
LogInit:      CURL_VERSION_LARGEFILE
LogInit:      CURL_VERSION_IDN
LogInit:  CurlRequestOptions (configurable via config and command line):
LogInit:  - bVerifyPeer = true  - Libcurl will verify peer certificate
LogInit:  - bUseHttpProxy = false  - Libcurl will NOT use HTTP proxy
LogInit:  - bDontReuseConnections = false  - Libcurl will reuse connections
LogInit:  - MaxHostConnections = 16  - Libcurl will limit the number of connections to a host
LogInit:  - LocalHostAddr = Default
LogInit:  - BufferSize = 65536
LogOnline: OSS: Creating online subsystem instance for: NULL
LogInit: WinSock: version 1.1 (2.2), MaxSocks=32767, MaxUdp=65467
LogOnline: OSS: TryLoadSubsystemAndSetDefault: Loaded subsystem for module [NULL]
LogOculusPluginWrapper: OculusPlugin initialized successfully
LogHMD: Failed initializing OVRPlugin 1.59.0
LogInit: Build: ++UE4+Release-4.27-CL-18319896
LogInit: Engine Version: 4.27.2-18319896+++UE4+Release-4.27
LogInit: Compatible Engine Version: 4.27.0-17155196+++UE4+Release-4.27
LogInit: Net CL: 17155196
LogInit: OS: Windows 10 (Release 2009) (), CPU: Intel(R) Core(TM) i5-10400F CPU @ 2.90GHz, GPU: AMD Radeon RX 580 2048SP
LogInit: Compiled (64-bit): Nov 30 2021 07:12:08
LogInit: Compiled with Visual C++: 19.24.28315.00
LogInit: Build Configuration: Development
LogInit: Branch Name: ++UE4+Release-4.27
LogInit: Command Line: 
LogInit: Base Directory: C:/Program Files/Epic Games/UE_4.27/Engine/Binaries/Win64/
LogInit: Allocator: TBB
LogInit: Installed Engine Build: 1
LogDevObjectVersion: Number of dev versions registered: 29
LogDevObjectVersion:   Dev-Blueprints (B0D832E4-1F89-4F0D-ACCF-7EB736FD4AA2): 10
LogDevObjectVersion:   Dev-Build (E1C64328-A22C-4D53-A36C-8E866417BD8C): 0
LogDevObjectVersion:   Dev-Core (375EC13C-06E4-48FB-B500-84F0262A717E): 4
LogDevObjectVersion:   Dev-Editor (E4B068ED-F494-42E9-A231-DA0B2E46BB41): 40
LogDevObjectVersion:   Dev-Framework (CFFC743F-43B0-4480-9391-14DF171D2073): 37
LogDevObjectVersion:   Dev-Mobile (B02B49B5-BB20-44E9-A304-32B752E40360): 3
LogDevObjectVersion:   Dev-Networking (A4E4105C-59A1-49B5-A7C5-40C4547EDFEE): 0
LogDevObjectVersion:   Dev-Online (39C831C9-5AE6-47DC-9A44-9C173E1C8E7C): 0
LogDevObjectVersion:   Dev-Physics (78F01B33-EBEA-4F98-B9B4-84EACCB95AA2): 14
LogDevObjectVersion:   Dev-Platform (6631380F-2D4D-43E0-8009-CF276956A95A): 0
LogDevObjectVersion:   Dev-Rendering (12F88B9F-8875-4AFC-A67C-D90C383ABD29): 45
LogDevObjectVersion:   Dev-Sequencer (7B5AE74C-D270-4C10-A958-57980B212A5A): 13
LogDevObjectVersion:   Dev-VR (D7296918-1DD6-4BDD-9DE2-64A83CC13884): 3
LogDevObjectVersion:   Dev-LoadTimes (C2A15278-BFE7-4AFE-6C17-90FF531DF755): 1
LogDevObjectVersion:   Private-Geometry (6EACA3D4-40EC-4CC1-B786-8BED09428FC5): 3
LogDevObjectVersion:   Dev-AnimPhys (29E575DD-E0A3-4627-9D10-D276232CDCEA): 17
LogDevObjectVersion:   Dev-Anim (AF43A65D-7FD3-4947-9873-3E8ED9C1BB05): 15
LogDevObjectVersion:   Dev-ReflectionCapture (6B266CEC-1EC7-4B8F-A30B-E4D90942FC07): 1
LogDevObjectVersion:   Dev-Automation (0DF73D61-A23F-47EA-B727-89E90C41499A): 1
LogDevObjectVersion:   FortniteMain (601D1886-AC64-4F84-AA16-D3DE0DEAC7D6): 47
LogDevObjectVersion:   FortniteRelease (E7086368-6B23-4C58-8439-1B7016265E91): 1
LogDevObjectVersion:   Dev-Enterprise (9DFFBCD6-494F-0158-E221-12823C92A888): 10
LogDevObjectVersion:   Dev-Niagara (F2AED0AC-9AFE-416F-8664-AA7FFA26D6FC): 1
LogDevObjectVersion:   Dev-Destruction (174F1F0B-B4C6-45A5-B13F-2EE8D0FB917D): 10
LogDevObjectVersion:   Dev-Physics-Ext (35F94A83-E258-406C-A318-09F59610247C): 41
LogDevObjectVersion:   Dev-PhysicsMaterial-Chaos (B68FC16E-8B1B-42E2-B453-215C058844FE): 1
LogDevObjectVersion:   Dev-CineCamera (B2E18506-4273-CFC2-A54E-F4BB758BBA07): 1
LogDevObjectVersion:   Dev-VirtualProduction (64F58936-FD1B-42BA-BA96-7289D5D0FA4E): 1
LogDevObjectVersion:   Dev-MediaFramework (6F0ED827-A609-4895-9C91-998D90180EA4): 2
LogInit: Presizing for max 25165824 objects, including 0 objects not considered by GC, pre-allocating 0 bytes for permanent pool.
LogConfig: Applying CVar settings from Section [/Script/Engine.StreamingSettings] File [C:/Users/Playeroth/Documents/EscapeTheBackrooms--Mods/ETBModTemplate - Copia (2)/Saved/Config/Windows/Engine.ini]
LogConfig: Setting CVar [[s.MinBulkDataSizeForAsyncLoading:131072]]
LogConfig: Setting CVar [[s.AsyncLoadingThreadEnabled:0]]
LogConfig: Setting CVar [[s.EventDrivenLoaderEnabled:1]]
LogConfig: Setting CVar [[s.WarnIfTimeLimitExceeded:0]]
LogConfig: Setting CVar [[s.TimeLimitExceededMultiplier:1.5]]
LogConfig: Setting CVar [[s.TimeLimitExceededMinTime:0.005]]
LogConfig: Setting CVar [[s.UseBackgroundLevelStreaming:1]]
LogConfig: Setting CVar [[s.PriorityAsyncLoadingExtraTime:15.0]]
LogConfig: Setting CVar [[s.LevelStreamingActorsUpdateTimeLimit:5.0]]
LogConfig: Setting CVar [[s.PriorityLevelStreamingActorsUpdateExtraTime:5.0]]
LogConfig: Setting CVar [[s.LevelStreamingComponentsRegistrationGranularity:10]]
LogConfig: Setting CVar [[s.UnregisterComponentsTimeLimit:1.0]]
LogConfig: Setting CVar [[s.LevelStreamingComponentsUnregistrationGranularity:5]]
LogConfig: Setting CVar [[s.FlushStreamingOnExit:1]]
LogInit: Object subsystem initialized
LogConfig: Setting CVar [[con.DebugEarlyDefault:1]]
LogConfig: Setting CVar [[r.setres:1280x720]]
[2025.04.15-20.26.43:043][  0]LogConfig: Setting CVar [[r.VSync:0]]
[2025.04.15-20.26.43:043][  0]LogConfig: Setting CVar [[r.RHICmdBypass:0]]
[2025.04.15-20.26.43:043][  0]LogConfig: Applying CVar settings from Section [/Script/Engine.RendererSettings] File [C:/Users/Playeroth/Documents/EscapeTheBackrooms--Mods/ETBModTemplate - Copia (2)/Saved/Config/Windows/Engine.ini]
[2025.04.15-20.26.43:043][  0]LogConfig: Setting CVar [[r.GPUCrashDebugging:0]]
[2025.04.15-20.26.43:043][  0]LogConfig: Setting CVar [[r.DefaultFeature.AutoExposure.ExtendDefaultLuminanceRange:1]]
[2025.04.15-20.26.43:043][  0]LogConfig: Applying CVar settings from Section [/Script/Engine.RendererOverrideSettings] File [C:/Users/Playeroth/Documents/EscapeTheBackrooms--Mods/ETBModTemplate - Copia (2)/Saved/Config/Windows/Engine.ini]
[2025.04.15-20.26.43:043][  0]LogConfig: Applying CVar settings from Section [/Script/Engine.StreamingSettings] File [C:/Users/Playeroth/Documents/EscapeTheBackrooms--Mods/ETBModTemplate - Copia (2)/Saved/Config/Windows/Engine.ini]
[2025.04.15-20.26.43:043][  0]LogConfig: Setting CVar [[s.MinBulkDataSizeForAsyncLoading:131072]]
[2025.04.15-20.26.43:043][  0]LogConfig: Setting CVar [[s.AsyncLoadingThreadEnabled:0]]
[2025.04.15-20.26.43:043][  0]LogConfig: Setting CVar [[s.EventDrivenLoaderEnabled:1]]
[2025.04.15-20.26.43:043][  0]LogConfig: Setting CVar [[s.WarnIfTimeLimitExceeded:0]]
[2025.04.15-20.26.43:043][  0]LogConfig: Setting CVar [[s.TimeLimitExceededMultiplier:1.5]]
[2025.04.15-20.26.43:043][  0]LogConfig: Setting CVar [[s.TimeLimitExceededMinTime:0.005]]
[2025.04.15-20.26.43:043][  0]LogConfig: Setting CVar [[s.UseBackgroundLevelStreaming:1]]
[2025.04.15-20.26.43:043][  0]LogConfig: Setting CVar [[s.PriorityAsyncLoadingExtraTime:15.0]]
[2025.04.15-20.26.43:043][  0]LogConfig: Setting CVar [[s.LevelStreamingActorsUpdateTimeLimit:5.0]]
[2025.04.15-20.26.43:043][  0]LogConfig: Setting CVar [[s.PriorityLevelStreamingActorsUpdateExtraTime:5.0]]
[2025.04.15-20.26.43:043][  0]LogConfig: Setting CVar [[s.LevelStreamingComponentsRegistrationGranularity:10]]
[2025.04.15-20.26.43:043][  0]LogConfig: Setting CVar [[s.UnregisterComponentsTimeLimit:1.0]]
[2025.04.15-20.26.43:043][  0]LogConfig: Setting CVar [[s.LevelStreamingComponentsUnregistrationGranularity:5]]
[2025.04.15-20.26.43:043][  0]LogConfig: Setting CVar [[s.FlushStreamingOnExit:1]]
[2025.04.15-20.26.43:043][  0]LogConfig: Applying CVar settings from Section [/Script/Engine.GarbageCollectionSettings] File [C:/Users/Playeroth/Documents/EscapeTheBackrooms--Mods/ETBModTemplate - Copia (2)/Saved/Config/Windows/Engine.ini]
[2025.04.15-20.26.43:043][  0]LogConfig: Setting CVar [[gc.MaxObjectsNotConsideredByGC:1]]
[2025.04.15-20.26.43:043][  0]LogConfig: Setting CVar [[gc.SizeOfPermanentObjectPool:0]]
[2025.04.15-20.26.43:043][  0]LogConfig: Setting CVar [[gc.FlushStreamingOnGC:0]]
[2025.04.15-20.26.43:043][  0]LogConfig: Setting CVar [[gc.NumRetriesBeforeForcingGC:10]]
[2025.04.15-20.26.43:043][  0]LogConfig: Setting CVar [[gc.AllowParallelGC:1]]
[2025.04.15-20.26.43:043][  0]LogConfig: Setting CVar [[gc.TimeBetweenPurgingPendingKillObjects:61.1]]
[2025.04.15-20.26.43:043][  0]LogConfig: Setting CVar [[gc.MaxObjectsInEditor:25165824]]
[2025.04.15-20.26.43:043][  0]LogConfig: Setting CVar [[gc.IncrementalBeginDestroyEnabled:1]]
[2025.04.15-20.26.43:043][  0]LogConfig: Setting CVar [[gc.CreateGCClusters:1]]
[2025.04.15-20.26.43:043][  0]LogConfig: Setting CVar [[gc.MinGCClusterSize:5]]
[2025.04.15-20.26.43:043][  0]LogConfig: Setting CVar [[gc.ActorClusteringEnabled:0]]
[2025.04.15-20.26.43:043][  0]LogConfig: Setting CVar [[gc.BlueprintClusteringEnabled:0]]
[2025.04.15-20.26.43:043][  0]LogConfig: Setting CVar [[gc.UseDisregardForGCOnDedicatedServers:0]]
[2025.04.15-20.26.43:043][  0]LogConfig: Setting CVar [[gc.MultithreadedDestructionEnabled:1]]
[2025.04.15-20.26.43:043][  0]LogConfig: Applying CVar settings from Section [/Script/Engine.NetworkSettings] File [C:/Users/Playeroth/Documents/EscapeTheBackrooms--Mods/ETBModTemplate - Copia (2)/Saved/Config/Windows/Engine.ini]
[2025.04.15-20.26.43:043][  0]LogConfig: Applying CVar settings from Section [/Script/UnrealEd.CookerSettings] File [C:/Users/Playeroth/Documents/EscapeTheBackrooms--Mods/ETBModTemplate - Copia (2)/Saved/Config/Windows/Engine.ini]
[2025.04.15-20.26.43:061][  0]LogConfig: Applying CVar settings from Section [ViewDistanceQuality@3] File [C:/Users/Playeroth/Documents/EscapeTheBackrooms--Mods/ETBModTemplate - Copia (2)/Saved/Config/Windows/Scalability.ini]
[2025.04.15-20.26.43:061][  0]LogConfig: Setting CVar [[r.SkeletalMeshLODBias:0]]
[2025.04.15-20.26.43:061][  0]LogConfig: Setting CVar [[r.ViewDistanceScale:1.0]]
[2025.04.15-20.26.43:061][  0]LogConfig: Applying CVar settings from Section [AntiAliasingQuality@3] File [C:/Users/Playeroth/Documents/EscapeTheBackrooms--Mods/ETBModTemplate - Copia (2)/Saved/Config/Windows/Scalability.ini]
[2025.04.15-20.26.43:061][  0]LogConfig: Setting CVar [[r.PostProcessAAQuality:4]]
[2025.04.15-20.26.43:061][  0]LogConfig: Applying CVar settings from Section [ShadowQuality@3] File [C:/Users/Playeroth/Documents/EscapeTheBackrooms--Mods/ETBModTemplate - Copia (2)/Saved/Config/Windows/Scalability.ini]
[2025.04.15-20.26.43:061][  0]LogConfig: Setting CVar [[r.LightFunctionQuality:1]]
[2025.04.15-20.26.43:061][  0]LogConfig: Setting CVar [[r.ShadowQuality:5]]
[2025.04.15-20.26.43:061][  0]LogConfig: Setting CVar [[r.Shadow.CSM.MaxCascades:10]]
[2025.04.15-20.26.43:061][  0]LogConfig: Setting CVar [[r.Shadow.MaxResolution:2048]]
[2025.04.15-20.26.43:061][  0]LogConfig: Setting CVar [[r.Shadow.MaxCSMResolution:2048]]
[2025.04.15-20.26.43:061][  0]LogConfig: Setting CVar [[r.Shadow.RadiusThreshold:0.01]]
[2025.04.15-20.26.43:061][  0]LogConfig: Setting CVar [[r.Shadow.DistanceScale:1.0]]
[2025.04.15-20.26.43:061][  0]LogConfig: Setting CVar [[r.Shadow.CSM.TransitionScale:1.0]]
[2025.04.15-20.26.43:061][  0]LogConfig: Setting CVar [[r.Shadow.PreShadowResolutionFactor:1.0]]
[2025.04.15-20.26.43:061][  0]LogConfig: Setting CVar [[r.DistanceFieldShadowing:1]]
[2025.04.15-20.26.43:061][  0]LogConfig: Setting CVar [[r.DistanceFieldAO:1]]
[2025.04.15-20.26.43:061][  0]LogConfig: Setting CVar [[r.AOQuality:2]]
[2025.04.15-20.26.43:061][  0]LogConfig: Setting CVar [[r.VolumetricFog:1]]
[2025.04.15-20.26.43:061][  0]LogConfig: Setting CVar [[r.VolumetricFog.GridPixelSize:8]]
[2025.04.15-20.26.43:061][  0]LogConfig: Setting CVar [[r.VolumetricFog.GridSizeZ:128]]
[2025.04.15-20.26.43:061][  0]LogConfig: Setting CVar [[r.VolumetricFog.HistoryMissSupersampleCount:4]]
[2025.04.15-20.26.43:062][  0]LogConfig: Setting CVar [[r.LightMaxDrawDistanceScale:1]]
[2025.04.15-20.26.43:062][  0]LogConfig: Setting CVar [[r.CapsuleShadows:1]]
[2025.04.15-20.26.43:062][  0]LogConfig: Applying CVar settings from Section [PostProcessQuality@3] File [C:/Users/Playeroth/Documents/EscapeTheBackrooms--Mods/ETBModTemplate - Copia (2)/Saved/Config/Windows/Scalability.ini]
[2025.04.15-20.26.43:062][  0]LogConfig: Setting CVar [[r.MotionBlurQuality:4]]
[2025.04.15-20.26.43:062][  0]LogConfig: Setting CVar [[r.AmbientOcclusionMipLevelFactor:0.4]]
[2025.04.15-20.26.43:062][  0]LogConfig: Setting CVar [[r.AmbientOcclusionMaxQuality:100]]
[2025.04.15-20.26.43:062][  0]LogConfig: Setting CVar [[r.AmbientOcclusionLevels:-1]]
[2025.04.15-20.26.43:062][  0]LogConfig: Setting CVar [[r.AmbientOcclusionRadiusScale:1.0]]
[2025.04.15-20.26.43:062][  0]LogConfig: Setting CVar [[r.DepthOfFieldQuality:2]]
[2025.04.15-20.26.43:062][  0]LogConfig: Setting CVar [[r.RenderTargetPoolMin:400]]
[2025.04.15-20.26.43:062][  0]LogConfig: Setting CVar [[r.LensFlareQuality:2]]
[2025.04.15-20.26.43:062][  0]LogConfig: Setting CVar [[r.SceneColorFringeQuality:1]]
[2025.04.15-20.26.43:062][  0]LogConfig: Setting CVar [[r.EyeAdaptationQuality:2]]
[2025.04.15-20.26.43:062][  0]LogConfig: Setting CVar [[r.BloomQuality:5]]
[2025.04.15-20.26.43:062][  0]LogConfig: Setting CVar [[r.FastBlurThreshold:100]]
[2025.04.15-20.26.43:062][  0]LogConfig: Setting CVar [[r.Upscale.Quality:3]]
[2025.04.15-20.26.43:062][  0]LogConfig: Setting CVar [[r.Tonemapper.GrainQuantization:1]]
[2025.04.15-20.26.43:062][  0]LogConfig: Setting CVar [[r.LightShaftQuality:1]]
[2025.04.15-20.26.43:062][  0]LogConfig: Setting CVar [[r.Filter.SizeScale:1]]
[2025.04.15-20.26.43:062][  0]LogConfig: Setting CVar [[r.Tonemapper.Quality:5]]
[2025.04.15-20.26.43:062][  0]LogConfig: Setting CVar [[r.DOF.Gather.AccumulatorQuality:1        ; higher gathering accumulator quality]]
[2025.04.15-20.26.43:062][  0]LogConfig: Setting CVar [[r.DOF.Gather.PostfilterMethod:1          ; Median3x3 postfilering method]]
[2025.04.15-20.26.43:062][  0]LogConfig: Setting CVar [[r.DOF.Gather.EnableBokehSettings:0       ; no bokeh simulation when gathering]]
[2025.04.15-20.26.43:062][  0]LogConfig: Setting CVar [[r.DOF.Gather.RingCount:4                 ; medium number of samples when gathering]]
[2025.04.15-20.26.43:062][  0]LogConfig: Setting CVar [[r.DOF.Scatter.ForegroundCompositing:1    ; additive foreground scattering]]
[2025.04.15-20.26.43:062][  0]LogConfig: Setting CVar [[r.DOF.Scatter.BackgroundCompositing:2    ; additive background scattering]]
[2025.04.15-20.26.43:062][  0]LogConfig: Setting CVar [[r.DOF.Scatter.EnableBokehSettings:1      ; bokeh simulation when scattering]]
[2025.04.15-20.26.43:062][  0]LogConfig: Setting CVar [[r.DOF.Scatter.MaxSpriteRatio:0.1         ; only a maximum of 10% of scattered bokeh]]
[2025.04.15-20.26.43:062][  0]LogConfig: Setting CVar [[r.DOF.Recombine.Quality:1                ; cheap slight out of focus]]
[2025.04.15-20.26.43:062][  0]LogConfig: Setting CVar [[r.DOF.Recombine.EnableBokehSettings:0    ; no bokeh simulation on slight out of focus]]
[2025.04.15-20.26.43:062][  0]LogConfig: Setting CVar [[r.DOF.TemporalAAQuality:1                ; more stable temporal accumulation]]
[2025.04.15-20.26.43:062][  0]LogConfig: Setting CVar [[r.DOF.Kernel.MaxForegroundRadius:0.025]]
[2025.04.15-20.26.43:062][  0]LogConfig: Setting CVar [[r.DOF.Kernel.MaxBackgroundRadius:0.025]]
[2025.04.15-20.26.43:062][  0]LogConfig: Applying CVar settings from Section [TextureQuality@3] File [C:/Users/Playeroth/Documents/EscapeTheBackrooms--Mods/ETBModTemplate - Copia (2)/Saved/Config/Windows/Scalability.ini]
[2025.04.15-20.26.43:062][  0]LogConfig: Setting CVar [[r.Streaming.MipBias:0]]
[2025.04.15-20.26.43:062][  0]LogConfig: Setting CVar [[r.Streaming.AmortizeCPUToGPUCopy:0]]
[2025.04.15-20.26.43:062][  0]LogConfig: Setting CVar [[r.Streaming.MaxNumTexturesToStreamPerFrame:0]]
[2025.04.15-20.26.43:062][  0]LogConfig: Setting CVar [[r.Streaming.Boost:1]]
[2025.04.15-20.26.43:062][  0]LogConfig: Setting CVar [[r.MaxAnisotropy:8]]
[2025.04.15-20.26.43:062][  0]LogConfig: Setting CVar [[r.VT.MaxAnisotropy:8]]
[2025.04.15-20.26.43:062][  0]LogConfig: Setting CVar [[r.Streaming.LimitPoolSizeToVRAM:0]]
[2025.04.15-20.26.43:062][  0]LogConfig: Setting CVar [[r.Streaming.PoolSize:1000]]
[2025.04.15-20.26.43:062][  0]LogConfig: Setting CVar [[r.Streaming.MaxEffectiveScreenSize:0]]
[2025.04.15-20.26.43:062][  0]LogConfig: Applying CVar settings from Section [EffectsQuality@3] File [C:/Users/Playeroth/Documents/EscapeTheBackrooms--Mods/ETBModTemplate - Copia (2)/Saved/Config/Windows/Scalability.ini]
[2025.04.15-20.26.43:062][  0]LogConfig: Setting CVar [[r.TranslucencyLightingVolumeDim:64]]
[2025.04.15-20.26.43:062][  0]LogConfig: Setting CVar [[r.RefractionQuality:2]]
[2025.04.15-20.26.43:062][  0]LogConfig: Setting CVar [[r.SSR.Quality:3]]
[2025.04.15-20.26.43:062][  0]LogConfig: Setting CVar [[r.SSR.HalfResSceneColor:0]]
[2025.04.15-20.26.43:062][  0]LogConfig: Setting CVar [[r.SceneColorFormat:4]]
[2025.04.15-20.26.43:062][  0]LogConfig: Setting CVar [[r.DetailMode:2]]
[2025.04.15-20.26.43:062][  0]LogConfig: Setting CVar [[r.TranslucencyVolumeBlur:1]]
[2025.04.15-20.26.43:062][  0]LogConfig: Setting CVar [[r.MaterialQualityLevel:1 ; High quality]]
[2025.04.15-20.26.43:062][  0]LogConfig: Setting CVar [[r.AnisotropicMaterials:1]]
[2025.04.15-20.26.43:062][  0]LogConfig: Setting CVar [[r.SSS.Scale:1]]
[2025.04.15-20.26.43:062][  0]LogConfig: Setting CVar [[r.SSS.SampleSet:2]]
[2025.04.15-20.26.43:062][  0]LogConfig: Setting CVar [[r.SSS.Quality:1]]
[2025.04.15-20.26.43:062][  0]LogConfig: Setting CVar [[r.SSS.HalfRes:0]]
[2025.04.15-20.26.43:062][  0]LogConfig: Setting CVar [[r.SSGI.Quality:3]]
[2025.04.15-20.26.43:062][  0]LogConfig: Setting CVar [[r.EmitterSpawnRateScale:1.0]]
[2025.04.15-20.26.43:062][  0]LogConfig: Setting CVar [[r.ParticleLightQuality:2]]
[2025.04.15-20.26.43:062][  0]LogConfig: Setting CVar [[r.SkyAtmosphere.AerialPerspectiveLUT.FastApplyOnOpaque:1 ; Always have FastSkyLUT 1 in this case to avoid wrong sky]]
[2025.04.15-20.26.43:062][  0]LogConfig: Setting CVar [[r.SkyAtmosphere.AerialPerspectiveLUT.SampleCountMaxPerSlice:4]]
[2025.04.15-20.26.43:062][  0]LogConfig: Setting CVar [[r.SkyAtmosphere.AerialPerspectiveLUT.DepthResolution:16.0]]
[2025.04.15-20.26.43:062][  0]LogConfig: Setting CVar [[r.SkyAtmosphere.FastSkyLUT:1]]
[2025.04.15-20.26.43:062][  0]LogConfig: Setting CVar [[r.SkyAtmosphere.FastSkyLUT.SampleCountMin:4.0]]
[2025.04.15-20.26.43:062][  0]LogConfig: Setting CVar [[r.SkyAtmosphere.FastSkyLUT.SampleCountMax:128.0]]
[2025.04.15-20.26.43:062][  0]LogConfig: Setting CVar [[r.SkyAtmosphere.SampleCountMin:4.0]]
[2025.04.15-20.26.43:062][  0]LogConfig: Setting CVar [[r.SkyAtmosphere.SampleCountMax:128.0]]
[2025.04.15-20.26.43:062][  0]LogConfig: Setting CVar [[r.SkyAtmosphere.TransmittanceLUT.UseSmallFormat:0]]
[2025.04.15-20.26.43:062][  0]LogConfig: Setting CVar [[r.SkyAtmosphere.TransmittanceLUT.SampleCount:10.0]]
[2025.04.15-20.26.43:062][  0]LogConfig: Setting CVar [[r.SkyAtmosphere.MultiScatteringLUT.SampleCount:15.0]]
[2025.04.15-20.26.43:062][  0]LogConfig: Setting CVar [[r.SkyLight.RealTimeReflectionCapture:1]]
[2025.04.15-20.26.43:062][  0]LogConfig: Applying CVar settings from Section [FoliageQuality@3] File [C:/Users/Playeroth/Documents/EscapeTheBackrooms--Mods/ETBModTemplate - Copia (2)/Saved/Config/Windows/Scalability.ini]
[2025.04.15-20.26.43:062][  0]LogConfig: Setting CVar [[foliage.DensityScale:1.0]]
[2025.04.15-20.26.43:062][  0]LogConfig: Setting CVar [[grass.DensityScale:1.0]]
[2025.04.15-20.26.43:062][  0]LogConfig: Applying CVar settings from Section [ShadingQuality@3] File [C:/Users/Playeroth/Documents/EscapeTheBackrooms--Mods/ETBModTemplate - Copia (2)/Saved/Config/Windows/Scalability.ini]
[2025.04.15-20.26.43:062][  0]LogConfig: Setting CVar [[r.HairStrands.SkyLighting.IntegrationType:2]]
[2025.04.15-20.26.43:062][  0]LogConfig: Setting CVar [[r.HairStrands.SkyAO.SampleCount:4]]
[2025.04.15-20.26.43:062][  0]LogConfig: Setting CVar [[r.HairStrands.Visibility.MSAA.SamplePerPixel:4]]
[2025.04.15-20.26.43:062][  0]LogInit: Selected Device Profile: [Windows]
[2025.04.15-20.26.43:062][  0]LogInit: Applying CVar settings loaded from the selected device profile: [Windows]
[2025.04.15-20.26.43:062][  0]LogHAL: Display: Platform has ~ 16 GB [17045495808 / 17179869184 / 16], which maps to Larger [LargestMinGB=32, LargerMinGB=12, DefaultMinGB=8, SmallerMinGB=6, SmallestMinGB=0)
[2025.04.15-20.26.43:062][  0]LogInit: Going up to parent DeviceProfile []
[2025.04.15-20.26.43:062][  0]LogConfig: Applying CVar settings from Section [ViewDistanceQuality@3] File [C:/Users/Playeroth/Documents/EscapeTheBackrooms--Mods/ETBModTemplate - Copia (2)/Saved/Config/Windows/Scalability.ini]
[2025.04.15-20.26.43:063][  0]LogConfig: Setting CVar [[r.SkeletalMeshLODBias:0]]
[2025.04.15-20.26.43:063][  0]LogConfig: Setting CVar [[r.ViewDistanceScale:1.0]]
[2025.04.15-20.26.43:063][  0]LogConfig: Applying CVar settings from Section [AntiAliasingQuality@3] File [C:/Users/Playeroth/Documents/EscapeTheBackrooms--Mods/ETBModTemplate - Copia (2)/Saved/Config/Windows/Scalability.ini]
[2025.04.15-20.26.43:063][  0]LogConfig: Setting CVar [[r.PostProcessAAQuality:4]]
[2025.04.15-20.26.43:063][  0]LogConfig: Applying CVar settings from Section [ShadowQuality@3] File [C:/Users/Playeroth/Documents/EscapeTheBackrooms--Mods/ETBModTemplate - Copia (2)/Saved/Config/Windows/Scalability.ini]
[2025.04.15-20.26.43:063][  0]LogConfig: Setting CVar [[r.LightFunctionQuality:1]]
[2025.04.15-20.26.43:063][  0]LogConfig: Setting CVar [[r.ShadowQuality:5]]
[2025.04.15-20.26.43:063][  0]LogConfig: Setting CVar [[r.Shadow.CSM.MaxCascades:10]]
[2025.04.15-20.26.43:063][  0]LogConfig: Setting CVar [[r.Shadow.MaxResolution:2048]]
[2025.04.15-20.26.43:063][  0]LogConfig: Setting CVar [[r.Shadow.MaxCSMResolution:2048]]
[2025.04.15-20.26.43:063][  0]LogConfig: Setting CVar [[r.Shadow.RadiusThreshold:0.01]]
[2025.04.15-20.26.43:063][  0]LogConfig: Setting CVar [[r.Shadow.DistanceScale:1.0]]
[2025.04.15-20.26.43:063][  0]LogConfig: Setting CVar [[r.Shadow.CSM.TransitionScale:1.0]]
[2025.04.15-20.26.43:063][  0]LogConfig: Setting CVar [[r.Shadow.PreShadowResolutionFactor:1.0]]
[2025.04.15-20.26.43:063][  0]LogConfig: Setting CVar [[r.DistanceFieldShadowing:1]]
[2025.04.15-20.26.43:063][  0]LogConfig: Setting CVar [[r.DistanceFieldAO:1]]
[2025.04.15-20.26.43:063][  0]LogConfig: Setting CVar [[r.AOQuality:2]]
[2025.04.15-20.26.43:063][  0]LogConfig: Setting CVar [[r.VolumetricFog:1]]
[2025.04.15-20.26.43:063][  0]LogConfig: Setting CVar [[r.VolumetricFog.GridPixelSize:8]]
[2025.04.15-20.26.43:063][  0]LogConfig: Setting CVar [[r.VolumetricFog.GridSizeZ:128]]
[2025.04.15-20.26.43:063][  0]LogConfig: Setting CVar [[r.VolumetricFog.HistoryMissSupersampleCount:4]]
[2025.04.15-20.26.43:063][  0]LogConfig: Setting CVar [[r.LightMaxDrawDistanceScale:1]]
[2025.04.15-20.26.43:063][  0]LogConfig: Setting CVar [[r.CapsuleShadows:1]]
[2025.04.15-20.26.43:063][  0]LogConfig: Applying CVar settings from Section [PostProcessQuality@3] File [C:/Users/Playeroth/Documents/EscapeTheBackrooms--Mods/ETBModTemplate - Copia (2)/Saved/Config/Windows/Scalability.ini]
[2025.04.15-20.26.43:063][  0]LogConfig: Setting CVar [[r.MotionBlurQuality:4]]
[2025.04.15-20.26.43:063][  0]LogConfig: Setting CVar [[r.AmbientOcclusionMipLevelFactor:0.4]]
[2025.04.15-20.26.43:063][  0]LogConfig: Setting CVar [[r.AmbientOcclusionMaxQuality:100]]
[2025.04.15-20.26.43:063][  0]LogConfig: Setting CVar [[r.AmbientOcclusionLevels:-1]]
[2025.04.15-20.26.43:063][  0]LogConfig: Setting CVar [[r.AmbientOcclusionRadiusScale:1.0]]
[2025.04.15-20.26.43:063][  0]LogConfig: Setting CVar [[r.DepthOfFieldQuality:2]]
[2025.04.15-20.26.43:063][  0]LogConfig: Setting CVar [[r.RenderTargetPoolMin:400]]
[2025.04.15-20.26.43:063][  0]LogConfig: Setting CVar [[r.LensFlareQuality:2]]
[2025.04.15-20.26.43:063][  0]LogConfig: Setting CVar [[r.SceneColorFringeQuality:1]]
[2025.04.15-20.26.43:063][  0]LogConfig: Setting CVar [[r.EyeAdaptationQuality:2]]
[2025.04.15-20.26.43:063][  0]LogConfig: Setting CVar [[r.BloomQuality:5]]
[2025.04.15-20.26.43:063][  0]LogConfig: Setting CVar [[r.FastBlurThreshold:100]]
[2025.04.15-20.26.43:063][  0]LogConfig: Setting CVar [[r.Upscale.Quality:3]]
[2025.04.15-20.26.43:063][  0]LogConfig: Setting CVar [[r.Tonemapper.GrainQuantization:1]]
[2025.04.15-20.26.43:063][  0]LogConfig: Setting CVar [[r.LightShaftQuality:1]]
[2025.04.15-20.26.43:063][  0]LogConfig: Setting CVar [[r.Filter.SizeScale:1]]
[2025.04.15-20.26.43:063][  0]LogConfig: Setting CVar [[r.Tonemapper.Quality:5]]
[2025.04.15-20.26.43:063][  0]LogConfig: Setting CVar [[r.DOF.Gather.AccumulatorQuality:1        ; higher gathering accumulator quality]]
[2025.04.15-20.26.43:063][  0]LogConfig: Setting CVar [[r.DOF.Gather.PostfilterMethod:1          ; Median3x3 postfilering method]]
[2025.04.15-20.26.43:063][  0]LogConfig: Setting CVar [[r.DOF.Gather.EnableBokehSettings:0       ; no bokeh simulation when gathering]]
[2025.04.15-20.26.43:063][  0]LogConfig: Setting CVar [[r.DOF.Gather.RingCount:4                 ; medium number of samples when gathering]]
[2025.04.15-20.26.43:063][  0]LogConfig: Setting CVar [[r.DOF.Scatter.ForegroundCompositing:1    ; additive foreground scattering]]
[2025.04.15-20.26.43:063][  0]LogConfig: Setting CVar [[r.DOF.Scatter.BackgroundCompositing:2    ; additive background scattering]]
[2025.04.15-20.26.43:063][  0]LogConfig: Setting CVar [[r.DOF.Scatter.EnableBokehSettings:1      ; bokeh simulation when scattering]]
[2025.04.15-20.26.43:063][  0]LogConfig: Setting CVar [[r.DOF.Scatter.MaxSpriteRatio:0.1         ; only a maximum of 10% of scattered bokeh]]
[2025.04.15-20.26.43:063][  0]LogConfig: Setting CVar [[r.DOF.Recombine.Quality:1                ; cheap slight out of focus]]
[2025.04.15-20.26.43:063][  0]LogConfig: Setting CVar [[r.DOF.Recombine.EnableBokehSettings:0    ; no bokeh simulation on slight out of focus]]
[2025.04.15-20.26.43:063][  0]LogConfig: Setting CVar [[r.DOF.TemporalAAQuality:1                ; more stable temporal accumulation]]
[2025.04.15-20.26.43:063][  0]LogConfig: Setting CVar [[r.DOF.Kernel.MaxForegroundRadius:0.025]]
[2025.04.15-20.26.43:063][  0]LogConfig: Setting CVar [[r.DOF.Kernel.MaxBackgroundRadius:0.025]]
[2025.04.15-20.26.43:063][  0]LogConfig: Applying CVar settings from Section [TextureQuality@3] File [C:/Users/Playeroth/Documents/EscapeTheBackrooms--Mods/ETBModTemplate - Copia (2)/Saved/Config/Windows/Scalability.ini]
[2025.04.15-20.26.43:063][  0]LogConfig: Setting CVar [[r.Streaming.MipBias:0]]
[2025.04.15-20.26.43:063][  0]LogConfig: Setting CVar [[r.Streaming.AmortizeCPUToGPUCopy:0]]
[2025.04.15-20.26.43:063][  0]LogConfig: Setting CVar [[r.Streaming.MaxNumTexturesToStreamPerFrame:0]]
[2025.04.15-20.26.43:063][  0]LogConfig: Setting CVar [[r.Streaming.Boost:1]]
[2025.04.15-20.26.43:063][  0]LogConfig: Setting CVar [[r.MaxAnisotropy:8]]
[2025.04.15-20.26.43:063][  0]LogConfig: Setting CVar [[r.VT.MaxAnisotropy:8]]
[2025.04.15-20.26.43:063][  0]LogConfig: Setting CVar [[r.Streaming.LimitPoolSizeToVRAM:0]]
[2025.04.15-20.26.43:063][  0]LogConfig: Setting CVar [[r.Streaming.PoolSize:1000]]
[2025.04.15-20.26.43:063][  0]LogConfig: Setting CVar [[r.Streaming.MaxEffectiveScreenSize:0]]
[2025.04.15-20.26.43:063][  0]LogConfig: Applying CVar settings from Section [EffectsQuality@3] File [C:/Users/Playeroth/Documents/EscapeTheBackrooms--Mods/ETBModTemplate - Copia (2)/Saved/Config/Windows/Scalability.ini]
[2025.04.15-20.26.43:063][  0]LogConfig: Setting CVar [[r.TranslucencyLightingVolumeDim:64]]
[2025.04.15-20.26.43:063][  0]LogConfig: Setting CVar [[r.RefractionQuality:2]]
[2025.04.15-20.26.43:063][  0]LogConfig: Setting CVar [[r.SSR.Quality:3]]
[2025.04.15-20.26.43:063][  0]LogConfig: Setting CVar [[r.SSR.HalfResSceneColor:0]]
[2025.04.15-20.26.43:063][  0]LogConfig: Setting CVar [[r.SceneColorFormat:4]]
[2025.04.15-20.26.43:063][  0]LogConfig: Setting CVar [[r.DetailMode:2]]
[2025.04.15-20.26.43:063][  0]LogConfig: Setting CVar [[r.TranslucencyVolumeBlur:1]]
[2025.04.15-20.26.43:063][  0]LogConfig: Setting CVar [[r.MaterialQualityLevel:1 ; High quality]]
[2025.04.15-20.26.43:063][  0]LogConfig: Setting CVar [[r.AnisotropicMaterials:1]]
[2025.04.15-20.26.43:063][  0]LogConfig: Setting CVar [[r.SSS.Scale:1]]
[2025.04.15-20.26.43:063][  0]LogConfig: Setting CVar [[r.SSS.SampleSet:2]]
[2025.04.15-20.26.43:063][  0]LogConfig: Setting CVar [[r.SSS.Quality:1]]
[2025.04.15-20.26.43:063][  0]LogConfig: Setting CVar [[r.SSS.HalfRes:0]]
[2025.04.15-20.26.43:063][  0]LogConfig: Setting CVar [[r.SSGI.Quality:3]]
[2025.04.15-20.26.43:063][  0]LogConfig: Setting CVar [[r.EmitterSpawnRateScale:1.0]]
[2025.04.15-20.26.43:063][  0]LogConfig: Setting CVar [[r.ParticleLightQuality:2]]
[2025.04.15-20.26.43:063][  0]LogConfig: Setting CVar [[r.SkyAtmosphere.AerialPerspectiveLUT.FastApplyOnOpaque:1 ; Always have FastSkyLUT 1 in this case to avoid wrong sky]]
[2025.04.15-20.26.43:063][  0]LogConfig: Setting CVar [[r.SkyAtmosphere.AerialPerspectiveLUT.SampleCountMaxPerSlice:4]]
[2025.04.15-20.26.43:063][  0]LogConfig: Setting CVar [[r.SkyAtmosphere.AerialPerspectiveLUT.DepthResolution:16.0]]
[2025.04.15-20.26.43:063][  0]LogConfig: Setting CVar [[r.SkyAtmosphere.FastSkyLUT:1]]
[2025.04.15-20.26.43:063][  0]LogConfig: Setting CVar [[r.SkyAtmosphere.FastSkyLUT.SampleCountMin:4.0]]
[2025.04.15-20.26.43:063][  0]LogConfig: Setting CVar [[r.SkyAtmosphere.FastSkyLUT.SampleCountMax:128.0]]
[2025.04.15-20.26.43:063][  0]LogConfig: Setting CVar [[r.SkyAtmosphere.SampleCountMin:4.0]]
[2025.04.15-20.26.43:063][  0]LogConfig: Setting CVar [[r.SkyAtmosphere.SampleCountMax:128.0]]
[2025.04.15-20.26.43:063][  0]LogConfig: Setting CVar [[r.SkyAtmosphere.TransmittanceLUT.UseSmallFormat:0]]
[2025.04.15-20.26.43:063][  0]LogConfig: Setting CVar [[r.SkyAtmosphere.TransmittanceLUT.SampleCount:10.0]]
[2025.04.15-20.26.43:063][  0]LogConfig: Setting CVar [[r.SkyAtmosphere.MultiScatteringLUT.SampleCount:15.0]]
[2025.04.15-20.26.43:063][  0]LogConfig: Setting CVar [[r.SkyLight.RealTimeReflectionCapture:1]]
[2025.04.15-20.26.43:063][  0]LogConfig: Applying CVar settings from Section [FoliageQuality@3] File [C:/Users/Playeroth/Documents/EscapeTheBackrooms--Mods/ETBModTemplate - Copia (2)/Saved/Config/Windows/Scalability.ini]
[2025.04.15-20.26.43:063][  0]LogConfig: Setting CVar [[foliage.DensityScale:1.0]]
[2025.04.15-20.26.43:063][  0]LogConfig: Setting CVar [[grass.DensityScale:1.0]]
[2025.04.15-20.26.43:064][  0]LogConfig: Applying CVar settings from Section [ShadingQuality@3] File [C:/Users/Playeroth/Documents/EscapeTheBackrooms--Mods/ETBModTemplate - Copia (2)/Saved/Config/Windows/Scalability.ini]
[2025.04.15-20.26.43:064][  0]LogConfig: Setting CVar [[r.HairStrands.SkyLighting.IntegrationType:2]]
[2025.04.15-20.26.43:064][  0]LogConfig: Setting CVar [[r.HairStrands.SkyAO.SampleCount:4]]
[2025.04.15-20.26.43:064][  0]LogConfig: Setting CVar [[r.HairStrands.Visibility.MSAA.SamplePerPixel:4]]
[2025.04.15-20.26.43:064][  0]LogConfig: Applying CVar settings from Section [Startup] File [../../../Engine/Config/ConsoleVariables.ini]
[2025.04.15-20.26.43:064][  0]LogConfig: Setting CVar [[net.UseAdaptiveNetUpdateFrequency:0]]
[2025.04.15-20.26.43:064][  0]LogConfig: Setting CVar [[p.chaos.AllowCreatePhysxBodies:1]]
[2025.04.15-20.26.43:064][  0]LogConfig: Setting CVar [[fx.SkipVectorVMBackendOptimizations:1]]
[2025.04.15-20.26.43:064][  0]LogConfig: Applying CVar settings from Section [ConsoleVariables] File [C:/Users/Playeroth/Documents/EscapeTheBackrooms--Mods/ETBModTemplate - Copia (2)/Saved/Config/Windows/Engine.ini]
[2025.04.15-20.26.43:064][  0]LogConfig: Applying CVar settings from Section [ConsoleVariables] File [C:/Users/Playeroth/Documents/EscapeTheBackrooms--Mods/ETBModTemplate - Copia (2)/Saved/Config/Windows/Editor.ini]
[2025.04.15-20.26.43:064][  0]LogInit: Computer: DESKTOP-PLAYER
[2025.04.15-20.26.43:064][  0]LogInit: User: Playeroth
[2025.04.15-20.26.43:064][  0]LogInit: CPU Page size=4096, Cores=6
[2025.04.15-20.26.43:064][  0]LogInit: High frequency timer resolution =10.000000 MHz
[2025.04.15-20.26.43:064][  0]LogMemory: Memory total: Physical=15.9GB (16GB approx)
[2025.04.15-20.26.43:064][  0]LogMemory: Platform Memory Stats for Windows
[2025.04.15-20.26.43:064][  0]LogMemory: Process Physical Memory: 144.59 MB used, 144.60 MB peak
[2025.04.15-20.26.43:064][  0]LogMemory: Process Virtual Memory: 129.93 MB used, 129.93 MB peak
[2025.04.15-20.26.43:064][  0]LogMemory: Physical Memory: 11317.94 MB used,  4937.91 MB free, 16255.85 MB total
[2025.04.15-20.26.43:064][  0]LogMemory: Virtual Memory: 134206760.00 MB used,  10965.59 MB free, 134217728.00 MB total
[2025.04.15-20.26.43:069][  0]LogWindows: WindowsPlatformFeatures enabled
[2025.04.15-20.26.43:096][  0]LogInit: Physics initialised using underlying interface: PhysX
[2025.04.15-20.26.43:097][  0]LogInit: Overriding language with editor language configuration option (en).
[2025.04.15-20.26.43:097][  0]LogInit: Overriding language with editor locale configuration option (en).
[2025.04.15-20.26.43:305][  0]LogInit: Setting process to per monitor DPI aware
[2025.04.15-20.26.43:313][  0]LogWindowsTextInputMethodSystem: Display: IME system deactivated.
[2025.04.15-20.26.43:324][  0]LogSlate: New Slate User Created.  User Index 0, Is Virtual User: 0
[2025.04.15-20.26.43:324][  0]LogSlate: Slate User Registered.  User Index 0, Is Virtual User: 0
[2025.04.15-20.26.43:438][  0]LogD3D11RHI: Loaded GFSDK_Aftermath_Lib.x64.dll
[2025.04.15-20.26.43:440][  0]LogHMD: Failed to initialize OpenVR with code 110
[2025.04.15-20.26.43:440][  0]LogD3D11RHI: D3D11 min allowed feature level: 11_0
[2025.04.15-20.26.43:441][  0]LogD3D11RHI: D3D11 max allowed feature level: 11_0
[2025.04.15-20.26.43:441][  0]LogD3D11RHI: D3D11 adapters:
[2025.04.15-20.26.43:495][  0]LogD3D11RHI:    0. 'AMD Radeon RX 580 2048SP' (Feature Level 11_0)
[2025.04.15-20.26.43:495][  0]LogD3D11RHI:       8170/0/8127 MB DedicatedVideo/DedicatedSystem/SharedSystem, Outputs:1, VendorId:0x1002
[2025.04.15-20.26.43:497][  0]LogD3D11RHI:    1. 'Microsoft Basic Render Driver' (Feature Level 11_0)
[2025.04.15-20.26.43:497][  0]LogD3D11RHI:       0/0/8127 MB DedicatedVideo/DedicatedSystem/SharedSystem, Outputs:0, VendorId:0x1414
[2025.04.15-20.26.43:497][  0]LogD3D11RHI: Chosen D3D11 Adapter:
[2025.04.15-20.26.43:497][  0]LogD3D11RHI:     Description : AMD Radeon RX 580 2048SP
[2025.04.15-20.26.43:497][  0]LogD3D11RHI:     VendorId    : 1002
[2025.04.15-20.26.43:497][  0]LogD3D11RHI:     DeviceId    : 6fdf
[2025.04.15-20.26.43:497][  0]LogD3D11RHI:     SubSysId    : b311002
[2025.04.15-20.26.43:497][  0]LogD3D11RHI:     Revision    : 00ef
[2025.04.15-20.26.43:497][  0]LogD3D11RHI:     DedicatedVideoMemory : 8567906304 bytes
[2025.04.15-20.26.43:497][  0]LogD3D11RHI:     DedicatedSystemMemory : 0 bytes
[2025.04.15-20.26.43:497][  0]LogD3D11RHI:     SharedSystemMemory : 8522747904 bytes
[2025.04.15-20.26.43:497][  0]LogD3D11RHI:     AdapterLuid : 0 60967
[2025.04.15-20.26.43:502][  0]LogD3D11RHI: Creating new Direct3DDevice
[2025.04.15-20.26.43:502][  0]LogD3D11RHI:     GPU DeviceId: 0x6fdf (for the marketing name, search the web for "GPU Device Id")
[2025.04.15-20.26.43:502][  0]LogWindows: EnumDisplayDevices:
[2025.04.15-20.26.43:502][  0]LogWindows:    0. 'AMD Radeon RX 580 2048SP' (P:1 D:1)
[2025.04.15-20.26.43:503][  0]LogWindows:    1. 'AMD Radeon RX 580 2048SP' (P:0 D:0)
[2025.04.15-20.26.43:504][  0]LogWindows:    2. 'AMD Radeon RX 580 2048SP' (P:0 D:0)
[2025.04.15-20.26.43:504][  0]LogWindows:    3. 'AMD Radeon RX 580 2048SP' (P:0 D:0)
[2025.04.15-20.26.43:504][  0]LogWindows:    4. 'AMD Radeon RX 580 2048SP' (P:0 D:0)
[2025.04.15-20.26.43:505][  0]LogWindows:    5. 'AMD Radeon RX 580 2048SP' (P:0 D:0)
[2025.04.15-20.26.43:505][  0]LogWindows:    6. 'AMD Radeon RX 580 2048SP' (P:0 D:0)
[2025.04.15-20.26.43:505][  0]LogWindows: DebugString: FoundDriverCount:7 
[2025.04.15-20.26.43:505][  0]LogD3D11RHI:     Adapter Name: AMD Radeon RX 580 2048SP
[2025.04.15-20.26.43:505][  0]LogD3D11RHI:   Driver Version: AMD Software: Adrenalin Edition 24.9.1 (internal:31.0.21921.1000, unified:31.0.21921.1000)
[2025.04.15-20.26.43:505][  0]LogD3D11RHI:      Driver Date: 8-19-2024
[2025.04.15-20.26.43:505][  0]LogRHI: Texture pool is 5182 MB (70% of 7402 MB)
[2025.04.15-20.26.43:533][  0]LogD3D11RHI: Creating D3DDevice with AMD AGS, using adapter:
[2025.04.15-20.26.43:533][  0]LogD3D11RHI:     Description : AMD Radeon RX 580 2048SP
[2025.04.15-20.26.43:533][  0]LogD3D11RHI:     VendorId    : 1002
[2025.04.15-20.26.43:534][  0]LogD3D11RHI:     DeviceId    : 6fdf
[2025.04.15-20.26.43:534][  0]LogD3D11RHI:     SubSysId    : b311002
[2025.04.15-20.26.43:534][  0]LogD3D11RHI:     Revision    : 00ef
[2025.04.15-20.26.43:534][  0]LogD3D11RHI:     DedicatedVideoMemory : 8567906304 bytes
[2025.04.15-20.26.43:534][  0]LogD3D11RHI:     DedicatedSystemMemory : 0 bytes
[2025.04.15-20.26.43:534][  0]LogD3D11RHI:     SharedSystemMemory : 8522747904 bytes
[2025.04.15-20.26.43:534][  0]LogD3D11RHI:     AdapterLuid : 0 60967
[2025.04.15-20.26.43:568][  0]LogD3D11RHI: Created device via AGS, feature level 11_0, supported extensions 1fffffbf.
[2025.04.15-20.26.43:568][  0]LogD3D11RHI: RHI has support for 64 bit atomics
[2025.04.15-20.26.43:568][  0]LogD3D11RHI: Async texture creation enabled
[2025.04.15-20.26.43:568][  0]LogD3D11RHI: Array index from any shader is supported
[2025.04.15-20.26.43:568][  0]LogD3D11RHI: HDR output is supported on display 0 (AMD Device: 0x0, Display: 0x0).
[2025.04.15-20.26.43:581][  0]LogD3D11RHI: GPU Timing Frequency: 25.000000 (Debug: 2 1)
[2025.04.15-20.26.43:862][  0]LogTargetPlatformManager: Display: Loaded TargetPlatform 'AllDesktop'
[2025.04.15-20.26.43:882][  0]LogTargetPlatformManager: Display: Loaded TargetPlatform 'Android'
[2025.04.15-20.26.43:882][  0]LogTargetPlatformManager: Display: Loaded TargetPlatform 'Android_ASTC'
[2025.04.15-20.26.43:882][  0]LogTargetPlatformManager: Display: Loaded TargetPlatform 'Android_DXT'
[2025.04.15-20.26.43:882][  0]LogTargetPlatformManager: Display: Loaded TargetPlatform 'Android_ETC2'
[2025.04.15-20.26.43:882][  0]LogTargetPlatformManager: Display: Loaded TargetPlatform 'AndroidClient'
[2025.04.15-20.26.43:882][  0]LogTargetPlatformManager: Display: Loaded TargetPlatform 'Android_ASTCClient'
[2025.04.15-20.26.43:882][  0]LogTargetPlatformManager: Display: Loaded TargetPlatform 'Android_DXTClient'
[2025.04.15-20.26.43:882][  0]LogTargetPlatformManager: Display: Loaded TargetPlatform 'Android_ETC2Client'
[2025.04.15-20.26.43:882][  0]LogTargetPlatformManager: Display: Loaded TargetPlatform 'Android_Multi'
[2025.04.15-20.26.43:882][  0]LogTargetPlatformManager: Display: Loaded TargetPlatform 'Android_MultiClient'
[2025.04.15-20.26.43:899][  0]LogTargetPlatformManager: Display: Loaded TargetPlatform 'IOSClient'
[2025.04.15-20.26.43:899][  0]LogTargetPlatformManager: Display: Loaded TargetPlatform 'IOS'
[2025.04.15-20.26.43:908][  0]LogTargetPlatformManager: Display: Loaded TargetPlatform 'Linux'
[2025.04.15-20.26.43:913][  0]LogTargetPlatformManager: Display: Loaded TargetPlatform 'LinuxNoEditor'
[2025.04.15-20.26.43:917][  0]LogTargetPlatformManager: Display: Loaded TargetPlatform 'LinuxClient'
[2025.04.15-20.26.43:921][  0]LogTargetPlatformManager: Display: Loaded TargetPlatform 'LinuxServer'
[2025.04.15-20.26.43:929][  0]LogTargetPlatformManager: Display: Loaded TargetPlatform 'LinuxAArch64NoEditor'
[2025.04.15-20.26.43:933][  0]LogTargetPlatformManager: Display: Loaded TargetPlatform 'LinuxAArch64Client'
[2025.04.15-20.26.43:937][  0]LogTargetPlatformManager: Display: Loaded TargetPlatform 'LinuxAArch64Server'
[2025.04.15-20.26.43:970][  0]LogTargetPlatformManager: Display: Loaded TargetPlatform 'Lumin'
[2025.04.15-20.26.43:970][  0]LogTargetPlatformManager: Display: Loaded TargetPlatform 'LuminClient'
[2025.04.15-20.26.43:984][  0]LogTargetPlatformManager: Display: Loaded TargetPlatform 'MacNoEditor'
[2025.04.15-20.26.43:991][  0]LogTargetPlatformManager: Display: Loaded TargetPlatform 'Mac'
[2025.04.15-20.26.43:997][  0]LogTargetPlatformManager: Display: Loaded TargetPlatform 'MacClient'
[2025.04.15-20.26.44:005][  0]LogTargetPlatformManager: Display: Loaded TargetPlatform 'MacServer'
[2025.04.15-20.26.44:022][  0]LogTargetPlatformManager: Display: Loaded TargetPlatform 'TVOSClient'
[2025.04.15-20.26.44:022][  0]LogTargetPlatformManager: Display: Loaded TargetPlatform 'TVOS'
[2025.04.15-20.26.44:036][  0]LogTargetPlatformManager: Display: Loaded TargetPlatform 'WindowsNoEditor'
[2025.04.15-20.26.44:043][  0]LogTargetPlatformManager: Display: Loaded TargetPlatform 'Windows'
[2025.04.15-20.26.44:050][  0]LogTargetPlatformManager: Display: Loaded TargetPlatform 'WindowsClient'
[2025.04.15-20.26.44:056][  0]LogTargetPlatformManager: Display: Loaded TargetPlatform 'WindowsServer'
[2025.04.15-20.26.44:056][  0]LogTargetPlatformManager: Display: Building Assets For Windows
[2025.04.15-20.26.44:064][  0]LogAudioDebug: Display: Lib vorbis DLL was dynamically loaded.
[2025.04.15-20.26.44:095][  0]LogTextureFormatOodle: Display: Oodle Texture 2.9.0 init RDO Off
[2025.04.15-20.26.44:126][  0]LogRendererCore: Ray tracing is disabled. Reason: r.RayTracing=0.
[2025.04.15-20.26.44:126][  0]LogShaderCompilers: Guid format shader working directory is -46 characters bigger than the processId version (../../../../../../Users/Playeroth/Documents/EscapeTheBackrooms--Mods/ETBModTemplate - Copia (2)/Intermediate/Shaders/WorkingDirectory/10512/).
[2025.04.15-20.26.44:126][  0]LogShaderCompilers: Cleaned the shader compiler working directory 'C:/Users/Playeroth/AppData/Local/Temp/UnrealShaderWorkingDir/96B5BD914811D1B825712DBAFACD1854/'.
[2025.04.15-20.26.44:126][  0]LogXGEController: Cannot use XGE Controller as Incredibuild is not installed on this machine.
[2025.04.15-20.26.44:126][  0]LogShaderCompilers: Cannot use XGE Shader Compiler as Incredibuild is not installed on this machine.
[2025.04.15-20.26.44:126][  0]LogShaderCompilers: Display: Using Local Shader Compiler.
[2025.04.15-20.26.44:854][  0]LogDerivedDataCache: Display: Max Cache Size: 512 MB
[2025.04.15-20.26.44:908][  0]LogDerivedDataCache: Loaded boot cache 0.05s 94MB C:/Users/Playeroth/AppData/Local/UnrealEngine/4.27/DerivedDataCache/Boot.ddc.
[2025.04.15-20.26.44:908][  0]LogDerivedDataCache: Display: Loaded Boot cache: C:/Users/Playeroth/AppData/Local/UnrealEngine/4.27/DerivedDataCache/Boot.ddc
[2025.04.15-20.26.44:908][  0]LogDerivedDataCache: FDerivedDataBackendGraph:  Pak pak cache file ../../../../../../Users/Playeroth/Documents/EscapeTheBackrooms--Mods/ETBModTemplate - Copia (2)/DerivedDataCache/DDC.ddp not found, will not use a pak cache.
[2025.04.15-20.26.44:908][  0]LogDerivedDataCache: Unable to find inner node Pak for hierarchical cache Hierarchy.
[2025.04.15-20.26.44:908][  0]LogDerivedDataCache: FDerivedDataBackendGraph:  CompressedPak pak cache file ../../../../../../Users/Playeroth/Documents/EscapeTheBackrooms--Mods/ETBModTemplate - Copia (2)/DerivedDataCache/Compressed.ddp not found, will not use a pak cache.
[2025.04.15-20.26.44:909][  0]LogDerivedDataCache: Unable to find inner node CompressedPak for hierarchical cache Hierarchy.
[2025.04.15-20.26.44:924][  0]LogDerivedDataCache: Display: Pak cache opened for reading ../../../Engine/DerivedDataCache/Compressed.ddp.
[2025.04.15-20.26.44:924][  0]LogDerivedDataCache: FDerivedDataBackendGraph:  EnterprisePak pak cache file ../../../Enterprise/DerivedDataCache/Compressed.ddp not found, will not use a pak cache.
[2025.04.15-20.26.44:924][  0]LogDerivedDataCache: Unable to find inner node EnterprisePak for hierarchical cache Hierarchy.
[2025.04.15-20.26.44:930][  0]LogDerivedDataCache: Speed tests for C:/Users/Playeroth/AppData/Local/UnrealEngine/Common/DerivedDataCache took 0.01 seconds
[2025.04.15-20.26.44:930][  0]LogDerivedDataCache: Display: Performance to C:/Users/Playeroth/AppData/Local/UnrealEngine/Common/DerivedDataCache: Latency=0.02ms. RandomReadSpeed=1350.90MBs, RandomWriteSpeed=204.27MBs. Assigned SpeedClass 'Local'
[2025.04.15-20.26.44:930][  0]LogDerivedDataCache: Using Local data cache path C:/Users/Playeroth/AppData/Local/UnrealEngine/Common/DerivedDataCache: Writable
[2025.04.15-20.26.44:930][  0]LogDerivedDataCache: Shared data cache path not found in *engine.ini, will not use an Shared cache.
[2025.04.15-20.26.44:930][  0]LogDerivedDataCache: Unable to find inner node Shared for hierarchical cache Hierarchy.
[2025.04.15-20.26.44:975][  0]LogSlate: Using FreeType 2.10.0
[2025.04.15-20.26.44:975][  0]LogSlate: SlateFontServices - WITH_FREETYPE: 1, WITH_HARFBUZZ: 1
[2025.04.15-20.26.44:995][  0]LogAssetRegistry: FAssetRegistry took 0.0023 seconds to start up
[2025.04.15-20.26.45:153][  0]LogCollisionProfile: Warning: ProfileRedirect (EntitiType : EntityType) - New Name ('EntityType') isn't found 
[2025.04.15-20.26.45:215][  0]LogInit: Selected Device Profile: [Windows]
[2025.04.15-20.26.45:215][  0]LogInit: Active device profile: [000002118A911300][000002118AA68740 49] Windows
[2025.04.15-20.26.45:215][  0]LogInit: Profiles: [000002118A911300][000002118AA68740 49] Windows, [000002118A8BF000][000002118AA70A00 49] WindowsNoEditor, [000002118A912400][000002118AA6CC80 49] WindowsServer, [000002118A8BFF00][000002118AA74F00 49] WindowsClient, [000002118A913300][000002118AA7D1C0 49] IOS, [000002118A8BD200][000002118AA81480 49] iPadAir, [000002118A913E00][000002118AA85740 49] iPadAir2, [000002118A85A100][000002118AA98100 49] IPadPro, [000002118A85A200][000002118AA88140 49] iPadAir3, [000002118A8BDB00][000002118AA90400 49] iPadAir4, [000002118A85B100][000002118AA8C6C0 49] iPadMini2, [000002118A8BF300][000002118AA94980 49] iPadMini3, [000002118A85BE00][000002118AAAEC40 49] iPadMini4, [000002118A8BE400][000002118AA78EC0 49] iPadMini5, [000002118A871A00][000002118AAD33C0 49] iPhone6, [000002118A871B00][000002118AAB3400 49] iPodTouch6, [000002118A912E00][000002118ABC5940 49] iPhone7, [000002118A913100][000002118AACB980 49] iPodTouch7, [000002118A859C00][000002118AACE0C0 49] iPhone5S, [000002118A911200][000002118AAC6380 49] iPhone6Plus, [000002118A859800][000002118ABC0640 49] iPhone6S, [000002118A910400][000002118ADBC900 49] iPhone6SPlus, [000002118A858E00][000002118ADC0BC0 49] iPhone7Plus, [000002118A913000][0000021184B2AE80 49] iPhoneSE, [000002118A858A00][000002118AAC3100 49] iPhone8, [000002118A910800][0000021184B2F380 49] iPhone8Plus, [000002118A911D00][0000021184B33640 49] iPhoneX, [000002118A870800][0000021184B37900 49] iPhoneXS, [000002118A912D00][0000021184B3BBC0 49] iPhoneXSMax, [000002118A870F00][0000021184B46300 49] iPhoneXR, [000002118A911A00][0000021184B4A5C0 49] iPhone11, [000002118A871300][0000021184B4E880 49] iPhone11Pro, [000002118A870400][0000021184B52B40 49] iPhone11ProMax, [000002118A85B200][0000021184B62E00 49] iPhoneSE2, [000002118A872300][0000021184B670C0 49] iPhone12Mini, [000002118A859400][0000021184AFD340 49] iPhone12, [000002118A872D00][0000021184B6B5C0 49] iPhone12Pro, [000002118A85B700][0000021184B6F880 49] iPhone12ProMax, [000002118A872E00][0000021184B73B40 49] iPadPro105, [000002118A85A400][0000021184B76280 49] iPadPro129, [000002118A872F00][0000021184B7A540 49] iPadPro97, [000002118A85B800][0000021181544800 49] iPadPro2_129, [000002118A911600][0000021181548AC0 49] iPad5, [000002118A859B00][000002118154CD80 49] iPad6, [000002118A913700][0000021181591040 49] iPad7, [000002118A858100][0000021181595300 49] iPad8, [000002118A911E00][0000021184AB7580 49] iPadPro11, [000002118A85AF00][000002118159D840 49] iPadPro2_11, [000002118A913A00][000002118ABC9B00 49] iPadPro3_129, [000002118A85AB00][000002118AC28240 49] iPadPro4_129, [000002118A912900][000002118AC38500 49] AppleTV, [000002118A858200][000002118ADD87C0 49] AppleTV4K, [000002118A912500][000002118ADDCA80 49] TVOS, [000002118A859900][000002118ADE0D40 49] Mac, [000002118A910E00][000002118ADF5000 49] MacClient, [000002118A858800][000002118ADF92C0 49] MacNoEditor, [000002118A911800][0000021181599540 49] MacServer, [000002118A859E00][000002118AE057C0 49] Linux, [000002118A911000][000002118AE0DA80 49] LinuxAArch64, [000002118A858300][000002118AADA1C0 49] LinuxNoEditor, [000002118A910600][000002118AADE480 49] LinuxAArch64NoEditor, [000002118A85BF00][000002118AAE2740 49] LinuxClient, [000002118A910100][000002118AAE6A00 49] LinuxAArch64Client, [000002118A858600][000002118AB40CC0 49] LinuxServer, [000002118A911500][000002118AB44F80 49] LinuxAArch64Server, [000002118A85AD00][000002118AB49240 49] Android, [000002118A910D00][000002118AB51500 49] Android_Low, [000002118A859600][000002118AE09780 49] Android_Mid, [000002118A913400][0000021181567A00 49] Android_High, [000002118A858B00][000002118156E140 49] Android_Default, [000002118A911F00][0000021181572400 49] Android_Adreno4xx, [000002118A859500][00000211815766C0 49] Android_Adreno5xx_Low, [000002118A913500][000002118157E980 49] Android_Adreno5xx, [000002118A858700][000002118ABAEC40 49] Android_Adreno6xx, [000002118A911C00][000002118ABBAF00 49] Android_Adreno6xx_Vulkan, [000002118A85A800][000002118AD911C0 49] Android_Mali_T6xx, [000002118A912300][000002118AD95480 49] Android_Mali_T7xx, [000002118A859700][000002118AD99740 49] Android_Mali_T8xx, [000002118A912800][000002118156B9C0 49] Android_Mali_G71, [000002118A85B400][000002118B63C0C0 49] Android_Mali_G72, [000002118A910700][00000211FDC1C380 49] Android_Mali_G72_Vulkan, [000002118A85A700][00000211FDC20640 49] Android_Mali_G76, [000002118A873900][00000211FDC24900 49] Android_Mali_G76_Vulkan, [000002118A8BC900][00000211FDC28BC0 49] Android_Mali_G77, [000002118A873200][00000211FDC2CE80 49] Android_Mali_G77_Vulkan, [000002118A8BCD00][00000211FDC31140 49] Android_Mali_G78, [000002118A870C00][000002118B671400 49] Android_Mali_G78_Vulkan, [000002118A8BCB00][000002118B6756C0 49] Android_Mali_G710, [000002118A870500][000002118B679980 49] Android_Mali_G710_Vulkan, [000002118A8BDD00][00000211FDC19C00 49] Android_Vulkan_SM5, [000002118A870200][000002118B07E300 49] Android_PowerVR_G6xxx, [000002118A8BFB00][000002118B0865C0 49] Android_PowerVR_GT7xxx, [000002118A873700][00000211FDACC880 49] Android_PowerVR_GE8xxx, [000002118A8BC200][00000211FDB1CB40 49] Android_PowerVR_GM9xxx, [000002118A872200][000002118B162E00 49] Android_PowerVR_GM9xxx_Vulkan, [000002118A8BE900][000002118B18F0C0 49] Android_TegraK1, [000002118A870E00][000002118B19F380 49] Android_Unknown_Vulkan, [000002118A8BD600][000002118B1A3640 49] Lumin, [000002118A871100][000002118B1A7900 49] Lumin_Desktop, [000002118A8BEC00][000002118B1ABBC0 49] HoloLens, 
[2025.04.15-20.26.45:332][  0]LogMeshReduction: Using QuadricMeshReduction for automatic static mesh reduction
[2025.04.15-20.26.45:332][  0]LogMeshReduction: Using SimplygonMeshReduction for automatic skeletal mesh reduction
[2025.04.15-20.26.45:332][  0]LogMeshReduction: Using ProxyLODMeshReduction for automatic mesh merging
[2025.04.15-20.26.45:332][  0]LogMeshReduction: No distributed automatic mesh merging module available
[2025.04.15-20.26.45:332][  0]LogMeshMerging: No distributed automatic mesh merging module available
[2025.04.15-20.26.45:344][  0]LogNetVersion: EscapeTheBackrooms 1.0.0, NetCL: 17155196, EngineNetVer: 17, GameNetVer: 0 (Checksum: 3701509013)
[2025.04.15-20.26.45:662][  0]LogTexture: Default maximum texture size for cubemaps generated from long-lat sources has been changed from 512 to unlimited. In order to preserve old behaiour for '/Engine/MapTemplates/Sky/DaylightAmbientCubemap.DaylightAmbientCubemap', its maximum texture size has been explicitly set to 512.
[2025.04.15-20.26.45:710][  0]LogHMD: PokeAHoleMaterial loaded successfully
[2025.04.15-20.26.45:715][  0]LogUObjectArray: 17178 objects as part of root set at end of initial load.
[2025.04.15-20.26.45:715][  0]LogUObjectAllocator: 4302048 out of 0 bytes used by permanent object pool.
[2025.04.15-20.26.45:715][  0]LogUObjectArray: CloseDisregardForGC: 0/0 objects in disregard for GC pool
[2025.04.15-20.26.45:952][  0]LogNiagaraDebuggerClient: Niagara Debugger Client Initialized | Session: 7A7B63004F75A2B35B901E8F2DEC51D3 | Instance: 7D66AA6D45388BBC3BFA57AB7B5B906C (DESKTOP-PLAYER-10512).
[2025.04.15-20.26.45:984][  0]LogPython: Using Python 3.7.7
[2025.04.15-20.26.46:552][  0]LogTcpMessaging: Initializing TcpMessaging bridge
[2025.04.15-20.26.46:555][  0]LogUdpMessaging: Initializing bridge on interface 0.0.0.0:0 to multicast group 230.0.0.1:6666.
[2025.04.15-20.26.46:691][  0]SourceControl: Source control is disabled
[2025.04.15-20.26.46:691][  0]SourceControl: Source control is disabled
[2025.04.15-20.26.46:693][  0]SourceControl: Source control is disabled
[2025.04.15-20.26.46:698][  0]SourceControl: Source control is disabled
[2025.04.15-20.26.46:704][  0]LogUProjectInfo: Found projects:
[2025.04.15-20.26.46:715][  0]SourceControl: Source control is disabled
[2025.04.15-20.26.46:896][  0]LogOpenImageDenoise: OIDN starting up
[2025.04.15-20.26.46:934][  0]LogAndroidPermission: UAndroidPermissionCallbackProxy::GetInstance
[2025.04.15-20.26.46:972][  0]LogAudioCaptureCore: Display: No Audio Capture implementations found. Audio input will be silent.
[2025.04.15-20.26.46:972][  0]LogAudioCaptureCore: Display: No Audio Capture implementations found. Audio input will be silent.
[2025.04.15-20.26.47:065][  0]LogCollectionManager: Loaded 0 collections in 0.001379 seconds
[2025.04.15-20.26.47:086][  0]LogFileCache: Scanning file cache for directory 'C:/Users/Playeroth/Documents/EscapeTheBackrooms--Mods/ETBModTemplate - Copia (2)/Saved/Collections/' took 0.00s
[2025.04.15-20.26.47:087][  0]LogFileCache: Scanning file cache for directory 'C:/Users/Playeroth/Documents/EscapeTheBackrooms--Mods/ETBModTemplate - Copia (2)/Content/Developers/Playeroth/Collections/' took 0.00s
[2025.04.15-20.26.47:087][  0]LogFileCache: Scanning file cache for directory 'C:/Users/Playeroth/Documents/EscapeTheBackrooms--Mods/ETBModTemplate - Copia (2)/Content/Collections/' took 0.00s
[2025.04.15-20.26.47:087][  0]LogOcInput: OculusInput pre-init called
[2025.04.15-20.26.47:288][  0]LogEngine: Initializing Engine...
[2025.04.15-20.26.47:291][  0]LogHMD: Failed to enumerate extensions. Please check that you have a valid OpenXR runtime installed.
[2025.04.15-20.26.47:291][  0]LogHMD: Failed to initialize OpenVR with code 110
[2025.04.15-20.26.47:291][  0]LogMagicLeap: Warning: VR disabled because ZI is not enabled.  To enable, in the editor, Edit -> Project Settings -> Plugins -> Magic Leap Plugin -> Enable Zero Iteration
[2025.04.15-20.26.47:292][  0]LogStats: UGameplayTagsManager::InitializeManager -  0.000 s
[2025.04.15-20.26.47:413][  0]LogInit: Initializing FReadOnlyCVARCache
[2025.04.15-20.26.47:420][  0]LogAIModule: Creating AISystem for world Untitled
[2025.04.15-20.26.47:427][  0]LogAudio: Display: Initializing Audio Device Manager...
[2025.04.15-20.26.47:429][  0]LogAudio: Display: Loading Default Audio Settings Objects...
[2025.04.15-20.26.47:429][  0]LogAudio: Display: No default SoundConcurrencyObject specified (or failed to load).
[2025.04.15-20.26.47:429][  0]LogAudio: Display: Audio Device Manager Initialized
[2025.04.15-20.26.47:429][  0]LogAudio: Display: Creating Audio Device:                 Id: 1, Scope: Shared, Realtime: True
[2025.04.15-20.26.47:430][  0]LogAudioMixer: Display: Audio Mixer Platform Settings:
[2025.04.15-20.26.47:430][  0]LogAudioMixer: Display: 	Sample Rate:						  48000
[2025.04.15-20.26.47:430][  0]LogAudioMixer: Display: 	Callback Buffer Frame Size Requested: 1024
[2025.04.15-20.26.47:430][  0]LogAudioMixer: Display: 	Callback Buffer Frame Size To Use:	  1024
[2025.04.15-20.26.47:430][  0]LogAudioMixer: Display: 	Number of buffers to queue:			  2
[2025.04.15-20.26.47:430][  0]LogAudioMixer: Display: 	Max Channels (voices):				  32
[2025.04.15-20.26.47:430][  0]LogAudioMixer: Display: 	Number of Async Source Workers:		  0
[2025.04.15-20.26.47:430][  0]LogAudio: Display: AudioDevice MaxSources: 32
[2025.04.15-20.26.47:430][  0]LogAudio: Display: Audio Spatialization Plugin: None (built-in).
[2025.04.15-20.26.47:430][  0]LogAudio: Display: Audio Reverb Plugin: None (built-in).
[2025.04.15-20.26.47:430][  0]LogAudio: Display: Audio Occlusion Plugin: None (built-in).
[2025.04.15-20.26.47:430][  0]LogAudioMixer: Display: Initializing audio mixer.
[2025.04.15-20.26.47:441][  0]LogAudioMixer: Display: 0: FrontLeft
[2025.04.15-20.26.47:441][  0]LogAudioMixer: Display: 1: FrontRight
[2025.04.15-20.26.47:461][  0]LogAudioMixer: Display: Using Audio Device Alto-falantes (Realtek High Definition Audio)
[2025.04.15-20.26.47:462][  0]LogAudioMixer: Display: Initializing Sound Submixes...
[2025.04.15-20.26.47:464][  0]LogAudioMixer: Display: Creating Master Submix 'MasterSubmixDefault'
[2025.04.15-20.26.47:464][  0]LogAudioMixer: Display: Creating Master Submix 'MasterReverbSubmixDefault'
[2025.04.15-20.26.47:465][  0]LogAudioMixer: Display: Creating Master Submix 'MasterEQSubmixDefault'
[2025.04.15-20.26.47:465][  0]LogAudioMixer: FMixerPlatformXAudio2::StartAudioStream() called
[2025.04.15-20.26.47:465][  0]LogAudioMixer: Display: Output buffers initialized: Frames=1024, Channels=2, Samples=2048
[2025.04.15-20.26.47:466][  0]LogAudioMixer: Display: Starting AudioMixerPlatformInterface::RunInternal()
[2025.04.15-20.26.47:466][  0]LogAudioMixer: Display: FMixerPlatformXAudio2::SubmitBuffer() called for the first time
[2025.04.15-20.26.47:466][  0]LogInit: FAudioDevice initialized.
[2025.04.15-20.26.47:466][  0]LogAudio: Display: Audio Device (ID: 1) registered with world 'Untitled'.
[2025.04.15-20.26.47:466][  0]LogNetVersion: Set ProjectVersion to 1.0.0.0. Version Checksum will be recalculated on next use.
[2025.04.15-20.26.47:509][  0]LogDerivedDataCache: Saved boot cache 0.04s 94MB C:/Users/Playeroth/AppData/Local/UnrealEngine/4.27/DerivedDataCache/Boot.ddc.
[2025.04.15-20.26.47:509][  0]LogInit: Texture streaming: Enabled
[2025.04.15-20.26.47:520][  0]LogAnalytics: Display: [UEEditor.Rocket.Release] APIServer = https://datarouter.ol.epicgames.com/. AppVersion = 4.27.2-18319896+++UE4+Release-4.27
[2025.04.15-20.26.47:523][  0]LogEngineSessionManager: EngineSessionManager initialized
[2025.04.15-20.26.47:524][  0]LogEditorSessionSummary: Verbose: Initializing EditorSessionSummaryWriter for editor session tracking
[2025.04.15-20.26.47:525][  0]LogEditorSessionSummary: EditorSessionSummaryWriter initialized
[2025.04.15-20.26.47:549][  0]LogInit: Transaction tracking system initialized
[2025.04.15-20.26.47:568][  0]BlueprintLog: New page: Editor Load
[2025.04.15-20.26.47:622][  0]LocalizationService: Localization service is disabled
[2025.04.15-20.26.47:642][  0]TimingProfiler: Initialize
[2025.04.15-20.26.47:642][  0]TimingProfiler: OnSessionChanged
[2025.04.15-20.26.47:642][  0]LoadingProfiler: Initialize
[2025.04.15-20.26.47:642][  0]LoadingProfiler: OnSessionChanged
[2025.04.15-20.26.47:642][  0]NetworkingProfiler: Initialize
[2025.04.15-20.26.47:642][  0]NetworkingProfiler: OnSessionChanged
[2025.04.15-20.26.47:642][  0]MemoryProfiler: Initialize
[2025.04.15-20.26.47:642][  0]MemoryProfiler: OnSessionChanged
[2025.04.15-20.26.47:765][  0]LogCook: Display: CookSettings for Memory: MemoryMaxUsedVirtual 0MiB, MemoryMaxUsedPhysical 16384MiB, MemoryMinFreeVirtual 0MiB, MemoryMinFreePhysical 1024MiB
[2025.04.15-20.26.47:765][  0]LogCook: Display: Mobile HDR setting 1
[2025.04.15-20.26.47:881][  0]LogFileCache: Scanning file cache for directory 'C:/Users/Playeroth/Documents/EscapeTheBackrooms--Mods/ETBModTemplate - Copia (2)/Content/' took 0.06s
[2025.04.15-20.26.48:078][  0]LogInit: Display: Engine is initialized. Leaving FEngineLoop::Init()
[2025.04.15-20.26.48:081][  0]SourceControl: Source control is disabled
[2025.04.15-20.26.48:081][  0]LogUnrealEdMisc: Loading editor; pre map load, took 6.002
[2025.04.15-20.26.48:081][  0]Cmd: MAP LOAD FILE="../../../Engine/Content/Maps/Templates/Template_Default.umap" TEMPLATE=1 SHOWPROGRESS=1 FEATURELEVEL=3
[2025.04.15-20.26.48:081][  0]LightingResults: New page: Lighting Build
[2025.04.15-20.26.48:083][  0]LogWorld: UWorld::CleanupWorld for Untitled, bSessionEnded=true, bCleanupResources=true
[2025.04.15-20.26.48:083][  0]LogSlate: InvalidateAllWidgets triggered.  All widgets were invalidated
[2025.04.15-20.26.48:083][  0]MapCheck: New page: Map Check
[2025.04.15-20.26.48:083][  0]LightingResults: New page: Lighting Build
[2025.04.15-20.26.48:087][  0]LogAudio: Display: Audio Device unregistered from world 'None'.
[2025.04.15-20.26.48:090][  0]LogUObjectHash: Compacting FUObjectHashTables data took   0.72ms
[2025.04.15-20.26.48:141][  0]LogTexture: Display: Building textures: DeprecatedTextureEB9CBE3C423008B5E8E130901E171C89 (BGRA8, 128X128)
[2025.04.15-20.26.48:144][  0]LogAudio: Display: Audio Device (ID: 1) registered with world 'Untitled_1'.
[2025.04.15-20.26.48:145][  0]LogAIModule: Creating AISystem for world Untitled_1
[2025.04.15-20.26.48:148][  0]LogEditorServer: Finished looking for orphan Actors (0.000 secs)
[2025.04.15-20.26.48:154][  0]LogUObjectHash: Compacting FUObjectHashTables data took   0.82ms
[2025.04.15-20.26.48:154][  0]Cmd: MAP CHECKDEP NOCLEARLOG
[2025.04.15-20.26.48:154][  0]MapCheck: Map check complete: 0 Error(s), 0 Warning(s), took 0.146ms to complete.
[2025.04.15-20.26.48:155][  0]LogFileHelpers: Loading map 'Template_Default' took 0.074
[2025.04.15-20.26.48:156][  0]LogUnrealEdMisc: Total Editor Startup Time, took 6.077
[2025.04.15-20.26.48:250][  0]LogSlate: Updating window title bar state: overlay mode, drag disabled, window buttons hidden, title bar hidden
[2025.04.15-20.26.48:255][  0]LogSlate: Updating window title bar state: overlay mode, drag disabled, window buttons hidden, title bar hidden
[2025.04.15-20.26.48:261][  0]LogSlate: Updating window title bar state: overlay mode, drag disabled, window buttons hidden, title bar hidden
[2025.04.15-20.26.48:266][  0]LogSlate: Updating window title bar state: overlay mode, drag disabled, window buttons hidden, title bar hidden
[2025.04.15-20.26.48:278][  0]LogNativeClassHierarchy: Verbose: Native class hierarchy populated in 0.0085 seconds. Added 3822 classes and 928 folders.
[2025.04.15-20.26.48:282][  0]LogNativeClassHierarchy: Verbose: Native class hierarchy updated for 'WidgetCarousel' in 0.0002 seconds. Added 0 classes and 0 folders.
[2025.04.15-20.26.48:284][  0]LogNativeClassHierarchy: Verbose: Native class hierarchy updated for 'AddContentDialog' in 0.0003 seconds. Added 0 classes and 0 folders.
[2025.04.15-20.26.48:284][  0]LogNativeClassHierarchy: Verbose: Native class hierarchy updated for 'SceneOutliner' in 0.0002 seconds. Added 2 classes and 0 folders.
[2025.04.15-20.26.48:303][  0]LogSlate: Took 0.000207 seconds to synchronously load lazily loaded font '../../../Engine/Content/Slate/Fonts/Roboto-Regular.ttf' (155K)
[2025.04.15-20.26.48:304][  0]LogSlate: Took 0.000104 seconds to synchronously load lazily loaded font '../../../Engine/Content/Editor/Slate/Fonts/FontAwesome.ttf' (139K)
[2025.04.15-20.26.48:305][  0]LogSlate: Took 0.000094 seconds to synchronously load lazily loaded font '../../../Engine/Content/Slate/Fonts/Roboto-Bold.ttf' (160K)
[2025.04.15-20.26.48:388][  0]LogRenderer: Reallocating scene render targets to support 1208x560 Format 10 NumSamples 1 (Frame:1).
[2025.04.15-20.26.48:811][  0]LogSlate: Took 0.000153 seconds to synchronously load lazily loaded font '../../../Engine/Content/Slate/Fonts/Roboto-Light.ttf' (167K)
[2025.04.15-20.26.48:879][  0]LogNativeClassHierarchy: Verbose: Native class hierarchy updated for 'HierarchicalLODOutliner' in 0.0003 seconds. Added 0 classes and 0 folders.
[2025.04.15-20.26.48:879][  0]LogLoad: (Engine Initialization) Total time: 6.80 seconds
[2025.04.15-20.26.48:879][  0]LogLoad: (Engine Initialization) Total Blueprint compile time: 0.00 seconds
[2025.04.15-20.26.48:940][  0]LogContentStreaming: Texture pool size now 1000 MB
[2025.04.15-20.26.49:016][  1]LogAssetRegistry: Asset discovery search completed in 4.0224 seconds
[2025.04.15-20.26.49:024][  1]LogCollectionManager: Fixed up redirectors for 0 collections in 0.000005 seconds (updated 0 objects)
[2025.04.15-20.28.01:221][529]LogLinker: Warning: [AssetLog] C:\Users\Playeroth\Documents\EscapeTheBackrooms--Mods\ETBModTemplate - Copia (2)\Content\Mods\PYModMenu\WidgetsRelated\WBP_SpecialTab.uasset: Failed to load '/Script/AdvancedSessions': Can't find file.
[2025.04.15-20.28.01:221][529]LogLinker: Warning: [AssetLog] C:\Users\Playeroth\Documents\EscapeTheBackrooms--Mods\ETBModTemplate - Copia (2)\Content\Mods\PYModMenu\WidgetsRelated\WBP_SpecialTab.uasset: Failed to load '/Script/AdvancedSessions': Can't find file.
[2025.04.15-20.28.01:221][529]LogLinker: Warning: [AssetLog] C:\Users\Playeroth\Documents\EscapeTheBackrooms--Mods\ETBModTemplate - Copia (2)\Content\Mods\PYModMenu\WidgetsRelated\WBP_SpecialTab.uasset: Failed to load '/Script/AdvancedSessions': Can't find file.
[2025.04.15-20.28.01:242][529]LogLinker: Warning: [AssetLog] C:\Users\Playeroth\Documents\EscapeTheBackrooms--Mods\ETBModTemplate - Copia (2)\Content\Mods\PYModMenu\WidgetsRelated\WBP_SpecialTab.uasset: Failed to load '/Script/AdvancedSessions': Can't find file.
[2025.04.15-20.28.01:242][529]LogLinker: Warning: [AssetLog] C:\Users\Playeroth\Documents\EscapeTheBackrooms--Mods\ETBModTemplate - Copia (2)\Content\Mods\PYModMenu\WidgetsRelated\WBP_SpecialTab.uasset: Failed to load '/Script/AdvancedSessions': Can't find file.
[2025.04.15-20.28.01:242][529]LogLinker: Warning: [AssetLog] C:\Users\Playeroth\Documents\EscapeTheBackrooms--Mods\ETBModTemplate - Copia (2)\Content\Mods\PYModMenu\WidgetsRelated\WBP_SpecialTab.uasset: Failed to load '/Script/AdvancedSessions': Can't find file.
[2025.04.15-20.28.01:255][529]LogLinker: Warning: [AssetLog] C:\Users\Playeroth\Documents\EscapeTheBackrooms--Mods\ETBModTemplate - Copia (2)\Content\Mods\PYModMenu\WidgetsRelated\WBP_SpecialTab.uasset: Failed to load '/Script/AdvancedSessions': Can't find file.
[2025.04.15-20.28.01:256][529]LoadErrors: Failed to load /Script/AdvancedSessions.AdvancedSessionsLibrary Referenced by K2Node_CallFunction_0
[2025.04.15-20.28.01:256][529]LogLinker: Warning: [AssetLog] C:\Users\Playeroth\Documents\EscapeTheBackrooms--Mods\ETBModTemplate - Copia (2)\Content\Mods\PYModMenu\WidgetsRelated\WBP_SpecialTab.uasset: Failed to load '/Script/AdvancedSessions': Can't find file.
[2025.04.15-20.28.01:256][529]LogLinker: Warning: [AssetLog] C:\Users\Playeroth\Documents\EscapeTheBackrooms--Mods\ETBModTemplate - Copia (2)\Content\Mods\PYModMenu\WidgetsRelated\WBP_SpecialTab.uasset: Failed to load '/Script/AdvancedSessions': Can't find file.
[2025.04.15-20.28.01:256][529]LoadErrors: Failed to load /Script/AdvancedSessions.Default__AdvancedSessionsLibrary Referenced by K2Node_CallFunction_0
[2025.04.15-20.28.01:256][529]LogLinker: Warning: [AssetLog] C:\Users\Playeroth\Documents\EscapeTheBackrooms--Mods\ETBModTemplate - Copia (2)\Content\Mods\PYModMenu\WidgetsRelated\WBP_SpecialTab.uasset: Failed to load '/Script/AdvancedSessions': Can't find file.
[2025.04.15-20.28.01:779][529]LogBlueprint: Error: [AssetLog] C:\Users\Playeroth\Documents\EscapeTheBackrooms--Mods\ETBModTemplate - Copia (2)\Content\Mods\PYModMenu\WidgetsRelated\TabsRelated\GAMETab\WBP_MapTravelButton.uasset: [Compiler] In use pin  <Unnamed>  no longer exists on node  Load Level . Please refresh node or break links to remove pin.
[2025.04.15-20.28.01:779][529]LogBlueprint: Error: [AssetLog] C:\Users\Playeroth\Documents\EscapeTheBackrooms--Mods\ETBModTemplate - Copia (2)\Content\Mods\PYModMenu\WidgetsRelated\TabsRelated\GAMETab\WBP_MapTravelButton.uasset: [Compiler] In use pin  <Unnamed>  no longer exists on node  Load Level . Please refresh node or break links to remove pin.
[2025.04.15-20.28.01:779][529]LogBlueprint: Error: [AssetLog] C:\Users\Playeroth\Documents\EscapeTheBackrooms--Mods\ETBModTemplate - Copia (2)\Content\Mods\PYModMenu\WidgetsRelated\TabsRelated\GAMETab\WBP_MapTravelButton.uasset: [Compiler] In use pin  Target  no longer exists on node  Load Level . Please refresh node or break links to remove pin.
[2025.04.15-20.28.01:780][529]LogBlueprint: Error: [AssetLog] C:\Users\Playeroth\Documents\EscapeTheBackrooms--Mods\ETBModTemplate - Copia (2)\Content\Mods\PYModMenu\WidgetsRelated\TabsRelated\GAMETab\WBP_MapTravelButton.uasset: [Compiler] In use pin  Map  no longer exists on node  Load Level . Please refresh node or break links to remove pin.
[2025.04.15-20.28.01:780][529]LogBlueprint: Error: [AssetLog] C:\Users\Playeroth\Documents\EscapeTheBackrooms--Mods\ETBModTemplate - Copia (2)\Content\Mods\PYModMenu\WidgetsRelated\TabsRelated\GAMETab\WBP_MapTravelButton.uasset: [Compiler] Could not find a function named "LoadLevel" in 'MP_GameMode_C'.
Make sure 'MP_GameMode_C' has been compiled for  Load Level
[2025.04.15-20.28.02:534][529]LogSlate: Took 0.000874 seconds to synchronously load lazily loaded font '../../../Engine/Content/Slate/Fonts/Roboto-Light.ttf' (167K)
[2025.04.15-20.28.02:552][529]LogAssetEditorSubsystem: Opening Asset editor for Blueprint /Game/Mods/PYModMenu/BASE_BPManagers.BASE_BPManagers
[2025.04.15-20.28.02:824][529]LogEnum: Warning: Enum name collision: 'E_Ceiling_3x3_broken::NewEnumerator19' is in both '/Game/ElectricalStation/AtmosphericHouse/Enums/E_Ceiling_3x3_broken.E_Ceiling_3x3_broken' and '/Game/AtmosphericHouse/Enums/E_Ceiling_3x3_broken.E_Ceiling_3x3_broken'
[2025.04.15-20.28.02:824][529]LogEnum: Warning: Enum name collision: 'E_Ceiling_3x3_broken::NewEnumerator25' is in both '/Game/ElectricalStation/AtmosphericHouse/Enums/E_Ceiling_3x3_broken.E_Ceiling_3x3_broken' and '/Game/AtmosphericHouse/Enums/E_Ceiling_3x3_broken.E_Ceiling_3x3_broken'
[2025.04.15-20.28.02:824][529]LogEnum: Warning: Enum name collision: 'E_Ceiling_3x3_broken::NewEnumerator54' is in both '/Game/ElectricalStation/AtmosphericHouse/Enums/E_Ceiling_3x3_broken.E_Ceiling_3x3_broken' and '/Game/AtmosphericHouse/Enums/E_Ceiling_3x3_broken.E_Ceiling_3x3_broken'
[2025.04.15-20.28.02:824][529]LogEnum: Warning: Enum name collision: 'E_Ceiling_3x3_broken::NewEnumerator19' is in both '/Game/ElectricalStation/AtmosphericHouse/Enums/E_Ceiling_3x3_broken.E_Ceiling_3x3_broken' and '/Game/AtmosphericHouse/Enums/E_Ceiling_3x3_broken.E_Ceiling_3x3_broken'
[2025.04.15-20.28.02:824][529]LogEnum: Warning: Enum name collision: 'E_Ceiling_3x3_broken::NewEnumerator25' is in both '/Game/ElectricalStation/AtmosphericHouse/Enums/E_Ceiling_3x3_broken.E_Ceiling_3x3_broken' and '/Game/AtmosphericHouse/Enums/E_Ceiling_3x3_broken.E_Ceiling_3x3_broken'
[2025.04.15-20.28.02:824][529]LogEnum: Warning: Enum name collision: 'E_Ceiling_3x3_broken::NewEnumerator54' is in both '/Game/ElectricalStation/AtmosphericHouse/Enums/E_Ceiling_3x3_broken.E_Ceiling_3x3_broken' and '/Game/AtmosphericHouse/Enums/E_Ceiling_3x3_broken.E_Ceiling_3x3_broken'
[2025.04.15-20.28.02:825][529]LogEnum: Warning: Enum name collision: 'E_Ceiling_6x6_broken::NewEnumerator19' is in both '/Game/ElectricalStation/AtmosphericHouse/Enums/E_Ceiling_6x6_broken.E_Ceiling_6x6_broken' and '/Game/AtmosphericHouse/Enums/E_Ceiling_6x6_broken.E_Ceiling_6x6_broken'
[2025.04.15-20.28.02:825][529]LogEnum: Warning: Enum name collision: 'E_Ceiling_6x6_broken::NewEnumerator25' is in both '/Game/ElectricalStation/AtmosphericHouse/Enums/E_Ceiling_6x6_broken.E_Ceiling_6x6_broken' and '/Game/AtmosphericHouse/Enums/E_Ceiling_6x6_broken.E_Ceiling_6x6_broken'
[2025.04.15-20.28.02:825][529]LogEnum: Warning: Enum name collision: 'E_Ceiling_6x6_broken::NewEnumerator19' is in both '/Game/ElectricalStation/AtmosphericHouse/Enums/E_Ceiling_6x6_broken.E_Ceiling_6x6_broken' and '/Game/AtmosphericHouse/Enums/E_Ceiling_6x6_broken.E_Ceiling_6x6_broken'
[2025.04.15-20.28.02:825][529]LogEnum: Warning: Enum name collision: 'E_Ceiling_6x6_broken::NewEnumerator25' is in both '/Game/ElectricalStation/AtmosphericHouse/Enums/E_Ceiling_6x6_broken.E_Ceiling_6x6_broken' and '/Game/AtmosphericHouse/Enums/E_Ceiling_6x6_broken.E_Ceiling_6x6_broken'
[2025.04.15-20.28.02:833][529]LogEnum: Warning: Enum name collision: 'E_Floors::NewEnumerator19' is in both '/Game/ElectricalStation/AtmosphericHouse/Enums/E_Floors.E_Floors' and '/Game/AtmosphericHouse/Enums/E_Floors.E_Floors'
[2025.04.15-20.28.02:833][529]LogEnum: Warning: Enum name collision: 'E_Floors::NewEnumerator25' is in both '/Game/ElectricalStation/AtmosphericHouse/Enums/E_Floors.E_Floors' and '/Game/AtmosphericHouse/Enums/E_Floors.E_Floors'
[2025.04.15-20.28.02:833][529]LogEnum: Warning: Enum name collision: 'E_Floors::NewEnumerator43' is in both '/Game/ElectricalStation/AtmosphericHouse/Enums/E_Floors.E_Floors' and '/Game/AtmosphericHouse/Enums/E_Floors.E_Floors'
[2025.04.15-20.28.02:833][529]LogEnum: Warning: Enum name collision: 'E_Floors::NewEnumerator44' is in both '/Game/ElectricalStation/AtmosphericHouse/Enums/E_Floors.E_Floors' and '/Game/AtmosphericHouse/Enums/E_Floors.E_Floors'
[2025.04.15-20.28.02:833][529]LogEnum: Warning: Enum name collision: 'E_Floors::NewEnumerator45' is in both '/Game/ElectricalStation/AtmosphericHouse/Enums/E_Floors.E_Floors' and '/Game/AtmosphericHouse/Enums/E_Floors.E_Floors'
[2025.04.15-20.28.02:833][529]LogEnum: Warning: Enum name collision: 'E_Floors::NewEnumerator46' is in both '/Game/ElectricalStation/AtmosphericHouse/Enums/E_Floors.E_Floors' and '/Game/AtmosphericHouse/Enums/E_Floors.E_Floors'
[2025.04.15-20.28.02:833][529]LogEnum: Warning: Enum name collision: 'E_Floors::NewEnumerator47' is in both '/Game/ElectricalStation/AtmosphericHouse/Enums/E_Floors.E_Floors' and '/Game/AtmosphericHouse/Enums/E_Floors.E_Floors'
[2025.04.15-20.28.02:833][529]LogEnum: Warning: Enum name collision: 'E_Floors::NewEnumerator48' is in both '/Game/ElectricalStation/AtmosphericHouse/Enums/E_Floors.E_Floors' and '/Game/AtmosphericHouse/Enums/E_Floors.E_Floors'
[2025.04.15-20.28.02:833][529]LogEnum: Warning: Enum name collision: 'E_Floors::NewEnumerator49' is in both '/Game/ElectricalStation/AtmosphericHouse/Enums/E_Floors.E_Floors' and '/Game/AtmosphericHouse/Enums/E_Floors.E_Floors'
[2025.04.15-20.28.02:833][529]LogEnum: Warning: Enum name collision: 'E_Floors::NewEnumerator50' is in both '/Game/ElectricalStation/AtmosphericHouse/Enums/E_Floors.E_Floors' and '/Game/AtmosphericHouse/Enums/E_Floors.E_Floors'
[2025.04.15-20.28.02:833][529]LogEnum: Warning: Enum name collision: 'E_Floors::NewEnumerator51' is in both '/Game/ElectricalStation/AtmosphericHouse/Enums/E_Floors.E_Floors' and '/Game/AtmosphericHouse/Enums/E_Floors.E_Floors'
[2025.04.15-20.28.02:833][529]LogEnum: Warning: Enum name collision: 'E_Floors::NewEnumerator19' is in both '/Game/ElectricalStation/AtmosphericHouse/Enums/E_Floors.E_Floors' and '/Game/AtmosphericHouse/Enums/E_Floors.E_Floors'
[2025.04.15-20.28.02:833][529]LogEnum: Warning: Enum name collision: 'E_Floors::NewEnumerator25' is in both '/Game/ElectricalStation/AtmosphericHouse/Enums/E_Floors.E_Floors' and '/Game/AtmosphericHouse/Enums/E_Floors.E_Floors'
[2025.04.15-20.28.02:833][529]LogEnum: Warning: Enum name collision: 'E_Floors::NewEnumerator43' is in both '/Game/ElectricalStation/AtmosphericHouse/Enums/E_Floors.E_Floors' and '/Game/AtmosphericHouse/Enums/E_Floors.E_Floors'
[2025.04.15-20.28.02:833][529]LogEnum: Warning: Enum name collision: 'E_Floors::NewEnumerator44' is in both '/Game/ElectricalStation/AtmosphericHouse/Enums/E_Floors.E_Floors' and '/Game/AtmosphericHouse/Enums/E_Floors.E_Floors'
[2025.04.15-20.28.02:833][529]LogEnum: Warning: Enum name collision: 'E_Floors::NewEnumerator45' is in both '/Game/ElectricalStation/AtmosphericHouse/Enums/E_Floors.E_Floors' and '/Game/AtmosphericHouse/Enums/E_Floors.E_Floors'
[2025.04.15-20.28.02:833][529]LogEnum: Warning: Enum name collision: 'E_Floors::NewEnumerator46' is in both '/Game/ElectricalStation/AtmosphericHouse/Enums/E_Floors.E_Floors' and '/Game/AtmosphericHouse/Enums/E_Floors.E_Floors'
[2025.04.15-20.28.02:833][529]LogEnum: Warning: Enum name collision: 'E_Floors::NewEnumerator47' is in both '/Game/ElectricalStation/AtmosphericHouse/Enums/E_Floors.E_Floors' and '/Game/AtmosphericHouse/Enums/E_Floors.E_Floors'
[2025.04.15-20.28.02:833][529]LogEnum: Warning: Enum name collision: 'E_Floors::NewEnumerator48' is in both '/Game/ElectricalStation/AtmosphericHouse/Enums/E_Floors.E_Floors' and '/Game/AtmosphericHouse/Enums/E_Floors.E_Floors'
[2025.04.15-20.28.02:833][529]LogEnum: Warning: Enum name collision: 'E_Floors::NewEnumerator49' is in both '/Game/ElectricalStation/AtmosphericHouse/Enums/E_Floors.E_Floors' and '/Game/AtmosphericHouse/Enums/E_Floors.E_Floors'
[2025.04.15-20.28.02:833][529]LogEnum: Warning: Enum name collision: 'E_Floors::NewEnumerator50' is in both '/Game/ElectricalStation/AtmosphericHouse/Enums/E_Floors.E_Floors' and '/Game/AtmosphericHouse/Enums/E_Floors.E_Floors'
[2025.04.15-20.28.02:833][529]LogEnum: Warning: Enum name collision: 'E_Floors::NewEnumerator51' is in both '/Game/ElectricalStation/AtmosphericHouse/Enums/E_Floors.E_Floors' and '/Game/AtmosphericHouse/Enums/E_Floors.E_Floors'
[2025.04.15-20.28.02:860][529]LogEnum: Warning: Enum name collision: 'E_Floors::NewEnumerator19' is in both '/Game/SuburbNeighborhoodHousePack/Enums/E_Floors.E_Floors' and '/Game/AtmosphericHouse/Enums/E_Floors.E_Floors'
[2025.04.15-20.28.02:860][529]LogEnum: Warning: Enum name collision: 'E_Floors::NewEnumerator25' is in both '/Game/SuburbNeighborhoodHousePack/Enums/E_Floors.E_Floors' and '/Game/AtmosphericHouse/Enums/E_Floors.E_Floors'
[2025.04.15-20.28.02:860][529]LogEnum: Warning: Enum name collision: 'E_Floors::NewEnumerator19' is in both '/Game/SuburbNeighborhoodHousePack/Enums/E_Floors.E_Floors' and '/Game/AtmosphericHouse/Enums/E_Floors.E_Floors'
[2025.04.15-20.28.02:860][529]LogEnum: Warning: Enum name collision: 'E_Floors::NewEnumerator25' is in both '/Game/SuburbNeighborhoodHousePack/Enums/E_Floors.E_Floors' and '/Game/AtmosphericHouse/Enums/E_Floors.E_Floors'
[2025.04.15-20.28.02:871][529]LogEnum: Warning: Enum name collision: 'E_Ceiling_3x3_broken::NewEnumerator19' is in both '/Game/UnderwaterHouse/Enums/E_Ceiling_3x3_broken.E_Ceiling_3x3_broken' and '/Game/AtmosphericHouse/Enums/E_Ceiling_3x3_broken.E_Ceiling_3x3_broken'
[2025.04.15-20.28.02:871][529]LogEnum: Warning: Enum name collision: 'E_Ceiling_3x3_broken::NewEnumerator25' is in both '/Game/UnderwaterHouse/Enums/E_Ceiling_3x3_broken.E_Ceiling_3x3_broken' and '/Game/AtmosphericHouse/Enums/E_Ceiling_3x3_broken.E_Ceiling_3x3_broken'
[2025.04.15-20.28.02:871][529]LogEnum: Warning: Enum name collision: 'E_Ceiling_3x3_broken::NewEnumerator54' is in both '/Game/UnderwaterHouse/Enums/E_Ceiling_3x3_broken.E_Ceiling_3x3_broken' and '/Game/AtmosphericHouse/Enums/E_Ceiling_3x3_broken.E_Ceiling_3x3_broken'
[2025.04.15-20.28.02:872][529]LogEnum: Warning: Enum name collision: 'E_Ceiling_3x3_broken::NewEnumerator19' is in both '/Game/UnderwaterHouse/Enums/E_Ceiling_3x3_broken.E_Ceiling_3x3_broken' and '/Game/AtmosphericHouse/Enums/E_Ceiling_3x3_broken.E_Ceiling_3x3_broken'
[2025.04.15-20.28.02:872][529]LogEnum: Warning: Enum name collision: 'E_Ceiling_3x3_broken::NewEnumerator25' is in both '/Game/UnderwaterHouse/Enums/E_Ceiling_3x3_broken.E_Ceiling_3x3_broken' and '/Game/AtmosphericHouse/Enums/E_Ceiling_3x3_broken.E_Ceiling_3x3_broken'
[2025.04.15-20.28.02:872][529]LogEnum: Warning: Enum name collision: 'E_Ceiling_3x3_broken::NewEnumerator54' is in both '/Game/UnderwaterHouse/Enums/E_Ceiling_3x3_broken.E_Ceiling_3x3_broken' and '/Game/AtmosphericHouse/Enums/E_Ceiling_3x3_broken.E_Ceiling_3x3_broken'
[2025.04.15-20.28.02:872][529]LogEnum: Warning: Enum name collision: 'E_Ceiling_6x6_broken::NewEnumerator19' is in both '/Game/UnderwaterHouse/Enums/E_Ceiling_6x6_broken.E_Ceiling_6x6_broken' and '/Game/AtmosphericHouse/Enums/E_Ceiling_6x6_broken.E_Ceiling_6x6_broken'
[2025.04.15-20.28.02:872][529]LogEnum: Warning: Enum name collision: 'E_Ceiling_6x6_broken::NewEnumerator25' is in both '/Game/UnderwaterHouse/Enums/E_Ceiling_6x6_broken.E_Ceiling_6x6_broken' and '/Game/AtmosphericHouse/Enums/E_Ceiling_6x6_broken.E_Ceiling_6x6_broken'
[2025.04.15-20.28.02:872][529]LogEnum: Warning: Enum name collision: 'E_Ceiling_6x6_broken::NewEnumerator19' is in both '/Game/UnderwaterHouse/Enums/E_Ceiling_6x6_broken.E_Ceiling_6x6_broken' and '/Game/AtmosphericHouse/Enums/E_Ceiling_6x6_broken.E_Ceiling_6x6_broken'
[2025.04.15-20.28.02:872][529]LogEnum: Warning: Enum name collision: 'E_Ceiling_6x6_broken::NewEnumerator25' is in both '/Game/UnderwaterHouse/Enums/E_Ceiling_6x6_broken.E_Ceiling_6x6_broken' and '/Game/AtmosphericHouse/Enums/E_Ceiling_6x6_broken.E_Ceiling_6x6_broken'
[2025.04.15-20.28.02:873][529]LogEnum: Warning: Enum name collision: 'E_Floors::NewEnumerator19' is in both '/Game/UnderwaterHouse/Enums/E_Floors.E_Floors' and '/Game/AtmosphericHouse/Enums/E_Floors.E_Floors'
[2025.04.15-20.28.02:873][529]LogEnum: Warning: Enum name collision: 'E_Floors::NewEnumerator25' is in both '/Game/UnderwaterHouse/Enums/E_Floors.E_Floors' and '/Game/AtmosphericHouse/Enums/E_Floors.E_Floors'
[2025.04.15-20.28.02:873][529]LogEnum: Warning: Enum name collision: 'E_Floors::NewEnumerator43' is in both '/Game/UnderwaterHouse/Enums/E_Floors.E_Floors' and '/Game/AtmosphericHouse/Enums/E_Floors.E_Floors'
[2025.04.15-20.28.02:873][529]LogEnum: Warning: Enum name collision: 'E_Floors::NewEnumerator44' is in both '/Game/UnderwaterHouse/Enums/E_Floors.E_Floors' and '/Game/AtmosphericHouse/Enums/E_Floors.E_Floors'
[2025.04.15-20.28.02:873][529]LogEnum: Warning: Enum name collision: 'E_Floors::NewEnumerator45' is in both '/Game/UnderwaterHouse/Enums/E_Floors.E_Floors' and '/Game/AtmosphericHouse/Enums/E_Floors.E_Floors'
[2025.04.15-20.28.02:873][529]LogEnum: Warning: Enum name collision: 'E_Floors::NewEnumerator46' is in both '/Game/UnderwaterHouse/Enums/E_Floors.E_Floors' and '/Game/AtmosphericHouse/Enums/E_Floors.E_Floors'
[2025.04.15-20.28.02:873][529]LogEnum: Warning: Enum name collision: 'E_Floors::NewEnumerator47' is in both '/Game/UnderwaterHouse/Enums/E_Floors.E_Floors' and '/Game/AtmosphericHouse/Enums/E_Floors.E_Floors'
[2025.04.15-20.28.02:873][529]LogEnum: Warning: Enum name collision: 'E_Floors::NewEnumerator48' is in both '/Game/UnderwaterHouse/Enums/E_Floors.E_Floors' and '/Game/AtmosphericHouse/Enums/E_Floors.E_Floors'
[2025.04.15-20.28.02:873][529]LogEnum: Warning: Enum name collision: 'E_Floors::NewEnumerator49' is in both '/Game/UnderwaterHouse/Enums/E_Floors.E_Floors' and '/Game/AtmosphericHouse/Enums/E_Floors.E_Floors'
[2025.04.15-20.28.02:873][529]LogEnum: Warning: Enum name collision: 'E_Floors::NewEnumerator50' is in both '/Game/UnderwaterHouse/Enums/E_Floors.E_Floors' and '/Game/AtmosphericHouse/Enums/E_Floors.E_Floors'
[2025.04.15-20.28.02:873][529]LogEnum: Warning: Enum name collision: 'E_Floors::NewEnumerator51' is in both '/Game/UnderwaterHouse/Enums/E_Floors.E_Floors' and '/Game/AtmosphericHouse/Enums/E_Floors.E_Floors'
[2025.04.15-20.28.02:873][529]LogEnum: Warning: Enum name collision: 'E_Floors::NewEnumerator19' is in both '/Game/UnderwaterHouse/Enums/E_Floors.E_Floors' and '/Game/AtmosphericHouse/Enums/E_Floors.E_Floors'
[2025.04.15-20.28.02:873][529]LogEnum: Warning: Enum name collision: 'E_Floors::NewEnumerator25' is in both '/Game/UnderwaterHouse/Enums/E_Floors.E_Floors' and '/Game/AtmosphericHouse/Enums/E_Floors.E_Floors'
[2025.04.15-20.28.02:873][529]LogEnum: Warning: Enum name collision: 'E_Floors::NewEnumerator43' is in both '/Game/UnderwaterHouse/Enums/E_Floors.E_Floors' and '/Game/AtmosphericHouse/Enums/E_Floors.E_Floors'
[2025.04.15-20.28.02:873][529]LogEnum: Warning: Enum name collision: 'E_Floors::NewEnumerator44' is in both '/Game/UnderwaterHouse/Enums/E_Floors.E_Floors' and '/Game/AtmosphericHouse/Enums/E_Floors.E_Floors'
[2025.04.15-20.28.02:873][529]LogEnum: Warning: Enum name collision: 'E_Floors::NewEnumerator45' is in both '/Game/UnderwaterHouse/Enums/E_Floors.E_Floors' and '/Game/AtmosphericHouse/Enums/E_Floors.E_Floors'
[2025.04.15-20.28.02:873][529]LogEnum: Warning: Enum name collision: 'E_Floors::NewEnumerator46' is in both '/Game/UnderwaterHouse/Enums/E_Floors.E_Floors' and '/Game/AtmosphericHouse/Enums/E_Floors.E_Floors'
[2025.04.15-20.28.02:873][529]LogEnum: Warning: Enum name collision: 'E_Floors::NewEnumerator47' is in both '/Game/UnderwaterHouse/Enums/E_Floors.E_Floors' and '/Game/AtmosphericHouse/Enums/E_Floors.E_Floors'
[2025.04.15-20.28.02:873][529]LogEnum: Warning: Enum name collision: 'E_Floors::NewEnumerator48' is in both '/Game/UnderwaterHouse/Enums/E_Floors.E_Floors' and '/Game/AtmosphericHouse/Enums/E_Floors.E_Floors'
[2025.04.15-20.28.02:873][529]LogEnum: Warning: Enum name collision: 'E_Floors::NewEnumerator49' is in both '/Game/UnderwaterHouse/Enums/E_Floors.E_Floors' and '/Game/AtmosphericHouse/Enums/E_Floors.E_Floors'
[2025.04.15-20.28.02:873][529]LogEnum: Warning: Enum name collision: 'E_Floors::NewEnumerator50' is in both '/Game/UnderwaterHouse/Enums/E_Floors.E_Floors' and '/Game/AtmosphericHouse/Enums/E_Floors.E_Floors'
[2025.04.15-20.28.02:873][529]LogEnum: Warning: Enum name collision: 'E_Floors::NewEnumerator51' is in both '/Game/UnderwaterHouse/Enums/E_Floors.E_Floors' and '/Game/AtmosphericHouse/Enums/E_Floors.E_Floors'
[2025.04.15-20.28.02:874][529]LogEnum: Warning: Enum name collision: 'E_WallIn::NewEnumerator19' is in both '/Game/UnderwaterHouse/Enums/E_WallIn.E_WallIn' and '/Game/AtmosphericHouse/Enums/E_WallIn.E_WallIn'
[2025.04.15-20.28.02:874][529]LogEnum: Warning: Enum name collision: 'E_WallIn::NewEnumerator25' is in both '/Game/UnderwaterHouse/Enums/E_WallIn.E_WallIn' and '/Game/AtmosphericHouse/Enums/E_WallIn.E_WallIn'
[2025.04.15-20.28.02:874][529]LogEnum: Warning: Enum name collision: 'E_WallIn::NewEnumerator26' is in both '/Game/UnderwaterHouse/Enums/E_WallIn.E_WallIn' and '/Game/AtmosphericHouse/Enums/E_WallIn.E_WallIn'
[2025.04.15-20.28.02:874][529]LogEnum: Warning: Enum name collision: 'E_WallIn::NewEnumerator27' is in both '/Game/UnderwaterHouse/Enums/E_WallIn.E_WallIn' and '/Game/AtmosphericHouse/Enums/E_WallIn.E_WallIn'
[2025.04.15-20.28.02:874][529]LogEnum: Warning: Enum name collision: 'E_WallIn::NewEnumerator28' is in both '/Game/UnderwaterHouse/Enums/E_WallIn.E_WallIn' and '/Game/AtmosphericHouse/Enums/E_WallIn.E_WallIn'
[2025.04.15-20.28.02:874][529]LogEnum: Warning: Enum name collision: 'E_WallIn::NewEnumerator29' is in both '/Game/UnderwaterHouse/Enums/E_WallIn.E_WallIn' and '/Game/AtmosphericHouse/Enums/E_WallIn.E_WallIn'
[2025.04.15-20.28.02:874][529]LogEnum: Warning: Enum name collision: 'E_WallIn::NewEnumerator30' is in both '/Game/UnderwaterHouse/Enums/E_WallIn.E_WallIn' and '/Game/AtmosphericHouse/Enums/E_WallIn.E_WallIn'
[2025.04.15-20.28.02:874][529]LogEnum: Warning: Enum name collision: 'E_WallIn::NewEnumerator31' is in both '/Game/UnderwaterHouse/Enums/E_WallIn.E_WallIn' and '/Game/AtmosphericHouse/Enums/E_WallIn.E_WallIn'
[2025.04.15-20.28.02:874][529]LogEnum: Warning: Enum name collision: 'E_WallIn::NewEnumerator32' is in both '/Game/UnderwaterHouse/Enums/E_WallIn.E_WallIn' and '/Game/AtmosphericHouse/Enums/E_WallIn.E_WallIn'
[2025.04.15-20.28.02:874][529]LogEnum: Warning: Enum name collision: 'E_WallIn::NewEnumerator33' is in both '/Game/UnderwaterHouse/Enums/E_WallIn.E_WallIn' and '/Game/AtmosphericHouse/Enums/E_WallIn.E_WallIn'
[2025.04.15-20.28.02:874][529]LogEnum: Warning: Enum name collision: 'E_WallIn::NewEnumerator34' is in both '/Game/UnderwaterHouse/Enums/E_WallIn.E_WallIn' and '/Game/AtmosphericHouse/Enums/E_WallIn.E_WallIn'
[2025.04.15-20.28.02:874][529]LogEnum: Warning: Enum name collision: 'E_WallIn::NewEnumerator35' is in both '/Game/UnderwaterHouse/Enums/E_WallIn.E_WallIn' and '/Game/AtmosphericHouse/Enums/E_WallIn.E_WallIn'
[2025.04.15-20.28.02:874][529]LogEnum: Warning: Enum name collision: 'E_WallIn::NewEnumerator36' is in both '/Game/UnderwaterHouse/Enums/E_WallIn.E_WallIn' and '/Game/AtmosphericHouse/Enums/E_WallIn.E_WallIn'
[2025.04.15-20.28.02:874][529]LogEnum: Warning: Enum name collision: 'E_WallIn::NewEnumerator37' is in both '/Game/UnderwaterHouse/Enums/E_WallIn.E_WallIn' and '/Game/AtmosphericHouse/Enums/E_WallIn.E_WallIn'
[2025.04.15-20.28.02:874][529]LogEnum: Warning: Enum name collision: 'E_WallIn::NewEnumerator38' is in both '/Game/UnderwaterHouse/Enums/E_WallIn.E_WallIn' and '/Game/AtmosphericHouse/Enums/E_WallIn.E_WallIn'
[2025.04.15-20.28.02:874][529]LogEnum: Warning: Enum name collision: 'E_WallIn::NewEnumerator39' is in both '/Game/UnderwaterHouse/Enums/E_WallIn.E_WallIn' and '/Game/AtmosphericHouse/Enums/E_WallIn.E_WallIn'
[2025.04.15-20.28.02:874][529]LogEnum: Warning: Enum name collision: 'E_WallIn::NewEnumerator40' is in both '/Game/UnderwaterHouse/Enums/E_WallIn.E_WallIn' and '/Game/AtmosphericHouse/Enums/E_WallIn.E_WallIn'
[2025.04.15-20.28.02:874][529]LogEnum: Warning: Enum name collision: 'E_WallIn::NewEnumerator41' is in both '/Game/UnderwaterHouse/Enums/E_WallIn.E_WallIn' and '/Game/AtmosphericHouse/Enums/E_WallIn.E_WallIn'
[2025.04.15-20.28.02:874][529]LogEnum: Warning: Enum name collision: 'E_WallIn::NewEnumerator42' is in both '/Game/UnderwaterHouse/Enums/E_WallIn.E_WallIn' and '/Game/AtmosphericHouse/Enums/E_WallIn.E_WallIn'
[2025.04.15-20.28.02:874][529]LogEnum: Warning: Enum name collision: 'E_WallIn::NewEnumerator19' is in both '/Game/UnderwaterHouse/Enums/E_WallIn.E_WallIn' and '/Game/AtmosphericHouse/Enums/E_WallIn.E_WallIn'
[2025.04.15-20.28.02:874][529]LogEnum: Warning: Enum name collision: 'E_WallIn::NewEnumerator25' is in both '/Game/UnderwaterHouse/Enums/E_WallIn.E_WallIn' and '/Game/AtmosphericHouse/Enums/E_WallIn.E_WallIn'
[2025.04.15-20.28.02:874][529]LogEnum: Warning: Enum name collision: 'E_WallIn::NewEnumerator26' is in both '/Game/UnderwaterHouse/Enums/E_WallIn.E_WallIn' and '/Game/AtmosphericHouse/Enums/E_WallIn.E_WallIn'
[2025.04.15-20.28.02:874][529]LogEnum: Warning: Enum name collision: 'E_WallIn::NewEnumerator27' is in both '/Game/UnderwaterHouse/Enums/E_WallIn.E_WallIn' and '/Game/AtmosphericHouse/Enums/E_WallIn.E_WallIn'
[2025.04.15-20.28.02:874][529]LogEnum: Warning: Enum name collision: 'E_WallIn::NewEnumerator28' is in both '/Game/UnderwaterHouse/Enums/E_WallIn.E_WallIn' and '/Game/AtmosphericHouse/Enums/E_WallIn.E_WallIn'
[2025.04.15-20.28.02:874][529]LogEnum: Warning: Enum name collision: 'E_WallIn::NewEnumerator29' is in both '/Game/UnderwaterHouse/Enums/E_WallIn.E_WallIn' and '/Game/AtmosphericHouse/Enums/E_WallIn.E_WallIn'
[2025.04.15-20.28.02:874][529]LogEnum: Warning: Enum name collision: 'E_WallIn::NewEnumerator30' is in both '/Game/UnderwaterHouse/Enums/E_WallIn.E_WallIn' and '/Game/AtmosphericHouse/Enums/E_WallIn.E_WallIn'
[2025.04.15-20.28.02:874][529]LogEnum: Warning: Enum name collision: 'E_WallIn::NewEnumerator31' is in both '/Game/UnderwaterHouse/Enums/E_WallIn.E_WallIn' and '/Game/AtmosphericHouse/Enums/E_WallIn.E_WallIn'
[2025.04.15-20.28.02:874][529]LogEnum: Warning: Enum name collision: 'E_WallIn::NewEnumerator32' is in both '/Game/UnderwaterHouse/Enums/E_WallIn.E_WallIn' and '/Game/AtmosphericHouse/Enums/E_WallIn.E_WallIn'
[2025.04.15-20.28.02:874][529]LogEnum: Warning: Enum name collision: 'E_WallIn::NewEnumerator33' is in both '/Game/UnderwaterHouse/Enums/E_WallIn.E_WallIn' and '/Game/AtmosphericHouse/Enums/E_WallIn.E_WallIn'
[2025.04.15-20.28.02:874][529]LogEnum: Warning: Enum name collision: 'E_WallIn::NewEnumerator34' is in both '/Game/UnderwaterHouse/Enums/E_WallIn.E_WallIn' and '/Game/AtmosphericHouse/Enums/E_WallIn.E_WallIn'
[2025.04.15-20.28.02:874][529]LogEnum: Warning: Enum name collision: 'E_WallIn::NewEnumerator35' is in both '/Game/UnderwaterHouse/Enums/E_WallIn.E_WallIn' and '/Game/AtmosphericHouse/Enums/E_WallIn.E_WallIn'
[2025.04.15-20.28.02:874][529]LogEnum: Warning: Enum name collision: 'E_WallIn::NewEnumerator36' is in both '/Game/UnderwaterHouse/Enums/E_WallIn.E_WallIn' and '/Game/AtmosphericHouse/Enums/E_WallIn.E_WallIn'
[2025.04.15-20.28.02:874][529]LogEnum: Warning: Enum name collision: 'E_WallIn::NewEnumerator37' is in both '/Game/UnderwaterHouse/Enums/E_WallIn.E_WallIn' and '/Game/AtmosphericHouse/Enums/E_WallIn.E_WallIn'
[2025.04.15-20.28.02:874][529]LogEnum: Warning: Enum name collision: 'E_WallIn::NewEnumerator38' is in both '/Game/UnderwaterHouse/Enums/E_WallIn.E_WallIn' and '/Game/AtmosphericHouse/Enums/E_WallIn.E_WallIn'
[2025.04.15-20.28.02:874][529]LogEnum: Warning: Enum name collision: 'E_WallIn::NewEnumerator39' is in both '/Game/UnderwaterHouse/Enums/E_WallIn.E_WallIn' and '/Game/AtmosphericHouse/Enums/E_WallIn.E_WallIn'
[2025.04.15-20.28.02:874][529]LogEnum: Warning: Enum name collision: 'E_WallIn::NewEnumerator40' is in both '/Game/UnderwaterHouse/Enums/E_WallIn.E_WallIn' and '/Game/AtmosphericHouse/Enums/E_WallIn.E_WallIn'
[2025.04.15-20.28.02:874][529]LogEnum: Warning: Enum name collision: 'E_WallIn::NewEnumerator41' is in both '/Game/UnderwaterHouse/Enums/E_WallIn.E_WallIn' and '/Game/AtmosphericHouse/Enums/E_WallIn.E_WallIn'
[2025.04.15-20.28.02:874][529]LogEnum: Warning: Enum name collision: 'E_WallIn::NewEnumerator42' is in both '/Game/UnderwaterHouse/Enums/E_WallIn.E_WallIn' and '/Game/AtmosphericHouse/Enums/E_WallIn.E_WallIn'
[2025.04.15-20.28.02:875][529]LogEnum: Warning: Enum name collision: 'E_WallOut::NewEnumerator25' is in both '/Game/UnderwaterHouse/Enums/E_WallOut.E_WallOut' and '/Game/AtmosphericHouse/Enums/E_WallOut.E_WallOut'
[2025.04.15-20.28.02:875][529]LogEnum: Warning: Enum name collision: 'E_WallOut::NewEnumerator26' is in both '/Game/UnderwaterHouse/Enums/E_WallOut.E_WallOut' and '/Game/AtmosphericHouse/Enums/E_WallOut.E_WallOut'
[2025.04.15-20.28.02:875][529]LogEnum: Warning: Enum name collision: 'E_WallOut::NewEnumerator27' is in both '/Game/UnderwaterHouse/Enums/E_WallOut.E_WallOut' and '/Game/AtmosphericHouse/Enums/E_WallOut.E_WallOut'
[2025.04.15-20.28.02:875][529]LogEnum: Warning: Enum name collision: 'E_WallOut::NewEnumerator28' is in both '/Game/UnderwaterHouse/Enums/E_WallOut.E_WallOut' and '/Game/AtmosphericHouse/Enums/E_WallOut.E_WallOut'
[2025.04.15-20.28.02:875][529]LogEnum: Warning: Enum name collision: 'E_WallOut::NewEnumerator29' is in both '/Game/UnderwaterHouse/Enums/E_WallOut.E_WallOut' and '/Game/AtmosphericHouse/Enums/E_WallOut.E_WallOut'
[2025.04.15-20.28.02:875][529]LogEnum: Warning: Enum name collision: 'E_WallOut::NewEnumerator30' is in both '/Game/UnderwaterHouse/Enums/E_WallOut.E_WallOut' and '/Game/AtmosphericHouse/Enums/E_WallOut.E_WallOut'
[2025.04.15-20.28.02:875][529]LogEnum: Warning: Enum name collision: 'E_WallOut::NewEnumerator31' is in both '/Game/UnderwaterHouse/Enums/E_WallOut.E_WallOut' and '/Game/AtmosphericHouse/Enums/E_WallOut.E_WallOut'
[2025.04.15-20.28.02:875][529]LogEnum: Warning: Enum name collision: 'E_WallOut::NewEnumerator32' is in both '/Game/UnderwaterHouse/Enums/E_WallOut.E_WallOut' and '/Game/AtmosphericHouse/Enums/E_WallOut.E_WallOut'
[2025.04.15-20.28.02:875][529]LogEnum: Warning: Enum name collision: 'E_WallOut::NewEnumerator33' is in both '/Game/UnderwaterHouse/Enums/E_WallOut.E_WallOut' and '/Game/AtmosphericHouse/Enums/E_WallOut.E_WallOut'
[2025.04.15-20.28.02:875][529]LogEnum: Warning: Enum name collision: 'E_WallOut::NewEnumerator34' is in both '/Game/UnderwaterHouse/Enums/E_WallOut.E_WallOut' and '/Game/AtmosphericHouse/Enums/E_WallOut.E_WallOut'
[2025.04.15-20.28.02:875][529]LogEnum: Warning: Enum name collision: 'E_WallOut::NewEnumerator35' is in both '/Game/UnderwaterHouse/Enums/E_WallOut.E_WallOut' and '/Game/AtmosphericHouse/Enums/E_WallOut.E_WallOut'
[2025.04.15-20.28.02:875][529]LogEnum: Warning: Enum name collision: 'E_WallOut::NewEnumerator36' is in both '/Game/UnderwaterHouse/Enums/E_WallOut.E_WallOut' and '/Game/AtmosphericHouse/Enums/E_WallOut.E_WallOut'
[2025.04.15-20.28.02:875][529]LogEnum: Warning: Enum name collision: 'E_WallOut::NewEnumerator19' is in both '/Game/UnderwaterHouse/Enums/E_WallOut.E_WallOut' and '/Game/AtmosphericHouse/Enums/E_WallOut.E_WallOut'
[2025.04.15-20.28.02:875][529]LogEnum: Warning: Enum name collision: 'E_WallOut::NewEnumerator37' is in both '/Game/UnderwaterHouse/Enums/E_WallOut.E_WallOut' and '/Game/AtmosphericHouse/Enums/E_WallOut.E_WallOut'
[2025.04.15-20.28.02:875][529]LogEnum: Warning: Enum name collision: 'E_WallOut::NewEnumerator25' is in both '/Game/UnderwaterHouse/Enums/E_WallOut.E_WallOut' and '/Game/AtmosphericHouse/Enums/E_WallOut.E_WallOut'
[2025.04.15-20.28.02:875][529]LogEnum: Warning: Enum name collision: 'E_WallOut::NewEnumerator26' is in both '/Game/UnderwaterHouse/Enums/E_WallOut.E_WallOut' and '/Game/AtmosphericHouse/Enums/E_WallOut.E_WallOut'
[2025.04.15-20.28.02:875][529]LogEnum: Warning: Enum name collision: 'E_WallOut::NewEnumerator27' is in both '/Game/UnderwaterHouse/Enums/E_WallOut.E_WallOut' and '/Game/AtmosphericHouse/Enums/E_WallOut.E_WallOut'
[2025.04.15-20.28.02:875][529]LogEnum: Warning: Enum name collision: 'E_WallOut::NewEnumerator28' is in both '/Game/UnderwaterHouse/Enums/E_WallOut.E_WallOut' and '/Game/AtmosphericHouse/Enums/E_WallOut.E_WallOut'
[2025.04.15-20.28.02:875][529]LogEnum: Warning: Enum name collision: 'E_WallOut::NewEnumerator29' is in both '/Game/UnderwaterHouse/Enums/E_WallOut.E_WallOut' and '/Game/AtmosphericHouse/Enums/E_WallOut.E_WallOut'
[2025.04.15-20.28.02:875][529]LogEnum: Warning: Enum name collision: 'E_WallOut::NewEnumerator30' is in both '/Game/UnderwaterHouse/Enums/E_WallOut.E_WallOut' and '/Game/AtmosphericHouse/Enums/E_WallOut.E_WallOut'
[2025.04.15-20.28.02:875][529]LogEnum: Warning: Enum name collision: 'E_WallOut::NewEnumerator31' is in both '/Game/UnderwaterHouse/Enums/E_WallOut.E_WallOut' and '/Game/AtmosphericHouse/Enums/E_WallOut.E_WallOut'
[2025.04.15-20.28.02:875][529]LogEnum: Warning: Enum name collision: 'E_WallOut::NewEnumerator32' is in both '/Game/UnderwaterHouse/Enums/E_WallOut.E_WallOut' and '/Game/AtmosphericHouse/Enums/E_WallOut.E_WallOut'
[2025.04.15-20.28.02:875][529]LogEnum: Warning: Enum name collision: 'E_WallOut::NewEnumerator33' is in both '/Game/UnderwaterHouse/Enums/E_WallOut.E_WallOut' and '/Game/AtmosphericHouse/Enums/E_WallOut.E_WallOut'
[2025.04.15-20.28.02:875][529]LogEnum: Warning: Enum name collision: 'E_WallOut::NewEnumerator34' is in both '/Game/UnderwaterHouse/Enums/E_WallOut.E_WallOut' and '/Game/AtmosphericHouse/Enums/E_WallOut.E_WallOut'
[2025.04.15-20.28.02:875][529]LogEnum: Warning: Enum name collision: 'E_WallOut::NewEnumerator35' is in both '/Game/UnderwaterHouse/Enums/E_WallOut.E_WallOut' and '/Game/AtmosphericHouse/Enums/E_WallOut.E_WallOut'
[2025.04.15-20.28.02:875][529]LogEnum: Warning: Enum name collision: 'E_WallOut::NewEnumerator36' is in both '/Game/UnderwaterHouse/Enums/E_WallOut.E_WallOut' and '/Game/AtmosphericHouse/Enums/E_WallOut.E_WallOut'
[2025.04.15-20.28.02:875][529]LogEnum: Warning: Enum name collision: 'E_WallOut::NewEnumerator19' is in both '/Game/UnderwaterHouse/Enums/E_WallOut.E_WallOut' and '/Game/AtmosphericHouse/Enums/E_WallOut.E_WallOut'
[2025.04.15-20.28.02:875][529]LogEnum: Warning: Enum name collision: 'E_WallOut::NewEnumerator37' is in both '/Game/UnderwaterHouse/Enums/E_WallOut.E_WallOut' and '/Game/AtmosphericHouse/Enums/E_WallOut.E_WallOut'
[2025.04.15-20.28.03:698][529]LogNativeClassHierarchy: Verbose: Native class hierarchy updated for 'BlueprintGraph' in 0.0005 seconds. Added 126 classes and 0 folders.
[2025.04.15-20.28.04:948][529]LogSlate: Took 0.009509 seconds to synchronously load lazily loaded font '../../../Engine/Content/Slate/Fonts/Roboto-BoldCondensed.ttf' (158K)
[2025.04.15-20.28.09:167][774]LogRenderer: Reallocating scene render targets to support 1208x692 Format 10 NumSamples 1 (Frame:1).
[2025.04.15-20.28.12:984][180]LogSlate: Window 'BASE_BPManagers' being destroyed
[2025.04.15-20.28.12:998][180]LogWorld: UWorld::CleanupWorld for World_0, bSessionEnded=true, bCleanupResources=true
[2025.04.15-20.28.12:998][180]LogSlate: InvalidateAllWidgets triggered.  All widgets were invalidated
[2025.04.15-20.28.13:420][219]LogUObjectHash: Compacting FUObjectHashTables data took   3.16ms
[2025.04.15-20.28.13:463][219]LogSlate: Window 'EscapeTheBackrooms - Unreal Editor' being destroyed
[2025.04.15-20.28.13:567][220]Cmd: QUIT_EDITOR
[2025.04.15-20.28.13:567][220]LogCore: Engine exit requested (reason: UUnrealEdEngine::CloseEditor())
[2025.04.15-20.28.13:571][220]LogCore: Engine exit requested (reason: EngineExit() was called; note: exit was already requested)
[2025.04.15-20.28.13:578][220]LogAudio: Display: Beginning Audio Device Manager Shutdown (Module: AudioMixerXAudio2)...
[2025.04.15-20.28.13:578][220]LogAudio: Display: Destroying 1 Remaining Audio Device(s)...
[2025.04.15-20.28.13:579][220]LogAudio: Display: Audio Device unregistered from world 'Untitled_1'.
[2025.04.15-20.28.13:581][220]LogAudioMixer: FMixerPlatformXAudio2::StopAudioStream() called
[2025.04.15-20.28.13:582][220]LogAudioMixer: FMixerPlatformXAudio2::StopAudioStream() called
[2025.04.15-20.28.13:587][220]LogAudio: Display: Audio Device Manager Shutdown
[2025.04.15-20.28.13:591][220]LogWindowsTextInputMethodSystem: Display: IME system deactivated.
[2025.04.15-20.28.13:594][220]LogExit: Preparing to exit.
[2025.04.15-20.28.13:624][220]LogUObjectHash: Compacting FUObjectHashTables data took   2.29ms
[2025.04.15-20.28.13:796][220]LogDemo: Cleaned up 0 splitscreen connections with owner deletion
[2025.04.15-20.28.13:815][220]LogWorld: UWorld::CleanupWorld for None, bSessionEnded=true, bCleanupResources=true
[2025.04.15-20.28.13:815][220]LogExit: Editor shut down
[2025.04.15-20.28.13:816][220]LogExit: Transaction tracking system shut down
[2025.04.15-20.28.14:223][220]LogExit: Object subsystem successfully closed.
[2025.04.15-20.28.14:241][220]LogShaderCompilers: Display: === FShaderJobCache stats ===
[2025.04.15-20.28.14:241][220]LogShaderCompilers: Display: Total job queries 0, among them cache hits 0 (0.00%)
[2025.04.15-20.28.14:241][220]LogShaderCompilers: Display: Tracking 0 distinct input hashes that result in 0 distinct outputs (0.00%)
[2025.04.15-20.28.14:241][220]LogShaderCompilers: Display: RAM used: 0.00 MB (0.00 GB) of 819.20 MB (0.80 GB) budget. Usage: 0.00%
[2025.04.15-20.28.14:241][220]LogShaderCompilers: Display: ================================================
[2025.04.15-20.28.14:260][220]LogShaderCompilers: Display: Shaders left to compile 0
[2025.04.15-20.28.14:333][220]LogModuleManager: Shutting down and abandoning module BlueprintGraph (872)
[2025.04.15-20.28.14:333][220]LogModuleManager: Shutting down and abandoning module HierarchicalLODOutliner (870)
[2025.04.15-20.28.14:333][220]LogModuleManager: Shutting down and abandoning module SceneOutliner (868)
[2025.04.15-20.28.14:333][220]LogModuleManager: Shutting down and abandoning module AddContentDialog (866)
[2025.04.15-20.28.14:334][220]LogModuleManager: Shutting down and abandoning module WidgetCarousel (865)
[2025.04.15-20.28.14:334][220]LogModuleManager: Shutting down and abandoning module EditorWidgets (862)
[2025.04.15-20.28.14:334][220]LogModuleManager: Shutting down and abandoning module StatsViewer (860)
[2025.04.15-20.28.14:335][220]LogModuleManager: Shutting down and abandoning module PIEPreviewDeviceProfileSelector (858)
[2025.04.15-20.28.14:335][220]LogModuleManager: Shutting down and abandoning module SequenceRecorderSections (856)
[2025.04.15-20.28.14:336][220]LogModuleManager: Shutting down and abandoning module AutomationWorker (854)
[2025.04.15-20.28.14:336][220]LogModuleManager: Shutting down and abandoning module SteamVREditor (852)
[2025.04.15-20.28.14:336][220]LogModuleManager: Shutting down and abandoning module OculusMR (850)
[2025.04.15-20.28.14:336][220]LogModuleManager: Shutting down and abandoning module TakeRecorderSources (848)
[2025.04.15-20.28.14:337][220]LogModuleManager: Shutting down and abandoning module TakeRecorder (847)
[2025.04.15-20.28.14:338][220]LogModuleManager: Shutting down and abandoning module TakeTrackRecorders (844)
[2025.04.15-20.28.14:338][220]LogModuleManager: Shutting down and abandoning module TakesCore (842)
[2025.04.15-20.28.14:338][220]LogModuleManager: Shutting down and abandoning module OpenXRInput (840)
[2025.04.15-20.28.14:339][220]LogModuleManager: Shutting down and abandoning module GooglePADEditor (838)
[2025.04.15-20.28.14:339][220]LogModuleManager: Shutting down and abandoning module AudioCaptureEditor (836)
[2025.04.15-20.28.14:339][220]LogModuleManager: Shutting down and abandoning module TemplateSequenceEditor (834)
[2025.04.15-20.28.14:339][220]LogModuleManager: Shutting down and abandoning module MatineeToLevelSequence (832)
[2025.04.15-20.28.14:340][220]LogModuleManager: Shutting down and abandoning module LevelSequenceEditor (830)
[2025.04.15-20.28.14:341][220]LogModuleManager: Shutting down and abandoning module ActorSequenceEditor (828)
[2025.04.15-20.28.14:342][220]LogModuleManager: Shutting down and abandoning module WmfMediaFactory (826)
[2025.04.15-20.28.14:342][220]LogModuleManager: Shutting down and abandoning module WmfMediaEditor (824)
[2025.04.15-20.28.14:342][220]LogModuleManager: Shutting down and abandoning module WebMMediaFactory (822)
[2025.04.15-20.28.14:342][220]LogModuleManager: Shutting down and abandoning module WebMMediaEditor (820)
[2025.04.15-20.28.14:342][220]LogModuleManager: Shutting down and abandoning module WebMMedia (818)
[2025.04.15-20.28.14:342][220]LogModuleManager: Shutting down and abandoning module MediaPlayerEditor (816)
[2025.04.15-20.28.14:343][220]LogModuleManager: Shutting down and abandoning module MediaCompositingEditor (814)
[2025.04.15-20.28.14:343][220]LogModuleManager: Shutting down and abandoning module SequenceRecorder (813)
[2025.04.15-20.28.14:344][220]LogModuleManager: Shutting down and abandoning module OpenExrWrapper (810)
[2025.04.15-20.28.14:344][220]LogModuleManager: Shutting down and abandoning module ImgMediaFactory (808)
[2025.04.15-20.28.14:344][220]LogModuleManager: Shutting down and abandoning module ImgMediaEditor (806)
[2025.04.15-20.28.14:344][220]LogModuleManager: Shutting down and abandoning module AvfMediaFactory (804)
[2025.04.15-20.28.14:344][220]LogModuleManager: Shutting down and abandoning module AvfMediaEditor (802)
[2025.04.15-20.28.14:344][220]LogModuleManager: Shutting down and abandoning module AndroidMediaFactory (800)
[2025.04.15-20.28.14:344][220]LogModuleManager: Shutting down and abandoning module AndroidMediaEditor (798)
[2025.04.15-20.28.14:344][220]LogModuleManager: Shutting down and abandoning module MagicLeapMediaCodecFactory (796)
[2025.04.15-20.28.14:344][220]LogModuleManager: Shutting down and abandoning module MagicLeapMediaFactory (794)
[2025.04.15-20.28.14:344][220]LogModuleManager: Shutting down and abandoning module MagicLeapMediaEditor (792)
[2025.04.15-20.28.14:344][220]LogModuleManager: Shutting down and abandoning module PlanarCut (790)
[2025.04.15-20.28.14:344][220]LogModuleManager: Shutting down and abandoning module CharacterAI (788)
[2025.04.15-20.28.14:344][220]LogModuleManager: Shutting down and abandoning module TextureAlignMode (786)
[2025.04.15-20.28.14:344][220]LogModuleManager: Shutting down and abandoning module BspMode (784)
[2025.04.15-20.28.14:345][220]LogModuleManager: Shutting down and abandoning module GeometryMode (782)
[2025.04.15-20.28.14:345][220]LogModuleManager: Shutting down and abandoning module CameraShakePreviewer (780)
[2025.04.15-20.28.14:346][220]LogModuleManager: Shutting down and abandoning module SmartSnapping (778)
[2025.04.15-20.28.14:346][220]LogModuleManager: Shutting down and abandoning module SessionServices (776)
[2025.04.15-20.28.14:346][220]LogModuleManager: Shutting down and abandoning module MeshPaint (774)
[2025.04.15-20.28.14:347][220]LogModuleManager: Shutting down and abandoning module VirtualTexturingEditor (772)
[2025.04.15-20.28.14:347][220]LogModuleManager: Shutting down and abandoning module FoliageEdit (770)
[2025.04.15-20.28.14:348][220]LogModuleManager: Shutting down and abandoning module LandscapeEditor (768)
[2025.04.15-20.28.14:349][220]LogModuleManager: Shutting down and abandoning module MeshPaintMode (766)
[2025.04.15-20.28.14:349][220]LogModuleManager: Shutting down and abandoning module SceneDepthPickerMode (764)
[2025.04.15-20.28.14:349][220]LogModuleManager: Shutting down and abandoning module ActorPickerMode (762)
[2025.04.15-20.28.14:349][220]LogModuleManager: Shutting down and abandoning module PlacementMode (760)
[2025.04.15-20.28.14:349][220]LogModuleManager: Shutting down and abandoning module ViewportSnapping (758)
[2025.04.15-20.28.14:349][220]LogModuleManager: Shutting down and abandoning module ViewportInteraction (756)
[2025.04.15-20.28.14:349][220]LogModuleManager: Shutting down and abandoning module ClothPainter (754)
[2025.04.15-20.28.14:350][220]LogModuleManager: Shutting down and abandoning module SkeletalMeshEditor (753)
[2025.04.15-20.28.14:351][220]LogModuleManager: Shutting down and abandoning module LogVisualizer (750)
[2025.04.15-20.28.14:352][220]LogModuleManager: Shutting down and abandoning module IntroTutorials (748)
[2025.04.15-20.28.14:352][220]LogModuleManager: Shutting down and abandoning module GameProjectGeneration (747)
[2025.04.15-20.28.14:353][220]LogModuleManager: Shutting down and abandoning module LuminPlatformEditor (744)
[2025.04.15-20.28.14:353][220]LogModuleManager: Shutting down and abandoning module IOSPlatformEditor (742)
[2025.04.15-20.28.14:353][220]LogModuleManager: Shutting down and abandoning module AndroidPlatformEditor (740)
[2025.04.15-20.28.14:353][220]LogModuleManager: Shutting down and abandoning module AndroidDeviceDetection (739)
[2025.04.15-20.28.14:720][220]LogModuleManager: Shutting down and abandoning module WindowsPlatformEditor (736)
[2025.04.15-20.28.14:727][220]LogModuleManager: Shutting down and abandoning module LuminRuntimeSettings (734)
[2025.04.15-20.28.14:727][220]LogModuleManager: Shutting down and abandoning module IOSRuntimeSettings (732)
[2025.04.15-20.28.14:727][220]LogModuleManager: Shutting down and abandoning module AndroidRuntimeSettings (730)
[2025.04.15-20.28.14:727][220]LogModuleManager: Shutting down and abandoning module TraceInsights (728)
[2025.04.15-20.28.14:731][220]MemoryProfiler: Shutdown
[2025.04.15-20.28.14:731][220]NetworkingProfiler: Shutdown
[2025.04.15-20.28.14:731][220]LoadingProfiler: Shutdown
[2025.04.15-20.28.14:732][220]TimingProfiler: Shutdown
[2025.04.15-20.28.14:734][220]LogModuleManager: Shutting down and abandoning module TraceServices (727)
[2025.04.15-20.28.14:735][220]LogModuleManager: Shutting down and abandoning module EditorInteractiveToolsFramework (724)
[2025.04.15-20.28.14:735][220]LogModuleManager: Shutting down and abandoning module TimeManagementEditor (722)
[2025.04.15-20.28.14:735][220]LogModuleManager: Shutting down and abandoning module InputBindingEditor (720)
[2025.04.15-20.28.14:736][220]LogModuleManager: Shutting down and abandoning module MergeActors (718)
[2025.04.15-20.28.14:737][220]LogModuleManager: Shutting down and abandoning module LocalizationDashboard (716)
[2025.04.15-20.28.14:737][220]LogModuleManager: Shutting down and abandoning module LocalizationService (715)
[2025.04.15-20.28.14:737][220]LogModuleManager: Shutting down and abandoning module HardwareTargeting (712)
[2025.04.15-20.28.14:737][220]LogModuleManager: Shutting down and abandoning module DeviceProfileEditor (710)
[2025.04.15-20.28.14:738][220]LogModuleManager: Shutting down and abandoning module UndoHistory (708)
[2025.04.15-20.28.14:738][220]LogModuleManager: Shutting down and abandoning module XmlParser (706)
[2025.04.15-20.28.14:738][220]LogModuleManager: Shutting down and abandoning module Blutility (704)
[2025.04.15-20.28.14:738][220]LogModuleManager: Shutting down and abandoning module ProjectSettingsViewer (702)
[2025.04.15-20.28.14:739][220]LogModuleManager: Shutting down and abandoning module ProjectTargetPlatformEditor (701)
[2025.04.15-20.28.14:739][220]LogModuleManager: Shutting down and abandoning module EditorSettingsViewer (698)
[2025.04.15-20.28.14:739][220]LogModuleManager: Shutting down and abandoning module InternationalizationSettings (697)
[2025.04.15-20.28.14:739][220]LogModuleManager: Shutting down and abandoning module SettingsEditor (694)
[2025.04.15-20.28.14:739][220]LogModuleManager: Shutting down and abandoning module ProjectLauncher (692)
[2025.04.15-20.28.14:740][220]LogModuleManager: Shutting down and abandoning module SessionFrontend (690)
[2025.04.15-20.28.14:740][220]LogModuleManager: Shutting down and abandoning module ProfilerClient (688)
[2025.04.15-20.28.14:740][220]LogModuleManager: Shutting down and abandoning module DeviceManager (686)
[2025.04.15-20.28.14:741][220]LogModuleManager: Shutting down and abandoning module TargetDeviceServices (685)
[2025.04.15-20.28.14:773][220]LogModuleManager: Shutting down and abandoning module AutomationController (682)
[2025.04.15-20.28.14:774][220]LogModuleManager: Shutting down and abandoning module AutomationWindow (680)
[2025.04.15-20.28.14:776][220]LogModuleManager: Shutting down and abandoning module Layers (678)
[2025.04.15-20.28.14:777][220]LogModuleManager: Shutting down and abandoning module ComponentVisualizers (676)
[2025.04.15-20.28.14:777][220]LogModuleManager: Shutting down and abandoning module DetailCustomizations (674)
[2025.04.15-20.28.14:777][220]LogModuleManager: Shutting down and abandoning module PackagesDialog (672)
[2025.04.15-20.28.14:778][220]LogModuleManager: Shutting down and abandoning module AnimationBlueprintEditor (670)
[2025.04.15-20.28.14:779][220]LogModuleManager: Shutting down and abandoning module Persona (668)
[2025.04.15-20.28.14:780][220]LogModuleManager: Shutting down and abandoning module AdvancedPreviewScene (667)
[2025.04.15-20.28.14:780][220]LogModuleManager: Shutting down and abandoning module AnimGraph (665)
[2025.04.15-20.28.14:780][220]LogModuleManager: Shutting down and abandoning module Kismet (662)
[2025.04.15-20.28.14:789][220]LogModuleManager: Shutting down and abandoning module KismetWidgets (661)
[2025.04.15-20.28.14:789][220]LogModuleManager: Shutting down and abandoning module GraphEditor (658)
[2025.04.15-20.28.14:789][220]LogModuleManager: Shutting down and abandoning module StructViewer (656)
[2025.04.15-20.28.14:789][220]LogModuleManager: Shutting down and abandoning module ClassViewer (654)
[2025.04.15-20.28.14:789][220]LogModuleManager: Shutting down and abandoning module Toolbox (652)
[2025.04.15-20.28.14:789][220]LogModuleManager: Shutting down and abandoning module ModuleUI (650)
[2025.04.15-20.28.14:789][220]LogModuleManager: Shutting down and abandoning module OutputLog (648)
[2025.04.15-20.28.14:790][220]LogModuleManager: Shutting down and abandoning module GammaUI (646)
[2025.04.15-20.28.14:791][220]LogModuleManager: Shutting down and abandoning module Documentation (644)
[2025.04.15-20.28.14:791][220]LogModuleManager: Shutting down and abandoning module LiveCoding (642)
[2025.04.15-20.28.14:791][220]LogModuleManager: Shutting down and abandoning module LevelSequence (640)
[2025.04.15-20.28.14:792][220]LogModuleManager: Shutting down and abandoning module MovieSceneTracks (638)
[2025.04.15-20.28.14:792][220]LogModuleManager: Shutting down and abandoning module MovieScene (636)
[2025.04.15-20.28.14:793][220]LogModuleManager: Shutting down and abandoning module StreamingPauseRendering (634)
[2025.04.15-20.28.14:793][220]LogModuleManager: Shutting down and abandoning module LauncherPlatform (632)
[2025.04.15-20.28.14:793][220]LogModuleManager: Shutting down and abandoning module AnalyticsET (630)
[2025.04.15-20.28.14:793][220]LogModuleManager: Shutting down and abandoning module PortalServices (628)
[2025.04.15-20.28.14:793][220]LogModuleManager: Shutting down and abandoning module PortalRpc (626)
[2025.04.15-20.28.14:793][220]LogModuleManager: Shutting down and abandoning module MessagingRpc (624)
[2025.04.15-20.28.14:793][220]LogModuleManager: Shutting down and abandoning module AudioMixerXAudio2 (622)
[2025.04.15-20.28.14:793][220]LogModuleManager: Shutting down and abandoning module AudioMixerCore (621)
[2025.04.15-20.28.14:793][220]LogModuleManager: Shutting down and abandoning module AIModule (618)
[2025.04.15-20.28.14:795][220]LogModuleManager: Shutting down and abandoning module GameplayDebugger (617)
[2025.04.15-20.28.14:801][220]LogModuleManager: Shutting down and abandoning module AITestSuite (615)
[2025.04.15-20.28.14:804][220]LogModuleManager: Shutting down and abandoning module NavigationSystem (613)
[2025.04.15-20.28.14:804][220]LogModuleManager: Shutting down and abandoning module ImageWriteQueue (610)
[2025.04.15-20.28.14:842][220]LogModuleManager: Shutting down and abandoning module ProfilerService (608)
[2025.04.15-20.28.14:960][220]LogModuleManager: Shutting down and abandoning module TaskGraph (606)
[2025.04.15-20.28.14:961][220]LogModuleManager: Shutting down and abandoning module AudioSynesthesiaEditor (604)
[2025.04.15-20.28.14:962][220]LogModuleManager: Shutting down and abandoning module OculusEditor (602)
[2025.04.15-20.28.14:963][220]LogModuleManager: Shutting down and abandoning module OculusInput (600)
[2025.04.15-20.28.14:963][220]LogModuleManager: Shutting down and abandoning module ContentBrowserFileDataSource (598)
[2025.04.15-20.28.14:963][220]LogModuleManager: Shutting down and abandoning module ContentBrowserClassDataSource (596)
[2025.04.15-20.28.14:963][220]LogModuleManager: Shutting down and abandoning module ContentBrowserAssetDataSource (594)
[2025.04.15-20.28.14:963][220]LogModuleManager: Shutting down and abandoning module CollectionManager (593)
[2025.04.15-20.28.14:964][220]LogModuleManager: Shutting down and abandoning module OodleNetworkHandlerComponent (590)
[2025.04.15-20.28.14:964][220]LogModuleManager: Shutting down and abandoning module TakeSequencer (588)
[2025.04.15-20.28.14:964][220]LogModuleManager: Shutting down and abandoning module TakeMovieScene (586)
[2025.04.15-20.28.14:964][220]LogModuleManager: Shutting down and abandoning module ScreenshotTools (584)
[2025.04.15-20.28.14:964][220]LogModuleManager: Shutting down and abandoning module SynthesisEditor (582)
[2025.04.15-20.28.14:964][220]LogModuleManager: Shutting down and abandoning module Synthesis (580)
[2025.04.15-20.28.14:965][220]LogModuleManager: Shutting down and abandoning module ProceduralMeshComponentEditor (578)
[2025.04.15-20.28.14:965][220]LogModuleManager: Shutting down and abandoning module ProceduralMeshComponent (576)
[2025.04.15-20.28.14:965][220]LogModuleManager: Shutting down and abandoning module OpenXREditor (574)
[2025.04.15-20.28.14:965][220]LogModuleManager: Shutting down and abandoning module MobilePatchingUtils (572)
[2025.04.15-20.28.14:965][220]LogModuleManager: Shutting down and abandoning module GooglePAD (570)
[2025.04.15-20.28.14:965][220]LogModuleManager: Shutting down and abandoning module AudioCapture (568)
[2025.04.15-20.28.14:965][220]LogModuleManager: Shutting down and abandoning module AudioCaptureRtAudio (567)
[2025.04.15-20.28.14:965][220]LogModuleManager: Shutting down and abandoning module EditableMesh (564)
[2025.04.15-20.28.14:966][220]LogModuleManager: Shutting down and abandoning module CustomMeshComponent (562)
[2025.04.15-20.28.14:966][220]LogModuleManager: Shutting down and abandoning module ArchVisCharacter (560)
[2025.04.15-20.28.14:966][220]LogModuleManager: Shutting down and abandoning module CableComponent (558)
[2025.04.15-20.28.14:966][220]LogModuleManager: Shutting down and abandoning module AssetTags (556)
[2025.04.15-20.28.14:966][220]LogModuleManager: Shutting down and abandoning module AppleImageUtilsBlueprintSupport (554)
[2025.04.15-20.28.14:966][220]LogModuleManager: Shutting down and abandoning module AppleImageUtils (552)
[2025.04.15-20.28.14:966][220]LogModuleManager: Shutting down and abandoning module AndroidPermission (550)
[2025.04.15-20.28.14:966][220]LogModuleManager: Shutting down and abandoning module ActorLayerUtilitiesEditor (548)
[2025.04.15-20.28.14:966][220]LogModuleManager: Shutting down and abandoning module ActorLayerUtilities (546)
[2025.04.15-20.28.14:966][220]LogModuleManager: Shutting down and abandoning module TemplateSequence (544)
[2025.04.15-20.28.14:966][220]LogModuleManager: Shutting down and abandoning module MediaCompositing (542)
[2025.04.15-20.28.14:966][220]LogModuleManager: Shutting down and abandoning module ImgMedia (540)
[2025.04.15-20.28.14:966][220]LogModuleManager: Shutting down and abandoning module MagicLeapSharedWorld (538)
[2025.04.15-20.28.14:966][220]LogModuleManager: Shutting down and abandoning module MagicLeapLightEstimation (536)
[2025.04.15-20.28.14:966][220]LogModuleManager: Shutting down and abandoning module MagicLeapHelperVulkan (534)
[2025.04.15-20.28.14:966][220]LogModuleManager: Shutting down and abandoning module MagicLeapHelperOpenGL (532)
[2025.04.15-20.28.14:966][220]LogModuleManager: Shutting down and abandoning module MagicLeapAudio (530)
[2025.04.15-20.28.14:966][220]LogModuleManager: Shutting down and abandoning module OpenImageDenoise (528)
[2025.04.15-20.28.14:966][220]LogOpenImageDenoise: OIDN shutting down
[2025.04.15-20.28.14:966][220]LogModuleManager: Shutting down and abandoning module MotoSynthEditor (526)
[2025.04.15-20.28.14:966][220]LogModuleManager: Shutting down and abandoning module MotoSynth (524)
[2025.04.15-20.28.14:966][220]LogModuleManager: Shutting down and abandoning module MeshConversion (522)
[2025.04.15-20.28.14:967][220]LogModuleManager: Shutting down and abandoning module DynamicMesh (520)
[2025.04.15-20.28.14:967][220]LogModuleManager: Shutting down and abandoning module GeometryAlgorithms (518)
[2025.04.15-20.28.14:967][220]LogModuleManager: Shutting down and abandoning module GeometricObjects (516)
[2025.04.15-20.28.14:968][220]LogModuleManager: Shutting down and abandoning module GeometryCollectionTracks (514)
[2025.04.15-20.28.14:968][220]LogModuleManager: Shutting down and abandoning module GeometryCollectionSequencer (513)
[2025.04.15-20.28.14:968][220]LogModuleManager: Shutting down and abandoning module GeometryCollectionEditor (510)
[2025.04.15-20.28.14:968][220]LogModuleManager: Shutting down and abandoning module NiagaraEditorWidgets (508)
[2025.04.15-20.28.14:970][220]LogModuleManager: Shutting down and abandoning module GeometryCacheTracks (506)
[2025.04.15-20.28.14:970][220]LogModuleManager: Shutting down and abandoning module GeometryCacheStreamer (504)
[2025.04.15-20.28.14:971][220]LogModuleManager: Shutting down and abandoning module GeometryCacheSequencer (502)
[2025.04.15-20.28.14:971][220]LogModuleManager: Shutting down and abandoning module ChaosSolverEditor (500)
[2025.04.15-20.28.14:971][220]LogModuleManager: Shutting down and abandoning module BackChannel (498)
[2025.04.15-20.28.14:971][220]LogModuleManager: Shutting down and abandoning module FractureEditor (496)
[2025.04.15-20.28.14:971][220]LogModuleManager: Shutting down and abandoning module ChaosNiagara (494)
[2025.04.15-20.28.14:972][220]LogModuleManager: Shutting down and abandoning module FieldSystemEngine (493)
[2025.04.15-20.28.14:972][220]LogModuleManager: Shutting down and abandoning module ChaosClothEditor (490)
[2025.04.15-20.28.14:972][220]LogModuleManager: Shutting down and abandoning module AutomationUtilsEditor (488)
[2025.04.15-20.28.14:972][220]LogModuleManager: Shutting down and abandoning module AutomationUtils (486)
[2025.04.15-20.28.14:972][220]LogModuleManager: Shutting down and abandoning module AlembicImporter (484)
[2025.04.15-20.28.14:972][220]LogModuleManager: Shutting down and abandoning module AlembicLibrary (483)
[2025.04.15-20.28.14:972][220]LogModuleManager: Shutting down and abandoning module GeometryCache (482)
[2025.04.15-20.28.14:972][220]LogModuleManager: Shutting down and abandoning module GeometryCacheEd (481)
[2025.04.15-20.28.14:972][220]LogModuleManager: Shutting down and abandoning module MaterialAnalyzer (476)
[2025.04.15-20.28.14:972][220]LogModuleManager: Shutting down and abandoning module SpeedTreeImporter (474)
[2025.04.15-20.28.14:972][220]LogModuleManager: Shutting down and abandoning module PluginBrowser (472)
[2025.04.15-20.28.14:974][220]LogModuleManager: Shutting down and abandoning module MobileLauncherProfileWizard (470)
[2025.04.15-20.28.14:974][220]LogModuleManager: Shutting down and abandoning module CurveEditorTools (468)
[2025.04.15-20.28.14:975][220]LogModuleManager: Shutting down and abandoning module CryptoKeysOpenSSL (466)
[2025.04.15-20.28.14:975][220]LogModuleManager: Shutting down and abandoning module CryptoKeys (464)
[2025.04.15-20.28.14:975][220]LogModuleManager: Shutting down and abandoning module VariantManagerContentEditor (462)
[2025.04.15-20.28.14:975][220]LogModuleManager: Shutting down and abandoning module DatasmithContentEditor (460)
[2025.04.15-20.28.14:976][220]LogModuleManager: Shutting down and abandoning module SubversionSourceControl (458)
[2025.04.15-20.28.14:976][220]LogModuleManager: Shutting down and abandoning module VisualStudioSourceCodeAccess (456)
[2025.04.15-20.28.14:977][220]LogModuleManager: Shutting down and abandoning module UObjectPlugin (454)
[2025.04.15-20.28.14:977][220]LogModuleManager: Shutting down and abandoning module VisualStudioCodeSourceCodeAccess (452)
[2025.04.15-20.28.14:977][220]LogModuleManager: Shutting down and abandoning module RiderSourceCodeAccess (450)
[2025.04.15-20.28.14:977][220]LogModuleManager: Shutting down and abandoning module PlasticSourceControl (448)
[2025.04.15-20.28.14:978][220]LogModuleManager: Shutting down and abandoning module PluginUtils (446)
[2025.04.15-20.28.14:978][220]LogModuleManager: Shutting down and abandoning module GitSourceControl (444)
[2025.04.15-20.28.14:979][220]LogModuleManager: Shutting down and abandoning module PerforceSourceControl (442)
[2025.04.15-20.28.14:980][220]LogModuleManager: Shutting down and abandoning module SourceControl (441)
[2025.04.15-20.28.14:981][220]LogModuleManager: Shutting down and abandoning module CLionSourceCodeAccess (438)
[2025.04.15-20.28.14:981][220]LogModuleManager: Shutting down and abandoning module AnimationSharingEd (436)
[2025.04.15-20.28.14:981][220]LogModuleManager: Shutting down and abandoning module LightPropagationVolumeEditor (434)
[2025.04.15-20.28.14:981][220]LogModuleManager: Shutting down and abandoning module LiveLinkSequencer (432)
[2025.04.15-20.28.14:981][220]LogModuleManager: Shutting down and abandoning module LiveLinkMovieScene (430)
[2025.04.15-20.28.14:981][220]LogModuleManager: Shutting down and abandoning module LiveLinkGraphNode (428)
[2025.04.15-20.28.14:981][220]LogModuleManager: Shutting down and abandoning module LiveLinkEditor (426)
[2025.04.15-20.28.14:981][220]LogModuleManager: Shutting down and abandoning module LiveLinkComponents (424)
[2025.04.15-20.28.14:981][220]LogModuleManager: Shutting down and abandoning module LiveLink (422)
[2025.04.15-20.28.15:676][220]LogModuleManager: Shutting down and abandoning module PaperTiledImporter (420)
[2025.04.15-20.28.15:676][220]LogModuleManager: Shutting down and abandoning module PaperSpriteSheetImporter (418)
[2025.04.15-20.28.15:677][220]LogModuleManager: Shutting down and abandoning module Paper2DEditor (416)
[2025.04.15-20.28.15:678][220]LogModuleManager: Shutting down and abandoning module MeshPaintingToolset (414)
[2025.04.15-20.28.15:679][220]LogModuleManager: Shutting down and abandoning module MeshPaintEditorMode (412)
[2025.04.15-20.28.15:679][220]LogModuleManager: Shutting down and abandoning module PropertyAccessEditor (410)
[2025.04.15-20.28.15:679][220]LogModuleManager: Shutting down and abandoning module SoundFields (408)
[2025.04.15-20.28.15:679][220]LogModuleManager: Shutting down and abandoning module SignificanceManager (406)
[2025.04.15-20.28.15:679][220]LogModuleManager: Shutting down and abandoning module RuntimePhysXCooking (404)
[2025.04.15-20.28.15:679][220]LogModuleManager: Shutting down and abandoning module PhysXVehiclesEditor (402)
[2025.04.15-20.28.15:679][220]LogModuleManager: Shutting down and abandoning module LocationServicesBPLibrary (398)
[2025.04.15-20.28.15:679][220]LogModuleManager: Shutting down and abandoning module AudioSynesthesia (396)
[2025.04.15-20.28.15:680][220]LogModuleManager: Shutting down and abandoning module AudioSynesthesiaCore (394)
[2025.04.15-20.28.15:680][220]LogModuleManager: Shutting down and abandoning module UdpMessaging (392)
[2025.04.15-20.28.15:781][220]LogModuleManager: Shutting down and abandoning module TcpMessaging (390)
[2025.04.15-20.28.15:881][220]LogModuleManager: Shutting down and abandoning module ActorSequence (388)
[2025.04.15-20.28.15:881][220]LogModuleManager: Shutting down and abandoning module ImgMediaEngine (386)
[2025.04.15-20.28.15:881][220]LogModuleManager: Shutting down and abandoning module MagicLeapARPin (384)
[2025.04.15-20.28.15:881][220]LogModuleManager: Shutting down and abandoning module MagicLeapHandMeshing (382)
[2025.04.15-20.28.15:881][220]LogModuleManager: Shutting down and abandoning module MagicLeapSecureStorage (380)
[2025.04.15-20.28.15:881][220]LogModuleManager: Shutting down and abandoning module MagicLeapPrivileges (378)
[2025.04.15-20.28.15:881][220]LogModuleManager: Shutting down and abandoning module MagicLeapPlanes (376)
[2025.04.15-20.28.15:882][220]LogMagicLeapPlanes: Planes tracker already destroyed.
[2025.04.15-20.28.15:882][220]LogModuleManager: Shutting down and abandoning module MagicLeapImageTracker (374)
[2025.04.15-20.28.15:882][220]LogModuleManager: Shutting down and abandoning module MagicLeapIdentity (372)
[2025.04.15-20.28.15:882][220]LogModuleManager: Shutting down and abandoning module MagicLeapHandTracking (370)
[2025.04.15-20.28.15:882][220]LogModuleManager: Shutting down and abandoning module MagicLeapEyeTracker (368)
[2025.04.15-20.28.15:882][220]LogModuleManager: Shutting down and abandoning module MagicLeapController (366)
[2025.04.15-20.28.15:882][220]LogModuleManager: Shutting down and abandoning module MagicLeapARPinImpl (364)
[2025.04.15-20.28.15:882][220]LogModuleManager: Shutting down and abandoning module MagicLeapAR (362)
[2025.04.15-20.28.15:882][220]LogModuleManager: Shutting down and abandoning module PythonScriptPlugin (360)
[2025.04.15-20.28.15:882][220]LogModuleManager: Shutting down and abandoning module NiagaraAnimNotifies (358)
[2025.04.15-20.28.15:882][220]LogModuleManager: Shutting down and abandoning module Niagara (356)
[2025.04.15-20.28.15:883][220]LogModuleManager: Shutting down and abandoning module SignalProcessing (355)
[2025.04.15-20.28.15:883][220]LogModuleManager: Shutting down and abandoning module NiagaraEditor (353)
[2025.04.15-20.28.15:884][220]LogModuleManager: Shutting down and abandoning module NiagaraCore (350)
[2025.04.15-20.28.15:884][220]LogModuleManager: Shutting down and abandoning module GameplayTagsEditor (348)
[2025.04.15-20.28.15:884][220]LogModuleManager: Shutting down and abandoning module DataValidation (346)
[2025.04.15-20.28.15:884][220]LogModuleManager: Shutting down and abandoning module FacialAnimationEditor (344)
[2025.04.15-20.28.15:884][220]LogModuleManager: Shutting down and abandoning module FacialAnimation (342)
[2025.04.15-20.28.15:884][220]LogModuleManager: Shutting down and abandoning module AssetManagerEditor (340)
[2025.04.15-20.28.15:885][220]LogModuleManager: Shutting down and abandoning module LevelEditor (339)
[2025.04.15-20.28.15:887][220]LogModuleManager: Shutting down and abandoning module PixelInspectorModule (338)
[2025.04.15-20.28.15:887][220]LogModuleManager: Shutting down and abandoning module CommonMenuExtensions (336)
[2025.04.15-20.28.15:887][220]LogModuleManager: Shutting down and abandoning module MainFrame (334)
[2025.04.15-20.28.15:887][220]LogModuleManager: Shutting down and abandoning module HotReload (333)
[2025.04.15-20.28.15:888][220]LogModuleManager: Shutting down and abandoning module ToolMenus (329)
[2025.04.15-20.28.15:888][220]LogModuleManager: Shutting down and abandoning module ContentBrowser (327)
[2025.04.15-20.28.15:888][220]LogModuleManager: Shutting down and abandoning module ContentBrowserData (326)
[2025.04.15-20.28.15:888][220]LogModuleManager: Shutting down and abandoning module TreeMap (323)
[2025.04.15-20.28.15:888][220]LogModuleManager: Shutting down and abandoning module PropertyAccessNode (320)
[2025.04.15-20.28.15:888][220]LogModuleManager: Shutting down and abandoning module AnimationSharing (318)
[2025.04.15-20.28.15:888][220]LogModuleManager: Shutting down and abandoning module GameplayCameras (316)
[2025.04.15-20.28.15:888][220]LogModuleManager: Shutting down and abandoning module LightPropagationVolumeRuntime (314)
[2025.04.15-20.28.15:888][220]LogModuleManager: Shutting down and abandoning module EnvironmentQueryEditor (312)
[2025.04.15-20.28.15:889][220]LogModuleManager: Shutting down and abandoning module Paper2D (310)
[2025.04.15-20.28.15:889][220]LogModuleManager: Shutting down and abandoning module WindowsMoviePlayer (308)
[2025.04.15-20.28.15:890][220]LogModuleManager: Shutting down and abandoning module WebMMoviePlayer (306)
[2025.04.15-20.28.15:890][220]LogModuleManager: Shutting down and abandoning module NetworkReplayStreaming (304)
[2025.04.15-20.28.15:890][220]LogModuleManager: Shutting down and abandoning module PacketHandler (302)
[2025.04.15-20.28.15:890][220]LogModuleManager: Shutting down and abandoning module ClothingSystemEditor (300)
[2025.04.15-20.28.15:890][220]LogModuleManager: Shutting down and abandoning module ClothingSystemRuntimeNv (298)
[2025.04.15-20.28.15:891][220]LogModuleManager: Shutting down and abandoning module MediaAssets (296)
[2025.04.15-20.28.15:891][220]LogModuleManager: Shutting down and abandoning module Overlay (294)
[2025.04.15-20.28.15:891][220]LogModuleManager: Shutting down and abandoning module OverlayEditor (293)
[2025.04.15-20.28.15:891][220]LogModuleManager: Shutting down and abandoning module VREditor (290)
[2025.04.15-20.28.15:891][220]LogModuleManager: Shutting down and abandoning module StringTableEditor (288)
[2025.04.15-20.28.15:892][220]LogModuleManager: Shutting down and abandoning module GameplayTasksEditor (286)
[2025.04.15-20.28.15:892][220]LogModuleManager: Shutting down and abandoning module BehaviorTreeEditor (284)
[2025.04.15-20.28.15:892][220]LogModuleManager: Shutting down and abandoning module FunctionalTesting (282)
[2025.04.15-20.28.15:893][220]LogModuleManager: Shutting down and abandoning module CollisionAnalyzer (280)
[2025.04.15-20.28.15:893][220]LogModuleManager: Shutting down and abandoning module WorkspaceMenuStructure (279)
[2025.04.15-20.28.15:893][220]LogModuleManager: Shutting down and abandoning module UMG (276)
[2025.04.15-20.28.15:894][220]LogModuleManager: Shutting down and abandoning module UMGEditor (275)
[2025.04.15-20.28.15:894][220]LogModuleManager: Shutting down and abandoning module MessageLog (273)
[2025.04.15-20.28.15:894][220]LogModuleManager: Shutting down and abandoning module SlateReflector (268)
[2025.04.15-20.28.15:896][220]LogModuleManager: Shutting down and abandoning module Slate (266)
[2025.04.15-20.28.15:896][220]LogModuleManager: Shutting down and abandoning module SlateCore (264)
[2025.04.15-20.28.15:897][220]LogModuleManager: Shutting down and abandoning module LandscapeEditorUtilities (262)
[2025.04.15-20.28.15:897][220]LogModuleManager: Shutting down and abandoning module UnrealEd (260)
[2025.04.15-20.28.15:897][220]LogModuleManager: Shutting down and abandoning module MRMesh (258)
[2025.04.15-20.28.15:897][220]LogModuleManager: Shutting down and abandoning module SourceCodeAccess (256)
[2025.04.15-20.28.15:897][220]LogModuleManager: Shutting down and abandoning module HeadMountedDisplay (254)
[2025.04.15-20.28.15:897][220]LogModuleManager: Shutting down and abandoning module XAudio2 (252)
[2025.04.15-20.28.15:897][220]LogModuleManager: Shutting down and abandoning module Networking (250)
[2025.04.15-20.28.15:897][220]LogModuleManager: Shutting down and abandoning module Core (248)
[2025.04.15-20.28.15:897][220]LogModuleManager: Shutting down and abandoning module MaterialEditor (246)
[2025.04.15-20.28.15:898][220]LogModuleManager: Shutting down and abandoning module MovieSceneTools (244)
[2025.04.15-20.28.15:899][220]LogModuleManager: Shutting down and abandoning module CurveEditor (243)
[2025.04.15-20.28.15:899][220]LogModuleManager: Shutting down and abandoning module Sequencer (241)
[2025.04.15-20.28.15:900][220]LogModuleManager: Shutting down and abandoning module EditorStyle (240)
[2025.04.15-20.28.15:901][220]LogModuleManager: Shutting down and abandoning module KismetCompiler (236)
[2025.04.15-20.28.15:901][220]LogModuleManager: Shutting down and abandoning module MeshBuilder (234)
[2025.04.15-20.28.15:901][220]LogModuleManager: Shutting down and abandoning module MeshUtilities (232)
[2025.04.15-20.28.15:902][220]LogModuleManager: Shutting down and abandoning module MeshMergeUtilities (231)
[2025.04.15-20.28.15:902][220]LogModuleManager: Shutting down and abandoning module MeshReductionInterface (230)
[2025.04.15-20.28.15:902][220]LogModuleManager: Shutting down and abandoning module MeshBoneReduction (229)
[2025.04.15-20.28.15:902][220]LogModuleManager: Shutting down and abandoning module SkeletalMeshReduction (227)
[2025.04.15-20.28.15:902][220]LogModuleManager: Shutting down and abandoning module ProxyLODMeshReduction (225)
[2025.04.15-20.28.15:903][220]LogModuleManager: Shutting down and abandoning module QuadricMeshReduction (223)
[2025.04.15-20.28.15:903][220]LogModuleManager: Shutting down and abandoning module MaterialBaking (219)
[2025.04.15-20.28.15:904][220]LogModuleManager: Shutting down and abandoning module NullInstallBundleManager (214)
[2025.04.15-20.28.15:904][220]LogModuleManager: Shutting down and abandoning module DerivedDataCache (212)
[2025.04.15-20.28.15:904][220]LogModuleManager: Shutting down and abandoning module TargetPlatform (210)
[2025.04.15-20.28.15:905][220]LogModuleManager: Shutting down and abandoning module VulkanShaderFormat (209)
[2025.04.15-20.28.15:906][220]LogModuleManager: Shutting down and abandoning module ShaderFormatVectorVM (207)
[2025.04.15-20.28.15:906][220]LogModuleManager: Shutting down and abandoning module ShaderFormatOpenGL (205)
[2025.04.15-20.28.15:906][220]LogModuleManager: Shutting down and abandoning module ShaderFormatD3D (203)
[2025.04.15-20.28.15:907][220]LogModuleManager: Shutting down and abandoning module MetalShaderFormat (201)
[2025.04.15-20.28.15:907][220]LogModuleManager: Shutting down and abandoning module TextureFormatOodle (199)
[2025.04.15-20.28.15:907][220]LogModuleManager: Shutting down and abandoning module TextureFormatUncompressed (197)
[2025.04.15-20.28.15:907][220]LogModuleManager: Shutting down and abandoning module TextureFormatPVR (195)
[2025.04.15-20.28.15:907][220]LogModuleManager: Shutting down and abandoning module TextureFormatETC2 (193)
[2025.04.15-20.28.15:907][220]LogModuleManager: Shutting down and abandoning module TextureFormatDXT (191)
[2025.04.15-20.28.15:907][220]LogModuleManager: Shutting down and abandoning module TextureFormatIntelISPCTexComp (189)
[2025.04.15-20.28.15:908][220]LogModuleManager: Shutting down and abandoning module TextureFormatASTC (187)
[2025.04.15-20.28.15:908][220]LogModuleManager: Shutting down and abandoning module ImageWrapper (186)
[2025.04.15-20.28.15:908][220]LogModuleManager: Shutting down and abandoning module AudioFormatOpus (183)
[2025.04.15-20.28.15:908][220]LogModuleManager: Shutting down and abandoning module AudioFormatOgg (181)
[2025.04.15-20.28.15:908][220]LogModuleManager: Shutting down and abandoning module AudioFormatADPCM (179)
[2025.04.15-20.28.15:908][220]LogModuleManager: Shutting down and abandoning module WindowsServerTargetPlatform (177)
[2025.04.15-20.28.15:908][220]LogModuleManager: Shutting down and abandoning module WindowsClientTargetPlatform (175)
[2025.04.15-20.28.15:908][220]LogModuleManager: Shutting down and abandoning module WindowsTargetPlatform (173)
[2025.04.15-20.28.15:908][220]LogModuleManager: Shutting down and abandoning module WindowsNoEditorTargetPlatform (171)
[2025.04.15-20.28.15:908][220]LogModuleManager: Shutting down and abandoning module TVOSTargetPlatform (169)
[2025.04.15-20.28.15:909][220]LogModuleManager: Shutting down and abandoning module MacServerTargetPlatform (167)
[2025.04.15-20.28.15:909][220]LogModuleManager: Shutting down and abandoning module MacClientTargetPlatform (165)
[2025.04.15-20.28.15:909][220]LogModuleManager: Shutting down and abandoning module MacTargetPlatform (163)
[2025.04.15-20.28.15:909][220]LogModuleManager: Shutting down and abandoning module MacNoEditorTargetPlatform (161)
[2025.04.15-20.28.15:909][220]LogModuleManager: Shutting down and abandoning module LuminTargetPlatform (159)
[2025.04.15-20.28.15:909][220]LogModuleManager: Shutting down and abandoning module LinuxAArch64ServerTargetPlatform (157)
[2025.04.15-20.28.15:909][220]LogModuleManager: Shutting down and abandoning module LinuxAArch64ClientTargetPlatform (155)
[2025.04.15-20.28.15:909][220]LogModuleManager: Shutting down and abandoning module LinuxAArch64NoEditorTargetPlatform (153)
[2025.04.15-20.28.15:909][220]LogModuleManager: Shutting down and abandoning module LinuxServerTargetPlatform (151)
[2025.04.15-20.28.15:909][220]LogModuleManager: Shutting down and abandoning module LinuxClientTargetPlatform (149)
[2025.04.15-20.28.15:909][220]LogModuleManager: Shutting down and abandoning module LinuxNoEditorTargetPlatform (147)
[2025.04.15-20.28.15:909][220]LogModuleManager: Shutting down and abandoning module LinuxTargetPlatform (145)
[2025.04.15-20.28.15:909][220]LogModuleManager: Shutting down and abandoning module Messaging (143)
[2025.04.15-20.28.15:909][220]LogModuleManager: Shutting down and abandoning module IOSTargetPlatform (141)
[2025.04.15-20.28.15:910][220]LogModuleManager: Shutting down and abandoning module AndroidTargetPlatform (139)
[2025.04.15-20.28.15:912][220]LogModuleManager: Shutting down and abandoning module AllDesktopTargetPlatform (137)
[2025.04.15-20.28.15:912][220]LogModuleManager: Shutting down and abandoning module D3D11RHI (134)
[2025.04.15-20.28.15:912][220]LogModuleManager: Shutting down and abandoning module InputCore (132)
[2025.04.15-20.28.15:912][220]LogModuleManager: Shutting down and abandoning module Settings (130)
[2025.04.15-20.28.15:912][220]LogModuleManager: Shutting down and abandoning module DirectoryWatcher (128)
[2025.04.15-20.28.15:912][220]LogModuleManager: Shutting down and abandoning module PhysXCooking (126)
[2025.04.15-20.28.15:912][220]LogModuleManager: Shutting down and abandoning module Chaos (124)
[2025.04.15-20.28.15:912][220]LogModuleManager: Shutting down and abandoning module WindowsPlatformFeatures (122)
[2025.04.15-20.28.15:913][220]LogModuleManager: Shutting down and abandoning module GameplayMediaEncoder (121)
[2025.04.15-20.28.15:913][220]LogModuleManager: Shutting down and abandoning module AVEncoder (120)
[2025.04.15-20.28.15:913][220]LogModuleManager: Shutting down and abandoning module SteamVRInputDevice (116)
[2025.04.15-20.28.15:913][220]LogModuleManager: Shutting down and abandoning module SteamVRInput (114)
[2025.04.15-20.28.15:913][220]LogModuleManager: Shutting down and abandoning module SteamVR (112)
[2025.04.15-20.28.15:913][220]LogHMD: Freeing OpenVRDLLHandle.
[2025.04.15-20.28.15:913][220]LogModuleManager: Shutting down and abandoning module OculusHMD (110)
[2025.04.15-20.28.15:914][220]LogModuleManager: Shutting down and abandoning module OpenXRHandTracking (108)
[2025.04.15-20.28.15:914][220]LogSlate: Slate User Destroyed.  User Index 0, Is Virtual User: 0
[2025.04.15-20.28.15:915][220]LogModuleManager: Shutting down and abandoning module OpenXREyeTracker (106)
[2025.04.15-20.28.15:915][220]LogModuleManager: Shutting down and abandoning module OpenXRAR (104)
[2025.04.15-20.28.15:915][220]LogModuleManager: Shutting down and abandoning module AugmentedReality (103)
[2025.04.15-20.28.15:915][220]LogModuleManager: Shutting down and abandoning module OpenXRHMD (100)
[2025.04.15-20.28.15:916][220]LogModuleManager: Shutting down and abandoning module ExampleDeviceProfileSelector (98)
[2025.04.15-20.28.15:916][220]LogModuleManager: Shutting down and abandoning module ChunkDownloader (96)
[2025.04.15-20.28.15:916][220]LogModuleManager: Shutting down and abandoning module LauncherChunkInstaller (94)
[2025.04.15-20.28.15:916][220]LogModuleManager: Shutting down and abandoning module OnlineBlueprintSupport (92)
[2025.04.15-20.28.15:916][220]LogModuleManager: Shutting down and abandoning module OnlineSubsystem (88)
[2025.04.15-20.28.15:919][220]LogModuleManager: Shutting down and abandoning module XMPP (83)
[2025.04.15-20.28.15:920][220]LogModuleManager: Shutting down and abandoning module WebSockets (82)
[2025.04.15-20.28.15:948][220]LogModuleManager: Shutting down and abandoning module HTTP (79)
[2025.04.15-20.28.15:948][220]LogHttp: Display: Http module shutting down, but needs to wait on 1 outstanding Http requests:
[2025.04.15-20.28.15:948][220]LogHttp: Display: 	verb=[POST] url=[https://datarouter.ol.epicgames.com/datarouter/api/v1/public/data?SessionID=%7BFEB29BF0-46B0-4259-DB16-2D9CE56E3432%7D&AppID=UEEditor.Rocket.Release&AppVersion=4.27.2-18319896%2B%2B%2BUE4%2BRelease-4.27&UserID=ff34cec34635c2434a0cbe8ccdbd3a28%7C2eea84bf844543fbbb7d5cf485b735d0%7Cc84dd4ac-b030-4b4d-8068-60af0798f8bd&AppEnvironment=datacollector-binary&UploadType=eteventstream] refs=[1] status=Processing
[2025.04.15-20.28.15:948][220]LogHttp: Display: cleaning up 1 outstanding Http requests.
[2025.04.15-20.28.15:959][220]LogModuleManager: Shutting down and abandoning module SSL (78)
[2025.04.15-20.28.15:960][220]LogModuleManager: Shutting down and abandoning module WmfMedia (74)
[2025.04.15-20.28.15:961][220]LogModuleManager: Shutting down and abandoning module Media (73)
[2025.04.15-20.28.15:961][220]LogModuleManager: Shutting down and abandoning module MediaInfo (72)
[2025.04.15-20.28.15:961][220]LogModuleManager: Shutting down and abandoning module ExrReaderGpu (68)
[2025.04.15-20.28.15:962][220]LogModuleManager: Shutting down and abandoning module MLSDK (66)
[2025.04.15-20.28.15:962][220]LogModuleManager: Shutting down and abandoning module MagicLeap (64)
[2025.04.15-20.28.15:962][220]LogModuleManager: Shutting down and abandoning module NiagaraVertexFactories (62)
[2025.04.15-20.28.15:962][220]LogModuleManager: Shutting down and abandoning module NiagaraShader (60)
[2025.04.15-20.28.15:962][220]LogModuleManager: Shutting down and abandoning module ChaosCloth (58)
[2025.04.15-20.28.15:962][220]LogModuleManager: Shutting down and abandoning module VariantManagerContent (56)
[2025.04.15-20.28.15:962][220]LogModuleManager: Shutting down and abandoning module DatasmithContent (54)
[2025.04.15-20.28.15:962][220]LogModuleManager: Shutting down and abandoning module PixWinPlugin (52)
[2025.04.15-20.28.15:963][220]LogModuleManager: Shutting down and abandoning module AISupportModule (50)
[2025.04.15-20.28.15:963][220]LogModuleManager: Shutting down and abandoning module DesktopPlatform (48)
[2025.04.15-20.28.15:963][220]LogModuleManager: Shutting down and abandoning module PythonScriptPluginPreload (46)
[2025.04.15-20.28.15:963][220]LogModuleManager: Shutting down and abandoning module PlatformCryptoOpenSSL (44)
[2025.04.15-20.28.15:963][220]LogModuleManager: Shutting down and abandoning module PlatformCryptoTypes (42)
[2025.04.15-20.28.15:963][220]LogModuleManager: Shutting down and abandoning module PlatformCrypto (40)
[2025.04.15-20.28.15:963][220]LogModuleManager: Shutting down and abandoning module OodleDataCompressionFormat (38)
[2025.04.15-20.28.15:963][220]LogModuleManager: Shutting down and abandoning module XGEController (36)
[2025.04.15-20.28.15:964][220]LogXGEController: Cleaning working directory: C:/Users/Playeroth/AppData/Local/Temp/UnrealXGEWorkingDir/
[2025.04.15-20.28.15:964][220]LogModuleManager: Shutting down and abandoning module AnimationModifiers (34)
[2025.04.15-20.28.15:964][220]LogModuleManager: Shutting down and abandoning module AudioEditor (32)
[2025.04.15-20.28.15:965][220]LogModuleManager: Shutting down and abandoning module PropertyEditor (31)
[2025.04.15-20.28.15:965][220]LogModuleManager: Shutting down and abandoning module TextureCompressor (28)
[2025.04.15-20.28.15:965][220]LogModuleManager: Shutting down and abandoning module RenderCore (26)
[2025.04.15-20.28.15:965][220]LogModuleManager: Shutting down and abandoning module Landscape (24)
[2025.04.15-20.28.15:965][220]LogModuleManager: Shutting down and abandoning module SlateRHIRenderer (22)
[2025.04.15-20.28.15:966][220]LogModuleManager: Shutting down and abandoning module AnimGraphRuntime (20)
[2025.04.15-20.28.15:966][220]LogModuleManager: Shutting down and abandoning module Renderer (18)
[2025.04.15-20.28.15:966][220]LogModuleManager: Shutting down and abandoning module Engine (16)
[2025.04.15-20.28.15:966][220]LogModuleManager: Shutting down and abandoning module CoreUObject (14)
[2025.04.15-20.28.15:966][220]LogModuleManager: Shutting down and abandoning module NetworkFile (12)
[2025.04.15-20.28.15:967][220]LogModuleManager: Shutting down and abandoning module CookedIterativeFile (10)
[2025.04.15-20.28.15:967][220]LogModuleManager: Shutting down and abandoning module StreamingFile (8)
[2025.04.15-20.28.15:967][220]LogModuleManager: Shutting down and abandoning module SandboxFile (6)
[2025.04.15-20.28.15:967][220]LogModuleManager: Shutting down and abandoning module PakFile (4)
[2025.04.15-20.28.15:968][220]LogModuleManager: Shutting down and abandoning module RSA (3)
[2025.04.15-20.28.16:324][220]LogContentStreaming: Display: There are 1 unreleased StreamingManagers
[2025.04.15-20.28.16:339][220]LogD3D11RHI: Shutdown
[2025.04.15-20.28.16:339][220]LogD3D11RHI: CleanupD3DDevice
[2025.04.15-20.28.16:344][220]LogExit: Exiting.
[2025.04.15-20.28.16:358][220]Log file closed, 04/15/25 17:28:16
