Log file open, 04/15/25 17:26:03
LogWindows: Failed to load 'aqProf.dll' (GetLastError=126)
LogWindows: File 'aqProf.dll' does not exist
LogWindows: Failed to load 'VtuneApi.dll' (GetLastError=126)
LogWindows: File 'VtuneApi.dll' does not exist
LogWindows: Failed to load 'VtuneApi32e.dll' (GetLastError=126)
LogWindows: File 'VtuneApi32e.dll' does not exist
LogConsoleResponse: Display: Failed to find resolution value strings in scalability ini. Falling back to default.
LogConsoleResponse: Display: Failed to find resolution value strings in scalability ini. Falling back to default.
LogInit: Display: Running engine for game: EscapeTheBackrooms
LogPlatformFile: Not using cached read wrapper
LogTaskGraph: Started task graph with 5 named threads and 35 total threads with 3 sets of task threads.
LogStats: Stats thread started at 0.200946
LogICUInternationalization: ICU TimeZone Detection - Raw Offset: -3:00, Platform Override: ''
LogInit: Display: Loading text-based GConfig....
LogPluginManager: Mounting plugin MeshPainting
LogPluginManager: Mounting plugin XGEController
LogPluginManager: Mounting plugin Paper2D
LogPluginManager: Mounting plugin LiveLink
LogPluginManager: Mounting plugin LightPropagationVolume
LogPluginManager: Mounting plugin CameraShakePreviewer
LogPluginManager: Mounting plugin GameplayCameras
LogPluginManager: Mounting plugin OodleNetwork
LogPluginManager: Mounting plugin OodleData
LogPluginManager: Mounting plugin DatasmithContent
LogPluginManager: Mounting plugin Niagara
LogPluginManager: Mounting plugin AssetManagerEditor
LogPluginManager: Mounting plugin VariantManagerContent
LogPluginManager: Mounting plugin CryptoKeys
LogPluginManager: Mounting plugin DataValidation
LogPluginManager: Mounting plugin GameplayTagsEditor
LogPluginManager: Mounting plugin GeometryMode
LogPluginManager: Mounting plugin FacialAnimation
LogPluginManager: Mounting plugin CurveEditorTools
LogPluginManager: Mounting plugin MacGraphicsSwitching
LogPluginManager: Mounting plugin MaterialAnalyzer
LogPluginManager: Mounting plugin PluginBrowser
LogPluginManager: Mounting plugin MobileLauncherProfileWizard
LogPluginManager: Mounting plugin SpeedTreeImporter
LogPluginManager: Mounting plugin LuminPlatformFeatures
LogPluginManager: Mounting plugin MagicLeap
LogPluginManager: Mounting plugin MagicLeapLightEstimation
LogPluginManager: Mounting plugin MagicLeapMedia
LogPluginManager: Mounting plugin MLSDK
LogPluginManager: Mounting plugin AndroidMedia
LogPluginManager: Mounting plugin AvfMedia
LogPluginManager: Mounting plugin MagicLeapPassableWorld
LogPluginManager: Mounting plugin ImgMedia
LogPluginManager: Mounting plugin MediaCompositing
LogPluginManager: Mounting plugin AlembicImporter
LogPluginManager: Mounting plugin MediaPlayerEditor
LogPluginManager: Mounting plugin AutomationUtils
LogPluginManager: Mounting plugin BackChannel
LogPluginManager: Mounting plugin WebMMedia
LogPluginManager: Mounting plugin WmfMedia
LogPluginManager: Mounting plugin ChaosCloth
LogPluginManager: Mounting plugin ChaosClothEditor
LogPluginManager: Mounting plugin ChaosEditor
LogPluginManager: Mounting plugin ChaosNiagara
LogPluginManager: Mounting plugin ChaosSolverPlugin
LogPluginManager: Mounting plugin CharacterAI
LogPluginManager: Mounting plugin ActorSequence
LogPluginManager: Mounting plugin LevelSequenceEditor
LogPluginManager: Mounting plugin MatineeToLevelSequence
LogPluginManager: Mounting plugin TemplateSequence
LogPluginManager: Mounting plugin GeometryCollectionPlugin
LogPluginManager: Mounting plugin UdpMessaging
LogPluginManager: Mounting plugin TcpMessaging
LogPluginManager: Mounting plugin GeometryProcessing
LogPluginManager: Mounting plugin GeometryCache
LogPluginManager: Mounting plugin MotoSynth
LogPluginManager: Mounting plugin OpenImageDenoise
LogPluginManager: Mounting plugin PlanarCut
LogPluginManager: Mounting plugin ProxyLODPlugin
LogPluginManager: Mounting plugin PlatformCrypto
LogPluginManager: Mounting plugin PythonScriptPlugin
LogPluginManager: Mounting plugin SkeletalReduction
LogPluginManager: Mounting plugin LauncherChunkInstaller
LogPluginManager: Mounting plugin OnlineSubsystem
LogPluginManager: Mounting plugin OnlineSubsystemNull
LogPluginManager: Mounting plugin ActorLayerUtilities
LogPluginManager: Mounting plugin OnlineSubsystemUtils
LogPluginManager: Mounting plugin AndroidDeviceProfileSelector
LogPluginManager: Mounting plugin AndroidMoviePlayer
LogPluginManager: Mounting plugin AssetTags
LogPluginManager: Mounting plugin AppleImageUtils
LogPluginManager: Mounting plugin AppleMoviePlayer
LogPluginManager: Mounting plugin AudioCapture
LogPluginManager: Mounting plugin ArchVisCharacter
LogPluginManager: Mounting plugin AudioSynesthesia
LogPluginManager: Mounting plugin CableComponent
LogPluginManager: Mounting plugin ChunkDownloader
LogPluginManager: Mounting plugin CustomMeshComponent
LogPluginManager: Mounting plugin EditableMesh
LogPluginManager: Mounting plugin ExampleDeviceProfileSelector
LogPluginManager: Mounting plugin GoogleCloudMessaging
LogPluginManager: Mounting plugin GooglePAD
LogPluginManager: Mounting plugin ScreenshotTools
LogPluginManager: Mounting plugin AndroidPermission
LogPluginManager: Mounting plugin Takes
LogPluginManager: Mounting plugin IOSDeviceProfileSelector
LogPluginManager: Mounting plugin LinuxDeviceProfileSelector
LogPluginManager: Mounting plugin LocationServicesBPLibrary
LogPluginManager: Mounting plugin MobilePatchingUtils
LogPluginManager: Mounting plugin OpenXRHandTracking
LogPluginManager: Mounting plugin OpenXR
LogPluginManager: Mounting plugin OpenXREyeTracker
LogPluginManager: Mounting plugin PostSplashScreen
LogPluginManager: Mounting plugin PhysXVehicles
LogPluginManager: Mounting plugin PropertyAccessEditor
LogPluginManager: Mounting plugin ProceduralMeshComponent
LogPluginManager: Mounting plugin RuntimePhysXCooking
LogPluginManager: Mounting plugin SignificanceManager
LogPluginManager: Mounting plugin SoundFields
LogPluginManager: Mounting plugin Synthesis
LogPluginManager: Mounting plugin WebMMoviePlayer
LogPluginManager: Mounting plugin AISupport
LogPluginManager: Mounting plugin EnvironmentQueryEditor
LogPluginManager: Mounting plugin AnimationSharing
LogPluginManager: Mounting plugin CLionSourceCodeAccess
LogPluginManager: Mounting plugin CodeLiteSourceCodeAccess
LogPluginManager: Mounting plugin GitSourceControl
LogPluginManager: Mounting plugin NullSourceCodeAccess
LogPluginManager: Mounting plugin KDevelopSourceCodeAccess
LogPluginManager: Mounting plugin PerforceSourceControl
LogPluginManager: Mounting plugin PixWinPlugin
LogPluginManager: Mounting plugin PlasticSourceControl
LogPluginManager: Mounting plugin PluginUtils
LogPluginManager: Mounting plugin TextureFormatOodle
LogPluginManager: Mounting plugin WindowsMoviePlayer
LogPluginManager: Mounting plugin RiderSourceCodeAccess
LogPluginManager: Mounting plugin SubversionSourceControl
LogPluginManager: Mounting plugin PropertyAccessNode
LogPluginManager: Mounting plugin UObjectPlugin
LogPluginManager: Mounting plugin VisualStudioCodeSourceCodeAccess
LogPluginManager: Mounting plugin XCodeSourceCodeAccess
LogPluginManager: Mounting plugin VisualStudioSourceCodeAccess
LogPluginManager: Mounting plugin ContentBrowserAssetDataSource
LogPluginManager: Mounting plugin ContentBrowserClassDataSource
LogPluginManager: Mounting plugin ContentBrowserFileDataSource
LogPluginManager: Mounting plugin OnlineSubsystemGooglePlay
LogPluginManager: Mounting plugin OnlineSubsystemIOS
LogPluginManager: Mounting plugin OculusVR
LogPluginManager: Mounting plugin SteamVR
LogInit: Using libcurl 7.55.1-DEV
LogInit:  - built for x86_64-pc-win32
LogInit:  - supports SSL with OpenSSL/1.1.1
LogInit:  - supports HTTP deflate (compression) using libz 1.2.8
LogInit:  - other features:
LogInit:      CURL_VERSION_SSL
LogInit:      CURL_VERSION_LIBZ
LogInit:      CURL_VERSION_IPV6
LogInit:      CURL_VERSION_ASYNCHDNS
LogInit:      CURL_VERSION_LARGEFILE
LogInit:      CURL_VERSION_IDN
LogInit:  CurlRequestOptions (configurable via config and command line):
LogInit:  - bVerifyPeer = true  - Libcurl will verify peer certificate
LogInit:  - bUseHttpProxy = false  - Libcurl will NOT use HTTP proxy
LogInit:  - bDontReuseConnections = false  - Libcurl will reuse connections
LogInit:  - MaxHostConnections = 16  - Libcurl will limit the number of connections to a host
LogInit:  - LocalHostAddr = Default
LogInit:  - BufferSize = 65536
LogOnline: OSS: Creating online subsystem instance for: NULL
LogInit: WinSock: version 1.1 (2.2), MaxSocks=32767, MaxUdp=65467
LogOnline: OSS: TryLoadSubsystemAndSetDefault: Loaded subsystem for module [NULL]
PixWinPlugin: PIX capture plugin failed to initialize! Check that the process is launched from PIX.
LogOculusPluginWrapper: OculusPlugin initialized successfully
LogHMD: Failed initializing OVRPlugin 1.59.0
LogInit: Build: ++UE4+Release-4.27-CL-18319896
LogInit: Engine Version: 4.27.2-18319896+++UE4+Release-4.27
LogInit: Compatible Engine Version: 4.27.0-17155196+++UE4+Release-4.27
LogInit: Net CL: 17155196
LogInit: OS: Windows 10 (Release 2009) (), CPU: Intel(R) Core(TM) i5-10400F CPU @ 2.90GHz, GPU: AMD Radeon RX 580 2048SP
LogInit: Compiled (64-bit): Nov 30 2021 07:12:08
LogInit: Compiled with Visual C++: 19.24.28315.00
LogInit: Build Configuration: Development
LogInit: Branch Name: ++UE4+Release-4.27
LogInit: Command Line: 
LogInit: Base Directory: C:/Program Files/Epic Games/UE_4.27/Engine/Binaries/Win64/
LogInit: Allocator: TBB
LogInit: Installed Engine Build: 1
LogDevObjectVersion: Number of dev versions registered: 29
LogDevObjectVersion:   Dev-Blueprints (B0D832E4-1F89-4F0D-ACCF-7EB736FD4AA2): 10
LogDevObjectVersion:   Dev-Build (E1C64328-A22C-4D53-A36C-8E866417BD8C): 0
LogDevObjectVersion:   Dev-Core (375EC13C-06E4-48FB-B500-84F0262A717E): 4
LogDevObjectVersion:   Dev-Editor (E4B068ED-F494-42E9-A231-DA0B2E46BB41): 40
LogDevObjectVersion:   Dev-Framework (CFFC743F-43B0-4480-9391-14DF171D2073): 37
LogDevObjectVersion:   Dev-Mobile (B02B49B5-BB20-44E9-A304-32B752E40360): 3
LogDevObjectVersion:   Dev-Networking (A4E4105C-59A1-49B5-A7C5-40C4547EDFEE): 0
LogDevObjectVersion:   Dev-Online (39C831C9-5AE6-47DC-9A44-9C173E1C8E7C): 0
LogDevObjectVersion:   Dev-Physics (78F01B33-EBEA-4F98-B9B4-84EACCB95AA2): 14
LogDevObjectVersion:   Dev-Platform (6631380F-2D4D-43E0-8009-CF276956A95A): 0
LogDevObjectVersion:   Dev-Rendering (12F88B9F-8875-4AFC-A67C-D90C383ABD29): 45
LogDevObjectVersion:   Dev-Sequencer (7B5AE74C-D270-4C10-A958-57980B212A5A): 13
LogDevObjectVersion:   Dev-VR (D7296918-1DD6-4BDD-9DE2-64A83CC13884): 3
LogDevObjectVersion:   Dev-LoadTimes (C2A15278-BFE7-4AFE-6C17-90FF531DF755): 1
LogDevObjectVersion:   Private-Geometry (6EACA3D4-40EC-4CC1-B786-8BED09428FC5): 3
LogDevObjectVersion:   Dev-AnimPhys (29E575DD-E0A3-4627-9D10-D276232CDCEA): 17
LogDevObjectVersion:   Dev-Anim (AF43A65D-7FD3-4947-9873-3E8ED9C1BB05): 15
LogDevObjectVersion:   Dev-ReflectionCapture (6B266CEC-1EC7-4B8F-A30B-E4D90942FC07): 1
LogDevObjectVersion:   Dev-Automation (0DF73D61-A23F-47EA-B727-89E90C41499A): 1
LogDevObjectVersion:   FortniteMain (601D1886-AC64-4F84-AA16-D3DE0DEAC7D6): 47
LogDevObjectVersion:   FortniteRelease (E7086368-6B23-4C58-8439-1B7016265E91): 1
LogDevObjectVersion:   Dev-Enterprise (9DFFBCD6-494F-0158-E221-12823C92A888): 10
LogDevObjectVersion:   Dev-Niagara (F2AED0AC-9AFE-416F-8664-AA7FFA26D6FC): 1
LogDevObjectVersion:   Dev-Destruction (174F1F0B-B4C6-45A5-B13F-2EE8D0FB917D): 10
LogDevObjectVersion:   Dev-Physics-Ext (35F94A83-E258-406C-A318-09F59610247C): 41
LogDevObjectVersion:   Dev-PhysicsMaterial-Chaos (B68FC16E-8B1B-42E2-B453-215C058844FE): 1
LogDevObjectVersion:   Dev-CineCamera (B2E18506-4273-CFC2-A54E-F4BB758BBA07): 1
LogDevObjectVersion:   Dev-VirtualProduction (64F58936-FD1B-42BA-BA96-7289D5D0FA4E): 1
LogDevObjectVersion:   Dev-MediaFramework (6F0ED827-A609-4895-9C91-998D90180EA4): 2
LogInit: Presizing for max 25165824 objects, including 0 objects not considered by GC, pre-allocating 0 bytes for permanent pool.
LogConfig: Applying CVar settings from Section [/Script/Engine.StreamingSettings] File [C:/Users/Playeroth/Documents/EscapeTheBackrooms--Mods/ETBModTemplate - Copia (2)/Saved/Config/Windows/Engine.ini]
LogConfig: Setting CVar [[s.MinBulkDataSizeForAsyncLoading:131072]]
LogConfig: Setting CVar [[s.AsyncLoadingThreadEnabled:0]]
LogConfig: Setting CVar [[s.EventDrivenLoaderEnabled:1]]
LogConfig: Setting CVar [[s.WarnIfTimeLimitExceeded:0]]
LogConfig: Setting CVar [[s.TimeLimitExceededMultiplier:1.5]]
LogConfig: Setting CVar [[s.TimeLimitExceededMinTime:0.005]]
LogConfig: Setting CVar [[s.UseBackgroundLevelStreaming:1]]
LogConfig: Setting CVar [[s.PriorityAsyncLoadingExtraTime:15.0]]
LogConfig: Setting CVar [[s.LevelStreamingActorsUpdateTimeLimit:5.0]]
LogConfig: Setting CVar [[s.PriorityLevelStreamingActorsUpdateExtraTime:5.0]]
LogConfig: Setting CVar [[s.LevelStreamingComponentsRegistrationGranularity:10]]
LogConfig: Setting CVar [[s.UnregisterComponentsTimeLimit:1.0]]
LogConfig: Setting CVar [[s.LevelStreamingComponentsUnregistrationGranularity:5]]
LogConfig: Setting CVar [[s.FlushStreamingOnExit:1]]
LogInit: Object subsystem initialized
LogConfig: Setting CVar [[con.DebugEarlyDefault:1]]
LogConfig: Setting CVar [[r.setres:1280x720]]
[2025.04.15-20.26.04:393][  0]LogConfig: Setting CVar [[r.VSync:0]]
[2025.04.15-20.26.04:393][  0]LogConfig: Setting CVar [[r.RHICmdBypass:0]]
[2025.04.15-20.26.04:394][  0]LogConfig: Applying CVar settings from Section [/Script/Engine.RendererSettings] File [C:/Users/Playeroth/Documents/EscapeTheBackrooms--Mods/ETBModTemplate - Copia (2)/Saved/Config/Windows/Engine.ini]
[2025.04.15-20.26.04:394][  0]LogConfig: Setting CVar [[r.GPUCrashDebugging:0]]
[2025.04.15-20.26.04:394][  0]LogConfig: Setting CVar [[r.DefaultFeature.AutoExposure.ExtendDefaultLuminanceRange:1]]
[2025.04.15-20.26.04:394][  0]LogConfig: Applying CVar settings from Section [/Script/Engine.RendererOverrideSettings] File [C:/Users/Playeroth/Documents/EscapeTheBackrooms--Mods/ETBModTemplate - Copia (2)/Saved/Config/Windows/Engine.ini]
[2025.04.15-20.26.04:394][  0]LogConfig: Applying CVar settings from Section [/Script/Engine.StreamingSettings] File [C:/Users/Playeroth/Documents/EscapeTheBackrooms--Mods/ETBModTemplate - Copia (2)/Saved/Config/Windows/Engine.ini]
[2025.04.15-20.26.04:394][  0]LogConfig: Setting CVar [[s.MinBulkDataSizeForAsyncLoading:131072]]
[2025.04.15-20.26.04:394][  0]LogConfig: Setting CVar [[s.AsyncLoadingThreadEnabled:0]]
[2025.04.15-20.26.04:394][  0]LogConfig: Setting CVar [[s.EventDrivenLoaderEnabled:1]]
[2025.04.15-20.26.04:394][  0]LogConfig: Setting CVar [[s.WarnIfTimeLimitExceeded:0]]
[2025.04.15-20.26.04:394][  0]LogConfig: Setting CVar [[s.TimeLimitExceededMultiplier:1.5]]
[2025.04.15-20.26.04:394][  0]LogConfig: Setting CVar [[s.TimeLimitExceededMinTime:0.005]]
[2025.04.15-20.26.04:394][  0]LogConfig: Setting CVar [[s.UseBackgroundLevelStreaming:1]]
[2025.04.15-20.26.04:394][  0]LogConfig: Setting CVar [[s.PriorityAsyncLoadingExtraTime:15.0]]
[2025.04.15-20.26.04:394][  0]LogConfig: Setting CVar [[s.LevelStreamingActorsUpdateTimeLimit:5.0]]
[2025.04.15-20.26.04:394][  0]LogConfig: Setting CVar [[s.PriorityLevelStreamingActorsUpdateExtraTime:5.0]]
[2025.04.15-20.26.04:394][  0]LogConfig: Setting CVar [[s.LevelStreamingComponentsRegistrationGranularity:10]]
[2025.04.15-20.26.04:394][  0]LogConfig: Setting CVar [[s.UnregisterComponentsTimeLimit:1.0]]
[2025.04.15-20.26.04:394][  0]LogConfig: Setting CVar [[s.LevelStreamingComponentsUnregistrationGranularity:5]]
[2025.04.15-20.26.04:394][  0]LogConfig: Setting CVar [[s.FlushStreamingOnExit:1]]
[2025.04.15-20.26.04:394][  0]LogConfig: Applying CVar settings from Section [/Script/Engine.GarbageCollectionSettings] File [C:/Users/Playeroth/Documents/EscapeTheBackrooms--Mods/ETBModTemplate - Copia (2)/Saved/Config/Windows/Engine.ini]
[2025.04.15-20.26.04:394][  0]LogConfig: Setting CVar [[gc.MaxObjectsNotConsideredByGC:1]]
[2025.04.15-20.26.04:394][  0]LogConfig: Setting CVar [[gc.SizeOfPermanentObjectPool:0]]
[2025.04.15-20.26.04:394][  0]LogConfig: Setting CVar [[gc.FlushStreamingOnGC:0]]
[2025.04.15-20.26.04:394][  0]LogConfig: Setting CVar [[gc.NumRetriesBeforeForcingGC:10]]
[2025.04.15-20.26.04:394][  0]LogConfig: Setting CVar [[gc.AllowParallelGC:1]]
[2025.04.15-20.26.04:394][  0]LogConfig: Setting CVar [[gc.TimeBetweenPurgingPendingKillObjects:61.1]]
[2025.04.15-20.26.04:394][  0]LogConfig: Setting CVar [[gc.MaxObjectsInEditor:25165824]]
[2025.04.15-20.26.04:394][  0]LogConfig: Setting CVar [[gc.IncrementalBeginDestroyEnabled:1]]
[2025.04.15-20.26.04:394][  0]LogConfig: Setting CVar [[gc.CreateGCClusters:1]]
[2025.04.15-20.26.04:394][  0]LogConfig: Setting CVar [[gc.MinGCClusterSize:5]]
[2025.04.15-20.26.04:394][  0]LogConfig: Setting CVar [[gc.ActorClusteringEnabled:0]]
[2025.04.15-20.26.04:394][  0]LogConfig: Setting CVar [[gc.BlueprintClusteringEnabled:0]]
[2025.04.15-20.26.04:394][  0]LogConfig: Setting CVar [[gc.UseDisregardForGCOnDedicatedServers:0]]
[2025.04.15-20.26.04:394][  0]LogConfig: Setting CVar [[gc.MultithreadedDestructionEnabled:1]]
[2025.04.15-20.26.04:394][  0]LogConfig: Applying CVar settings from Section [/Script/Engine.NetworkSettings] File [C:/Users/Playeroth/Documents/EscapeTheBackrooms--Mods/ETBModTemplate - Copia (2)/Saved/Config/Windows/Engine.ini]
[2025.04.15-20.26.04:394][  0]LogConfig: Applying CVar settings from Section [/Script/UnrealEd.CookerSettings] File [C:/Users/Playeroth/Documents/EscapeTheBackrooms--Mods/ETBModTemplate - Copia (2)/Saved/Config/Windows/Engine.ini]
[2025.04.15-20.26.04:411][  0]LogConfig: Applying CVar settings from Section [ViewDistanceQuality@3] File [C:/Users/Playeroth/Documents/EscapeTheBackrooms--Mods/ETBModTemplate - Copia (2)/Saved/Config/Windows/Scalability.ini]
[2025.04.15-20.26.04:411][  0]LogConfig: Setting CVar [[r.SkeletalMeshLODBias:0]]
[2025.04.15-20.26.04:411][  0]LogConfig: Setting CVar [[r.ViewDistanceScale:1.0]]
[2025.04.15-20.26.04:411][  0]LogConfig: Applying CVar settings from Section [AntiAliasingQuality@3] File [C:/Users/Playeroth/Documents/EscapeTheBackrooms--Mods/ETBModTemplate - Copia (2)/Saved/Config/Windows/Scalability.ini]
[2025.04.15-20.26.04:411][  0]LogConfig: Setting CVar [[r.PostProcessAAQuality:4]]
[2025.04.15-20.26.04:411][  0]LogConfig: Applying CVar settings from Section [ShadowQuality@3] File [C:/Users/Playeroth/Documents/EscapeTheBackrooms--Mods/ETBModTemplate - Copia (2)/Saved/Config/Windows/Scalability.ini]
[2025.04.15-20.26.04:411][  0]LogConfig: Setting CVar [[r.LightFunctionQuality:1]]
[2025.04.15-20.26.04:411][  0]LogConfig: Setting CVar [[r.ShadowQuality:5]]
[2025.04.15-20.26.04:411][  0]LogConfig: Setting CVar [[r.Shadow.CSM.MaxCascades:10]]
[2025.04.15-20.26.04:412][  0]LogConfig: Setting CVar [[r.Shadow.MaxResolution:2048]]
[2025.04.15-20.26.04:412][  0]LogConfig: Setting CVar [[r.Shadow.MaxCSMResolution:2048]]
[2025.04.15-20.26.04:412][  0]LogConfig: Setting CVar [[r.Shadow.RadiusThreshold:0.01]]
[2025.04.15-20.26.04:412][  0]LogConfig: Setting CVar [[r.Shadow.DistanceScale:1.0]]
[2025.04.15-20.26.04:412][  0]LogConfig: Setting CVar [[r.Shadow.CSM.TransitionScale:1.0]]
[2025.04.15-20.26.04:412][  0]LogConfig: Setting CVar [[r.Shadow.PreShadowResolutionFactor:1.0]]
[2025.04.15-20.26.04:412][  0]LogConfig: Setting CVar [[r.DistanceFieldShadowing:1]]
[2025.04.15-20.26.04:412][  0]LogConfig: Setting CVar [[r.DistanceFieldAO:1]]
[2025.04.15-20.26.04:412][  0]LogConfig: Setting CVar [[r.AOQuality:2]]
[2025.04.15-20.26.04:412][  0]LogConfig: Setting CVar [[r.VolumetricFog:1]]
[2025.04.15-20.26.04:412][  0]LogConfig: Setting CVar [[r.VolumetricFog.GridPixelSize:8]]
[2025.04.15-20.26.04:412][  0]LogConfig: Setting CVar [[r.VolumetricFog.GridSizeZ:128]]
[2025.04.15-20.26.04:412][  0]LogConfig: Setting CVar [[r.VolumetricFog.HistoryMissSupersampleCount:4]]
[2025.04.15-20.26.04:412][  0]LogConfig: Setting CVar [[r.LightMaxDrawDistanceScale:1]]
[2025.04.15-20.26.04:412][  0]LogConfig: Setting CVar [[r.CapsuleShadows:1]]
[2025.04.15-20.26.04:412][  0]LogConfig: Applying CVar settings from Section [PostProcessQuality@3] File [C:/Users/Playeroth/Documents/EscapeTheBackrooms--Mods/ETBModTemplate - Copia (2)/Saved/Config/Windows/Scalability.ini]
[2025.04.15-20.26.04:412][  0]LogConfig: Setting CVar [[r.MotionBlurQuality:4]]
[2025.04.15-20.26.04:412][  0]LogConfig: Setting CVar [[r.AmbientOcclusionMipLevelFactor:0.4]]
[2025.04.15-20.26.04:412][  0]LogConfig: Setting CVar [[r.AmbientOcclusionMaxQuality:100]]
[2025.04.15-20.26.04:412][  0]LogConfig: Setting CVar [[r.AmbientOcclusionLevels:-1]]
[2025.04.15-20.26.04:412][  0]LogConfig: Setting CVar [[r.AmbientOcclusionRadiusScale:1.0]]
[2025.04.15-20.26.04:412][  0]LogConfig: Setting CVar [[r.DepthOfFieldQuality:2]]
[2025.04.15-20.26.04:412][  0]LogConfig: Setting CVar [[r.RenderTargetPoolMin:400]]
[2025.04.15-20.26.04:412][  0]LogConfig: Setting CVar [[r.LensFlareQuality:2]]
[2025.04.15-20.26.04:412][  0]LogConfig: Setting CVar [[r.SceneColorFringeQuality:1]]
[2025.04.15-20.26.04:412][  0]LogConfig: Setting CVar [[r.EyeAdaptationQuality:2]]
[2025.04.15-20.26.04:412][  0]LogConfig: Setting CVar [[r.BloomQuality:5]]
[2025.04.15-20.26.04:412][  0]LogConfig: Setting CVar [[r.FastBlurThreshold:100]]
[2025.04.15-20.26.04:412][  0]LogConfig: Setting CVar [[r.Upscale.Quality:3]]
[2025.04.15-20.26.04:412][  0]LogConfig: Setting CVar [[r.Tonemapper.GrainQuantization:1]]
[2025.04.15-20.26.04:412][  0]LogConfig: Setting CVar [[r.LightShaftQuality:1]]
[2025.04.15-20.26.04:412][  0]LogConfig: Setting CVar [[r.Filter.SizeScale:1]]
[2025.04.15-20.26.04:412][  0]LogConfig: Setting CVar [[r.Tonemapper.Quality:5]]
[2025.04.15-20.26.04:412][  0]LogConfig: Setting CVar [[r.DOF.Gather.AccumulatorQuality:1        ; higher gathering accumulator quality]]
[2025.04.15-20.26.04:412][  0]LogConfig: Setting CVar [[r.DOF.Gather.PostfilterMethod:1          ; Median3x3 postfilering method]]
[2025.04.15-20.26.04:412][  0]LogConfig: Setting CVar [[r.DOF.Gather.EnableBokehSettings:0       ; no bokeh simulation when gathering]]
[2025.04.15-20.26.04:412][  0]LogConfig: Setting CVar [[r.DOF.Gather.RingCount:4                 ; medium number of samples when gathering]]
[2025.04.15-20.26.04:412][  0]LogConfig: Setting CVar [[r.DOF.Scatter.ForegroundCompositing:1    ; additive foreground scattering]]
[2025.04.15-20.26.04:412][  0]LogConfig: Setting CVar [[r.DOF.Scatter.BackgroundCompositing:2    ; additive background scattering]]
[2025.04.15-20.26.04:412][  0]LogConfig: Setting CVar [[r.DOF.Scatter.EnableBokehSettings:1      ; bokeh simulation when scattering]]
[2025.04.15-20.26.04:412][  0]LogConfig: Setting CVar [[r.DOF.Scatter.MaxSpriteRatio:0.1         ; only a maximum of 10% of scattered bokeh]]
[2025.04.15-20.26.04:412][  0]LogConfig: Setting CVar [[r.DOF.Recombine.Quality:1                ; cheap slight out of focus]]
[2025.04.15-20.26.04:412][  0]LogConfig: Setting CVar [[r.DOF.Recombine.EnableBokehSettings:0    ; no bokeh simulation on slight out of focus]]
[2025.04.15-20.26.04:412][  0]LogConfig: Setting CVar [[r.DOF.TemporalAAQuality:1                ; more stable temporal accumulation]]
[2025.04.15-20.26.04:412][  0]LogConfig: Setting CVar [[r.DOF.Kernel.MaxForegroundRadius:0.025]]
[2025.04.15-20.26.04:412][  0]LogConfig: Setting CVar [[r.DOF.Kernel.MaxBackgroundRadius:0.025]]
[2025.04.15-20.26.04:412][  0]LogConfig: Applying CVar settings from Section [TextureQuality@3] File [C:/Users/Playeroth/Documents/EscapeTheBackrooms--Mods/ETBModTemplate - Copia (2)/Saved/Config/Windows/Scalability.ini]
[2025.04.15-20.26.04:412][  0]LogConfig: Setting CVar [[r.Streaming.MipBias:0]]
[2025.04.15-20.26.04:412][  0]LogConfig: Setting CVar [[r.Streaming.AmortizeCPUToGPUCopy:0]]
[2025.04.15-20.26.04:412][  0]LogConfig: Setting CVar [[r.Streaming.MaxNumTexturesToStreamPerFrame:0]]
[2025.04.15-20.26.04:412][  0]LogConfig: Setting CVar [[r.Streaming.Boost:1]]
[2025.04.15-20.26.04:412][  0]LogConfig: Setting CVar [[r.MaxAnisotropy:8]]
[2025.04.15-20.26.04:412][  0]LogConfig: Setting CVar [[r.VT.MaxAnisotropy:8]]
[2025.04.15-20.26.04:412][  0]LogConfig: Setting CVar [[r.Streaming.LimitPoolSizeToVRAM:0]]
[2025.04.15-20.26.04:412][  0]LogConfig: Setting CVar [[r.Streaming.PoolSize:1000]]
[2025.04.15-20.26.04:412][  0]LogConfig: Setting CVar [[r.Streaming.MaxEffectiveScreenSize:0]]
[2025.04.15-20.26.04:412][  0]LogConfig: Applying CVar settings from Section [EffectsQuality@3] File [C:/Users/Playeroth/Documents/EscapeTheBackrooms--Mods/ETBModTemplate - Copia (2)/Saved/Config/Windows/Scalability.ini]
[2025.04.15-20.26.04:412][  0]LogConfig: Setting CVar [[r.TranslucencyLightingVolumeDim:64]]
[2025.04.15-20.26.04:412][  0]LogConfig: Setting CVar [[r.RefractionQuality:2]]
[2025.04.15-20.26.04:412][  0]LogConfig: Setting CVar [[r.SSR.Quality:3]]
[2025.04.15-20.26.04:412][  0]LogConfig: Setting CVar [[r.SSR.HalfResSceneColor:0]]
[2025.04.15-20.26.04:412][  0]LogConfig: Setting CVar [[r.SceneColorFormat:4]]
[2025.04.15-20.26.04:412][  0]LogConfig: Setting CVar [[r.DetailMode:2]]
[2025.04.15-20.26.04:412][  0]LogConfig: Setting CVar [[r.TranslucencyVolumeBlur:1]]
[2025.04.15-20.26.04:412][  0]LogConfig: Setting CVar [[r.MaterialQualityLevel:1 ; High quality]]
[2025.04.15-20.26.04:412][  0]LogConfig: Setting CVar [[r.AnisotropicMaterials:1]]
[2025.04.15-20.26.04:412][  0]LogConfig: Setting CVar [[r.SSS.Scale:1]]
[2025.04.15-20.26.04:412][  0]LogConfig: Setting CVar [[r.SSS.SampleSet:2]]
[2025.04.15-20.26.04:412][  0]LogConfig: Setting CVar [[r.SSS.Quality:1]]
[2025.04.15-20.26.04:412][  0]LogConfig: Setting CVar [[r.SSS.HalfRes:0]]
[2025.04.15-20.26.04:412][  0]LogConfig: Setting CVar [[r.SSGI.Quality:3]]
[2025.04.15-20.26.04:412][  0]LogConfig: Setting CVar [[r.EmitterSpawnRateScale:1.0]]
[2025.04.15-20.26.04:412][  0]LogConfig: Setting CVar [[r.ParticleLightQuality:2]]
[2025.04.15-20.26.04:412][  0]LogConfig: Setting CVar [[r.SkyAtmosphere.AerialPerspectiveLUT.FastApplyOnOpaque:1 ; Always have FastSkyLUT 1 in this case to avoid wrong sky]]
[2025.04.15-20.26.04:412][  0]LogConfig: Setting CVar [[r.SkyAtmosphere.AerialPerspectiveLUT.SampleCountMaxPerSlice:4]]
[2025.04.15-20.26.04:412][  0]LogConfig: Setting CVar [[r.SkyAtmosphere.AerialPerspectiveLUT.DepthResolution:16.0]]
[2025.04.15-20.26.04:412][  0]LogConfig: Setting CVar [[r.SkyAtmosphere.FastSkyLUT:1]]
[2025.04.15-20.26.04:412][  0]LogConfig: Setting CVar [[r.SkyAtmosphere.FastSkyLUT.SampleCountMin:4.0]]
[2025.04.15-20.26.04:412][  0]LogConfig: Setting CVar [[r.SkyAtmosphere.FastSkyLUT.SampleCountMax:128.0]]
[2025.04.15-20.26.04:412][  0]LogConfig: Setting CVar [[r.SkyAtmosphere.SampleCountMin:4.0]]
[2025.04.15-20.26.04:412][  0]LogConfig: Setting CVar [[r.SkyAtmosphere.SampleCountMax:128.0]]
[2025.04.15-20.26.04:412][  0]LogConfig: Setting CVar [[r.SkyAtmosphere.TransmittanceLUT.UseSmallFormat:0]]
[2025.04.15-20.26.04:412][  0]LogConfig: Setting CVar [[r.SkyAtmosphere.TransmittanceLUT.SampleCount:10.0]]
[2025.04.15-20.26.04:412][  0]LogConfig: Setting CVar [[r.SkyAtmosphere.MultiScatteringLUT.SampleCount:15.0]]
[2025.04.15-20.26.04:412][  0]LogConfig: Setting CVar [[r.SkyLight.RealTimeReflectionCapture:1]]
[2025.04.15-20.26.04:412][  0]LogConfig: Applying CVar settings from Section [FoliageQuality@3] File [C:/Users/Playeroth/Documents/EscapeTheBackrooms--Mods/ETBModTemplate - Copia (2)/Saved/Config/Windows/Scalability.ini]
[2025.04.15-20.26.04:412][  0]LogConfig: Setting CVar [[foliage.DensityScale:1.0]]
[2025.04.15-20.26.04:412][  0]LogConfig: Setting CVar [[grass.DensityScale:1.0]]
[2025.04.15-20.26.04:412][  0]LogConfig: Applying CVar settings from Section [ShadingQuality@3] File [C:/Users/Playeroth/Documents/EscapeTheBackrooms--Mods/ETBModTemplate - Copia (2)/Saved/Config/Windows/Scalability.ini]
[2025.04.15-20.26.04:412][  0]LogConfig: Setting CVar [[r.HairStrands.SkyLighting.IntegrationType:2]]
[2025.04.15-20.26.04:412][  0]LogConfig: Setting CVar [[r.HairStrands.SkyAO.SampleCount:4]]
[2025.04.15-20.26.04:412][  0]LogConfig: Setting CVar [[r.HairStrands.Visibility.MSAA.SamplePerPixel:4]]
[2025.04.15-20.26.04:413][  0]LogInit: Selected Device Profile: [Windows]
[2025.04.15-20.26.04:413][  0]LogInit: Applying CVar settings loaded from the selected device profile: [Windows]
[2025.04.15-20.26.04:413][  0]LogHAL: Display: Platform has ~ 16 GB [17045495808 / 17179869184 / 16], which maps to Larger [LargestMinGB=32, LargerMinGB=12, DefaultMinGB=8, SmallerMinGB=6, SmallestMinGB=0)
[2025.04.15-20.26.04:413][  0]LogInit: Going up to parent DeviceProfile []
[2025.04.15-20.26.04:413][  0]LogConfig: Applying CVar settings from Section [ViewDistanceQuality@3] File [C:/Users/Playeroth/Documents/EscapeTheBackrooms--Mods/ETBModTemplate - Copia (2)/Saved/Config/Windows/Scalability.ini]
[2025.04.15-20.26.04:413][  0]LogConfig: Setting CVar [[r.SkeletalMeshLODBias:0]]
[2025.04.15-20.26.04:413][  0]LogConfig: Setting CVar [[r.ViewDistanceScale:1.0]]
[2025.04.15-20.26.04:413][  0]LogConfig: Applying CVar settings from Section [AntiAliasingQuality@3] File [C:/Users/Playeroth/Documents/EscapeTheBackrooms--Mods/ETBModTemplate - Copia (2)/Saved/Config/Windows/Scalability.ini]
[2025.04.15-20.26.04:413][  0]LogConfig: Setting CVar [[r.PostProcessAAQuality:4]]
[2025.04.15-20.26.04:413][  0]LogConfig: Applying CVar settings from Section [ShadowQuality@3] File [C:/Users/Playeroth/Documents/EscapeTheBackrooms--Mods/ETBModTemplate - Copia (2)/Saved/Config/Windows/Scalability.ini]
[2025.04.15-20.26.04:413][  0]LogConfig: Setting CVar [[r.LightFunctionQuality:1]]
[2025.04.15-20.26.04:413][  0]LogConfig: Setting CVar [[r.ShadowQuality:5]]
[2025.04.15-20.26.04:413][  0]LogConfig: Setting CVar [[r.Shadow.CSM.MaxCascades:10]]
[2025.04.15-20.26.04:413][  0]LogConfig: Setting CVar [[r.Shadow.MaxResolution:2048]]
[2025.04.15-20.26.04:413][  0]LogConfig: Setting CVar [[r.Shadow.MaxCSMResolution:2048]]
[2025.04.15-20.26.04:413][  0]LogConfig: Setting CVar [[r.Shadow.RadiusThreshold:0.01]]
[2025.04.15-20.26.04:413][  0]LogConfig: Setting CVar [[r.Shadow.DistanceScale:1.0]]
[2025.04.15-20.26.04:413][  0]LogConfig: Setting CVar [[r.Shadow.CSM.TransitionScale:1.0]]
[2025.04.15-20.26.04:413][  0]LogConfig: Setting CVar [[r.Shadow.PreShadowResolutionFactor:1.0]]
[2025.04.15-20.26.04:413][  0]LogConfig: Setting CVar [[r.DistanceFieldShadowing:1]]
[2025.04.15-20.26.04:413][  0]LogConfig: Setting CVar [[r.DistanceFieldAO:1]]
[2025.04.15-20.26.04:413][  0]LogConfig: Setting CVar [[r.AOQuality:2]]
[2025.04.15-20.26.04:413][  0]LogConfig: Setting CVar [[r.VolumetricFog:1]]
[2025.04.15-20.26.04:413][  0]LogConfig: Setting CVar [[r.VolumetricFog.GridPixelSize:8]]
[2025.04.15-20.26.04:413][  0]LogConfig: Setting CVar [[r.VolumetricFog.GridSizeZ:128]]
[2025.04.15-20.26.04:413][  0]LogConfig: Setting CVar [[r.VolumetricFog.HistoryMissSupersampleCount:4]]
[2025.04.15-20.26.04:413][  0]LogConfig: Setting CVar [[r.LightMaxDrawDistanceScale:1]]
[2025.04.15-20.26.04:413][  0]LogConfig: Setting CVar [[r.CapsuleShadows:1]]
[2025.04.15-20.26.04:413][  0]LogConfig: Applying CVar settings from Section [PostProcessQuality@3] File [C:/Users/Playeroth/Documents/EscapeTheBackrooms--Mods/ETBModTemplate - Copia (2)/Saved/Config/Windows/Scalability.ini]
[2025.04.15-20.26.04:413][  0]LogConfig: Setting CVar [[r.MotionBlurQuality:4]]
[2025.04.15-20.26.04:413][  0]LogConfig: Setting CVar [[r.AmbientOcclusionMipLevelFactor:0.4]]
[2025.04.15-20.26.04:413][  0]LogConfig: Setting CVar [[r.AmbientOcclusionMaxQuality:100]]
[2025.04.15-20.26.04:413][  0]LogConfig: Setting CVar [[r.AmbientOcclusionLevels:-1]]
[2025.04.15-20.26.04:413][  0]LogConfig: Setting CVar [[r.AmbientOcclusionRadiusScale:1.0]]
[2025.04.15-20.26.04:413][  0]LogConfig: Setting CVar [[r.DepthOfFieldQuality:2]]
[2025.04.15-20.26.04:413][  0]LogConfig: Setting CVar [[r.RenderTargetPoolMin:400]]
[2025.04.15-20.26.04:413][  0]LogConfig: Setting CVar [[r.LensFlareQuality:2]]
[2025.04.15-20.26.04:413][  0]LogConfig: Setting CVar [[r.SceneColorFringeQuality:1]]
[2025.04.15-20.26.04:413][  0]LogConfig: Setting CVar [[r.EyeAdaptationQuality:2]]
[2025.04.15-20.26.04:413][  0]LogConfig: Setting CVar [[r.BloomQuality:5]]
[2025.04.15-20.26.04:413][  0]LogConfig: Setting CVar [[r.FastBlurThreshold:100]]
[2025.04.15-20.26.04:413][  0]LogConfig: Setting CVar [[r.Upscale.Quality:3]]
[2025.04.15-20.26.04:413][  0]LogConfig: Setting CVar [[r.Tonemapper.GrainQuantization:1]]
[2025.04.15-20.26.04:413][  0]LogConfig: Setting CVar [[r.LightShaftQuality:1]]
[2025.04.15-20.26.04:413][  0]LogConfig: Setting CVar [[r.Filter.SizeScale:1]]
[2025.04.15-20.26.04:413][  0]LogConfig: Setting CVar [[r.Tonemapper.Quality:5]]
[2025.04.15-20.26.04:413][  0]LogConfig: Setting CVar [[r.DOF.Gather.AccumulatorQuality:1        ; higher gathering accumulator quality]]
[2025.04.15-20.26.04:413][  0]LogConfig: Setting CVar [[r.DOF.Gather.PostfilterMethod:1          ; Median3x3 postfilering method]]
[2025.04.15-20.26.04:413][  0]LogConfig: Setting CVar [[r.DOF.Gather.EnableBokehSettings:0       ; no bokeh simulation when gathering]]
[2025.04.15-20.26.04:413][  0]LogConfig: Setting CVar [[r.DOF.Gather.RingCount:4                 ; medium number of samples when gathering]]
[2025.04.15-20.26.04:413][  0]LogConfig: Setting CVar [[r.DOF.Scatter.ForegroundCompositing:1    ; additive foreground scattering]]
[2025.04.15-20.26.04:413][  0]LogConfig: Setting CVar [[r.DOF.Scatter.BackgroundCompositing:2    ; additive background scattering]]
[2025.04.15-20.26.04:413][  0]LogConfig: Setting CVar [[r.DOF.Scatter.EnableBokehSettings:1      ; bokeh simulation when scattering]]
[2025.04.15-20.26.04:413][  0]LogConfig: Setting CVar [[r.DOF.Scatter.MaxSpriteRatio:0.1         ; only a maximum of 10% of scattered bokeh]]
[2025.04.15-20.26.04:413][  0]LogConfig: Setting CVar [[r.DOF.Recombine.Quality:1                ; cheap slight out of focus]]
[2025.04.15-20.26.04:413][  0]LogConfig: Setting CVar [[r.DOF.Recombine.EnableBokehSettings:0    ; no bokeh simulation on slight out of focus]]
[2025.04.15-20.26.04:413][  0]LogConfig: Setting CVar [[r.DOF.TemporalAAQuality:1                ; more stable temporal accumulation]]
[2025.04.15-20.26.04:413][  0]LogConfig: Setting CVar [[r.DOF.Kernel.MaxForegroundRadius:0.025]]
[2025.04.15-20.26.04:413][  0]LogConfig: Setting CVar [[r.DOF.Kernel.MaxBackgroundRadius:0.025]]
[2025.04.15-20.26.04:413][  0]LogConfig: Applying CVar settings from Section [TextureQuality@3] File [C:/Users/Playeroth/Documents/EscapeTheBackrooms--Mods/ETBModTemplate - Copia (2)/Saved/Config/Windows/Scalability.ini]
[2025.04.15-20.26.04:413][  0]LogConfig: Setting CVar [[r.Streaming.MipBias:0]]
[2025.04.15-20.26.04:413][  0]LogConfig: Setting CVar [[r.Streaming.AmortizeCPUToGPUCopy:0]]
[2025.04.15-20.26.04:413][  0]LogConfig: Setting CVar [[r.Streaming.MaxNumTexturesToStreamPerFrame:0]]
[2025.04.15-20.26.04:413][  0]LogConfig: Setting CVar [[r.Streaming.Boost:1]]
[2025.04.15-20.26.04:413][  0]LogConfig: Setting CVar [[r.MaxAnisotropy:8]]
[2025.04.15-20.26.04:413][  0]LogConfig: Setting CVar [[r.VT.MaxAnisotropy:8]]
[2025.04.15-20.26.04:413][  0]LogConfig: Setting CVar [[r.Streaming.LimitPoolSizeToVRAM:0]]
[2025.04.15-20.26.04:413][  0]LogConfig: Setting CVar [[r.Streaming.PoolSize:1000]]
[2025.04.15-20.26.04:413][  0]LogConfig: Setting CVar [[r.Streaming.MaxEffectiveScreenSize:0]]
[2025.04.15-20.26.04:413][  0]LogConfig: Applying CVar settings from Section [EffectsQuality@3] File [C:/Users/Playeroth/Documents/EscapeTheBackrooms--Mods/ETBModTemplate - Copia (2)/Saved/Config/Windows/Scalability.ini]
[2025.04.15-20.26.04:413][  0]LogConfig: Setting CVar [[r.TranslucencyLightingVolumeDim:64]]
[2025.04.15-20.26.04:414][  0]LogConfig: Setting CVar [[r.RefractionQuality:2]]
[2025.04.15-20.26.04:414][  0]LogConfig: Setting CVar [[r.SSR.Quality:3]]
[2025.04.15-20.26.04:414][  0]LogConfig: Setting CVar [[r.SSR.HalfResSceneColor:0]]
[2025.04.15-20.26.04:414][  0]LogConfig: Setting CVar [[r.SceneColorFormat:4]]
[2025.04.15-20.26.04:414][  0]LogConfig: Setting CVar [[r.DetailMode:2]]
[2025.04.15-20.26.04:414][  0]LogConfig: Setting CVar [[r.TranslucencyVolumeBlur:1]]
[2025.04.15-20.26.04:414][  0]LogConfig: Setting CVar [[r.MaterialQualityLevel:1 ; High quality]]
[2025.04.15-20.26.04:414][  0]LogConfig: Setting CVar [[r.AnisotropicMaterials:1]]
[2025.04.15-20.26.04:414][  0]LogConfig: Setting CVar [[r.SSS.Scale:1]]
[2025.04.15-20.26.04:414][  0]LogConfig: Setting CVar [[r.SSS.SampleSet:2]]
[2025.04.15-20.26.04:414][  0]LogConfig: Setting CVar [[r.SSS.Quality:1]]
[2025.04.15-20.26.04:414][  0]LogConfig: Setting CVar [[r.SSS.HalfRes:0]]
[2025.04.15-20.26.04:414][  0]LogConfig: Setting CVar [[r.SSGI.Quality:3]]
[2025.04.15-20.26.04:414][  0]LogConfig: Setting CVar [[r.EmitterSpawnRateScale:1.0]]
[2025.04.15-20.26.04:414][  0]LogConfig: Setting CVar [[r.ParticleLightQuality:2]]
[2025.04.15-20.26.04:414][  0]LogConfig: Setting CVar [[r.SkyAtmosphere.AerialPerspectiveLUT.FastApplyOnOpaque:1 ; Always have FastSkyLUT 1 in this case to avoid wrong sky]]
[2025.04.15-20.26.04:414][  0]LogConfig: Setting CVar [[r.SkyAtmosphere.AerialPerspectiveLUT.SampleCountMaxPerSlice:4]]
[2025.04.15-20.26.04:414][  0]LogConfig: Setting CVar [[r.SkyAtmosphere.AerialPerspectiveLUT.DepthResolution:16.0]]
[2025.04.15-20.26.04:414][  0]LogConfig: Setting CVar [[r.SkyAtmosphere.FastSkyLUT:1]]
[2025.04.15-20.26.04:414][  0]LogConfig: Setting CVar [[r.SkyAtmosphere.FastSkyLUT.SampleCountMin:4.0]]
[2025.04.15-20.26.04:414][  0]LogConfig: Setting CVar [[r.SkyAtmosphere.FastSkyLUT.SampleCountMax:128.0]]
[2025.04.15-20.26.04:414][  0]LogConfig: Setting CVar [[r.SkyAtmosphere.SampleCountMin:4.0]]
[2025.04.15-20.26.04:414][  0]LogConfig: Setting CVar [[r.SkyAtmosphere.SampleCountMax:128.0]]
[2025.04.15-20.26.04:414][  0]LogConfig: Setting CVar [[r.SkyAtmosphere.TransmittanceLUT.UseSmallFormat:0]]
[2025.04.15-20.26.04:414][  0]LogConfig: Setting CVar [[r.SkyAtmosphere.TransmittanceLUT.SampleCount:10.0]]
[2025.04.15-20.26.04:414][  0]LogConfig: Setting CVar [[r.SkyAtmosphere.MultiScatteringLUT.SampleCount:15.0]]
[2025.04.15-20.26.04:414][  0]LogConfig: Setting CVar [[r.SkyLight.RealTimeReflectionCapture:1]]
[2025.04.15-20.26.04:414][  0]LogConfig: Applying CVar settings from Section [FoliageQuality@3] File [C:/Users/Playeroth/Documents/EscapeTheBackrooms--Mods/ETBModTemplate - Copia (2)/Saved/Config/Windows/Scalability.ini]
[2025.04.15-20.26.04:414][  0]LogConfig: Setting CVar [[foliage.DensityScale:1.0]]
[2025.04.15-20.26.04:414][  0]LogConfig: Setting CVar [[grass.DensityScale:1.0]]
[2025.04.15-20.26.04:414][  0]LogConfig: Applying CVar settings from Section [ShadingQuality@3] File [C:/Users/Playeroth/Documents/EscapeTheBackrooms--Mods/ETBModTemplate - Copia (2)/Saved/Config/Windows/Scalability.ini]
[2025.04.15-20.26.04:414][  0]LogConfig: Setting CVar [[r.HairStrands.SkyLighting.IntegrationType:2]]
[2025.04.15-20.26.04:414][  0]LogConfig: Setting CVar [[r.HairStrands.SkyAO.SampleCount:4]]
[2025.04.15-20.26.04:414][  0]LogConfig: Setting CVar [[r.HairStrands.Visibility.MSAA.SamplePerPixel:4]]
[2025.04.15-20.26.04:414][  0]LogConfig: Applying CVar settings from Section [Startup] File [../../../Engine/Config/ConsoleVariables.ini]
[2025.04.15-20.26.04:415][  0]LogConfig: Setting CVar [[net.UseAdaptiveNetUpdateFrequency:0]]
[2025.04.15-20.26.04:415][  0]LogConfig: Setting CVar [[p.chaos.AllowCreatePhysxBodies:1]]
[2025.04.15-20.26.04:415][  0]LogConfig: Setting CVar [[fx.SkipVectorVMBackendOptimizations:1]]
[2025.04.15-20.26.04:415][  0]LogConfig: Applying CVar settings from Section [ConsoleVariables] File [C:/Users/Playeroth/Documents/EscapeTheBackrooms--Mods/ETBModTemplate - Copia (2)/Saved/Config/Windows/Engine.ini]
[2025.04.15-20.26.04:415][  0]LogConfig: Applying CVar settings from Section [ConsoleVariables] File [C:/Users/Playeroth/Documents/EscapeTheBackrooms--Mods/ETBModTemplate - Copia (2)/Saved/Config/Windows/Editor.ini]
[2025.04.15-20.26.04:417][  0]LogInit: Computer: DESKTOP-PLAYER
[2025.04.15-20.26.04:417][  0]LogInit: User: Playeroth
[2025.04.15-20.26.04:417][  0]LogInit: CPU Page size=4096, Cores=6
[2025.04.15-20.26.04:417][  0]LogInit: High frequency timer resolution =10.000000 MHz
[2025.04.15-20.26.04:417][  0]LogMemory: Memory total: Physical=15.9GB (16GB approx)
[2025.04.15-20.26.04:418][  0]LogMemory: Platform Memory Stats for Windows
[2025.04.15-20.26.04:418][  0]LogMemory: Process Physical Memory: 144.39 MB used, 144.39 MB peak
[2025.04.15-20.26.04:418][  0]LogMemory: Process Virtual Memory: 123.94 MB used, 123.94 MB peak
[2025.04.15-20.26.04:418][  0]LogMemory: Physical Memory: 11091.74 MB used,  5164.11 MB free, 16255.85 MB total
[2025.04.15-20.26.04:418][  0]LogMemory: Virtual Memory: 134206736.00 MB used,  10991.50 MB free, 134217728.00 MB total
[2025.04.15-20.26.04:425][  0]LogWindows: WindowsPlatformFeatures enabled
[2025.04.15-20.26.04:804][  0]LogInit: Physics initialised using underlying interface: PhysX
[2025.04.15-20.26.04:806][  0]LogInit: Overriding language with editor language configuration option (en).
[2025.04.15-20.26.04:806][  0]LogInit: Overriding language with editor locale configuration option (en).
[2025.04.15-20.26.05:195][  0]LogInit: Setting process to per monitor DPI aware
[2025.04.15-20.26.05:234][  0]LogWindowsTextInputMethodSystem: Display: IME system deactivated.
[2025.04.15-20.26.05:296][  0]LogSlate: New Slate User Created.  User Index 0, Is Virtual User: 0
[2025.04.15-20.26.05:296][  0]LogSlate: Slate User Registered.  User Index 0, Is Virtual User: 0
[2025.04.15-20.26.08:420][  0]LogD3D11RHI: Loaded GFSDK_Aftermath_Lib.x64.dll
[2025.04.15-20.26.08:425][  0]LogHMD: Failed to initialize OpenVR with code 110
[2025.04.15-20.26.08:425][  0]LogD3D11RHI: D3D11 min allowed feature level: 11_0
[2025.04.15-20.26.08:425][  0]LogD3D11RHI: D3D11 max allowed feature level: 11_0
[2025.04.15-20.26.08:425][  0]LogD3D11RHI: D3D11 adapters:
[2025.04.15-20.26.08:510][  0]LogD3D11RHI:    0. 'AMD Radeon RX 580 2048SP' (Feature Level 11_0)
[2025.04.15-20.26.08:510][  0]LogD3D11RHI:       8170/0/8127 MB DedicatedVideo/DedicatedSystem/SharedSystem, Outputs:1, VendorId:0x1002
[2025.04.15-20.26.08:520][  0]LogD3D11RHI:    1. 'Microsoft Basic Render Driver' (Feature Level 11_0)
[2025.04.15-20.26.08:520][  0]LogD3D11RHI:       0/0/8127 MB DedicatedVideo/DedicatedSystem/SharedSystem, Outputs:0, VendorId:0x1414
[2025.04.15-20.26.08:520][  0]LogD3D11RHI: Chosen D3D11 Adapter:
[2025.04.15-20.26.08:520][  0]LogD3D11RHI:     Description : AMD Radeon RX 580 2048SP
[2025.04.15-20.26.08:520][  0]LogD3D11RHI:     VendorId    : 1002
[2025.04.15-20.26.08:520][  0]LogD3D11RHI:     DeviceId    : 6fdf
[2025.04.15-20.26.08:520][  0]LogD3D11RHI:     SubSysId    : b311002
[2025.04.15-20.26.08:520][  0]LogD3D11RHI:     Revision    : 00ef
[2025.04.15-20.26.08:520][  0]LogD3D11RHI:     DedicatedVideoMemory : 8567906304 bytes
[2025.04.15-20.26.08:520][  0]LogD3D11RHI:     DedicatedSystemMemory : 0 bytes
[2025.04.15-20.26.08:520][  0]LogD3D11RHI:     SharedSystemMemory : 8522747904 bytes
[2025.04.15-20.26.08:520][  0]LogD3D11RHI:     AdapterLuid : 0 60967
[2025.04.15-20.26.08:526][  0]LogD3D11RHI: Creating new Direct3DDevice
[2025.04.15-20.26.08:526][  0]LogD3D11RHI:     GPU DeviceId: 0x6fdf (for the marketing name, search the web for "GPU Device Id")
[2025.04.15-20.26.08:526][  0]LogWindows: EnumDisplayDevices:
[2025.04.15-20.26.08:526][  0]LogWindows:    0. 'AMD Radeon RX 580 2048SP' (P:1 D:1)
[2025.04.15-20.26.08:527][  0]LogWindows:    1. 'AMD Radeon RX 580 2048SP' (P:0 D:0)
[2025.04.15-20.26.08:527][  0]LogWindows:    2. 'AMD Radeon RX 580 2048SP' (P:0 D:0)
[2025.04.15-20.26.08:528][  0]LogWindows:    3. 'AMD Radeon RX 580 2048SP' (P:0 D:0)
[2025.04.15-20.26.08:528][  0]LogWindows:    4. 'AMD Radeon RX 580 2048SP' (P:0 D:0)
[2025.04.15-20.26.08:529][  0]LogWindows:    5. 'AMD Radeon RX 580 2048SP' (P:0 D:0)
[2025.04.15-20.26.08:529][  0]LogWindows:    6. 'AMD Radeon RX 580 2048SP' (P:0 D:0)
[2025.04.15-20.26.08:529][  0]LogWindows: DebugString: FoundDriverCount:7 
[2025.04.15-20.26.08:529][  0]LogD3D11RHI:     Adapter Name: AMD Radeon RX 580 2048SP
[2025.04.15-20.26.08:529][  0]LogD3D11RHI:   Driver Version: AMD Software: Adrenalin Edition 24.9.1 (internal:31.0.21921.1000, unified:31.0.21921.1000)
[2025.04.15-20.26.08:529][  0]LogD3D11RHI:      Driver Date: 8-19-2024
[2025.04.15-20.26.08:530][  0]LogRHI: Texture pool is 5182 MB (70% of 7402 MB)
[2025.04.15-20.26.08:648][  0]LogD3D11RHI: Creating D3DDevice with AMD AGS, using adapter:
[2025.04.15-20.26.08:648][  0]LogD3D11RHI:     Description : AMD Radeon RX 580 2048SP
[2025.04.15-20.26.08:648][  0]LogD3D11RHI:     VendorId    : 1002
[2025.04.15-20.26.08:648][  0]LogD3D11RHI:     DeviceId    : 6fdf
[2025.04.15-20.26.08:648][  0]LogD3D11RHI:     SubSysId    : b311002
[2025.04.15-20.26.08:648][  0]LogD3D11RHI:     Revision    : 00ef
[2025.04.15-20.26.08:648][  0]LogD3D11RHI:     DedicatedVideoMemory : 8567906304 bytes
[2025.04.15-20.26.08:648][  0]LogD3D11RHI:     DedicatedSystemMemory : 0 bytes
[2025.04.15-20.26.08:648][  0]LogD3D11RHI:     SharedSystemMemory : 8522747904 bytes
[2025.04.15-20.26.08:648][  0]LogD3D11RHI:     AdapterLuid : 0 60967
[2025.04.15-20.26.08:697][  0]LogD3D11RHI: Created device via AGS, feature level 11_0, supported extensions 1fffffbf.
[2025.04.15-20.26.08:697][  0]LogD3D11RHI: RHI has support for 64 bit atomics
[2025.04.15-20.26.08:697][  0]LogD3D11RHI: Async texture creation enabled
[2025.04.15-20.26.08:697][  0]LogD3D11RHI: Array index from any shader is supported
[2025.04.15-20.26.08:697][  0]LogD3D11RHI: HDR output is supported on display 0 (AMD Device: 0x0, Display: 0x0).
[2025.04.15-20.26.08:731][  0]LogD3D11RHI: GPU Timing Frequency: 25.000000 (Debug: 2 1)
[2025.04.15-20.26.09:082][  0]LogTargetPlatformManager: Display: Loaded TargetPlatform 'AllDesktop'
[2025.04.15-20.26.09:103][  0]LogTargetPlatformManager: Display: Loaded TargetPlatform 'Android'
[2025.04.15-20.26.09:103][  0]LogTargetPlatformManager: Display: Loaded TargetPlatform 'Android_ASTC'
[2025.04.15-20.26.09:103][  0]LogTargetPlatformManager: Display: Loaded TargetPlatform 'Android_DXT'
[2025.04.15-20.26.09:103][  0]LogTargetPlatformManager: Display: Loaded TargetPlatform 'Android_ETC2'
[2025.04.15-20.26.09:103][  0]LogTargetPlatformManager: Display: Loaded TargetPlatform 'AndroidClient'
[2025.04.15-20.26.09:103][  0]LogTargetPlatformManager: Display: Loaded TargetPlatform 'Android_ASTCClient'
[2025.04.15-20.26.09:103][  0]LogTargetPlatformManager: Display: Loaded TargetPlatform 'Android_DXTClient'
[2025.04.15-20.26.09:103][  0]LogTargetPlatformManager: Display: Loaded TargetPlatform 'Android_ETC2Client'
[2025.04.15-20.26.09:103][  0]LogTargetPlatformManager: Display: Loaded TargetPlatform 'Android_Multi'
[2025.04.15-20.26.09:103][  0]LogTargetPlatformManager: Display: Loaded TargetPlatform 'Android_MultiClient'
[2025.04.15-20.26.09:125][  0]LogTargetPlatformManager: Display: Loaded TargetPlatform 'IOSClient'
[2025.04.15-20.26.09:125][  0]LogTargetPlatformManager: Display: Loaded TargetPlatform 'IOS'
[2025.04.15-20.26.09:149][  0]LogTargetPlatformManager: Display: Loaded TargetPlatform 'Linux'
[2025.04.15-20.26.09:155][  0]LogTargetPlatformManager: Display: Loaded TargetPlatform 'LinuxNoEditor'
[2025.04.15-20.26.09:161][  0]LogTargetPlatformManager: Display: Loaded TargetPlatform 'LinuxClient'
[2025.04.15-20.26.09:165][  0]LogTargetPlatformManager: Display: Loaded TargetPlatform 'LinuxServer'
[2025.04.15-20.26.09:183][  0]LogTargetPlatformManager: Display: Loaded TargetPlatform 'LinuxAArch64NoEditor'
[2025.04.15-20.26.09:188][  0]LogTargetPlatformManager: Display: Loaded TargetPlatform 'LinuxAArch64Client'
[2025.04.15-20.26.09:194][  0]LogTargetPlatformManager: Display: Loaded TargetPlatform 'LinuxAArch64Server'
[2025.04.15-20.26.09:224][  0]LogTargetPlatformManager: Display: Loaded TargetPlatform 'Lumin'
[2025.04.15-20.26.09:224][  0]LogTargetPlatformManager: Display: Loaded TargetPlatform 'LuminClient'
[2025.04.15-20.26.09:247][  0]LogTargetPlatformManager: Display: Loaded TargetPlatform 'MacNoEditor'
[2025.04.15-20.26.09:252][  0]LogTargetPlatformManager: Display: Loaded TargetPlatform 'Mac'
[2025.04.15-20.26.09:257][  0]LogTargetPlatformManager: Display: Loaded TargetPlatform 'MacClient'
[2025.04.15-20.26.09:262][  0]LogTargetPlatformManager: Display: Loaded TargetPlatform 'MacServer'
[2025.04.15-20.26.09:272][  0]LogTargetPlatformManager: Display: Loaded TargetPlatform 'TVOSClient'
[2025.04.15-20.26.09:272][  0]LogTargetPlatformManager: Display: Loaded TargetPlatform 'TVOS'
[2025.04.15-20.26.09:282][  0]LogTargetPlatformManager: Display: Loaded TargetPlatform 'WindowsNoEditor'
[2025.04.15-20.26.09:287][  0]LogTargetPlatformManager: Display: Loaded TargetPlatform 'Windows'
[2025.04.15-20.26.09:292][  0]LogTargetPlatformManager: Display: Loaded TargetPlatform 'WindowsClient'
[2025.04.15-20.26.09:298][  0]LogTargetPlatformManager: Display: Loaded TargetPlatform 'WindowsServer'
[2025.04.15-20.26.09:298][  0]LogTargetPlatformManager: Display: Building Assets For Windows
[2025.04.15-20.26.09:383][  0]LogAudioDebug: Display: Lib vorbis DLL was dynamically loaded.
[2025.04.15-20.26.09:500][  0]LogTextureFormatOodle: Display: Oodle Texture 2.9.0 init RDO Off
[2025.04.15-20.26.09:641][  0]LogRendererCore: Ray tracing is disabled. Reason: r.RayTracing=0.
[2025.04.15-20.26.09:643][  0]LogShaderCompilers: Guid format shader working directory is -46 characters bigger than the processId version (../../../../../../Users/Playeroth/Documents/EscapeTheBackrooms--Mods/ETBModTemplate - Copia (2)/Intermediate/Shaders/WorkingDirectory/19316/).
[2025.04.15-20.26.09:643][  0]LogShaderCompilers: Cleaned the shader compiler working directory 'C:/Users/Playeroth/AppData/Local/Temp/UnrealShaderWorkingDir/26DFEDB8477365DF130556AF1B1008D8/'.
[2025.04.15-20.26.09:643][  0]LogXGEController: Cannot use XGE Controller as Incredibuild is not installed on this machine.
[2025.04.15-20.26.09:643][  0]LogShaderCompilers: Cannot use XGE Shader Compiler as Incredibuild is not installed on this machine.
[2025.04.15-20.26.09:643][  0]LogShaderCompilers: Display: Using Local Shader Compiler.
[2025.04.15-20.26.14:684][  0]LogDerivedDataCache: Display: Max Cache Size: 512 MB
[2025.04.15-20.26.14:812][  0]LogDerivedDataCache: Loaded boot cache 0.13s 94MB C:/Users/Playeroth/AppData/Local/UnrealEngine/4.27/DerivedDataCache/Boot.ddc.
[2025.04.15-20.26.14:812][  0]LogDerivedDataCache: Display: Loaded Boot cache: C:/Users/Playeroth/AppData/Local/UnrealEngine/4.27/DerivedDataCache/Boot.ddc
[2025.04.15-20.26.14:812][  0]LogDerivedDataCache: FDerivedDataBackendGraph:  Pak pak cache file ../../../../../../Users/Playeroth/Documents/EscapeTheBackrooms--Mods/ETBModTemplate - Copia (2)/DerivedDataCache/DDC.ddp not found, will not use a pak cache.
[2025.04.15-20.26.14:812][  0]LogDerivedDataCache: Unable to find inner node Pak for hierarchical cache Hierarchy.
[2025.04.15-20.26.14:812][  0]LogDerivedDataCache: FDerivedDataBackendGraph:  CompressedPak pak cache file ../../../../../../Users/Playeroth/Documents/EscapeTheBackrooms--Mods/ETBModTemplate - Copia (2)/DerivedDataCache/Compressed.ddp not found, will not use a pak cache.
[2025.04.15-20.26.14:812][  0]LogDerivedDataCache: Unable to find inner node CompressedPak for hierarchical cache Hierarchy.
[2025.04.15-20.26.14:847][  0]LogDerivedDataCache: Display: Pak cache opened for reading ../../../Engine/DerivedDataCache/Compressed.ddp.
[2025.04.15-20.26.14:847][  0]LogDerivedDataCache: FDerivedDataBackendGraph:  EnterprisePak pak cache file ../../../Enterprise/DerivedDataCache/Compressed.ddp not found, will not use a pak cache.
[2025.04.15-20.26.14:847][  0]LogDerivedDataCache: Unable to find inner node EnterprisePak for hierarchical cache Hierarchy.
[2025.04.15-20.26.14:924][  0]LogDerivedDataCache: Speed tests for C:/Users/Playeroth/AppData/Local/UnrealEngine/Common/DerivedDataCache took 0.08 seconds
[2025.04.15-20.26.14:924][  0]LogDerivedDataCache: Display: Performance to C:/Users/Playeroth/AppData/Local/UnrealEngine/Common/DerivedDataCache: Latency=0.13ms. RandomReadSpeed=13.67MBs, RandomWriteSpeed=117.03MBs. Assigned SpeedClass 'Local'
[2025.04.15-20.26.14:926][  0]LogDerivedDataCache: Using Local data cache path C:/Users/Playeroth/AppData/Local/UnrealEngine/Common/DerivedDataCache: Writable
[2025.04.15-20.26.14:926][  0]LogDerivedDataCache: Shared data cache path not found in *engine.ini, will not use an Shared cache.
[2025.04.15-20.26.14:926][  0]LogDerivedDataCache: Unable to find inner node Shared for hierarchical cache Hierarchy.
[2025.04.15-20.26.14:987][  0]LogSlate: Using FreeType 2.10.0
[2025.04.15-20.26.15:011][  0]LogSlate: SlateFontServices - WITH_FREETYPE: 1, WITH_HARFBUZZ: 1
[2025.04.15-20.26.15:055][  0]LogAssetRegistry: FAssetRegistry took 0.0065 seconds to start up
[2025.04.15-20.26.15:571][  0]LogInit: Selected Device Profile: [Windows]
[2025.04.15-20.26.15:571][  0]LogInit: Active device profile: [0000028B1C555300][0000028B1B451440 49] Windows
[2025.04.15-20.26.15:571][  0]LogInit: Profiles: [0000028B1C555300][0000028B1B451440 49] Windows, [0000028B1C512F00][0000028B1B459700 49] WindowsNoEditor, [0000028B1C556400][0000028B1B45D9C0 49] WindowsServer, [0000028B1C513E00][0000028B1B460100 49] WindowsClient, [0000028B1C557300][0000028B1B4683C0 49] IOS, [0000028B1C511200][0000028B1B53C680 49] iPadAir, [0000028B1C557E00][0000028B1B540940 49] iPadAir2, [0000028B1C492100][0000028B1B550E00 49] IPadPro, [0000028B1C492200][0000028B1B454E40 49] iPadAir3, [0000028B1C511B00][0000028B1B54D100 49] iPadAir4, [0000028B1C493100][0000028B1B5493C0 49] iPadMini2, [0000028B1C513200][0000028B1B555680 49] iPadMini3, [0000028B1C493E00][0000028B1B559940 49] iPadMini4, [0000028B1C512300][0000028B1B55DC00 49] iPadMini5, [0000028B1C4CDA00][0000028B1B5705C0 49] iPhone6, [0000028B1C4CDB00][0000028B1B560600 49] iPodTouch6, [0000028B1C556E00][0000028B1B578B40 49] iPhone7, [0000028B1C557100][0000028B1B568B80 49] iPodTouch7, [0000028B1C491C00][0000028B1B544E00 49] iPhone5S, [0000028B1C555200][0000028B1B56D080 49] iPhone6Plus, [0000028B1C491800][0000028B1B575340 49] iPhone6S, [0000028B1C554400][0000028B1B57D600 49] iPhone6SPlus, [0000028B1C490E00][0000028B1B5818C0 49] iPhone7Plus, [0000028B1C557000][0000028B1B585B80 49] iPhoneSE, [0000028B1C490A00][0000028B1B5882C0 49] iPhone8, [0000028B1C554800][0000028B1B58C580 49] iPhone8Plus, [0000028B1C555D00][0000028B1B590840 49] iPhoneX, [0000028B1C4CC800][0000028B1B594B00 49] iPhoneXS, [0000028B1C556D00][0000028B1B598DC0 49] iPhoneXSMax, [0000028B1C4CCF00][0000028B1B565040 49] iPhoneXR, [0000028B1C555A00][0000028B1B59D2C0 49] iPhone11, [0000028B1C4CD300][0000028B14B95580 49] iPhone11Pro, [0000028B1C4CC400][0000028B14B99840 49] iPhone11ProMax, [0000028B1C493200][0000028B14B9DB00 49] iPhoneSE2, [0000028B1C4CE300][0000028B14BA0240 49] iPhone12Mini, [0000028B1C491400][0000028B14BA4500 49] iPhone12, [0000028B1C4CED00][0000028B14BA87C0 49] iPhone12Pro, [0000028B1C493700][0000028B14BACA80 49] iPhone12ProMax, [0000028B1C4CEE00][0000028B14BB0D40 49] iPadPro105, [0000028B1C492400][0000028B14BB5000 49] iPadPro129, [0000028B1C4CEF00][0000028B14B91280 49] iPadPro97, [0000028B1C493800][0000028B14BB9500 49] iPadPro2_129, [0000028B1C555600][0000028B14BC17C0 49] iPad5, [0000028B1C491B00][0000028B14BC5A80 49] iPad6, [0000028B1C557700][0000028B14BC81C0 49] iPad7, [0000028B1C490100][0000028B14BCC480 49] iPad8, [0000028B1C555E00][0000028B14BD0740 49] iPadPro11, [0000028B1C492F00][0000028B14BD4A00 49] iPadPro2_11, [0000028B1C557A00][0000028B14BD8CC0 49] iPadPro3_129, [0000028B1C492B00][0000028B14BDCF80 49] iPadPro4_129, [0000028B1C556900][0000028B14BE1240 49] AppleTV, [0000028B1C490200][0000028B14BBD4C0 49] AppleTV4K, [0000028B1C556500][0000028B14BE5740 49] TVOS, [0000028B1C491900][0000028B14BEDA00 49] Mac, [0000028B1C554E00][0000028B14BF0140 49] MacClient, [0000028B1C490800][0000028B14BF4400 49] MacNoEditor, [0000028B1C555800][0000028B14BF86C0 49] MacServer, [0000028B1C491E00][0000028B14BFC980 49] Linux, [0000028B1C555000][0000028B14C00C40 49] LinuxAArch64, [0000028B1C490300][0000028B14C04F00 49] LinuxNoEditor, [0000028B1C554600][0000028B14C091C0 49] LinuxAArch64NoEditor, [0000028B1C493F00][0000028B14C0D480 49] LinuxClient, [0000028B1C554100][0000028B14BE9700 49] LinuxAArch64Client, [0000028B1C490600][0000028B14C11980 49] LinuxServer, [0000028B1C555500][0000028B14C180C0 49] LinuxAArch64Server, [0000028B1C492D00][0000028B138DA380 49] Android, [0000028B1C554D00][0000028B138DE640 49] Android_Low, [0000028B1C491600][0000028B138E2900 49] Android_Mid, [0000028B1C557400][0000028B138E6BC0 49] Android_High, [0000028B1C490B00][0000028B138EAE80 49] Android_Default, [0000028B1C555F00][0000028B138EF140 49] Android_Adreno4xx, [0000028B1C491500][0000028B138F3400 49] Android_Adreno5xx_Low, [0000028B1C557500][0000028B138F76C0 49] Android_Adreno5xx, [0000028B1C490700][0000028B14C15940 49] Android_Adreno6xx, [0000028B1C555C00][0000028B138FBBC0 49] Android_Adreno6xx_Vulkan, [0000028B1C492800][0000028B13902300 49] Android_Mali_T6xx, [0000028B1C556300][0000028B139065C0 49] Android_Mali_T7xx, [0000028B1C491700][0000028B1390A880 49] Android_Mali_T8xx, [0000028B1C556800][0000028B1390EB40 49] Android_Mali_G71, [0000028B1C493400][0000028B13912E00 49] Android_Mali_G72, [0000028B1C554700][0000028B139170C0 49] Android_Mali_G72_Vulkan, [0000028B1C492700][0000028B1391B380 49] Android_Mali_G76, [0000028B1C4CF900][0000028B1391F640 49] Android_Mali_G76_Vulkan, [0000028B1C510900][0000028B13923900 49] Android_Mali_G77, [0000028B1C4CF200][0000028B138FFB80 49] Android_Mali_G77_Vulkan, [0000028B1C510D00][0000028B1392A2C0 49] Android_Mali_G78, [0000028B1C4CCC00][0000028B1392E580 49] Android_Mali_G78_Vulkan, [0000028B1C510B00][0000028B14AC0840 49] Android_Mali_G710, [0000028B1C4CC500][0000028B14AC4B00 49] Android_Mali_G710_Vulkan, [0000028B1C511D00][0000028B14AC8DC0 49] Android_Vulkan_SM5, [0000028B1C4CC200][0000028B14ACD080 49] Android_PowerVR_G6xxx, [0000028B1C513A00][0000028B14AD1340 49] Android_PowerVR_GT7xxx, [0000028B1C4CF700][0000028B14AD5600 49] Android_PowerVR_GE8xxx, [0000028B1C510200][0000028B14AD98C0 49] Android_PowerVR_GM9xxx, [0000028B1C4CE200][0000028B13927B40 49] Android_PowerVR_GM9xxx_Vulkan, [0000028B1C512800][0000028B14ADC240 49] Android_TegraK1, [0000028B1C4CCE00][0000028B14AE4500 49] Android_Unknown_Vulkan, [0000028B1C511600][0000028B14AE87C0 49] Lumin, [0000028B1C4CD100][0000028B14AECA80 49] Lumin_Desktop, [0000028B1C512B00][0000028B14AF0D40 49] HoloLens, 
[2025.04.15-20.26.16:002][  0]LogMeshReduction: Using QuadricMeshReduction for automatic static mesh reduction
[2025.04.15-20.26.16:002][  0]LogMeshReduction: Using SimplygonMeshReduction for automatic skeletal mesh reduction
[2025.04.15-20.26.16:002][  0]LogMeshReduction: Using ProxyLODMeshReduction for automatic mesh merging
[2025.04.15-20.26.16:002][  0]LogMeshReduction: No distributed automatic mesh merging module available
[2025.04.15-20.26.16:003][  0]LogMeshMerging: No distributed automatic mesh merging module available
[2025.04.15-20.26.16:113][  0]LogNetVersion: EscapeTheBackrooms 1.0.0, NetCL: 17155196, EngineNetVer: 17, GameNetVer: 0 (Checksum: 3701509013)
[2025.04.15-20.26.18:252][  0]LogTexture: Default maximum texture size for cubemaps generated from long-lat sources has been changed from 512 to unlimited. In order to preserve old behaiour for '/Engine/MapTemplates/Sky/DaylightAmbientCubemap.DaylightAmbientCubemap', its maximum texture size has been explicitly set to 512.
[2025.04.15-20.26.18:484][  0]LogHMD: PokeAHoleMaterial loaded successfully
[2025.04.15-20.26.18:499][  0]LogUObjectArray: 17178 objects as part of root set at end of initial load.
[2025.04.15-20.26.18:499][  0]LogUObjectAllocator: 4302048 out of 0 bytes used by permanent object pool.
[2025.04.15-20.26.18:499][  0]LogUObjectArray: CloseDisregardForGC: 0/0 objects in disregard for GC pool
[2025.04.15-20.26.19:190][  0]LogNiagaraDebuggerClient: Niagara Debugger Client Initialized | Session: 0D893E0B4CA3FB895007CABE8034704C | Instance: 22B32E384878A98005743A8E7C597942 (DESKTOP-PLAYER-19316).
[2025.04.15-20.26.20:330][  0]LogUdpMessaging: Initializing bridge on interface 0.0.0.0:0 to multicast group 230.0.0.1:6666.
[2025.04.15-20.26.20:346][  0]LogTcpMessaging: Initializing TcpMessaging bridge
[2025.04.15-20.26.20:371][  0]LogPython: Using Python 3.7.7
[2025.04.15-20.26.22:895][  0]LogOpenImageDenoise: OIDN starting up
[2025.04.15-20.26.22:932][  0]LogAudioCaptureCore: Display: No Audio Capture implementations found. Audio input will be silent.
[2025.04.15-20.26.22:932][  0]LogAudioCaptureCore: Display: No Audio Capture implementations found. Audio input will be silent.
[2025.04.15-20.26.22:987][  0]LogAndroidPermission: UAndroidPermissionCallbackProxy::GetInstance
[2025.04.15-20.26.23:435][  0]SourceControl: Source control is disabled
[2025.04.15-20.26.23:436][  0]SourceControl: Source control is disabled
[2025.04.15-20.26.23:445][  0]SourceControl: Source control is disabled
[2025.04.15-20.26.23:452][  0]SourceControl: Source control is disabled
[2025.04.15-20.26.23:474][  0]SourceControl: Source control is disabled
[2025.04.15-20.26.23:483][  0]LogUProjectInfo: Found projects:
[2025.04.15-20.26.23:520][  0]LogCollectionManager: Loaded 0 collections in 0.001981 seconds
[2025.04.15-20.26.23:588][  0]LogFileCache: Scanning file cache for directory 'C:/Users/Playeroth/Documents/EscapeTheBackrooms--Mods/ETBModTemplate - Copia (2)/Saved/Collections/' took 0.00s
[2025.04.15-20.26.23:588][  0]LogFileCache: Scanning file cache for directory 'C:/Users/Playeroth/Documents/EscapeTheBackrooms--Mods/ETBModTemplate - Copia (2)/Content/Developers/Playeroth/Collections/' took 0.00s
[2025.04.15-20.26.23:588][  0]LogFileCache: Scanning file cache for directory 'C:/Users/Playeroth/Documents/EscapeTheBackrooms--Mods/ETBModTemplate - Copia (2)/Content/Collections/' took 0.00s
[2025.04.15-20.26.23:588][  0]LogOcInput: OculusInput pre-init called
[2025.04.15-20.26.23:995][  0]LogEngine: Initializing Engine...
[2025.04.15-20.26.24:112][  0]LogHMD: Failed to enumerate extensions. Please check that you have a valid OpenXR runtime installed.
[2025.04.15-20.26.24:113][  0]LogHMD: Failed to initialize OpenVR with code 110
[2025.04.15-20.26.24:114][  0]LogMagicLeap: Warning: VR disabled because ZI is not enabled.  To enable, in the editor, Edit -> Project Settings -> Plugins -> Magic Leap Plugin -> Enable Zero Iteration
[2025.04.15-20.26.24:121][  0]LogStats: UGameplayTagsManager::InitializeManager -  0.001 s
[2025.04.15-20.26.24:532][  0]LogInit: Initializing FReadOnlyCVARCache
[2025.04.15-20.26.24:580][  0]LogAIModule: Creating AISystem for world Untitled
[2025.04.15-20.26.24:590][  0]LogAudio: Display: Initializing Audio Device Manager...
[2025.04.15-20.26.24:596][  0]LogAudio: Display: Loading Default Audio Settings Objects...
[2025.04.15-20.26.24:603][  0]LogAudio: Display: No default SoundConcurrencyObject specified (or failed to load).
[2025.04.15-20.26.24:605][  0]LogAudio: Display: Audio Device Manager Initialized
[2025.04.15-20.26.24:605][  0]LogAudio: Display: Creating Audio Device:                 Id: 1, Scope: Shared, Realtime: True
[2025.04.15-20.26.24:606][  0]LogAudioMixer: Display: Audio Mixer Platform Settings:
[2025.04.15-20.26.24:606][  0]LogAudioMixer: Display: 	Sample Rate:						  48000
[2025.04.15-20.26.24:606][  0]LogAudioMixer: Display: 	Callback Buffer Frame Size Requested: 1024
[2025.04.15-20.26.24:606][  0]LogAudioMixer: Display: 	Callback Buffer Frame Size To Use:	  1024
[2025.04.15-20.26.24:606][  0]LogAudioMixer: Display: 	Number of buffers to queue:			  2
[2025.04.15-20.26.24:606][  0]LogAudioMixer: Display: 	Max Channels (voices):				  32
[2025.04.15-20.26.24:606][  0]LogAudioMixer: Display: 	Number of Async Source Workers:		  0
[2025.04.15-20.26.24:606][  0]LogAudio: Display: AudioDevice MaxSources: 32
[2025.04.15-20.26.24:608][  0]LogAudio: Display: Audio Spatialization Plugin: None (built-in).
[2025.04.15-20.26.24:608][  0]LogAudio: Display: Audio Reverb Plugin: None (built-in).
[2025.04.15-20.26.24:608][  0]LogAudio: Display: Audio Occlusion Plugin: None (built-in).
[2025.04.15-20.26.24:608][  0]LogAudioMixer: Display: Initializing audio mixer.
[2025.04.15-20.26.24:633][  0]LogAudioMixer: Display: 0: FrontLeft
[2025.04.15-20.26.24:633][  0]LogAudioMixer: Display: 1: FrontRight
[2025.04.15-20.26.24:655][  0]LogAudioMixer: Display: Using Audio Device Alto-falantes (Realtek High Definition Audio)
[2025.04.15-20.26.24:658][  0]LogAudioMixer: Display: Initializing Sound Submixes...
[2025.04.15-20.26.24:692][  0]LogAudioMixer: Display: Creating Master Submix 'MasterSubmixDefault'
[2025.04.15-20.26.24:692][  0]LogAudioMixer: Display: Creating Master Submix 'MasterReverbSubmixDefault'
[2025.04.15-20.26.24:695][  0]LogAudioMixer: Display: Creating Master Submix 'MasterEQSubmixDefault'
[2025.04.15-20.26.24:695][  0]LogAudioMixer: FMixerPlatformXAudio2::StartAudioStream() called
[2025.04.15-20.26.24:695][  0]LogAudioMixer: Display: Output buffers initialized: Frames=1024, Channels=2, Samples=2048
[2025.04.15-20.26.24:696][  0]LogAudioMixer: Display: Starting AudioMixerPlatformInterface::RunInternal()
[2025.04.15-20.26.24:696][  0]LogAudioMixer: Display: FMixerPlatformXAudio2::SubmitBuffer() called for the first time
[2025.04.15-20.26.24:696][  0]LogInit: FAudioDevice initialized.
[2025.04.15-20.26.24:698][  0]LogAudio: Display: Audio Device (ID: 1) registered with world 'Untitled'.
[2025.04.15-20.26.24:699][  0]LogNetVersion: Set ProjectVersion to 1.0.0.0. Version Checksum will be recalculated on next use.
[2025.04.15-20.26.24:743][  0]LogDerivedDataCache: Saved boot cache 0.04s 94MB C:/Users/Playeroth/AppData/Local/UnrealEngine/4.27/DerivedDataCache/Boot.ddc.
[2025.04.15-20.26.24:744][  0]LogInit: Texture streaming: Enabled
[2025.04.15-20.26.24:761][  0]LogAnalytics: Display: [UEEditor.Rocket.Release] APIServer = https://datarouter.ol.epicgames.com/. AppVersion = 4.27.2-18319896+++UE4+Release-4.27
[2025.04.15-20.26.24:766][  0]LogEngineSessionManager: EngineSessionManager initialized
[2025.04.15-20.26.24:767][  0]LogEditorSessionSummary: Verbose: Initializing EditorSessionSummaryWriter for editor session tracking
[2025.04.15-20.26.24:770][  0]LogEditorSessionSummary: EditorSessionSummaryWriter initialized
[2025.04.15-20.26.24:806][  0]LogInit: Transaction tracking system initialized
[2025.04.15-20.26.24:849][  0]BlueprintLog: New page: Editor Load
[2025.04.15-20.26.24:986][  0]LocalizationService: Localization service is disabled
[2025.04.15-20.26.25:042][  0]TimingProfiler: Initialize
[2025.04.15-20.26.25:043][  0]TimingProfiler: OnSessionChanged
[2025.04.15-20.26.25:043][  0]LoadingProfiler: Initialize
[2025.04.15-20.26.25:043][  0]LoadingProfiler: OnSessionChanged
[2025.04.15-20.26.25:044][  0]NetworkingProfiler: Initialize
[2025.04.15-20.26.25:044][  0]NetworkingProfiler: OnSessionChanged
[2025.04.15-20.26.25:044][  0]MemoryProfiler: Initialize
[2025.04.15-20.26.25:044][  0]MemoryProfiler: OnSessionChanged
[2025.04.15-20.26.25:579][  0]LogCook: Display: CookSettings for Memory: MemoryMaxUsedVirtual 0MiB, MemoryMaxUsedPhysical 16384MiB, MemoryMinFreeVirtual 0MiB, MemoryMinFreePhysical 1024MiB
[2025.04.15-20.26.25:580][  0]LogCook: Display: Mobile HDR setting 1
[2025.04.15-20.26.25:977][  0]LogFileCache: Scanning file cache for directory 'C:/Users/Playeroth/Documents/EscapeTheBackrooms--Mods/ETBModTemplate - Copia (2)/Content/' took 0.07s
[2025.04.15-20.26.26:139][  0]LogInit: Display: Engine is initialized. Leaving FEngineLoop::Init()
[2025.04.15-20.26.26:148][  0]SourceControl: Source control is disabled
[2025.04.15-20.26.26:148][  0]LogUnrealEdMisc: Loading editor; pre map load, took 22.827
[2025.04.15-20.26.26:151][  0]Cmd: MAP LOAD FILE="../../../Engine/Content/Maps/Templates/Template_Default.umap" TEMPLATE=1 SHOWPROGRESS=1 FEATURELEVEL=3
[2025.04.15-20.26.26:158][  0]LightingResults: New page: Lighting Build
[2025.04.15-20.26.26:168][  0]LogWorld: UWorld::CleanupWorld for Untitled, bSessionEnded=true, bCleanupResources=true
[2025.04.15-20.26.26:172][  0]LogSlate: InvalidateAllWidgets triggered.  All widgets were invalidated
[2025.04.15-20.26.26:177][  0]MapCheck: New page: Map Check
[2025.04.15-20.26.26:177][  0]LightingResults: New page: Lighting Build
[2025.04.15-20.26.26:193][  0]LogAudio: Display: Audio Device unregistered from world 'None'.
[2025.04.15-20.26.26:211][  0]LogUObjectHash: Compacting FUObjectHashTables data took   0.94ms
[2025.04.15-20.26.26:366][  0]LogTexture: Display: Building textures: DeprecatedTextureEB9CBE3C423008B5E8E130901E171C89 (BGRA8, 128X128)
[2025.04.15-20.26.26:382][  0]LogAudio: Display: Audio Device (ID: 1) registered with world 'Untitled_1'.
[2025.04.15-20.26.26:383][  0]LogAIModule: Creating AISystem for world Untitled_1
[2025.04.15-20.26.26:425][  0]LogEditorServer: Finished looking for orphan Actors (0.000 secs)
[2025.04.15-20.26.26:437][  0]LogUObjectHash: Compacting FUObjectHashTables data took   0.75ms
[2025.04.15-20.26.26:438][  0]Cmd: MAP CHECKDEP NOCLEARLOG
[2025.04.15-20.26.26:438][  0]MapCheck: Map check complete: 0 Error(s), 0 Warning(s), took 0.348ms to complete.
[2025.04.15-20.26.26:439][  0]LogFileHelpers: Loading map 'Template_Default' took 0.290
[2025.04.15-20.26.26:484][  0]LogUnrealEdMisc: Total Editor Startup Time, took 23.163
[2025.04.15-20.26.26:678][  0]LogSlate: Updating window title bar state: overlay mode, drag disabled, window buttons hidden, title bar hidden
[2025.04.15-20.26.26:686][  0]LogSlate: Updating window title bar state: overlay mode, drag disabled, window buttons hidden, title bar hidden
[2025.04.15-20.26.26:692][  0]LogSlate: Updating window title bar state: overlay mode, drag disabled, window buttons hidden, title bar hidden
[2025.04.15-20.26.26:697][  0]LogSlate: Updating window title bar state: overlay mode, drag disabled, window buttons hidden, title bar hidden
[2025.04.15-20.26.26:743][  0]LogNativeClassHierarchy: Verbose: Native class hierarchy populated in 0.0090 seconds. Added 3822 classes and 928 folders.
[2025.04.15-20.26.26:760][  0]LogNativeClassHierarchy: Verbose: Native class hierarchy updated for 'WidgetCarousel' in 0.0003 seconds. Added 0 classes and 0 folders.
[2025.04.15-20.26.26:766][  0]LogNativeClassHierarchy: Verbose: Native class hierarchy updated for 'AddContentDialog' in 0.0003 seconds. Added 0 classes and 0 folders.
[2025.04.15-20.26.26:772][  0]LogNativeClassHierarchy: Verbose: Native class hierarchy updated for 'SceneOutliner' in 0.0003 seconds. Added 2 classes and 0 folders.
[2025.04.15-20.26.26:862][  0]LogSlate: Took 0.007774 seconds to synchronously load lazily loaded font '../../../Engine/Content/Slate/Fonts/Roboto-Regular.ttf' (155K)
[2025.04.15-20.26.26:873][  0]LogSlate: Took 0.007802 seconds to synchronously load lazily loaded font '../../../Engine/Content/Editor/Slate/Fonts/FontAwesome.ttf' (139K)
[2025.04.15-20.26.26:883][  0]LogSlate: Took 0.007276 seconds to synchronously load lazily loaded font '../../../Engine/Content/Slate/Fonts/Roboto-Bold.ttf' (160K)
[2025.04.15-20.26.27:107][  0]LogRenderer: Reallocating scene render targets to support 1208x560 Format 10 NumSamples 1 (Frame:1).
[2025.04.15-20.26.27:274][  0]LogNativeClassHierarchy: Verbose: Native class hierarchy updated for 'HierarchicalLODOutliner' in 0.0003 seconds. Added 0 classes and 0 folders.
[2025.04.15-20.26.27:274][  0]LogLoad: (Engine Initialization) Total time: 23.95 seconds
[2025.04.15-20.26.27:274][  0]LogLoad: (Engine Initialization) Total Blueprint compile time: 0.00 seconds
[2025.04.15-20.26.27:347][  0]LogContentStreaming: Texture pool size now 1000 MB
[2025.04.15-20.26.27:443][  1]LogAssetRegistry: Asset discovery search completed in 12.3901 seconds
[2025.04.15-20.26.27:488][  1]LogCollectionManager: Fixed up redirectors for 0 collections in 0.000193 seconds (updated 0 objects)
[2025.04.15-20.26.27:555][  2]LogSlate: Took 0.007463 seconds to synchronously load lazily loaded font '../../../Engine/Content/Slate/Fonts/Roboto-Light.ttf' (167K)
[2025.04.15-20.26.32:379][568]LogUObjectHash: Compacting FUObjectHashTables data took   0.57ms
[2025.04.15-20.26.32:425][568]LogSlate: Window 'EscapeTheBackrooms - Unreal Editor' being destroyed
[2025.04.15-20.26.32:563][569]Cmd: QUIT_EDITOR
[2025.04.15-20.26.32:563][569]LogCore: Engine exit requested (reason: UUnrealEdEngine::CloseEditor())
[2025.04.15-20.26.32:568][569]LogCore: Engine exit requested (reason: EngineExit() was called; note: exit was already requested)
[2025.04.15-20.26.32:594][569]LogAudio: Display: Beginning Audio Device Manager Shutdown (Module: AudioMixerXAudio2)...
[2025.04.15-20.26.32:594][569]LogAudio: Display: Destroying 1 Remaining Audio Device(s)...
[2025.04.15-20.26.32:594][569]LogAudio: Display: Audio Device unregistered from world 'Untitled_1'.
[2025.04.15-20.26.32:596][569]LogAudioMixer: FMixerPlatformXAudio2::StopAudioStream() called
[2025.04.15-20.26.32:597][569]LogAudioMixer: FMixerPlatformXAudio2::StopAudioStream() called
[2025.04.15-20.26.32:608][569]LogAudio: Display: Audio Device Manager Shutdown
[2025.04.15-20.26.32:614][569]LogWindowsTextInputMethodSystem: Display: IME system deactivated.
[2025.04.15-20.26.32:618][569]LogExit: Preparing to exit.
[2025.04.15-20.26.32:631][569]LogUObjectHash: Compacting FUObjectHashTables data took   0.89ms
[2025.04.15-20.26.33:507][569]LogDemo: Cleaned up 0 splitscreen connections with owner deletion
[2025.04.15-20.26.33:527][569]LogWorld: UWorld::CleanupWorld for None, bSessionEnded=true, bCleanupResources=true
[2025.04.15-20.26.33:527][569]LogExit: Editor shut down
[2025.04.15-20.26.33:528][569]LogExit: Transaction tracking system shut down
[2025.04.15-20.26.33:989][569]LogExit: Object subsystem successfully closed.
[2025.04.15-20.26.34:006][569]LogShaderCompilers: Display: === FShaderJobCache stats ===
[2025.04.15-20.26.34:006][569]LogShaderCompilers: Display: Total job queries 0, among them cache hits 0 (0.00%)
[2025.04.15-20.26.34:006][569]LogShaderCompilers: Display: Tracking 0 distinct input hashes that result in 0 distinct outputs (0.00%)
[2025.04.15-20.26.34:006][569]LogShaderCompilers: Display: RAM used: 0.00 MB (0.00 GB) of 819.20 MB (0.80 GB) budget. Usage: 0.00%
[2025.04.15-20.26.34:006][569]LogShaderCompilers: Display: ================================================
[2025.04.15-20.26.34:027][569]LogShaderCompilers: Display: Shaders left to compile 0
[2025.04.15-20.26.34:091][569]LogModuleManager: Shutting down and abandoning module HierarchicalLODOutliner (870)
[2025.04.15-20.26.34:091][569]LogModuleManager: Shutting down and abandoning module SceneOutliner (868)
[2025.04.15-20.26.34:091][569]LogModuleManager: Shutting down and abandoning module AddContentDialog (866)
[2025.04.15-20.26.34:092][569]LogModuleManager: Shutting down and abandoning module WidgetCarousel (865)
[2025.04.15-20.26.34:092][569]LogModuleManager: Shutting down and abandoning module EditorWidgets (862)
[2025.04.15-20.26.34:092][569]LogModuleManager: Shutting down and abandoning module StatsViewer (860)
[2025.04.15-20.26.34:093][569]LogModuleManager: Shutting down and abandoning module PIEPreviewDeviceProfileSelector (858)
[2025.04.15-20.26.34:093][569]LogModuleManager: Shutting down and abandoning module SequenceRecorderSections (856)
[2025.04.15-20.26.34:094][569]LogModuleManager: Shutting down and abandoning module AutomationWorker (854)
[2025.04.15-20.26.34:094][569]LogModuleManager: Shutting down and abandoning module SteamVREditor (852)
[2025.04.15-20.26.34:094][569]LogModuleManager: Shutting down and abandoning module OculusMR (850)
[2025.04.15-20.26.34:094][569]LogModuleManager: Shutting down and abandoning module OpenXRInput (848)
[2025.04.15-20.26.34:094][569]LogModuleManager: Shutting down and abandoning module TakeRecorderSources (846)
[2025.04.15-20.26.34:095][569]LogModuleManager: Shutting down and abandoning module TakeRecorder (845)
[2025.04.15-20.26.34:095][569]LogModuleManager: Shutting down and abandoning module TakeTrackRecorders (842)
[2025.04.15-20.26.34:096][569]LogModuleManager: Shutting down and abandoning module TakesCore (840)
[2025.04.15-20.26.34:096][569]LogModuleManager: Shutting down and abandoning module GooglePADEditor (838)
[2025.04.15-20.26.34:096][569]LogModuleManager: Shutting down and abandoning module AudioCaptureEditor (836)
[2025.04.15-20.26.34:096][569]LogModuleManager: Shutting down and abandoning module PlanarCut (834)
[2025.04.15-20.26.34:097][569]LogModuleManager: Shutting down and abandoning module TemplateSequenceEditor (832)
[2025.04.15-20.26.34:097][569]LogModuleManager: Shutting down and abandoning module MatineeToLevelSequence (830)
[2025.04.15-20.26.34:098][569]LogModuleManager: Shutting down and abandoning module LevelSequenceEditor (828)
[2025.04.15-20.26.34:104][569]LogModuleManager: Shutting down and abandoning module ActorSequenceEditor (826)
[2025.04.15-20.26.34:106][569]LogModuleManager: Shutting down and abandoning module CharacterAI (824)
[2025.04.15-20.26.34:106][569]LogModuleManager: Shutting down and abandoning module WmfMediaFactory (822)
[2025.04.15-20.26.34:106][569]LogModuleManager: Shutting down and abandoning module WmfMediaEditor (820)
[2025.04.15-20.26.34:106][569]LogModuleManager: Shutting down and abandoning module WebMMediaFactory (818)
[2025.04.15-20.26.34:106][569]LogModuleManager: Shutting down and abandoning module WebMMediaEditor (816)
[2025.04.15-20.26.34:106][569]LogModuleManager: Shutting down and abandoning module WebMMedia (814)
[2025.04.15-20.26.34:106][569]LogModuleManager: Shutting down and abandoning module MediaPlayerEditor (812)
[2025.04.15-20.26.34:107][569]LogModuleManager: Shutting down and abandoning module MediaCompositingEditor (810)
[2025.04.15-20.26.34:109][569]LogModuleManager: Shutting down and abandoning module SequenceRecorder (809)
[2025.04.15-20.26.34:110][569]LogModuleManager: Shutting down and abandoning module OpenExrWrapper (806)
[2025.04.15-20.26.34:110][569]LogModuleManager: Shutting down and abandoning module ImgMediaFactory (804)
[2025.04.15-20.26.34:110][569]LogModuleManager: Shutting down and abandoning module ImgMediaEditor (802)
[2025.04.15-20.26.34:110][569]LogModuleManager: Shutting down and abandoning module AvfMediaFactory (800)
[2025.04.15-20.26.34:110][569]LogModuleManager: Shutting down and abandoning module AvfMediaEditor (798)
[2025.04.15-20.26.34:110][569]LogModuleManager: Shutting down and abandoning module AndroidMediaFactory (796)
[2025.04.15-20.26.34:110][569]LogModuleManager: Shutting down and abandoning module AndroidMediaEditor (794)
[2025.04.15-20.26.34:110][569]LogModuleManager: Shutting down and abandoning module MagicLeapMediaCodecFactory (792)
[2025.04.15-20.26.34:110][569]LogModuleManager: Shutting down and abandoning module MagicLeapMediaFactory (790)
[2025.04.15-20.26.34:110][569]LogModuleManager: Shutting down and abandoning module MagicLeapMediaEditor (788)
[2025.04.15-20.26.34:110][569]LogModuleManager: Shutting down and abandoning module TextureAlignMode (786)
[2025.04.15-20.26.34:110][569]LogModuleManager: Shutting down and abandoning module BspMode (784)
[2025.04.15-20.26.34:111][569]LogModuleManager: Shutting down and abandoning module GeometryMode (782)
[2025.04.15-20.26.34:111][569]LogModuleManager: Shutting down and abandoning module CameraShakePreviewer (780)
[2025.04.15-20.26.34:112][569]LogModuleManager: Shutting down and abandoning module SmartSnapping (778)
[2025.04.15-20.26.34:112][569]LogModuleManager: Shutting down and abandoning module SessionServices (776)
[2025.04.15-20.26.34:112][569]LogModuleManager: Shutting down and abandoning module MeshPaint (774)
[2025.04.15-20.26.34:113][569]LogModuleManager: Shutting down and abandoning module VirtualTexturingEditor (772)
[2025.04.15-20.26.34:113][569]LogModuleManager: Shutting down and abandoning module FoliageEdit (770)
[2025.04.15-20.26.34:114][569]LogModuleManager: Shutting down and abandoning module LandscapeEditor (768)
[2025.04.15-20.26.34:115][569]LogModuleManager: Shutting down and abandoning module MeshPaintMode (766)
[2025.04.15-20.26.34:115][569]LogModuleManager: Shutting down and abandoning module SceneDepthPickerMode (764)
[2025.04.15-20.26.34:115][569]LogModuleManager: Shutting down and abandoning module ActorPickerMode (762)
[2025.04.15-20.26.34:115][569]LogModuleManager: Shutting down and abandoning module PlacementMode (760)
[2025.04.15-20.26.34:115][569]LogModuleManager: Shutting down and abandoning module ViewportSnapping (758)
[2025.04.15-20.26.34:115][569]LogModuleManager: Shutting down and abandoning module ViewportInteraction (756)
[2025.04.15-20.26.34:115][569]LogModuleManager: Shutting down and abandoning module ClothPainter (754)
[2025.04.15-20.26.34:116][569]LogModuleManager: Shutting down and abandoning module SkeletalMeshEditor (753)
[2025.04.15-20.26.34:117][569]LogModuleManager: Shutting down and abandoning module LogVisualizer (750)
[2025.04.15-20.26.34:118][569]LogModuleManager: Shutting down and abandoning module IntroTutorials (748)
[2025.04.15-20.26.34:119][569]LogModuleManager: Shutting down and abandoning module GameProjectGeneration (747)
[2025.04.15-20.26.34:119][569]LogModuleManager: Shutting down and abandoning module LuminPlatformEditor (744)
[2025.04.15-20.26.34:119][569]LogModuleManager: Shutting down and abandoning module IOSPlatformEditor (742)
[2025.04.15-20.26.34:119][569]LogModuleManager: Shutting down and abandoning module AndroidPlatformEditor (740)
[2025.04.15-20.26.34:120][569]LogModuleManager: Shutting down and abandoning module AndroidDeviceDetection (739)
[2025.04.15-20.26.35:096][569]LogModuleManager: Shutting down and abandoning module WindowsPlatformEditor (736)
[2025.04.15-20.26.35:096][569]LogModuleManager: Shutting down and abandoning module LuminRuntimeSettings (734)
[2025.04.15-20.26.35:096][569]LogModuleManager: Shutting down and abandoning module IOSRuntimeSettings (732)
[2025.04.15-20.26.35:096][569]LogModuleManager: Shutting down and abandoning module AndroidRuntimeSettings (730)
[2025.04.15-20.26.35:096][569]LogModuleManager: Shutting down and abandoning module TraceInsights (728)
[2025.04.15-20.26.35:099][569]MemoryProfiler: Shutdown
[2025.04.15-20.26.35:099][569]NetworkingProfiler: Shutdown
[2025.04.15-20.26.35:099][569]LoadingProfiler: Shutdown
[2025.04.15-20.26.35:100][569]TimingProfiler: Shutdown
[2025.04.15-20.26.35:102][569]LogModuleManager: Shutting down and abandoning module TraceServices (727)
[2025.04.15-20.26.35:103][569]LogModuleManager: Shutting down and abandoning module EditorInteractiveToolsFramework (724)
[2025.04.15-20.26.35:103][569]LogModuleManager: Shutting down and abandoning module TimeManagementEditor (722)
[2025.04.15-20.26.35:103][569]LogModuleManager: Shutting down and abandoning module InputBindingEditor (720)
[2025.04.15-20.26.35:103][569]LogModuleManager: Shutting down and abandoning module MergeActors (718)
[2025.04.15-20.26.35:104][569]LogModuleManager: Shutting down and abandoning module LocalizationDashboard (716)
[2025.04.15-20.26.35:104][569]LogModuleManager: Shutting down and abandoning module LocalizationService (715)
[2025.04.15-20.26.35:105][569]LogModuleManager: Shutting down and abandoning module HardwareTargeting (712)
[2025.04.15-20.26.35:105][569]LogModuleManager: Shutting down and abandoning module DeviceProfileEditor (710)
[2025.04.15-20.26.35:105][569]LogModuleManager: Shutting down and abandoning module UndoHistory (708)
[2025.04.15-20.26.35:105][569]LogModuleManager: Shutting down and abandoning module XmlParser (706)
[2025.04.15-20.26.35:105][569]LogModuleManager: Shutting down and abandoning module Blutility (704)
[2025.04.15-20.26.35:106][569]LogModuleManager: Shutting down and abandoning module ProjectSettingsViewer (702)
[2025.04.15-20.26.35:106][569]LogModuleManager: Shutting down and abandoning module ProjectTargetPlatformEditor (701)
[2025.04.15-20.26.35:106][569]LogModuleManager: Shutting down and abandoning module EditorSettingsViewer (698)
[2025.04.15-20.26.35:106][569]LogModuleManager: Shutting down and abandoning module InternationalizationSettings (697)
[2025.04.15-20.26.35:106][569]LogModuleManager: Shutting down and abandoning module SettingsEditor (694)
[2025.04.15-20.26.35:107][569]LogModuleManager: Shutting down and abandoning module ProjectLauncher (692)
[2025.04.15-20.26.35:107][569]LogModuleManager: Shutting down and abandoning module SessionFrontend (690)
[2025.04.15-20.26.35:107][569]LogModuleManager: Shutting down and abandoning module ProfilerClient (688)
[2025.04.15-20.26.35:107][569]LogModuleManager: Shutting down and abandoning module DeviceManager (686)
[2025.04.15-20.26.35:108][569]LogModuleManager: Shutting down and abandoning module TargetDeviceServices (685)
[2025.04.15-20.26.35:140][569]LogModuleManager: Shutting down and abandoning module AutomationController (682)
[2025.04.15-20.26.35:140][569]LogModuleManager: Shutting down and abandoning module AutomationWindow (680)
[2025.04.15-20.26.35:142][569]LogModuleManager: Shutting down and abandoning module Layers (678)
[2025.04.15-20.26.35:143][569]LogModuleManager: Shutting down and abandoning module ComponentVisualizers (676)
[2025.04.15-20.26.35:143][569]LogModuleManager: Shutting down and abandoning module DetailCustomizations (674)
[2025.04.15-20.26.35:144][569]LogModuleManager: Shutting down and abandoning module PackagesDialog (672)
[2025.04.15-20.26.35:144][569]LogModuleManager: Shutting down and abandoning module AnimationBlueprintEditor (670)
[2025.04.15-20.26.35:146][569]LogModuleManager: Shutting down and abandoning module Persona (668)
[2025.04.15-20.26.35:146][569]LogModuleManager: Shutting down and abandoning module AdvancedPreviewScene (667)
[2025.04.15-20.26.35:146][569]LogModuleManager: Shutting down and abandoning module AnimGraph (665)
[2025.04.15-20.26.35:147][569]LogModuleManager: Shutting down and abandoning module Kismet (662)
[2025.04.15-20.26.35:148][569]LogModuleManager: Shutting down and abandoning module KismetWidgets (661)
[2025.04.15-20.26.35:148][569]LogModuleManager: Shutting down and abandoning module GraphEditor (658)
[2025.04.15-20.26.35:150][569]LogModuleManager: Shutting down and abandoning module StructViewer (656)
[2025.04.15-20.26.35:150][569]LogModuleManager: Shutting down and abandoning module ClassViewer (654)
[2025.04.15-20.26.35:150][569]LogModuleManager: Shutting down and abandoning module Toolbox (652)
[2025.04.15-20.26.35:150][569]LogModuleManager: Shutting down and abandoning module ModuleUI (650)
[2025.04.15-20.26.35:151][569]LogModuleManager: Shutting down and abandoning module OutputLog (648)
[2025.04.15-20.26.35:152][569]LogModuleManager: Shutting down and abandoning module GammaUI (646)
[2025.04.15-20.26.35:152][569]LogModuleManager: Shutting down and abandoning module Documentation (644)
[2025.04.15-20.26.35:152][569]LogModuleManager: Shutting down and abandoning module LiveCoding (642)
[2025.04.15-20.26.35:152][569]LogModuleManager: Shutting down and abandoning module LevelSequence (640)
[2025.04.15-20.26.35:152][569]LogModuleManager: Shutting down and abandoning module MovieSceneTracks (638)
[2025.04.15-20.26.35:152][569]LogModuleManager: Shutting down and abandoning module MovieScene (636)
[2025.04.15-20.26.35:153][569]LogModuleManager: Shutting down and abandoning module StreamingPauseRendering (634)
[2025.04.15-20.26.35:154][569]LogModuleManager: Shutting down and abandoning module LauncherPlatform (632)
[2025.04.15-20.26.35:154][569]LogModuleManager: Shutting down and abandoning module AnalyticsET (630)
[2025.04.15-20.26.35:154][569]LogModuleManager: Shutting down and abandoning module PortalServices (628)
[2025.04.15-20.26.35:154][569]LogModuleManager: Shutting down and abandoning module PortalRpc (626)
[2025.04.15-20.26.35:154][569]LogModuleManager: Shutting down and abandoning module MessagingRpc (624)
[2025.04.15-20.26.35:154][569]LogModuleManager: Shutting down and abandoning module AudioMixerXAudio2 (622)
[2025.04.15-20.26.35:154][569]LogModuleManager: Shutting down and abandoning module AudioMixerCore (621)
[2025.04.15-20.26.35:154][569]LogModuleManager: Shutting down and abandoning module AIModule (618)
[2025.04.15-20.26.35:154][569]LogModuleManager: Shutting down and abandoning module GameplayDebugger (617)
[2025.04.15-20.26.35:155][569]LogModuleManager: Shutting down and abandoning module AITestSuite (615)
[2025.04.15-20.26.35:155][569]LogModuleManager: Shutting down and abandoning module NavigationSystem (613)
[2025.04.15-20.26.35:155][569]LogModuleManager: Shutting down and abandoning module ImageWriteQueue (610)
[2025.04.15-20.26.35:159][569]LogModuleManager: Shutting down and abandoning module ProfilerService (608)
[2025.04.15-20.26.35:375][569]LogModuleManager: Shutting down and abandoning module TaskGraph (606)
[2025.04.15-20.26.35:376][569]LogModuleManager: Shutting down and abandoning module AudioSynesthesiaEditor (604)
[2025.04.15-20.26.35:376][569]LogModuleManager: Shutting down and abandoning module OculusEditor (602)
[2025.04.15-20.26.35:379][569]LogModuleManager: Shutting down and abandoning module OculusInput (600)
[2025.04.15-20.26.35:379][569]LogModuleManager: Shutting down and abandoning module ContentBrowserFileDataSource (598)
[2025.04.15-20.26.35:379][569]LogModuleManager: Shutting down and abandoning module ContentBrowserClassDataSource (596)
[2025.04.15-20.26.35:379][569]LogModuleManager: Shutting down and abandoning module ContentBrowserAssetDataSource (594)
[2025.04.15-20.26.35:379][569]LogModuleManager: Shutting down and abandoning module CollectionManager (593)
[2025.04.15-20.26.35:379][569]LogModuleManager: Shutting down and abandoning module VisualStudioSourceCodeAccess (590)
[2025.04.15-20.26.35:380][569]LogModuleManager: Shutting down and abandoning module VisualStudioCodeSourceCodeAccess (588)
[2025.04.15-20.26.35:380][569]LogModuleManager: Shutting down and abandoning module UObjectPlugin (586)
[2025.04.15-20.26.35:380][569]LogModuleManager: Shutting down and abandoning module SubversionSourceControl (584)
[2025.04.15-20.26.35:380][569]LogModuleManager: Shutting down and abandoning module RiderSourceCodeAccess (582)
[2025.04.15-20.26.35:380][569]LogModuleManager: Shutting down and abandoning module PluginUtils (580)
[2025.04.15-20.26.35:381][569]LogModuleManager: Shutting down and abandoning module PlasticSourceControl (578)
[2025.04.15-20.26.35:382][569]LogModuleManager: Shutting down and abandoning module PerforceSourceControl (576)
[2025.04.15-20.26.35:383][569]LogModuleManager: Shutting down and abandoning module GitSourceControl (574)
[2025.04.15-20.26.35:383][569]LogModuleManager: Shutting down and abandoning module SourceControl (573)
[2025.04.15-20.26.35:384][569]LogModuleManager: Shutting down and abandoning module CLionSourceCodeAccess (570)
[2025.04.15-20.26.35:384][569]LogModuleManager: Shutting down and abandoning module AnimationSharingEd (568)
[2025.04.15-20.26.35:384][569]LogModuleManager: Shutting down and abandoning module SynthesisEditor (566)
[2025.04.15-20.26.35:384][569]LogModuleManager: Shutting down and abandoning module Synthesis (564)
[2025.04.15-20.26.35:384][569]LogModuleManager: Shutting down and abandoning module ProceduralMeshComponentEditor (562)
[2025.04.15-20.26.35:385][569]LogModuleManager: Shutting down and abandoning module ProceduralMeshComponent (560)
[2025.04.15-20.26.35:385][569]LogModuleManager: Shutting down and abandoning module OpenXREditor (558)
[2025.04.15-20.26.35:385][569]LogModuleManager: Shutting down and abandoning module MobilePatchingUtils (556)
[2025.04.15-20.26.35:385][569]LogModuleManager: Shutting down and abandoning module TakeSequencer (554)
[2025.04.15-20.26.35:385][569]LogModuleManager: Shutting down and abandoning module TakeMovieScene (552)
[2025.04.15-20.26.35:385][569]LogModuleManager: Shutting down and abandoning module AndroidPermission (550)
[2025.04.15-20.26.35:385][569]LogModuleManager: Shutting down and abandoning module ScreenshotTools (548)
[2025.04.15-20.26.35:385][569]LogModuleManager: Shutting down and abandoning module GooglePAD (546)
[2025.04.15-20.26.35:385][569]LogModuleManager: Shutting down and abandoning module EditableMesh (544)
[2025.04.15-20.26.35:385][569]LogModuleManager: Shutting down and abandoning module CustomMeshComponent (542)
[2025.04.15-20.26.35:385][569]LogModuleManager: Shutting down and abandoning module CableComponent (540)
[2025.04.15-20.26.35:385][569]LogModuleManager: Shutting down and abandoning module ArchVisCharacter (538)
[2025.04.15-20.26.35:385][569]LogModuleManager: Shutting down and abandoning module AudioCapture (536)
[2025.04.15-20.26.35:385][569]LogModuleManager: Shutting down and abandoning module AudioCaptureRtAudio (535)
[2025.04.15-20.26.35:386][569]LogModuleManager: Shutting down and abandoning module AppleImageUtilsBlueprintSupport (532)
[2025.04.15-20.26.35:386][569]LogModuleManager: Shutting down and abandoning module AppleImageUtils (530)
[2025.04.15-20.26.35:386][569]LogModuleManager: Shutting down and abandoning module AssetTags (528)
[2025.04.15-20.26.35:386][569]LogModuleManager: Shutting down and abandoning module ActorLayerUtilitiesEditor (526)
[2025.04.15-20.26.35:386][569]LogModuleManager: Shutting down and abandoning module ActorLayerUtilities (524)
[2025.04.15-20.26.35:386][569]LogModuleManager: Shutting down and abandoning module OpenImageDenoise (522)
[2025.04.15-20.26.35:386][569]LogOpenImageDenoise: OIDN shutting down
[2025.04.15-20.26.35:386][569]LogModuleManager: Shutting down and abandoning module MotoSynthEditor (520)
[2025.04.15-20.26.35:386][569]LogModuleManager: Shutting down and abandoning module MotoSynth (518)
[2025.04.15-20.26.35:386][569]LogModuleManager: Shutting down and abandoning module GeometryCacheTracks (516)
[2025.04.15-20.26.35:386][569]LogModuleManager: Shutting down and abandoning module GeometryCacheStreamer (514)
[2025.04.15-20.26.35:386][569]LogModuleManager: Shutting down and abandoning module GeometryCacheSequencer (512)
[2025.04.15-20.26.35:386][569]LogModuleManager: Shutting down and abandoning module MeshConversion (510)
[2025.04.15-20.26.35:386][569]LogModuleManager: Shutting down and abandoning module DynamicMesh (508)
[2025.04.15-20.26.35:386][569]LogModuleManager: Shutting down and abandoning module GeometryAlgorithms (506)
[2025.04.15-20.26.35:387][569]LogModuleManager: Shutting down and abandoning module GeometricObjects (504)
[2025.04.15-20.26.35:387][569]LogModuleManager: Shutting down and abandoning module GeometryCollectionTracks (502)
[2025.04.15-20.26.35:387][569]LogModuleManager: Shutting down and abandoning module GeometryCollectionSequencer (501)
[2025.04.15-20.26.35:387][569]LogModuleManager: Shutting down and abandoning module GeometryCollectionEditor (498)
[2025.04.15-20.26.35:387][569]LogModuleManager: Shutting down and abandoning module TemplateSequence (496)
[2025.04.15-20.26.35:388][569]LogModuleManager: Shutting down and abandoning module ChaosSolverEditor (494)
[2025.04.15-20.26.35:388][569]LogModuleManager: Shutting down and abandoning module ChaosNiagara (492)
[2025.04.15-20.26.35:388][569]LogModuleManager: Shutting down and abandoning module FractureEditor (490)
[2025.04.15-20.26.35:388][569]LogModuleManager: Shutting down and abandoning module FieldSystemEngine (489)
[2025.04.15-20.26.35:388][569]LogModuleManager: Shutting down and abandoning module ChaosClothEditor (486)
[2025.04.15-20.26.35:388][569]LogModuleManager: Shutting down and abandoning module BackChannel (484)
[2025.04.15-20.26.35:389][569]LogModuleManager: Shutting down and abandoning module AutomationUtilsEditor (482)
[2025.04.15-20.26.35:389][569]LogModuleManager: Shutting down and abandoning module AutomationUtils (480)
[2025.04.15-20.26.35:389][569]LogModuleManager: Shutting down and abandoning module AlembicImporter (478)
[2025.04.15-20.26.35:389][569]LogModuleManager: Shutting down and abandoning module AlembicLibrary (477)
[2025.04.15-20.26.35:389][569]LogModuleManager: Shutting down and abandoning module GeometryCache (476)
[2025.04.15-20.26.35:389][569]LogModuleManager: Shutting down and abandoning module GeometryCacheEd (475)
[2025.04.15-20.26.35:389][569]LogModuleManager: Shutting down and abandoning module MediaCompositing (470)
[2025.04.15-20.26.35:389][569]LogModuleManager: Shutting down and abandoning module ImgMedia (468)
[2025.04.15-20.26.35:389][569]LogModuleManager: Shutting down and abandoning module MagicLeapSharedWorld (466)
[2025.04.15-20.26.35:389][569]LogModuleManager: Shutting down and abandoning module MagicLeapLightEstimation (464)
[2025.04.15-20.26.35:389][569]LogModuleManager: Shutting down and abandoning module MagicLeapHelperVulkan (462)
[2025.04.15-20.26.35:389][569]LogModuleManager: Shutting down and abandoning module MagicLeapHelperOpenGL (460)
[2025.04.15-20.26.35:389][569]LogModuleManager: Shutting down and abandoning module MagicLeapAudio (458)
[2025.04.15-20.26.35:389][569]LogModuleManager: Shutting down and abandoning module SpeedTreeImporter (456)
[2025.04.15-20.26.35:389][569]LogModuleManager: Shutting down and abandoning module MobileLauncherProfileWizard (454)
[2025.04.15-20.26.35:389][569]LogModuleManager: Shutting down and abandoning module PluginBrowser (452)
[2025.04.15-20.26.35:391][569]LogModuleManager: Shutting down and abandoning module MaterialAnalyzer (450)
[2025.04.15-20.26.35:391][569]LogModuleManager: Shutting down and abandoning module CurveEditorTools (448)
[2025.04.15-20.26.35:392][569]LogModuleManager: Shutting down and abandoning module CryptoKeysOpenSSL (446)
[2025.04.15-20.26.35:392][569]LogModuleManager: Shutting down and abandoning module CryptoKeys (444)
[2025.04.15-20.26.35:392][569]LogModuleManager: Shutting down and abandoning module VariantManagerContentEditor (442)
[2025.04.15-20.26.35:392][569]LogModuleManager: Shutting down and abandoning module NiagaraEditorWidgets (440)
[2025.04.15-20.26.35:393][569]LogModuleManager: Shutting down and abandoning module DatasmithContentEditor (438)
[2025.04.15-20.26.35:394][569]LogModuleManager: Shutting down and abandoning module OodleNetworkHandlerComponent (436)
[2025.04.15-20.26.35:394][569]LogModuleManager: Shutting down and abandoning module LightPropagationVolumeEditor (434)
[2025.04.15-20.26.35:394][569]LogModuleManager: Shutting down and abandoning module LiveLinkSequencer (432)
[2025.04.15-20.26.35:394][569]LogModuleManager: Shutting down and abandoning module LiveLinkMovieScene (430)
[2025.04.15-20.26.35:394][569]LogModuleManager: Shutting down and abandoning module LiveLinkGraphNode (428)
[2025.04.15-20.26.35:394][569]LogModuleManager: Shutting down and abandoning module LiveLinkEditor (426)
[2025.04.15-20.26.35:395][569]LogModuleManager: Shutting down and abandoning module LiveLinkComponents (424)
[2025.04.15-20.26.35:395][569]LogModuleManager: Shutting down and abandoning module LiveLink (422)
[2025.04.15-20.26.35:978][569]LogModuleManager: Shutting down and abandoning module PaperTiledImporter (420)
[2025.04.15-20.26.35:978][569]LogModuleManager: Shutting down and abandoning module PaperSpriteSheetImporter (418)
[2025.04.15-20.26.35:979][569]LogModuleManager: Shutting down and abandoning module Paper2DEditor (416)
[2025.04.15-20.26.35:980][569]LogModuleManager: Shutting down and abandoning module MeshPaintingToolset (414)
[2025.04.15-20.26.35:980][569]LogModuleManager: Shutting down and abandoning module MeshPaintEditorMode (412)
[2025.04.15-20.26.35:980][569]LogModuleManager: Shutting down and abandoning module PropertyAccessNode (410)
[2025.04.15-20.26.35:980][569]LogModuleManager: Shutting down and abandoning module AnimationSharing (408)
[2025.04.15-20.26.35:980][569]LogModuleManager: Shutting down and abandoning module EnvironmentQueryEditor (406)
[2025.04.15-20.26.35:981][569]LogModuleManager: Shutting down and abandoning module SoundFields (404)
[2025.04.15-20.26.35:981][569]LogModuleManager: Shutting down and abandoning module SignificanceManager (402)
[2025.04.15-20.26.35:981][569]LogModuleManager: Shutting down and abandoning module RuntimePhysXCooking (400)
[2025.04.15-20.26.35:981][569]LogModuleManager: Shutting down and abandoning module PropertyAccessEditor (398)
[2025.04.15-20.26.35:981][569]LogModuleManager: Shutting down and abandoning module PhysXVehiclesEditor (396)
[2025.04.15-20.26.35:981][569]LogModuleManager: Shutting down and abandoning module LocationServicesBPLibrary (392)
[2025.04.15-20.26.35:981][569]LogModuleManager: Shutting down and abandoning module AudioSynesthesia (390)
[2025.04.15-20.26.35:982][569]LogModuleManager: Shutting down and abandoning module AudioSynesthesiaCore (388)
[2025.04.15-20.26.35:982][569]LogModuleManager: Shutting down and abandoning module PythonScriptPlugin (386)
[2025.04.15-20.26.35:982][569]LogModuleManager: Shutting down and abandoning module TcpMessaging (384)
[2025.04.15-20.26.36:083][569]LogModuleManager: Shutting down and abandoning module UdpMessaging (382)
[2025.04.15-20.26.36:183][569]LogModuleManager: Shutting down and abandoning module ActorSequence (380)
[2025.04.15-20.26.36:183][569]LogModuleManager: Shutting down and abandoning module ImgMediaEngine (378)
[2025.04.15-20.26.36:183][569]LogModuleManager: Shutting down and abandoning module MagicLeapARPin (376)
[2025.04.15-20.26.36:183][569]LogModuleManager: Shutting down and abandoning module MagicLeapHandMeshing (374)
[2025.04.15-20.26.36:183][569]LogModuleManager: Shutting down and abandoning module MagicLeapSecureStorage (372)
[2025.04.15-20.26.36:183][569]LogModuleManager: Shutting down and abandoning module MagicLeapPrivileges (370)
[2025.04.15-20.26.36:183][569]LogModuleManager: Shutting down and abandoning module MagicLeapPlanes (368)
[2025.04.15-20.26.36:184][569]LogMagicLeapPlanes: Planes tracker already destroyed.
[2025.04.15-20.26.36:184][569]LogModuleManager: Shutting down and abandoning module MagicLeapImageTracker (366)
[2025.04.15-20.26.36:184][569]LogModuleManager: Shutting down and abandoning module MagicLeapIdentity (364)
[2025.04.15-20.26.36:184][569]LogModuleManager: Shutting down and abandoning module MagicLeapHandTracking (362)
[2025.04.15-20.26.36:184][569]LogModuleManager: Shutting down and abandoning module MagicLeapEyeTracker (360)
[2025.04.15-20.26.36:184][569]LogModuleManager: Shutting down and abandoning module MagicLeapController (358)
[2025.04.15-20.26.36:184][569]LogModuleManager: Shutting down and abandoning module MagicLeapARPinImpl (356)
[2025.04.15-20.26.36:184][569]LogModuleManager: Shutting down and abandoning module MagicLeapAR (354)
[2025.04.15-20.26.36:184][569]LogModuleManager: Shutting down and abandoning module FacialAnimationEditor (352)
[2025.04.15-20.26.36:184][569]LogModuleManager: Shutting down and abandoning module FacialAnimation (350)
[2025.04.15-20.26.36:184][569]LogModuleManager: Shutting down and abandoning module GameplayTagsEditor (348)
[2025.04.15-20.26.36:184][569]LogModuleManager: Shutting down and abandoning module DataValidation (346)
[2025.04.15-20.26.36:184][569]LogModuleManager: Shutting down and abandoning module AssetManagerEditor (344)
[2025.04.15-20.26.36:185][569]LogModuleManager: Shutting down and abandoning module LevelEditor (343)
[2025.04.15-20.26.36:187][569]LogModuleManager: Shutting down and abandoning module PixelInspectorModule (342)
[2025.04.15-20.26.36:187][569]LogModuleManager: Shutting down and abandoning module CommonMenuExtensions (340)
[2025.04.15-20.26.36:188][569]LogModuleManager: Shutting down and abandoning module MainFrame (338)
[2025.04.15-20.26.36:188][569]LogModuleManager: Shutting down and abandoning module HotReload (337)
[2025.04.15-20.26.36:189][569]LogModuleManager: Shutting down and abandoning module ToolMenus (333)
[2025.04.15-20.26.36:189][569]LogModuleManager: Shutting down and abandoning module TreeMap (331)
[2025.04.15-20.26.36:189][569]LogModuleManager: Shutting down and abandoning module NiagaraAnimNotifies (328)
[2025.04.15-20.26.36:189][569]LogModuleManager: Shutting down and abandoning module Niagara (326)
[2025.04.15-20.26.36:190][569]LogModuleManager: Shutting down and abandoning module SignalProcessing (325)
[2025.04.15-20.26.36:190][569]LogModuleManager: Shutting down and abandoning module NiagaraEditor (323)
[2025.04.15-20.26.36:191][569]LogModuleManager: Shutting down and abandoning module ContentBrowser (322)
[2025.04.15-20.26.36:191][569]LogModuleManager: Shutting down and abandoning module ContentBrowserData (321)
[2025.04.15-20.26.36:191][569]LogModuleManager: Shutting down and abandoning module NiagaraCore (316)
[2025.04.15-20.26.36:191][569]LogModuleManager: Shutting down and abandoning module GameplayCameras (314)
[2025.04.15-20.26.36:191][569]LogModuleManager: Shutting down and abandoning module LightPropagationVolumeRuntime (312)
[2025.04.15-20.26.36:191][569]LogModuleManager: Shutting down and abandoning module Paper2D (310)
[2025.04.15-20.26.36:191][569]LogModuleManager: Shutting down and abandoning module WindowsMoviePlayer (308)
[2025.04.15-20.26.36:192][569]LogModuleManager: Shutting down and abandoning module WebMMoviePlayer (306)
[2025.04.15-20.26.36:192][569]LogModuleManager: Shutting down and abandoning module NetworkReplayStreaming (304)
[2025.04.15-20.26.36:192][569]LogModuleManager: Shutting down and abandoning module PacketHandler (302)
[2025.04.15-20.26.36:192][569]LogModuleManager: Shutting down and abandoning module ClothingSystemEditor (300)
[2025.04.15-20.26.36:192][569]LogModuleManager: Shutting down and abandoning module ClothingSystemRuntimeNv (298)
[2025.04.15-20.26.36:193][569]LogModuleManager: Shutting down and abandoning module MediaAssets (296)
[2025.04.15-20.26.36:193][569]LogModuleManager: Shutting down and abandoning module Overlay (294)
[2025.04.15-20.26.36:193][569]LogModuleManager: Shutting down and abandoning module OverlayEditor (293)
[2025.04.15-20.26.36:193][569]LogModuleManager: Shutting down and abandoning module VREditor (290)
[2025.04.15-20.26.36:194][569]LogModuleManager: Shutting down and abandoning module StringTableEditor (288)
[2025.04.15-20.26.36:194][569]LogModuleManager: Shutting down and abandoning module GameplayTasksEditor (286)
[2025.04.15-20.26.36:194][569]LogModuleManager: Shutting down and abandoning module BehaviorTreeEditor (284)
[2025.04.15-20.26.36:195][569]LogModuleManager: Shutting down and abandoning module FunctionalTesting (282)
[2025.04.15-20.26.36:195][569]LogModuleManager: Shutting down and abandoning module CollisionAnalyzer (280)
[2025.04.15-20.26.36:196][569]LogModuleManager: Shutting down and abandoning module WorkspaceMenuStructure (279)
[2025.04.15-20.26.36:196][569]LogModuleManager: Shutting down and abandoning module UMG (276)
[2025.04.15-20.26.36:196][569]LogModuleManager: Shutting down and abandoning module UMGEditor (275)
[2025.04.15-20.26.36:197][569]LogModuleManager: Shutting down and abandoning module MessageLog (273)
[2025.04.15-20.26.36:197][569]LogModuleManager: Shutting down and abandoning module SlateReflector (268)
[2025.04.15-20.26.36:199][569]LogModuleManager: Shutting down and abandoning module Slate (266)
[2025.04.15-20.26.36:199][569]LogModuleManager: Shutting down and abandoning module SlateCore (264)
[2025.04.15-20.26.36:199][569]LogModuleManager: Shutting down and abandoning module LandscapeEditorUtilities (262)
[2025.04.15-20.26.36:199][569]LogModuleManager: Shutting down and abandoning module UnrealEd (260)
[2025.04.15-20.26.36:200][569]LogModuleManager: Shutting down and abandoning module MRMesh (258)
[2025.04.15-20.26.36:200][569]LogModuleManager: Shutting down and abandoning module SourceCodeAccess (256)
[2025.04.15-20.26.36:200][569]LogModuleManager: Shutting down and abandoning module HeadMountedDisplay (254)
[2025.04.15-20.26.36:200][569]LogModuleManager: Shutting down and abandoning module XAudio2 (252)
[2025.04.15-20.26.36:200][569]LogModuleManager: Shutting down and abandoning module Networking (250)
[2025.04.15-20.26.36:200][569]LogModuleManager: Shutting down and abandoning module Core (248)
[2025.04.15-20.26.36:200][569]LogModuleManager: Shutting down and abandoning module MaterialEditor (246)
[2025.04.15-20.26.36:201][569]LogModuleManager: Shutting down and abandoning module MovieSceneTools (244)
[2025.04.15-20.26.36:201][569]LogModuleManager: Shutting down and abandoning module CurveEditor (243)
[2025.04.15-20.26.36:202][569]LogModuleManager: Shutting down and abandoning module Sequencer (241)
[2025.04.15-20.26.36:202][569]LogModuleManager: Shutting down and abandoning module EditorStyle (240)
[2025.04.15-20.26.36:203][569]LogModuleManager: Shutting down and abandoning module KismetCompiler (236)
[2025.04.15-20.26.36:203][569]LogModuleManager: Shutting down and abandoning module MeshBuilder (234)
[2025.04.15-20.26.36:204][569]LogModuleManager: Shutting down and abandoning module MeshUtilities (232)
[2025.04.15-20.26.36:204][569]LogModuleManager: Shutting down and abandoning module MeshMergeUtilities (231)
[2025.04.15-20.26.36:204][569]LogModuleManager: Shutting down and abandoning module MeshReductionInterface (230)
[2025.04.15-20.26.36:204][569]LogModuleManager: Shutting down and abandoning module MeshBoneReduction (229)
[2025.04.15-20.26.36:205][569]LogModuleManager: Shutting down and abandoning module SkeletalMeshReduction (227)
[2025.04.15-20.26.36:205][569]LogModuleManager: Shutting down and abandoning module ProxyLODMeshReduction (225)
[2025.04.15-20.26.36:206][569]LogModuleManager: Shutting down and abandoning module QuadricMeshReduction (223)
[2025.04.15-20.26.36:206][569]LogModuleManager: Shutting down and abandoning module MaterialBaking (219)
[2025.04.15-20.26.36:206][569]LogModuleManager: Shutting down and abandoning module NullInstallBundleManager (214)
[2025.04.15-20.26.36:206][569]LogModuleManager: Shutting down and abandoning module DerivedDataCache (212)
[2025.04.15-20.26.36:206][569]LogModuleManager: Shutting down and abandoning module TargetPlatform (210)
[2025.04.15-20.26.36:207][569]LogModuleManager: Shutting down and abandoning module VulkanShaderFormat (209)
[2025.04.15-20.26.36:208][569]LogModuleManager: Shutting down and abandoning module ShaderFormatVectorVM (207)
[2025.04.15-20.26.36:208][569]LogModuleManager: Shutting down and abandoning module ShaderFormatOpenGL (205)
[2025.04.15-20.26.36:208][569]LogModuleManager: Shutting down and abandoning module ShaderFormatD3D (203)
[2025.04.15-20.26.36:209][569]LogModuleManager: Shutting down and abandoning module MetalShaderFormat (201)
[2025.04.15-20.26.36:209][569]LogModuleManager: Shutting down and abandoning module TextureFormatOodle (199)
[2025.04.15-20.26.36:209][569]LogModuleManager: Shutting down and abandoning module TextureFormatUncompressed (197)
[2025.04.15-20.26.36:209][569]LogModuleManager: Shutting down and abandoning module TextureFormatPVR (195)
[2025.04.15-20.26.36:209][569]LogModuleManager: Shutting down and abandoning module TextureFormatETC2 (193)
[2025.04.15-20.26.36:209][569]LogModuleManager: Shutting down and abandoning module TextureFormatDXT (191)
[2025.04.15-20.26.36:209][569]LogModuleManager: Shutting down and abandoning module TextureFormatIntelISPCTexComp (189)
[2025.04.15-20.26.36:210][569]LogModuleManager: Shutting down and abandoning module TextureFormatASTC (187)
[2025.04.15-20.26.36:210][569]LogModuleManager: Shutting down and abandoning module ImageWrapper (186)
[2025.04.15-20.26.36:210][569]LogModuleManager: Shutting down and abandoning module AudioFormatOpus (183)
[2025.04.15-20.26.36:210][569]LogModuleManager: Shutting down and abandoning module AudioFormatOgg (181)
[2025.04.15-20.26.36:210][569]LogModuleManager: Shutting down and abandoning module AudioFormatADPCM (179)
[2025.04.15-20.26.36:210][569]LogModuleManager: Shutting down and abandoning module WindowsServerTargetPlatform (177)
[2025.04.15-20.26.36:210][569]LogModuleManager: Shutting down and abandoning module WindowsClientTargetPlatform (175)
[2025.04.15-20.26.36:210][569]LogModuleManager: Shutting down and abandoning module WindowsTargetPlatform (173)
[2025.04.15-20.26.36:210][569]LogModuleManager: Shutting down and abandoning module WindowsNoEditorTargetPlatform (171)
[2025.04.15-20.26.36:210][569]LogModuleManager: Shutting down and abandoning module TVOSTargetPlatform (169)
[2025.04.15-20.26.36:211][569]LogModuleManager: Shutting down and abandoning module MacServerTargetPlatform (167)
[2025.04.15-20.26.36:211][569]LogModuleManager: Shutting down and abandoning module MacClientTargetPlatform (165)
[2025.04.15-20.26.36:211][569]LogModuleManager: Shutting down and abandoning module MacTargetPlatform (163)
[2025.04.15-20.26.36:211][569]LogModuleManager: Shutting down and abandoning module MacNoEditorTargetPlatform (161)
[2025.04.15-20.26.36:211][569]LogModuleManager: Shutting down and abandoning module LuminTargetPlatform (159)
[2025.04.15-20.26.36:211][569]LogModuleManager: Shutting down and abandoning module LinuxAArch64ServerTargetPlatform (157)
[2025.04.15-20.26.36:211][569]LogModuleManager: Shutting down and abandoning module LinuxAArch64ClientTargetPlatform (155)
[2025.04.15-20.26.36:211][569]LogModuleManager: Shutting down and abandoning module LinuxAArch64NoEditorTargetPlatform (153)
[2025.04.15-20.26.36:211][569]LogModuleManager: Shutting down and abandoning module LinuxServerTargetPlatform (151)
[2025.04.15-20.26.36:211][569]LogModuleManager: Shutting down and abandoning module LinuxClientTargetPlatform (149)
[2025.04.15-20.26.36:211][569]LogModuleManager: Shutting down and abandoning module LinuxNoEditorTargetPlatform (147)
[2025.04.15-20.26.36:211][569]LogModuleManager: Shutting down and abandoning module LinuxTargetPlatform (145)
[2025.04.15-20.26.36:211][569]LogModuleManager: Shutting down and abandoning module Messaging (143)
[2025.04.15-20.26.36:211][569]LogModuleManager: Shutting down and abandoning module IOSTargetPlatform (141)
[2025.04.15-20.26.36:212][569]LogModuleManager: Shutting down and abandoning module AndroidTargetPlatform (139)
[2025.04.15-20.26.36:215][569]LogModuleManager: Shutting down and abandoning module AllDesktopTargetPlatform (137)
[2025.04.15-20.26.36:215][569]LogModuleManager: Shutting down and abandoning module D3D11RHI (134)
[2025.04.15-20.26.36:215][569]LogModuleManager: Shutting down and abandoning module InputCore (132)
[2025.04.15-20.26.36:215][569]LogModuleManager: Shutting down and abandoning module Settings (130)
[2025.04.15-20.26.36:215][569]LogModuleManager: Shutting down and abandoning module DirectoryWatcher (128)
[2025.04.15-20.26.36:215][569]LogModuleManager: Shutting down and abandoning module PhysXCooking (126)
[2025.04.15-20.26.36:215][569]LogModuleManager: Shutting down and abandoning module Chaos (124)
[2025.04.15-20.26.36:215][569]LogModuleManager: Shutting down and abandoning module WindowsPlatformFeatures (122)
[2025.04.15-20.26.36:215][569]LogModuleManager: Shutting down and abandoning module GameplayMediaEncoder (121)
[2025.04.15-20.26.36:215][569]LogModuleManager: Shutting down and abandoning module AVEncoder (120)
[2025.04.15-20.26.36:215][569]LogModuleManager: Shutting down and abandoning module SteamVRInputDevice (116)
[2025.04.15-20.26.36:215][569]LogModuleManager: Shutting down and abandoning module SteamVRInput (114)
[2025.04.15-20.26.36:215][569]LogModuleManager: Shutting down and abandoning module SteamVR (112)
[2025.04.15-20.26.36:215][569]LogHMD: Freeing OpenVRDLLHandle.
[2025.04.15-20.26.36:215][569]LogModuleManager: Shutting down and abandoning module OculusHMD (110)
[2025.04.15-20.26.36:215][569]LogModuleManager: Shutting down and abandoning module PixWinPlugin (108)
[2025.04.15-20.26.36:216][569]LogModuleManager: Shutting down and abandoning module AISupportModule (106)
[2025.04.15-20.26.36:216][569]LogModuleManager: Shutting down and abandoning module OpenXREyeTracker (104)
[2025.04.15-20.26.36:216][569]LogModuleManager: Shutting down and abandoning module OpenXRAR (102)
[2025.04.15-20.26.36:216][569]LogModuleManager: Shutting down and abandoning module AugmentedReality (101)
[2025.04.15-20.26.36:216][569]LogModuleManager: Shutting down and abandoning module OpenXRHandTracking (98)
[2025.04.15-20.26.36:216][569]LogSlate: Slate User Destroyed.  User Index 0, Is Virtual User: 0
[2025.04.15-20.26.36:216][569]LogModuleManager: Shutting down and abandoning module OpenXRHMD (97)
[2025.04.15-20.26.36:217][569]LogModuleManager: Shutting down and abandoning module ExampleDeviceProfileSelector (94)
[2025.04.15-20.26.36:217][569]LogModuleManager: Shutting down and abandoning module ChunkDownloader (92)
[2025.04.15-20.26.36:217][569]LogModuleManager: Shutting down and abandoning module OnlineBlueprintSupport (90)
[2025.04.15-20.26.36:217][569]LogModuleManager: Shutting down and abandoning module OnlineSubsystem (86)
[2025.04.15-20.26.36:220][569]LogModuleManager: Shutting down and abandoning module XMPP (81)
[2025.04.15-20.26.36:222][569]LogModuleManager: Shutting down and abandoning module WebSockets (80)
[2025.04.15-20.26.36:257][569]LogModuleManager: Shutting down and abandoning module HTTP (77)
[2025.04.15-20.26.36:258][569]LogHttp: Display: Http module shutting down, but needs to wait on 1 outstanding Http requests:
[2025.04.15-20.26.36:258][569]LogHttp: Display: 	verb=[POST] url=[https://datarouter.ol.epicgames.com/datarouter/api/v1/public/data?SessionID=%7B510B7CE8-4FEA-68F5-95C1-AC82E4763325%7D&AppID=UEEditor.Rocket.Release&AppVersion=4.27.2-18319896%2B%2B%2BUE4%2BRelease-4.27&UserID=ff34cec34635c2434a0cbe8ccdbd3a28%7C2eea84bf844543fbbb7d5cf485b735d0%7Cc84dd4ac-b030-4b4d-8068-60af0798f8bd&AppEnvironment=datacollector-binary&UploadType=eteventstream] refs=[1] status=Processing
[2025.04.15-20.26.36:258][569]LogHttp: Display: cleaning up 1 outstanding Http requests.
[2025.04.15-20.26.36:274][569]LogModuleManager: Shutting down and abandoning module SSL (76)
[2025.04.15-20.26.36:275][569]LogModuleManager: Shutting down and abandoning module LauncherChunkInstaller (72)
[2025.04.15-20.26.36:275][569]LogModuleManager: Shutting down and abandoning module ChaosCloth (70)
[2025.04.15-20.26.36:275][569]LogModuleManager: Shutting down and abandoning module WmfMedia (68)
[2025.04.15-20.26.36:277][569]LogModuleManager: Shutting down and abandoning module Media (67)
[2025.04.15-20.26.36:278][569]LogModuleManager: Shutting down and abandoning module MediaInfo (66)
[2025.04.15-20.26.36:278][569]LogModuleManager: Shutting down and abandoning module ExrReaderGpu (62)
[2025.04.15-20.26.36:279][569]LogModuleManager: Shutting down and abandoning module MLSDK (60)
[2025.04.15-20.26.36:279][569]LogModuleManager: Shutting down and abandoning module MagicLeap (58)
[2025.04.15-20.26.36:279][569]LogModuleManager: Shutting down and abandoning module VariantManagerContent (56)
[2025.04.15-20.26.36:279][569]LogModuleManager: Shutting down and abandoning module NiagaraVertexFactories (54)
[2025.04.15-20.26.36:279][569]LogModuleManager: Shutting down and abandoning module NiagaraShader (52)
[2025.04.15-20.26.36:279][569]LogModuleManager: Shutting down and abandoning module DatasmithContent (50)
[2025.04.15-20.26.36:280][569]LogModuleManager: Shutting down and abandoning module DesktopPlatform (48)
[2025.04.15-20.26.36:280][569]LogModuleManager: Shutting down and abandoning module PythonScriptPluginPreload (46)
[2025.04.15-20.26.36:280][569]LogModuleManager: Shutting down and abandoning module PlatformCryptoOpenSSL (44)
[2025.04.15-20.26.36:280][569]LogModuleManager: Shutting down and abandoning module PlatformCryptoTypes (42)
[2025.04.15-20.26.36:280][569]LogModuleManager: Shutting down and abandoning module PlatformCrypto (40)
[2025.04.15-20.26.36:280][569]LogModuleManager: Shutting down and abandoning module OodleDataCompressionFormat (38)
[2025.04.15-20.26.36:280][569]LogModuleManager: Shutting down and abandoning module XGEController (36)
[2025.04.15-20.26.36:280][569]LogXGEController: Cleaning working directory: C:/Users/Playeroth/AppData/Local/Temp/UnrealXGEWorkingDir/
[2025.04.15-20.26.36:280][569]LogModuleManager: Shutting down and abandoning module AnimationModifiers (34)
[2025.04.15-20.26.36:280][569]LogModuleManager: Shutting down and abandoning module AudioEditor (32)
[2025.04.15-20.26.36:280][569]LogModuleManager: Shutting down and abandoning module PropertyEditor (31)
[2025.04.15-20.26.36:280][569]LogModuleManager: Shutting down and abandoning module TextureCompressor (28)
[2025.04.15-20.26.36:280][569]LogModuleManager: Shutting down and abandoning module RenderCore (26)
[2025.04.15-20.26.36:280][569]LogModuleManager: Shutting down and abandoning module Landscape (24)
[2025.04.15-20.26.36:280][569]LogModuleManager: Shutting down and abandoning module SlateRHIRenderer (22)
[2025.04.15-20.26.36:281][569]LogModuleManager: Shutting down and abandoning module AnimGraphRuntime (20)
[2025.04.15-20.26.36:281][569]LogModuleManager: Shutting down and abandoning module Renderer (18)
[2025.04.15-20.26.36:281][569]LogModuleManager: Shutting down and abandoning module Engine (16)
[2025.04.15-20.26.36:281][569]LogModuleManager: Shutting down and abandoning module CoreUObject (14)
[2025.04.15-20.26.36:281][569]LogModuleManager: Shutting down and abandoning module NetworkFile (12)
[2025.04.15-20.26.36:281][569]LogModuleManager: Shutting down and abandoning module CookedIterativeFile (10)
[2025.04.15-20.26.36:281][569]LogModuleManager: Shutting down and abandoning module StreamingFile (8)
[2025.04.15-20.26.36:281][569]LogModuleManager: Shutting down and abandoning module SandboxFile (6)
[2025.04.15-20.26.36:281][569]LogModuleManager: Shutting down and abandoning module PakFile (4)
[2025.04.15-20.26.36:281][569]LogModuleManager: Shutting down and abandoning module RSA (3)
[2025.04.15-20.26.36:613][569]LogContentStreaming: Display: There are 1 unreleased StreamingManagers
[2025.04.15-20.26.36:629][569]LogD3D11RHI: Shutdown
[2025.04.15-20.26.36:629][569]LogD3D11RHI: CleanupD3DDevice
[2025.04.15-20.26.36:633][569]LogExit: Exiting.
[2025.04.15-20.26.36:641][569]Log file closed, 04/15/25 17:26:36
