Log file open, 04/15/25 17:55:03
LogWindows: Failed to load 'aqProf.dll' (GetLastError=126)
LogWindows: File 'aqProf.dll' does not exist
LogWindows: Failed to load 'VtuneApi.dll' (GetLastError=126)
LogWindows: File 'VtuneApi.dll' does not exist
LogWindows: Failed to load 'VtuneApi32e.dll' (GetLastError=126)
LogWindows: File 'VtuneApi32e.dll' does not exist
LogConsoleResponse: Display: Failed to find resolution value strings in scalability ini. Falling back to default.
LogConsoleResponse: Display: Failed to find resolution value strings in scalability ini. Falling back to default.
LogInit: Display: Running engine for game: EscapeTheBackrooms
LogPlatformFile: Not using cached read wrapper
LogTaskGraph: Started task graph with 5 named threads and 35 total threads with 3 sets of task threads.
LogStats: Stats thread started at 0.229556
LogICUInternationalization: ICU TimeZone Detection - Raw Offset: -3:00, Platform Override: ''
LogInit: Display: Loading text-based GConfig....
LogPluginManager: Mounting plugin MeshPainting
LogPluginManager: Mounting plugin XGEController
LogPluginManager: Mounting plugin Paper2D
LogPluginManager: Mounting plugin LiveLink
LogPluginManager: Mounting plugin EnvironmentQueryEditor
LogPluginManager: Mounting plugin AISupport
LogPluginManager: Mounting plugin GameplayCameras
LogPluginManager: Mounting plugin CameraShakePreviewer
LogPluginManager: Mounting plugin OodleData
LogPluginManager: Mounting plugin OodleNetwork
LogPluginManager: Mounting plugin LightPropagationVolume
LogPluginManager: Mounting plugin AnimationSharing
LogPluginManager: Mounting plugin CLionSourceCodeAccess
LogPluginManager: Mounting plugin CodeLiteSourceCodeAccess
LogPluginManager: Mounting plugin GitSourceControl
LogPluginManager: Mounting plugin KDevelopSourceCodeAccess
LogPluginManager: Mounting plugin NullSourceCodeAccess
LogPluginManager: Mounting plugin PerforceSourceControl
LogPluginManager: Mounting plugin PropertyAccessNode
LogPluginManager: Mounting plugin PluginUtils
LogPluginManager: Mounting plugin PixWinPlugin
LogPluginManager: Mounting plugin PlasticSourceControl
LogPluginManager: Mounting plugin RiderSourceCodeAccess
LogPluginManager: Mounting plugin SubversionSourceControl
LogPluginManager: Mounting plugin TextureFormatOodle
LogPluginManager: Mounting plugin UObjectPlugin
LogPluginManager: Mounting plugin VisualStudioSourceCodeAccess
LogPluginManager: Mounting plugin VisualStudioCodeSourceCodeAccess
LogPluginManager: Mounting plugin XCodeSourceCodeAccess
LogPluginManager: Mounting plugin Niagara
LogPluginManager: Mounting plugin AlembicImporter
LogPluginManager: Mounting plugin BackChannel
LogPluginManager: Mounting plugin AutomationUtils
LogPluginManager: Mounting plugin ChaosEditor
LogPluginManager: Mounting plugin ChaosCloth
LogPluginManager: Mounting plugin ChaosClothEditor
LogPluginManager: Mounting plugin ChaosNiagara
LogPluginManager: Mounting plugin ChaosSolverPlugin
LogPluginManager: Mounting plugin CharacterAI
LogPluginManager: Mounting plugin GeometryCache
LogPluginManager: Mounting plugin GeometryCollectionPlugin
LogPluginManager: Mounting plugin GeometryProcessing
LogPluginManager: Mounting plugin MotoSynth
LogPluginManager: Mounting plugin OpenImageDenoise
LogPluginManager: Mounting plugin PlanarCut
LogPluginManager: Mounting plugin PythonScriptPlugin
LogPluginManager: Mounting plugin ProxyLODPlugin
LogPluginManager: Mounting plugin SkeletalReduction
LogPluginManager: Mounting plugin PlatformCrypto
LogPluginManager: Mounting plugin VariantManagerContent
LogPluginManager: Mounting plugin MagicLeap
LogPluginManager: Mounting plugin DatasmithContent
LogPluginManager: Mounting plugin MagicLeapLightEstimation
LogPluginManager: Mounting plugin LuminPlatformFeatures
LogPluginManager: Mounting plugin MagicLeapMedia
LogPluginManager: Mounting plugin MagicLeapPassableWorld
LogPluginManager: Mounting plugin MLSDK
LogPluginManager: Mounting plugin TcpMessaging
LogPluginManager: Mounting plugin AvfMedia
LogPluginManager: Mounting plugin AndroidMedia
LogPluginManager: Mounting plugin ImgMedia
LogPluginManager: Mounting plugin ActorSequence
LogPluginManager: Mounting plugin UdpMessaging
LogPluginManager: Mounting plugin LevelSequenceEditor
LogPluginManager: Mounting plugin MatineeToLevelSequence
LogPluginManager: Mounting plugin TemplateSequence
LogPluginManager: Mounting plugin MediaPlayerEditor
LogPluginManager: Mounting plugin WebMMedia
LogPluginManager: Mounting plugin WmfMedia
LogPluginManager: Mounting plugin MediaCompositing
LogPluginManager: Mounting plugin LauncherChunkInstaller
LogPluginManager: Mounting plugin OnlineSubsystem
LogPluginManager: Mounting plugin OnlineSubsystemNull
LogPluginManager: Mounting plugin OnlineSubsystemSteam
LogPluginManager: Mounting plugin OnlineSubsystemUtils
LogPluginManager: Mounting plugin ActorLayerUtilities
LogPluginManager: Mounting plugin AndroidMoviePlayer
LogPluginManager: Mounting plugin AndroidDeviceProfileSelector
LogPluginManager: Mounting plugin AndroidPermission
LogPluginManager: Mounting plugin AppleImageUtils
LogPluginManager: Mounting plugin AppleMoviePlayer
LogPluginManager: Mounting plugin AssetTags
LogPluginManager: Mounting plugin ArchVisCharacter
LogPluginManager: Mounting plugin AudioCapture
LogPluginManager: Mounting plugin AudioSynesthesia
LogPluginManager: Mounting plugin CableComponent
LogPluginManager: Mounting plugin ChunkDownloader
LogPluginManager: Mounting plugin CustomMeshComponent
LogPluginManager: Mounting plugin EditableMesh
LogPluginManager: Mounting plugin ExampleDeviceProfileSelector
LogPluginManager: Mounting plugin ScreenshotTools
LogPluginManager: Mounting plugin GoogleCloudMessaging
LogPluginManager: Mounting plugin GooglePAD
LogPluginManager: Mounting plugin IOSDeviceProfileSelector
LogPluginManager: Mounting plugin LinuxDeviceProfileSelector
LogPluginManager: Mounting plugin LocationServicesBPLibrary
LogPluginManager: Mounting plugin MobilePatchingUtils
LogPluginManager: Mounting plugin OpenXR
LogPluginManager: Mounting plugin OpenXREyeTracker
LogPluginManager: Mounting plugin OpenXRHandTracking
LogPluginManager: Mounting plugin PhysXVehicles
LogPluginManager: Mounting plugin PostSplashScreen
LogPluginManager: Mounting plugin Takes
LogPluginManager: Mounting plugin ProceduralMeshComponent
LogPluginManager: Mounting plugin PropertyAccessEditor
LogPluginManager: Mounting plugin RuntimePhysXCooking
LogPluginManager: Mounting plugin SignificanceManager
LogPluginManager: Mounting plugin SoundFields
LogPluginManager: Mounting plugin Synthesis
LogPluginManager: Mounting plugin WebMMoviePlayer
LogPluginManager: Mounting plugin WindowsMoviePlayer
LogPluginManager: Mounting plugin AssetManagerEditor
LogPluginManager: Mounting plugin CryptoKeys
LogPluginManager: Mounting plugin DataValidation
LogPluginManager: Mounting plugin CurveEditorTools
LogPluginManager: Mounting plugin FacialAnimation
LogPluginManager: Mounting plugin GameplayTagsEditor
LogPluginManager: Mounting plugin GeometryMode
LogPluginManager: Mounting plugin MacGraphicsSwitching
LogPluginManager: Mounting plugin MobileLauncherProfileWizard
LogPluginManager: Mounting plugin PluginBrowser
LogPluginManager: Mounting plugin MaterialAnalyzer
LogPluginManager: Mounting plugin SpeedTreeImporter
LogPluginManager: Mounting plugin OnlineSubsystemIOS
LogPluginManager: Mounting plugin OnlineSubsystemGooglePlay
LogPluginManager: Mounting plugin OculusVR
LogPluginManager: Mounting plugin SteamVR
LogPluginManager: Mounting plugin SteamShared
LogPluginManager: Mounting plugin ContentBrowserAssetDataSource
LogPluginManager: Mounting plugin ContentBrowserFileDataSource
LogPluginManager: Mounting plugin ContentBrowserClassDataSource
LogPluginManager: Mounting plugin AdvancedSessions
LogPluginManager: Mounting plugin AdvancedSteamSessions
LogInit: Warning: Incompatible or missing module: AdvancedSessions
LogInit: Warning: Incompatible or missing module: AdvancedSteamSessions
Running C:/Program Files/Epic Games/UE_4.27/Engine/Binaries/DotNET/UnrealBuildTool.exe Development Win64 -Project="C:/Users/Playeroth/Documents/EscapeTheBackrooms--Mods/MainMod/EscapeTheBackrooms.uproject" -TargetType=Editor -Progress -NoEngineChanges -NoHotReloadFromIDE
Using 'git status' to determine working set for adaptive non-unity build (C:\Users\Playeroth\Documents\EscapeTheBackrooms--Mods\MainMod).
Invalidating makefile for UE4Editor (source file removed)
@progress push 5%
Parsing headers for UE4Editor
  Running UnrealHeaderTool "C:\Users\Playeroth\Documents\EscapeTheBackrooms--Mods\MainMod\EscapeTheBackrooms.uproject" "C:\Users\Playeroth\Documents\EscapeTheBackrooms--Mods\MainMod\Intermediate\Build\Win64\UE4Editor\Development\UE4Editor.uhtmanifest" -LogCmds="loginit warning, logexit warning, logdatabase error" -Unattended -WarningsAsErrors -abslog="C:\Users\Playeroth\AppData\Local\UnrealBuildTool\Log_UHT.txt" -installed
LogInit: Display: Loading text-based GConfig....
Reflection code generated for UE4Editor in 28,2795388 seconds
@progress pop
Building UE4Editor...
Using Visual Studio 2022 14.43.34809 toolchain (C:\Program Files\Microsoft Visual Studio\2022\Community\VC\Tools\MSVC\14.43.34808) and Windows 10.0.26100.0 SDK (C:\Program Files (x86)\Windows Kits\10).
Building 14 actions with 12 processes...
  @progress 'Compiling C++ source code...' 0%
  @progress 'Compiling C++ source code...' 7%
  [1/14] Default.rc2
  @progress 'Compiling C++ source code...' 14%
  [2/14] Default.rc2
  @progress 'Compiling C++ source code...' 21%
  [3/14] SharedPCH.Engine.ShadowErrors.cpp
  Detected compiler newer than Visual Studio 2019, please update min version checking in WindowsPlatformCompilerSetup.h
  @progress 'Compiling C++ source code...' 29%
  [4/14] Module.AdvancedSessions.gen.3_of_3.cpp
  @progress 'Compiling C++ source code...' 36%
  [5/14] Module.AdvancedSteamSessions.cpp
  @progress 'Compiling C++ source code...' 43%
  [6/14] Module.AdvancedSteamSessions.gen.cpp
  @progress 'Compiling C++ source code...' 50%
  [7/14] Module.AdvancedSessions.gen.2_of_3.cpp
  @progress 'Compiling C++ source code...' 57%
  [8/14] Module.AdvancedSessions.gen.1_of_3.cpp
  @progress 'Compiling C++ source code...' 64%
  [9/14] UE4Editor-AdvancedSteamSessions.lib
     Creating library C:\Users\Playeroth\Documents\EscapeTheBackrooms--Mods\MainMod\Plugins\AdvancedSteamSessions\Intermediate\Build\Win64\UE4Editor\Development\AdvancedSteamSessions\UE4Editor-AdvancedSteamSessions.lib and object C:\Users\Playeroth\Documents\EscapeTheBackrooms--Mods\MainMod\Plugins\AdvancedSteamSessions\Intermediate\Build\Win64\UE4Editor\Development\AdvancedSteamSessions\UE4Editor-AdvancedSteamSessions.exp
  @progress 'Compiling C++ source code...' 71%
  [10/14] Module.AdvancedSessions.cpp
  @progress 'Compiling C++ source code...' 79%
  [11/14] UE4Editor-AdvancedSessions.lib
     Creating library C:\Users\Playeroth\Documents\EscapeTheBackrooms--Mods\MainMod\Plugins\AdvancedSessions\Intermediate\Build\Win64\UE4Editor\Development\AdvancedSessions\UE4Editor-AdvancedSessions.lib and object C:\Users\Playeroth\Documents\EscapeTheBackrooms--Mods\MainMod\Plugins\AdvancedSessions\Intermediate\Build\Win64\UE4Editor\Development\AdvancedSessions\UE4Editor-AdvancedSessions.exp
  @progress 'Compiling C++ source code...' 86%
  [12/14] UE4Editor-AdvancedSessions.dll
     Creating library C:\Users\Playeroth\Documents\EscapeTheBackrooms--Mods\MainMod\Plugins\AdvancedSessions\Intermediate\Build\Win64\UE4Editor\Development\AdvancedSessions\UE4Editor-AdvancedSessions.suppressed.lib and object C:\Users\Playeroth\Documents\EscapeTheBackrooms--Mods\MainMod\Plugins\AdvancedSessions\Intermediate\Build\Win64\UE4Editor\Development\AdvancedSessions\UE4Editor-AdvancedSessions.suppressed.exp
  @progress 'Compiling C++ source code...' 93%
  [13/14] UE4Editor-AdvancedSteamSessions.dll
     Creating library C:\Users\Playeroth\Documents\EscapeTheBackrooms--Mods\MainMod\Plugins\AdvancedSteamSessions\Intermediate\Build\Win64\UE4Editor\Development\AdvancedSteamSessions\UE4Editor-AdvancedSteamSessions.suppressed.lib and object C:\Users\Playeroth\Documents\EscapeTheBackrooms--Mods\MainMod\Plugins\AdvancedSteamSessions\Intermediate\Build\Win64\UE4Editor\Development\AdvancedSteamSessions\UE4Editor-AdvancedSteamSessions.suppressed.exp
  @progress 'Compiling C++ source code...' 100%
  [14/14] UE4Editor.target
Total time in Parallel executor: 47,96 seconds
Total execution time: 80,69 seconds
PixWinPlugin: PIX capture plugin failed to initialize! Check that the process is launched from PIX.
LogInit: Using libcurl 7.55.1-DEV
LogInit:  - built for x86_64-pc-win32
LogInit:  - supports SSL with OpenSSL/1.1.1
LogInit:  - supports HTTP deflate (compression) using libz 1.2.8
LogInit:  - other features:
LogInit:      CURL_VERSION_SSL
LogInit:      CURL_VERSION_LIBZ
LogInit:      CURL_VERSION_IPV6
LogInit:      CURL_VERSION_ASYNCHDNS
LogInit:      CURL_VERSION_LARGEFILE
LogInit:      CURL_VERSION_IDN
LogInit:  CurlRequestOptions (configurable via config and command line):
LogInit:  - bVerifyPeer = true  - Libcurl will verify peer certificate
LogInit:  - bUseHttpProxy = false  - Libcurl will NOT use HTTP proxy
LogInit:  - bDontReuseConnections = false  - Libcurl will reuse connections
LogInit:  - MaxHostConnections = 16  - Libcurl will limit the number of connections to a host
LogInit:  - LocalHostAddr = Default
LogInit:  - BufferSize = 65536
LogOnline: OSS: Creating online subsystem instance for: NULL
LogInit: WinSock: version 1.1 (2.2), MaxSocks=32767, MaxUdp=65467
LogOnline: OSS: TryLoadSubsystemAndSetDefault: Loaded subsystem for module [NULL]
LogOculusPluginWrapper: OculusPlugin initialized successfully
LogHMD: Failed initializing OVRPlugin 1.59.0
LogInit: Build: ++UE4+Release-4.27-CL-18319896
LogInit: Engine Version: 4.27.2-18319896+++UE4+Release-4.27
LogInit: Compatible Engine Version: 4.27.0-17155196+++UE4+Release-4.27
LogInit: Net CL: 17155196
LogInit: OS: Windows 10 (Release 2009) (), CPU: Intel(R) Core(TM) i5-10400F CPU @ 2.90GHz, GPU: AMD Radeon RX 580 2048SP
LogInit: Compiled (64-bit): Nov 30 2021 07:12:08
LogInit: Compiled with Visual C++: 19.24.28315.00
LogInit: Build Configuration: Development
LogInit: Branch Name: ++UE4+Release-4.27
LogInit: Command Line: 
LogInit: Base Directory: C:/Program Files/Epic Games/UE_4.27/Engine/Binaries/Win64/
LogInit: Allocator: TBB
LogInit: Installed Engine Build: 1
LogDevObjectVersion: Number of dev versions registered: 29
LogDevObjectVersion:   Dev-Blueprints (B0D832E4-1F89-4F0D-ACCF-7EB736FD4AA2): 10
LogDevObjectVersion:   Dev-Build (E1C64328-A22C-4D53-A36C-8E866417BD8C): 0
LogDevObjectVersion:   Dev-Core (375EC13C-06E4-48FB-B500-84F0262A717E): 4
LogDevObjectVersion:   Dev-Editor (E4B068ED-F494-42E9-A231-DA0B2E46BB41): 40
LogDevObjectVersion:   Dev-Framework (CFFC743F-43B0-4480-9391-14DF171D2073): 37
LogDevObjectVersion:   Dev-Mobile (B02B49B5-BB20-44E9-A304-32B752E40360): 3
LogDevObjectVersion:   Dev-Networking (A4E4105C-59A1-49B5-A7C5-40C4547EDFEE): 0
LogDevObjectVersion:   Dev-Online (39C831C9-5AE6-47DC-9A44-9C173E1C8E7C): 0
LogDevObjectVersion:   Dev-Physics (78F01B33-EBEA-4F98-B9B4-84EACCB95AA2): 14
LogDevObjectVersion:   Dev-Platform (6631380F-2D4D-43E0-8009-CF276956A95A): 0
LogDevObjectVersion:   Dev-Rendering (12F88B9F-8875-4AFC-A67C-D90C383ABD29): 45
LogDevObjectVersion:   Dev-Sequencer (7B5AE74C-D270-4C10-A958-57980B212A5A): 13
LogDevObjectVersion:   Dev-VR (D7296918-1DD6-4BDD-9DE2-64A83CC13884): 3
LogDevObjectVersion:   Dev-LoadTimes (C2A15278-BFE7-4AFE-6C17-90FF531DF755): 1
LogDevObjectVersion:   Private-Geometry (6EACA3D4-40EC-4CC1-B786-8BED09428FC5): 3
LogDevObjectVersion:   Dev-AnimPhys (29E575DD-E0A3-4627-9D10-D276232CDCEA): 17
LogDevObjectVersion:   Dev-Anim (AF43A65D-7FD3-4947-9873-3E8ED9C1BB05): 15
LogDevObjectVersion:   Dev-ReflectionCapture (6B266CEC-1EC7-4B8F-A30B-E4D90942FC07): 1
LogDevObjectVersion:   Dev-Automation (0DF73D61-A23F-47EA-B727-89E90C41499A): 1
LogDevObjectVersion:   FortniteMain (601D1886-AC64-4F84-AA16-D3DE0DEAC7D6): 47
LogDevObjectVersion:   FortniteRelease (E7086368-6B23-4C58-8439-1B7016265E91): 1
LogDevObjectVersion:   Dev-Enterprise (9DFFBCD6-494F-0158-E221-12823C92A888): 10
LogDevObjectVersion:   Dev-Niagara (F2AED0AC-9AFE-416F-8664-AA7FFA26D6FC): 1
LogDevObjectVersion:   Dev-Destruction (174F1F0B-B4C6-45A5-B13F-2EE8D0FB917D): 10
LogDevObjectVersion:   Dev-Physics-Ext (35F94A83-E258-406C-A318-09F59610247C): 41
LogDevObjectVersion:   Dev-PhysicsMaterial-Chaos (B68FC16E-8B1B-42E2-B453-215C058844FE): 1
LogDevObjectVersion:   Dev-CineCamera (B2E18506-4273-CFC2-A54E-F4BB758BBA07): 1
LogDevObjectVersion:   Dev-VirtualProduction (64F58936-FD1B-42BA-BA96-7289D5D0FA4E): 1
LogDevObjectVersion:   Dev-MediaFramework (6F0ED827-A609-4895-9C91-998D90180EA4): 2
LogInit: Presizing for max 25165824 objects, including 0 objects not considered by GC, pre-allocating 0 bytes for permanent pool.
LogConfig: Applying CVar settings from Section [/Script/Engine.StreamingSettings] File [C:/Users/Playeroth/Documents/EscapeTheBackrooms--Mods/MainMod/Saved/Config/Windows/Engine.ini]
LogConfig: Setting CVar [[s.MinBulkDataSizeForAsyncLoading:131072]]
LogConfig: Setting CVar [[s.AsyncLoadingThreadEnabled:0]]
LogConfig: Setting CVar [[s.EventDrivenLoaderEnabled:1]]
LogConfig: Setting CVar [[s.WarnIfTimeLimitExceeded:0]]
LogConfig: Setting CVar [[s.TimeLimitExceededMultiplier:1.5]]
LogConfig: Setting CVar [[s.TimeLimitExceededMinTime:0.005]]
LogConfig: Setting CVar [[s.UseBackgroundLevelStreaming:1]]
LogConfig: Setting CVar [[s.PriorityAsyncLoadingExtraTime:15.0]]
LogConfig: Setting CVar [[s.LevelStreamingActorsUpdateTimeLimit:5.0]]
LogConfig: Setting CVar [[s.PriorityLevelStreamingActorsUpdateExtraTime:5.0]]
LogConfig: Setting CVar [[s.LevelStreamingComponentsRegistrationGranularity:10]]
LogConfig: Setting CVar [[s.UnregisterComponentsTimeLimit:1.0]]
LogConfig: Setting CVar [[s.LevelStreamingComponentsUnregistrationGranularity:5]]
LogConfig: Setting CVar [[s.FlushStreamingOnExit:1]]
LogInit: Object subsystem initialized
LogConfig: Setting CVar [[con.DebugEarlyDefault:1]]
LogConfig: Setting CVar [[r.setres:1280x720]]
[2025.04.15-20.56.26:536][  0]LogConfig: Setting CVar [[r.VSync:0]]
[2025.04.15-20.56.26:536][  0]LogConfig: Setting CVar [[r.RHICmdBypass:0]]
[2025.04.15-20.56.26:537][  0]LogConfig: Applying CVar settings from Section [/Script/Engine.RendererSettings] File [C:/Users/Playeroth/Documents/EscapeTheBackrooms--Mods/MainMod/Saved/Config/Windows/Engine.ini]
[2025.04.15-20.56.26:537][  0]LogConfig: Setting CVar [[r.GPUCrashDebugging:0]]
[2025.04.15-20.56.26:537][  0]LogConfig: Setting CVar [[r.DefaultFeature.AutoExposure.ExtendDefaultLuminanceRange:1]]
[2025.04.15-20.56.26:537][  0]LogConfig: Applying CVar settings from Section [/Script/Engine.RendererOverrideSettings] File [C:/Users/Playeroth/Documents/EscapeTheBackrooms--Mods/MainMod/Saved/Config/Windows/Engine.ini]
[2025.04.15-20.56.26:537][  0]LogConfig: Applying CVar settings from Section [/Script/Engine.StreamingSettings] File [C:/Users/Playeroth/Documents/EscapeTheBackrooms--Mods/MainMod/Saved/Config/Windows/Engine.ini]
[2025.04.15-20.56.26:537][  0]LogConfig: Setting CVar [[s.MinBulkDataSizeForAsyncLoading:131072]]
[2025.04.15-20.56.26:537][  0]LogConfig: Setting CVar [[s.AsyncLoadingThreadEnabled:0]]
[2025.04.15-20.56.26:537][  0]LogConfig: Setting CVar [[s.EventDrivenLoaderEnabled:1]]
[2025.04.15-20.56.26:537][  0]LogConfig: Setting CVar [[s.WarnIfTimeLimitExceeded:0]]
[2025.04.15-20.56.26:537][  0]LogConfig: Setting CVar [[s.TimeLimitExceededMultiplier:1.5]]
[2025.04.15-20.56.26:537][  0]LogConfig: Setting CVar [[s.TimeLimitExceededMinTime:0.005]]
[2025.04.15-20.56.26:537][  0]LogConfig: Setting CVar [[s.UseBackgroundLevelStreaming:1]]
[2025.04.15-20.56.26:537][  0]LogConfig: Setting CVar [[s.PriorityAsyncLoadingExtraTime:15.0]]
[2025.04.15-20.56.26:537][  0]LogConfig: Setting CVar [[s.LevelStreamingActorsUpdateTimeLimit:5.0]]
[2025.04.15-20.56.26:537][  0]LogConfig: Setting CVar [[s.PriorityLevelStreamingActorsUpdateExtraTime:5.0]]
[2025.04.15-20.56.26:537][  0]LogConfig: Setting CVar [[s.LevelStreamingComponentsRegistrationGranularity:10]]
[2025.04.15-20.56.26:537][  0]LogConfig: Setting CVar [[s.UnregisterComponentsTimeLimit:1.0]]
[2025.04.15-20.56.26:537][  0]LogConfig: Setting CVar [[s.LevelStreamingComponentsUnregistrationGranularity:5]]
[2025.04.15-20.56.26:537][  0]LogConfig: Setting CVar [[s.FlushStreamingOnExit:1]]
[2025.04.15-20.56.26:537][  0]LogConfig: Applying CVar settings from Section [/Script/Engine.GarbageCollectionSettings] File [C:/Users/Playeroth/Documents/EscapeTheBackrooms--Mods/MainMod/Saved/Config/Windows/Engine.ini]
[2025.04.15-20.56.26:537][  0]LogConfig: Setting CVar [[gc.MaxObjectsNotConsideredByGC:1]]
[2025.04.15-20.56.26:537][  0]LogConfig: Setting CVar [[gc.SizeOfPermanentObjectPool:0]]
[2025.04.15-20.56.26:537][  0]LogConfig: Setting CVar [[gc.FlushStreamingOnGC:0]]
[2025.04.15-20.56.26:537][  0]LogConfig: Setting CVar [[gc.NumRetriesBeforeForcingGC:10]]
[2025.04.15-20.56.26:537][  0]LogConfig: Setting CVar [[gc.AllowParallelGC:1]]
[2025.04.15-20.56.26:537][  0]LogConfig: Setting CVar [[gc.TimeBetweenPurgingPendingKillObjects:61.1]]
[2025.04.15-20.56.26:537][  0]LogConfig: Setting CVar [[gc.MaxObjectsInEditor:25165824]]
[2025.04.15-20.56.26:537][  0]LogConfig: Setting CVar [[gc.IncrementalBeginDestroyEnabled:1]]
[2025.04.15-20.56.26:537][  0]LogConfig: Setting CVar [[gc.CreateGCClusters:1]]
[2025.04.15-20.56.26:537][  0]LogConfig: Setting CVar [[gc.MinGCClusterSize:5]]
[2025.04.15-20.56.26:537][  0]LogConfig: Setting CVar [[gc.ActorClusteringEnabled:0]]
[2025.04.15-20.56.26:537][  0]LogConfig: Setting CVar [[gc.BlueprintClusteringEnabled:0]]
[2025.04.15-20.56.26:537][  0]LogConfig: Setting CVar [[gc.UseDisregardForGCOnDedicatedServers:0]]
[2025.04.15-20.56.26:537][  0]LogConfig: Setting CVar [[gc.MultithreadedDestructionEnabled:1]]
[2025.04.15-20.56.26:537][  0]LogConfig: Applying CVar settings from Section [/Script/Engine.NetworkSettings] File [C:/Users/Playeroth/Documents/EscapeTheBackrooms--Mods/MainMod/Saved/Config/Windows/Engine.ini]
[2025.04.15-20.56.26:537][  0]LogConfig: Applying CVar settings from Section [/Script/UnrealEd.CookerSettings] File [C:/Users/Playeroth/Documents/EscapeTheBackrooms--Mods/MainMod/Saved/Config/Windows/Engine.ini]
[2025.04.15-20.56.26:570][  0]LogConfig: Applying CVar settings from Section [ViewDistanceQuality@3] File [C:/Users/Playeroth/Documents/EscapeTheBackrooms--Mods/MainMod/Saved/Config/Windows/Scalability.ini]
[2025.04.15-20.56.26:570][  0]LogConfig: Setting CVar [[r.SkeletalMeshLODBias:0]]
[2025.04.15-20.56.26:570][  0]LogConfig: Setting CVar [[r.ViewDistanceScale:1.0]]
[2025.04.15-20.56.26:570][  0]LogConfig: Applying CVar settings from Section [AntiAliasingQuality@3] File [C:/Users/Playeroth/Documents/EscapeTheBackrooms--Mods/MainMod/Saved/Config/Windows/Scalability.ini]
[2025.04.15-20.56.26:570][  0]LogConfig: Setting CVar [[r.PostProcessAAQuality:4]]
[2025.04.15-20.56.26:570][  0]LogConfig: Applying CVar settings from Section [ShadowQuality@3] File [C:/Users/Playeroth/Documents/EscapeTheBackrooms--Mods/MainMod/Saved/Config/Windows/Scalability.ini]
[2025.04.15-20.56.26:570][  0]LogConfig: Setting CVar [[r.LightFunctionQuality:1]]
[2025.04.15-20.56.26:570][  0]LogConfig: Setting CVar [[r.ShadowQuality:5]]
[2025.04.15-20.56.26:570][  0]LogConfig: Setting CVar [[r.Shadow.CSM.MaxCascades:10]]
[2025.04.15-20.56.26:570][  0]LogConfig: Setting CVar [[r.Shadow.MaxResolution:2048]]
[2025.04.15-20.56.26:570][  0]LogConfig: Setting CVar [[r.Shadow.MaxCSMResolution:2048]]
[2025.04.15-20.56.26:570][  0]LogConfig: Setting CVar [[r.Shadow.RadiusThreshold:0.01]]
[2025.04.15-20.56.26:570][  0]LogConfig: Setting CVar [[r.Shadow.DistanceScale:1.0]]
[2025.04.15-20.56.26:571][  0]LogConfig: Setting CVar [[r.Shadow.CSM.TransitionScale:1.0]]
[2025.04.15-20.56.26:571][  0]LogConfig: Setting CVar [[r.Shadow.PreShadowResolutionFactor:1.0]]
[2025.04.15-20.56.26:571][  0]LogConfig: Setting CVar [[r.DistanceFieldShadowing:1]]
[2025.04.15-20.56.26:571][  0]LogConfig: Setting CVar [[r.DistanceFieldAO:1]]
[2025.04.15-20.56.26:571][  0]LogConfig: Setting CVar [[r.AOQuality:2]]
[2025.04.15-20.56.26:571][  0]LogConfig: Setting CVar [[r.VolumetricFog:1]]
[2025.04.15-20.56.26:571][  0]LogConfig: Setting CVar [[r.VolumetricFog.GridPixelSize:8]]
[2025.04.15-20.56.26:571][  0]LogConfig: Setting CVar [[r.VolumetricFog.GridSizeZ:128]]
[2025.04.15-20.56.26:571][  0]LogConfig: Setting CVar [[r.VolumetricFog.HistoryMissSupersampleCount:4]]
[2025.04.15-20.56.26:571][  0]LogConfig: Setting CVar [[r.LightMaxDrawDistanceScale:1]]
[2025.04.15-20.56.26:571][  0]LogConfig: Setting CVar [[r.CapsuleShadows:1]]
[2025.04.15-20.56.26:571][  0]LogConfig: Applying CVar settings from Section [PostProcessQuality@3] File [C:/Users/Playeroth/Documents/EscapeTheBackrooms--Mods/MainMod/Saved/Config/Windows/Scalability.ini]
[2025.04.15-20.56.26:571][  0]LogConfig: Setting CVar [[r.MotionBlurQuality:4]]
[2025.04.15-20.56.26:571][  0]LogConfig: Setting CVar [[r.AmbientOcclusionMipLevelFactor:0.4]]
[2025.04.15-20.56.26:571][  0]LogConfig: Setting CVar [[r.AmbientOcclusionMaxQuality:100]]
[2025.04.15-20.56.26:571][  0]LogConfig: Setting CVar [[r.AmbientOcclusionLevels:-1]]
[2025.04.15-20.56.26:571][  0]LogConfig: Setting CVar [[r.AmbientOcclusionRadiusScale:1.0]]
[2025.04.15-20.56.26:571][  0]LogConfig: Setting CVar [[r.DepthOfFieldQuality:2]]
[2025.04.15-20.56.26:571][  0]LogConfig: Setting CVar [[r.RenderTargetPoolMin:400]]
[2025.04.15-20.56.26:571][  0]LogConfig: Setting CVar [[r.LensFlareQuality:2]]
[2025.04.15-20.56.26:571][  0]LogConfig: Setting CVar [[r.SceneColorFringeQuality:1]]
[2025.04.15-20.56.26:571][  0]LogConfig: Setting CVar [[r.EyeAdaptationQuality:2]]
[2025.04.15-20.56.26:571][  0]LogConfig: Setting CVar [[r.BloomQuality:5]]
[2025.04.15-20.56.26:571][  0]LogConfig: Setting CVar [[r.FastBlurThreshold:100]]
[2025.04.15-20.56.26:571][  0]LogConfig: Setting CVar [[r.Upscale.Quality:3]]
[2025.04.15-20.56.26:571][  0]LogConfig: Setting CVar [[r.Tonemapper.GrainQuantization:1]]
[2025.04.15-20.56.26:571][  0]LogConfig: Setting CVar [[r.LightShaftQuality:1]]
[2025.04.15-20.56.26:571][  0]LogConfig: Setting CVar [[r.Filter.SizeScale:1]]
[2025.04.15-20.56.26:571][  0]LogConfig: Setting CVar [[r.Tonemapper.Quality:5]]
[2025.04.15-20.56.26:571][  0]LogConfig: Setting CVar [[r.DOF.Gather.AccumulatorQuality:1        ; higher gathering accumulator quality]]
[2025.04.15-20.56.26:571][  0]LogConfig: Setting CVar [[r.DOF.Gather.PostfilterMethod:1          ; Median3x3 postfilering method]]
[2025.04.15-20.56.26:571][  0]LogConfig: Setting CVar [[r.DOF.Gather.EnableBokehSettings:0       ; no bokeh simulation when gathering]]
[2025.04.15-20.56.26:571][  0]LogConfig: Setting CVar [[r.DOF.Gather.RingCount:4                 ; medium number of samples when gathering]]
[2025.04.15-20.56.26:571][  0]LogConfig: Setting CVar [[r.DOF.Scatter.ForegroundCompositing:1    ; additive foreground scattering]]
[2025.04.15-20.56.26:571][  0]LogConfig: Setting CVar [[r.DOF.Scatter.BackgroundCompositing:2    ; additive background scattering]]
[2025.04.15-20.56.26:571][  0]LogConfig: Setting CVar [[r.DOF.Scatter.EnableBokehSettings:1      ; bokeh simulation when scattering]]
[2025.04.15-20.56.26:571][  0]LogConfig: Setting CVar [[r.DOF.Scatter.MaxSpriteRatio:0.1         ; only a maximum of 10% of scattered bokeh]]
[2025.04.15-20.56.26:571][  0]LogConfig: Setting CVar [[r.DOF.Recombine.Quality:1                ; cheap slight out of focus]]
[2025.04.15-20.56.26:571][  0]LogConfig: Setting CVar [[r.DOF.Recombine.EnableBokehSettings:0    ; no bokeh simulation on slight out of focus]]
[2025.04.15-20.56.26:571][  0]LogConfig: Setting CVar [[r.DOF.TemporalAAQuality:1                ; more stable temporal accumulation]]
[2025.04.15-20.56.26:571][  0]LogConfig: Setting CVar [[r.DOF.Kernel.MaxForegroundRadius:0.025]]
[2025.04.15-20.56.26:571][  0]LogConfig: Setting CVar [[r.DOF.Kernel.MaxBackgroundRadius:0.025]]
[2025.04.15-20.56.26:571][  0]LogConfig: Applying CVar settings from Section [TextureQuality@3] File [C:/Users/Playeroth/Documents/EscapeTheBackrooms--Mods/MainMod/Saved/Config/Windows/Scalability.ini]
[2025.04.15-20.56.26:571][  0]LogConfig: Setting CVar [[r.Streaming.MipBias:0]]
[2025.04.15-20.56.26:571][  0]LogConfig: Setting CVar [[r.Streaming.AmortizeCPUToGPUCopy:0]]
[2025.04.15-20.56.26:571][  0]LogConfig: Setting CVar [[r.Streaming.MaxNumTexturesToStreamPerFrame:0]]
[2025.04.15-20.56.26:571][  0]LogConfig: Setting CVar [[r.Streaming.Boost:1]]
[2025.04.15-20.56.26:571][  0]LogConfig: Setting CVar [[r.MaxAnisotropy:8]]
[2025.04.15-20.56.26:571][  0]LogConfig: Setting CVar [[r.VT.MaxAnisotropy:8]]
[2025.04.15-20.56.26:571][  0]LogConfig: Setting CVar [[r.Streaming.LimitPoolSizeToVRAM:0]]
[2025.04.15-20.56.26:571][  0]LogConfig: Setting CVar [[r.Streaming.PoolSize:1000]]
[2025.04.15-20.56.26:571][  0]LogConfig: Setting CVar [[r.Streaming.MaxEffectiveScreenSize:0]]
[2025.04.15-20.56.26:571][  0]LogConfig: Applying CVar settings from Section [EffectsQuality@3] File [C:/Users/Playeroth/Documents/EscapeTheBackrooms--Mods/MainMod/Saved/Config/Windows/Scalability.ini]
[2025.04.15-20.56.26:571][  0]LogConfig: Setting CVar [[r.TranslucencyLightingVolumeDim:64]]
[2025.04.15-20.56.26:571][  0]LogConfig: Setting CVar [[r.RefractionQuality:2]]
[2025.04.15-20.56.26:571][  0]LogConfig: Setting CVar [[r.SSR.Quality:3]]
[2025.04.15-20.56.26:572][  0]LogConfig: Setting CVar [[r.SSR.HalfResSceneColor:0]]
[2025.04.15-20.56.26:572][  0]LogConfig: Setting CVar [[r.SceneColorFormat:4]]
[2025.04.15-20.56.26:572][  0]LogConfig: Setting CVar [[r.DetailMode:2]]
[2025.04.15-20.56.26:572][  0]LogConfig: Setting CVar [[r.TranslucencyVolumeBlur:1]]
[2025.04.15-20.56.26:572][  0]LogConfig: Setting CVar [[r.MaterialQualityLevel:1 ; High quality]]
[2025.04.15-20.56.26:572][  0]LogConfig: Setting CVar [[r.AnisotropicMaterials:1]]
[2025.04.15-20.56.26:572][  0]LogConfig: Setting CVar [[r.SSS.Scale:1]]
[2025.04.15-20.56.26:572][  0]LogConfig: Setting CVar [[r.SSS.SampleSet:2]]
[2025.04.15-20.56.26:572][  0]LogConfig: Setting CVar [[r.SSS.Quality:1]]
[2025.04.15-20.56.26:572][  0]LogConfig: Setting CVar [[r.SSS.HalfRes:0]]
[2025.04.15-20.56.26:572][  0]LogConfig: Setting CVar [[r.SSGI.Quality:3]]
[2025.04.15-20.56.26:572][  0]LogConfig: Setting CVar [[r.EmitterSpawnRateScale:1.0]]
[2025.04.15-20.56.26:572][  0]LogConfig: Setting CVar [[r.ParticleLightQuality:2]]
[2025.04.15-20.56.26:572][  0]LogConfig: Setting CVar [[r.SkyAtmosphere.AerialPerspectiveLUT.FastApplyOnOpaque:1 ; Always have FastSkyLUT 1 in this case to avoid wrong sky]]
[2025.04.15-20.56.26:572][  0]LogConfig: Setting CVar [[r.SkyAtmosphere.AerialPerspectiveLUT.SampleCountMaxPerSlice:4]]
[2025.04.15-20.56.26:572][  0]LogConfig: Setting CVar [[r.SkyAtmosphere.AerialPerspectiveLUT.DepthResolution:16.0]]
[2025.04.15-20.56.26:572][  0]LogConfig: Setting CVar [[r.SkyAtmosphere.FastSkyLUT:1]]
[2025.04.15-20.56.26:572][  0]LogConfig: Setting CVar [[r.SkyAtmosphere.FastSkyLUT.SampleCountMin:4.0]]
[2025.04.15-20.56.26:572][  0]LogConfig: Setting CVar [[r.SkyAtmosphere.FastSkyLUT.SampleCountMax:128.0]]
[2025.04.15-20.56.26:572][  0]LogConfig: Setting CVar [[r.SkyAtmosphere.SampleCountMin:4.0]]
[2025.04.15-20.56.26:572][  0]LogConfig: Setting CVar [[r.SkyAtmosphere.SampleCountMax:128.0]]
[2025.04.15-20.56.26:572][  0]LogConfig: Setting CVar [[r.SkyAtmosphere.TransmittanceLUT.UseSmallFormat:0]]
[2025.04.15-20.56.26:572][  0]LogConfig: Setting CVar [[r.SkyAtmosphere.TransmittanceLUT.SampleCount:10.0]]
[2025.04.15-20.56.26:572][  0]LogConfig: Setting CVar [[r.SkyAtmosphere.MultiScatteringLUT.SampleCount:15.0]]
[2025.04.15-20.56.26:572][  0]LogConfig: Setting CVar [[r.SkyLight.RealTimeReflectionCapture:1]]
[2025.04.15-20.56.26:572][  0]LogConfig: Applying CVar settings from Section [FoliageQuality@3] File [C:/Users/Playeroth/Documents/EscapeTheBackrooms--Mods/MainMod/Saved/Config/Windows/Scalability.ini]
[2025.04.15-20.56.26:572][  0]LogConfig: Setting CVar [[foliage.DensityScale:1.0]]
[2025.04.15-20.56.26:572][  0]LogConfig: Setting CVar [[grass.DensityScale:1.0]]
[2025.04.15-20.56.26:572][  0]LogConfig: Applying CVar settings from Section [ShadingQuality@3] File [C:/Users/Playeroth/Documents/EscapeTheBackrooms--Mods/MainMod/Saved/Config/Windows/Scalability.ini]
[2025.04.15-20.56.26:572][  0]LogConfig: Setting CVar [[r.HairStrands.SkyLighting.IntegrationType:2]]
[2025.04.15-20.56.26:572][  0]LogConfig: Setting CVar [[r.HairStrands.SkyAO.SampleCount:4]]
[2025.04.15-20.56.26:572][  0]LogConfig: Setting CVar [[r.HairStrands.Visibility.MSAA.SamplePerPixel:4]]
[2025.04.15-20.56.26:573][  0]LogInit: Selected Device Profile: [Windows]
[2025.04.15-20.56.26:573][  0]LogInit: Applying CVar settings loaded from the selected device profile: [Windows]
[2025.04.15-20.56.26:573][  0]LogHAL: Display: Platform has ~ 16 GB [17045495808 / 17179869184 / 16], which maps to Larger [LargestMinGB=32, LargerMinGB=12, DefaultMinGB=8, SmallerMinGB=6, SmallestMinGB=0)
[2025.04.15-20.56.26:574][  0]LogInit: Going up to parent DeviceProfile []
[2025.04.15-20.56.26:574][  0]LogConfig: Applying CVar settings from Section [ViewDistanceQuality@3] File [C:/Users/Playeroth/Documents/EscapeTheBackrooms--Mods/MainMod/Saved/Config/Windows/Scalability.ini]
[2025.04.15-20.56.26:574][  0]LogConfig: Setting CVar [[r.SkeletalMeshLODBias:0]]
[2025.04.15-20.56.26:574][  0]LogConfig: Setting CVar [[r.ViewDistanceScale:1.0]]
[2025.04.15-20.56.26:574][  0]LogConfig: Applying CVar settings from Section [AntiAliasingQuality@3] File [C:/Users/Playeroth/Documents/EscapeTheBackrooms--Mods/MainMod/Saved/Config/Windows/Scalability.ini]
[2025.04.15-20.56.26:574][  0]LogConfig: Setting CVar [[r.PostProcessAAQuality:4]]
[2025.04.15-20.56.26:574][  0]LogConfig: Applying CVar settings from Section [ShadowQuality@3] File [C:/Users/Playeroth/Documents/EscapeTheBackrooms--Mods/MainMod/Saved/Config/Windows/Scalability.ini]
[2025.04.15-20.56.26:574][  0]LogConfig: Setting CVar [[r.LightFunctionQuality:1]]
[2025.04.15-20.56.26:574][  0]LogConfig: Setting CVar [[r.ShadowQuality:5]]
[2025.04.15-20.56.26:574][  0]LogConfig: Setting CVar [[r.Shadow.CSM.MaxCascades:10]]
[2025.04.15-20.56.26:574][  0]LogConfig: Setting CVar [[r.Shadow.MaxResolution:2048]]
[2025.04.15-20.56.26:574][  0]LogConfig: Setting CVar [[r.Shadow.MaxCSMResolution:2048]]
[2025.04.15-20.56.26:574][  0]LogConfig: Setting CVar [[r.Shadow.RadiusThreshold:0.01]]
[2025.04.15-20.56.26:574][  0]LogConfig: Setting CVar [[r.Shadow.DistanceScale:1.0]]
[2025.04.15-20.56.26:574][  0]LogConfig: Setting CVar [[r.Shadow.CSM.TransitionScale:1.0]]
[2025.04.15-20.56.26:574][  0]LogConfig: Setting CVar [[r.Shadow.PreShadowResolutionFactor:1.0]]
[2025.04.15-20.56.26:574][  0]LogConfig: Setting CVar [[r.DistanceFieldShadowing:1]]
[2025.04.15-20.56.26:574][  0]LogConfig: Setting CVar [[r.DistanceFieldAO:1]]
[2025.04.15-20.56.26:575][  0]LogConfig: Setting CVar [[r.AOQuality:2]]
[2025.04.15-20.56.26:575][  0]LogConfig: Setting CVar [[r.VolumetricFog:1]]
[2025.04.15-20.56.26:575][  0]LogConfig: Setting CVar [[r.VolumetricFog.GridPixelSize:8]]
[2025.04.15-20.56.26:575][  0]LogConfig: Setting CVar [[r.VolumetricFog.GridSizeZ:128]]
[2025.04.15-20.56.26:575][  0]LogConfig: Setting CVar [[r.VolumetricFog.HistoryMissSupersampleCount:4]]
[2025.04.15-20.56.26:575][  0]LogConfig: Setting CVar [[r.LightMaxDrawDistanceScale:1]]
[2025.04.15-20.56.26:575][  0]LogConfig: Setting CVar [[r.CapsuleShadows:1]]
[2025.04.15-20.56.26:575][  0]LogConfig: Applying CVar settings from Section [PostProcessQuality@3] File [C:/Users/Playeroth/Documents/EscapeTheBackrooms--Mods/MainMod/Saved/Config/Windows/Scalability.ini]
[2025.04.15-20.56.26:575][  0]LogConfig: Setting CVar [[r.MotionBlurQuality:4]]
[2025.04.15-20.56.26:575][  0]LogConfig: Setting CVar [[r.AmbientOcclusionMipLevelFactor:0.4]]
[2025.04.15-20.56.26:575][  0]LogConfig: Setting CVar [[r.AmbientOcclusionMaxQuality:100]]
[2025.04.15-20.56.26:575][  0]LogConfig: Setting CVar [[r.AmbientOcclusionLevels:-1]]
[2025.04.15-20.56.26:575][  0]LogConfig: Setting CVar [[r.AmbientOcclusionRadiusScale:1.0]]
[2025.04.15-20.56.26:575][  0]LogConfig: Setting CVar [[r.DepthOfFieldQuality:2]]
[2025.04.15-20.56.26:575][  0]LogConfig: Setting CVar [[r.RenderTargetPoolMin:400]]
[2025.04.15-20.56.26:575][  0]LogConfig: Setting CVar [[r.LensFlareQuality:2]]
[2025.04.15-20.56.26:575][  0]LogConfig: Setting CVar [[r.SceneColorFringeQuality:1]]
[2025.04.15-20.56.26:575][  0]LogConfig: Setting CVar [[r.EyeAdaptationQuality:2]]
[2025.04.15-20.56.26:575][  0]LogConfig: Setting CVar [[r.BloomQuality:5]]
[2025.04.15-20.56.26:575][  0]LogConfig: Setting CVar [[r.FastBlurThreshold:100]]
[2025.04.15-20.56.26:575][  0]LogConfig: Setting CVar [[r.Upscale.Quality:3]]
[2025.04.15-20.56.26:575][  0]LogConfig: Setting CVar [[r.Tonemapper.GrainQuantization:1]]
[2025.04.15-20.56.26:575][  0]LogConfig: Setting CVar [[r.LightShaftQuality:1]]
[2025.04.15-20.56.26:575][  0]LogConfig: Setting CVar [[r.Filter.SizeScale:1]]
[2025.04.15-20.56.26:575][  0]LogConfig: Setting CVar [[r.Tonemapper.Quality:5]]
[2025.04.15-20.56.26:575][  0]LogConfig: Setting CVar [[r.DOF.Gather.AccumulatorQuality:1        ; higher gathering accumulator quality]]
[2025.04.15-20.56.26:575][  0]LogConfig: Setting CVar [[r.DOF.Gather.PostfilterMethod:1          ; Median3x3 postfilering method]]
[2025.04.15-20.56.26:575][  0]LogConfig: Setting CVar [[r.DOF.Gather.EnableBokehSettings:0       ; no bokeh simulation when gathering]]
[2025.04.15-20.56.26:575][  0]LogConfig: Setting CVar [[r.DOF.Gather.RingCount:4                 ; medium number of samples when gathering]]
[2025.04.15-20.56.26:575][  0]LogConfig: Setting CVar [[r.DOF.Scatter.ForegroundCompositing:1    ; additive foreground scattering]]
[2025.04.15-20.56.26:575][  0]LogConfig: Setting CVar [[r.DOF.Scatter.BackgroundCompositing:2    ; additive background scattering]]
[2025.04.15-20.56.26:575][  0]LogConfig: Setting CVar [[r.DOF.Scatter.EnableBokehSettings:1      ; bokeh simulation when scattering]]
[2025.04.15-20.56.26:575][  0]LogConfig: Setting CVar [[r.DOF.Scatter.MaxSpriteRatio:0.1         ; only a maximum of 10% of scattered bokeh]]
[2025.04.15-20.56.26:575][  0]LogConfig: Setting CVar [[r.DOF.Recombine.Quality:1                ; cheap slight out of focus]]
[2025.04.15-20.56.26:575][  0]LogConfig: Setting CVar [[r.DOF.Recombine.EnableBokehSettings:0    ; no bokeh simulation on slight out of focus]]
[2025.04.15-20.56.26:575][  0]LogConfig: Setting CVar [[r.DOF.TemporalAAQuality:1                ; more stable temporal accumulation]]
[2025.04.15-20.56.26:575][  0]LogConfig: Setting CVar [[r.DOF.Kernel.MaxForegroundRadius:0.025]]
[2025.04.15-20.56.26:575][  0]LogConfig: Setting CVar [[r.DOF.Kernel.MaxBackgroundRadius:0.025]]
[2025.04.15-20.56.26:575][  0]LogConfig: Applying CVar settings from Section [TextureQuality@3] File [C:/Users/Playeroth/Documents/EscapeTheBackrooms--Mods/MainMod/Saved/Config/Windows/Scalability.ini]
[2025.04.15-20.56.26:575][  0]LogConfig: Setting CVar [[r.Streaming.MipBias:0]]
[2025.04.15-20.56.26:575][  0]LogConfig: Setting CVar [[r.Streaming.AmortizeCPUToGPUCopy:0]]
[2025.04.15-20.56.26:575][  0]LogConfig: Setting CVar [[r.Streaming.MaxNumTexturesToStreamPerFrame:0]]
[2025.04.15-20.56.26:575][  0]LogConfig: Setting CVar [[r.Streaming.Boost:1]]
[2025.04.15-20.56.26:575][  0]LogConfig: Setting CVar [[r.MaxAnisotropy:8]]
[2025.04.15-20.56.26:575][  0]LogConfig: Setting CVar [[r.VT.MaxAnisotropy:8]]
[2025.04.15-20.56.26:575][  0]LogConfig: Setting CVar [[r.Streaming.LimitPoolSizeToVRAM:0]]
[2025.04.15-20.56.26:575][  0]LogConfig: Setting CVar [[r.Streaming.PoolSize:1000]]
[2025.04.15-20.56.26:575][  0]LogConfig: Setting CVar [[r.Streaming.MaxEffectiveScreenSize:0]]
[2025.04.15-20.56.26:575][  0]LogConfig: Applying CVar settings from Section [EffectsQuality@3] File [C:/Users/Playeroth/Documents/EscapeTheBackrooms--Mods/MainMod/Saved/Config/Windows/Scalability.ini]
[2025.04.15-20.56.26:575][  0]LogConfig: Setting CVar [[r.TranslucencyLightingVolumeDim:64]]
[2025.04.15-20.56.26:575][  0]LogConfig: Setting CVar [[r.RefractionQuality:2]]
[2025.04.15-20.56.26:575][  0]LogConfig: Setting CVar [[r.SSR.Quality:3]]
[2025.04.15-20.56.26:575][  0]LogConfig: Setting CVar [[r.SSR.HalfResSceneColor:0]]
[2025.04.15-20.56.26:575][  0]LogConfig: Setting CVar [[r.SceneColorFormat:4]]
[2025.04.15-20.56.26:575][  0]LogConfig: Setting CVar [[r.DetailMode:2]]
[2025.04.15-20.56.26:575][  0]LogConfig: Setting CVar [[r.TranslucencyVolumeBlur:1]]
[2025.04.15-20.56.26:575][  0]LogConfig: Setting CVar [[r.MaterialQualityLevel:1 ; High quality]]
[2025.04.15-20.56.26:576][  0]LogConfig: Setting CVar [[r.AnisotropicMaterials:1]]
[2025.04.15-20.56.26:576][  0]LogConfig: Setting CVar [[r.SSS.Scale:1]]
[2025.04.15-20.56.26:576][  0]LogConfig: Setting CVar [[r.SSS.SampleSet:2]]
[2025.04.15-20.56.26:576][  0]LogConfig: Setting CVar [[r.SSS.Quality:1]]
[2025.04.15-20.56.26:576][  0]LogConfig: Setting CVar [[r.SSS.HalfRes:0]]
[2025.04.15-20.56.26:576][  0]LogConfig: Setting CVar [[r.SSGI.Quality:3]]
[2025.04.15-20.56.26:576][  0]LogConfig: Setting CVar [[r.EmitterSpawnRateScale:1.0]]
[2025.04.15-20.56.26:576][  0]LogConfig: Setting CVar [[r.ParticleLightQuality:2]]
[2025.04.15-20.56.26:576][  0]LogConfig: Setting CVar [[r.SkyAtmosphere.AerialPerspectiveLUT.FastApplyOnOpaque:1 ; Always have FastSkyLUT 1 in this case to avoid wrong sky]]
[2025.04.15-20.56.26:576][  0]LogConfig: Setting CVar [[r.SkyAtmosphere.AerialPerspectiveLUT.SampleCountMaxPerSlice:4]]
[2025.04.15-20.56.26:576][  0]LogConfig: Setting CVar [[r.SkyAtmosphere.AerialPerspectiveLUT.DepthResolution:16.0]]
[2025.04.15-20.56.26:576][  0]LogConfig: Setting CVar [[r.SkyAtmosphere.FastSkyLUT:1]]
[2025.04.15-20.56.26:576][  0]LogConfig: Setting CVar [[r.SkyAtmosphere.FastSkyLUT.SampleCountMin:4.0]]
[2025.04.15-20.56.26:576][  0]LogConfig: Setting CVar [[r.SkyAtmosphere.FastSkyLUT.SampleCountMax:128.0]]
[2025.04.15-20.56.26:576][  0]LogConfig: Setting CVar [[r.SkyAtmosphere.SampleCountMin:4.0]]
[2025.04.15-20.56.26:576][  0]LogConfig: Setting CVar [[r.SkyAtmosphere.SampleCountMax:128.0]]
[2025.04.15-20.56.26:576][  0]LogConfig: Setting CVar [[r.SkyAtmosphere.TransmittanceLUT.UseSmallFormat:0]]
[2025.04.15-20.56.26:576][  0]LogConfig: Setting CVar [[r.SkyAtmosphere.TransmittanceLUT.SampleCount:10.0]]
[2025.04.15-20.56.26:576][  0]LogConfig: Setting CVar [[r.SkyAtmosphere.MultiScatteringLUT.SampleCount:15.0]]
[2025.04.15-20.56.26:576][  0]LogConfig: Setting CVar [[r.SkyLight.RealTimeReflectionCapture:1]]
[2025.04.15-20.56.26:576][  0]LogConfig: Applying CVar settings from Section [FoliageQuality@3] File [C:/Users/Playeroth/Documents/EscapeTheBackrooms--Mods/MainMod/Saved/Config/Windows/Scalability.ini]
[2025.04.15-20.56.26:576][  0]LogConfig: Setting CVar [[foliage.DensityScale:1.0]]
[2025.04.15-20.56.26:576][  0]LogConfig: Setting CVar [[grass.DensityScale:1.0]]
[2025.04.15-20.56.26:576][  0]LogConfig: Applying CVar settings from Section [ShadingQuality@3] File [C:/Users/Playeroth/Documents/EscapeTheBackrooms--Mods/MainMod/Saved/Config/Windows/Scalability.ini]
[2025.04.15-20.56.26:576][  0]LogConfig: Setting CVar [[r.HairStrands.SkyLighting.IntegrationType:2]]
[2025.04.15-20.56.26:576][  0]LogConfig: Setting CVar [[r.HairStrands.SkyAO.SampleCount:4]]
[2025.04.15-20.56.26:576][  0]LogConfig: Setting CVar [[r.HairStrands.Visibility.MSAA.SamplePerPixel:4]]
[2025.04.15-20.56.26:576][  0]LogConfig: Applying CVar settings from Section [Startup] File [../../../Engine/Config/ConsoleVariables.ini]
[2025.04.15-20.56.26:577][  0]LogConfig: Setting CVar [[net.UseAdaptiveNetUpdateFrequency:0]]
[2025.04.15-20.56.26:577][  0]LogConfig: Setting CVar [[p.chaos.AllowCreatePhysxBodies:1]]
[2025.04.15-20.56.26:577][  0]LogConfig: Setting CVar [[fx.SkipVectorVMBackendOptimizations:1]]
[2025.04.15-20.56.26:577][  0]LogConfig: Applying CVar settings from Section [ConsoleVariables] File [C:/Users/Playeroth/Documents/EscapeTheBackrooms--Mods/MainMod/Saved/Config/Windows/Engine.ini]
[2025.04.15-20.56.26:577][  0]LogConfig: Applying CVar settings from Section [ConsoleVariables] File [C:/Users/Playeroth/Documents/EscapeTheBackrooms--Mods/MainMod/Saved/Config/Windows/Editor.ini]
[2025.04.15-20.56.26:578][  0]LogInit: Computer: DESKTOP-PLAYER
[2025.04.15-20.56.26:578][  0]LogInit: User: Playeroth
[2025.04.15-20.56.26:578][  0]LogInit: CPU Page size=4096, Cores=6
[2025.04.15-20.56.26:578][  0]LogInit: High frequency timer resolution =10.000000 MHz
[2025.04.15-20.56.26:579][  0]LogMemory: Memory total: Physical=15.9GB (16GB approx)
[2025.04.15-20.56.26:579][  0]LogMemory: Platform Memory Stats for Windows
[2025.04.15-20.56.26:579][  0]LogMemory: Process Physical Memory: 149.20 MB used, 149.21 MB peak
[2025.04.15-20.56.26:579][  0]LogMemory: Process Virtual Memory: 126.78 MB used, 126.78 MB peak
[2025.04.15-20.56.26:579][  0]LogMemory: Physical Memory: 12214.99 MB used,  4040.86 MB free, 16255.85 MB total
[2025.04.15-20.56.26:579][  0]LogMemory: Virtual Memory: 134207816.00 MB used,  9915.17 MB free, 134217728.00 MB total
[2025.04.15-20.56.26:588][  0]LogWindows: WindowsPlatformFeatures enabled
[2025.04.15-20.56.26:707][  0]LogInit: Physics initialised using underlying interface: PhysX
[2025.04.15-20.56.26:713][  0]LogInit: Overriding language with editor language configuration option (en).
[2025.04.15-20.56.26:713][  0]LogInit: Overriding language with editor locale configuration option (en).
[2025.04.15-20.56.27:229][  0]LogInit: Setting process to per monitor DPI aware
[2025.04.15-20.56.27:250][  0]LogWindowsTextInputMethodSystem: Display: IME system deactivated.
[2025.04.15-20.56.27:300][  0]LogSlate: New Slate User Created.  User Index 0, Is Virtual User: 0
[2025.04.15-20.56.27:300][  0]LogSlate: Slate User Registered.  User Index 0, Is Virtual User: 0
[2025.04.15-20.56.27:679][  0]LogD3D11RHI: Loaded GFSDK_Aftermath_Lib.x64.dll
[2025.04.15-20.56.27:685][  0]LogHMD: Failed to initialize OpenVR with code 110
[2025.04.15-20.56.27:685][  0]LogD3D11RHI: D3D11 min allowed feature level: 11_0
[2025.04.15-20.56.27:685][  0]LogD3D11RHI: D3D11 max allowed feature level: 11_0
[2025.04.15-20.56.27:685][  0]LogD3D11RHI: D3D11 adapters:
[2025.04.15-20.56.27:768][  0]LogD3D11RHI:    0. 'AMD Radeon RX 580 2048SP' (Feature Level 11_0)
[2025.04.15-20.56.27:768][  0]LogD3D11RHI:       8170/0/8127 MB DedicatedVideo/DedicatedSystem/SharedSystem, Outputs:1, VendorId:0x1002
[2025.04.15-20.56.27:774][  0]LogD3D11RHI:    1. 'Microsoft Basic Render Driver' (Feature Level 11_0)
[2025.04.15-20.56.27:774][  0]LogD3D11RHI:       0/0/8127 MB DedicatedVideo/DedicatedSystem/SharedSystem, Outputs:0, VendorId:0x1414
[2025.04.15-20.56.27:774][  0]LogD3D11RHI: Chosen D3D11 Adapter:
[2025.04.15-20.56.27:774][  0]LogD3D11RHI:     Description : AMD Radeon RX 580 2048SP
[2025.04.15-20.56.27:774][  0]LogD3D11RHI:     VendorId    : 1002
[2025.04.15-20.56.27:775][  0]LogD3D11RHI:     DeviceId    : 6fdf
[2025.04.15-20.56.27:775][  0]LogD3D11RHI:     SubSysId    : b311002
[2025.04.15-20.56.27:775][  0]LogD3D11RHI:     Revision    : 00ef
[2025.04.15-20.56.27:775][  0]LogD3D11RHI:     DedicatedVideoMemory : 8567906304 bytes
[2025.04.15-20.56.27:775][  0]LogD3D11RHI:     DedicatedSystemMemory : 0 bytes
[2025.04.15-20.56.27:775][  0]LogD3D11RHI:     SharedSystemMemory : 8522747904 bytes
[2025.04.15-20.56.27:775][  0]LogD3D11RHI:     AdapterLuid : 0 60967
[2025.04.15-20.56.27:784][  0]LogD3D11RHI: Creating new Direct3DDevice
[2025.04.15-20.56.27:784][  0]LogD3D11RHI:     GPU DeviceId: 0x6fdf (for the marketing name, search the web for "GPU Device Id")
[2025.04.15-20.56.27:784][  0]LogWindows: EnumDisplayDevices:
[2025.04.15-20.56.27:784][  0]LogWindows:    0. 'AMD Radeon RX 580 2048SP' (P:1 D:1)
[2025.04.15-20.56.27:785][  0]LogWindows:    1. 'AMD Radeon RX 580 2048SP' (P:0 D:0)
[2025.04.15-20.56.27:785][  0]LogWindows:    2. 'AMD Radeon RX 580 2048SP' (P:0 D:0)
[2025.04.15-20.56.27:786][  0]LogWindows:    3. 'AMD Radeon RX 580 2048SP' (P:0 D:0)
[2025.04.15-20.56.27:786][  0]LogWindows:    4. 'AMD Radeon RX 580 2048SP' (P:0 D:0)
[2025.04.15-20.56.27:787][  0]LogWindows:    5. 'AMD Radeon RX 580 2048SP' (P:0 D:0)
[2025.04.15-20.56.27:787][  0]LogWindows:    6. 'AMD Radeon RX 580 2048SP' (P:0 D:0)
[2025.04.15-20.56.27:788][  0]LogWindows: DebugString: FoundDriverCount:7 
[2025.04.15-20.56.27:788][  0]LogD3D11RHI:     Adapter Name: AMD Radeon RX 580 2048SP
[2025.04.15-20.56.27:788][  0]LogD3D11RHI:   Driver Version: AMD Software: Adrenalin Edition 24.9.1 (internal:31.0.21921.1000, unified:31.0.21921.1000)
[2025.04.15-20.56.27:788][  0]LogD3D11RHI:      Driver Date: 8-19-2024
[2025.04.15-20.56.27:788][  0]LogRHI: Texture pool is 5182 MB (70% of 7402 MB)
[2025.04.15-20.56.27:836][  0]LogD3D11RHI: Creating D3DDevice with AMD AGS, using adapter:
[2025.04.15-20.56.27:836][  0]LogD3D11RHI:     Description : AMD Radeon RX 580 2048SP
[2025.04.15-20.56.27:836][  0]LogD3D11RHI:     VendorId    : 1002
[2025.04.15-20.56.27:836][  0]LogD3D11RHI:     DeviceId    : 6fdf
[2025.04.15-20.56.27:836][  0]LogD3D11RHI:     SubSysId    : b311002
[2025.04.15-20.56.27:836][  0]LogD3D11RHI:     Revision    : 00ef
[2025.04.15-20.56.27:836][  0]LogD3D11RHI:     DedicatedVideoMemory : 8567906304 bytes
[2025.04.15-20.56.27:836][  0]LogD3D11RHI:     DedicatedSystemMemory : 0 bytes
[2025.04.15-20.56.27:836][  0]LogD3D11RHI:     SharedSystemMemory : 8522747904 bytes
[2025.04.15-20.56.27:836][  0]LogD3D11RHI:     AdapterLuid : 0 60967
[2025.04.15-20.56.27:899][  0]LogD3D11RHI: Created device via AGS, feature level 11_0, supported extensions 1fffffbf.
[2025.04.15-20.56.27:899][  0]LogD3D11RHI: RHI has support for 64 bit atomics
[2025.04.15-20.56.27:899][  0]LogD3D11RHI: Async texture creation enabled
[2025.04.15-20.56.27:899][  0]LogD3D11RHI: Array index from any shader is supported
[2025.04.15-20.56.27:899][  0]LogD3D11RHI: HDR output is supported on display 0 (AMD Device: 0x0, Display: 0x0).
[2025.04.15-20.56.27:946][  0]LogD3D11RHI: GPU Timing Frequency: 25.000000 (Debug: 2 1)
[2025.04.15-20.56.28:505][  0]LogTargetPlatformManager: Display: Loaded TargetPlatform 'AllDesktop'
[2025.04.15-20.56.28:541][  0]LogTargetPlatformManager: Display: Loaded TargetPlatform 'Android'
[2025.04.15-20.56.28:541][  0]LogTargetPlatformManager: Display: Loaded TargetPlatform 'Android_ASTC'
[2025.04.15-20.56.28:541][  0]LogTargetPlatformManager: Display: Loaded TargetPlatform 'Android_DXT'
[2025.04.15-20.56.28:541][  0]LogTargetPlatformManager: Display: Loaded TargetPlatform 'Android_ETC2'
[2025.04.15-20.56.28:541][  0]LogTargetPlatformManager: Display: Loaded TargetPlatform 'AndroidClient'
[2025.04.15-20.56.28:541][  0]LogTargetPlatformManager: Display: Loaded TargetPlatform 'Android_ASTCClient'
[2025.04.15-20.56.28:541][  0]LogTargetPlatformManager: Display: Loaded TargetPlatform 'Android_DXTClient'
[2025.04.15-20.56.28:541][  0]LogTargetPlatformManager: Display: Loaded TargetPlatform 'Android_ETC2Client'
[2025.04.15-20.56.28:541][  0]LogTargetPlatformManager: Display: Loaded TargetPlatform 'Android_Multi'
[2025.04.15-20.56.28:541][  0]LogTargetPlatformManager: Display: Loaded TargetPlatform 'Android_MultiClient'
[2025.04.15-20.56.28:577][  0]LogTargetPlatformManager: Display: Loaded TargetPlatform 'IOSClient'
[2025.04.15-20.56.28:577][  0]LogTargetPlatformManager: Display: Loaded TargetPlatform 'IOS'
[2025.04.15-20.56.28:602][  0]LogTargetPlatformManager: Display: Loaded TargetPlatform 'Linux'
[2025.04.15-20.56.28:611][  0]LogTargetPlatformManager: Display: Loaded TargetPlatform 'LinuxNoEditor'
[2025.04.15-20.56.28:621][  0]LogTargetPlatformManager: Display: Loaded TargetPlatform 'LinuxClient'
[2025.04.15-20.56.28:629][  0]LogTargetPlatformManager: Display: Loaded TargetPlatform 'LinuxServer'
[2025.04.15-20.56.28:645][  0]LogTargetPlatformManager: Display: Loaded TargetPlatform 'LinuxAArch64NoEditor'
[2025.04.15-20.56.28:656][  0]LogTargetPlatformManager: Display: Loaded TargetPlatform 'LinuxAArch64Client'
[2025.04.15-20.56.28:665][  0]LogTargetPlatformManager: Display: Loaded TargetPlatform 'LinuxAArch64Server'
[2025.04.15-20.56.28:705][  0]LogTargetPlatformManager: Display: Loaded TargetPlatform 'Lumin'
[2025.04.15-20.56.28:705][  0]LogTargetPlatformManager: Display: Loaded TargetPlatform 'LuminClient'
[2025.04.15-20.56.28:723][  0]LogTargetPlatformManager: Display: Loaded TargetPlatform 'MacNoEditor'
[2025.04.15-20.56.28:731][  0]LogTargetPlatformManager: Display: Loaded TargetPlatform 'Mac'
[2025.04.15-20.56.28:739][  0]LogTargetPlatformManager: Display: Loaded TargetPlatform 'MacClient'
[2025.04.15-20.56.28:747][  0]LogTargetPlatformManager: Display: Loaded TargetPlatform 'MacServer'
[2025.04.15-20.56.28:762][  0]LogTargetPlatformManager: Display: Loaded TargetPlatform 'TVOSClient'
[2025.04.15-20.56.28:762][  0]LogTargetPlatformManager: Display: Loaded TargetPlatform 'TVOS'
[2025.04.15-20.56.28:778][  0]LogTargetPlatformManager: Display: Loaded TargetPlatform 'WindowsNoEditor'
[2025.04.15-20.56.28:787][  0]LogTargetPlatformManager: Display: Loaded TargetPlatform 'Windows'
[2025.04.15-20.56.28:793][  0]LogTargetPlatformManager: Display: Loaded TargetPlatform 'WindowsClient'
[2025.04.15-20.56.28:802][  0]LogTargetPlatformManager: Display: Loaded TargetPlatform 'WindowsServer'
[2025.04.15-20.56.28:802][  0]LogTargetPlatformManager: Display: Building Assets For Windows
[2025.04.15-20.56.28:817][  0]LogAudioDebug: Display: Lib vorbis DLL was dynamically loaded.
[2025.04.15-20.56.28:891][  0]LogTextureFormatOodle: Display: Oodle Texture 2.9.0 init RDO Off
[2025.04.15-20.56.28:989][  0]LogRendererCore: Ray tracing is disabled. Reason: r.RayTracing=0.
[2025.04.15-20.56.28:992][  0]LogShaderCompilers: Guid format shader working directory is -27 characters bigger than the processId version (../../../../../../Users/Playeroth/Documents/EscapeTheBackrooms--Mods/MainMod/Intermediate/Shaders/WorkingDirectory/13332/).
[2025.04.15-20.56.28:992][  0]LogShaderCompilers: Cleaned the shader compiler working directory 'C:/Users/Playeroth/AppData/Local/Temp/UnrealShaderWorkingDir/DB22E41B48EE8DE3C0E808B66EB84C7E/'.
[2025.04.15-20.56.28:993][  0]LogXGEController: Cannot use XGE Controller as Incredibuild is not installed on this machine.
[2025.04.15-20.56.28:993][  0]LogShaderCompilers: Cannot use XGE Shader Compiler as Incredibuild is not installed on this machine.
[2025.04.15-20.56.28:993][  0]LogShaderCompilers: Display: Using Local Shader Compiler.
[2025.04.15-20.56.30:362][  0]LogDerivedDataCache: Display: Max Cache Size: 512 MB
[2025.04.15-20.56.30:510][  0]LogDerivedDataCache: Loaded boot cache 0.15s 94MB C:/Users/Playeroth/AppData/Local/UnrealEngine/4.27/DerivedDataCache/Boot.ddc.
[2025.04.15-20.56.30:510][  0]LogDerivedDataCache: Display: Loaded Boot cache: C:/Users/Playeroth/AppData/Local/UnrealEngine/4.27/DerivedDataCache/Boot.ddc
[2025.04.15-20.56.30:510][  0]LogDerivedDataCache: FDerivedDataBackendGraph:  Pak pak cache file ../../../../../../Users/Playeroth/Documents/EscapeTheBackrooms--Mods/MainMod/DerivedDataCache/DDC.ddp not found, will not use a pak cache.
[2025.04.15-20.56.30:510][  0]LogDerivedDataCache: Unable to find inner node Pak for hierarchical cache Hierarchy.
[2025.04.15-20.56.30:510][  0]LogDerivedDataCache: FDerivedDataBackendGraph:  CompressedPak pak cache file ../../../../../../Users/Playeroth/Documents/EscapeTheBackrooms--Mods/MainMod/DerivedDataCache/Compressed.ddp not found, will not use a pak cache.
[2025.04.15-20.56.30:510][  0]LogDerivedDataCache: Unable to find inner node CompressedPak for hierarchical cache Hierarchy.
[2025.04.15-20.56.30:542][  0]LogDerivedDataCache: Display: Pak cache opened for reading ../../../Engine/DerivedDataCache/Compressed.ddp.
[2025.04.15-20.56.30:542][  0]LogDerivedDataCache: FDerivedDataBackendGraph:  EnterprisePak pak cache file ../../../Enterprise/DerivedDataCache/Compressed.ddp not found, will not use a pak cache.
[2025.04.15-20.56.30:542][  0]LogDerivedDataCache: Unable to find inner node EnterprisePak for hierarchical cache Hierarchy.
[2025.04.15-20.56.30:567][  0]LogDerivedDataCache: Speed tests for C:/Users/Playeroth/AppData/Local/UnrealEngine/Common/DerivedDataCache took 0.02 seconds
[2025.04.15-20.56.30:567][  0]LogDerivedDataCache: Display: Performance to C:/Users/Playeroth/AppData/Local/UnrealEngine/Common/DerivedDataCache: Latency=0.13ms. RandomReadSpeed=129.58MBs, RandomWriteSpeed=57.19MBs. Assigned SpeedClass 'Local'
[2025.04.15-20.56.30:572][  0]LogDerivedDataCache: Using Local data cache path C:/Users/Playeroth/AppData/Local/UnrealEngine/Common/DerivedDataCache: Writable
[2025.04.15-20.56.30:572][  0]LogDerivedDataCache: Shared data cache path not found in *engine.ini, will not use an Shared cache.
[2025.04.15-20.56.30:572][  0]LogDerivedDataCache: Unable to find inner node Shared for hierarchical cache Hierarchy.
[2025.04.15-20.56.30:652][  0]LogSlate: Using FreeType 2.10.0
[2025.04.15-20.56.30:656][  0]LogSlate: SlateFontServices - WITH_FREETYPE: 1, WITH_HARFBUZZ: 1
[2025.04.15-20.56.30:729][  0]LogAssetRegistry: FAssetRegistry took 0.0122 seconds to start up
[2025.04.15-20.56.31:247][  0]LogCollisionProfile: Warning: ProfileRedirect (EntitiType : EntityType) - New Name ('EntityType') isn't found 
[2025.04.15-20.56.31:360][  0]LogInit: Selected Device Profile: [Windows]
[2025.04.15-20.56.31:361][  0]LogInit: Active device profile: [0000021547BFD100][0000021546F0E280 49] Windows
[2025.04.15-20.56.31:361][  0]LogInit: Profiles: [0000021547BFD100][0000021546F0E280 49] Windows, [0000021547BAA700][0000021546F16400 49] WindowsNoEditor, [0000021547BFE200][0000021546F1A580 49] WindowsServer, [0000021547BA9900][0000021546F1E700 49] WindowsClient, [0000021547BFD700][0000021546F22880 49] IOS, [0000021547BAA900][0000021546F26A00 49] iPadAir, [0000021547BFFC00][0000021546F2AB80 49] iPadAir2, [0000021547B41400][0000021546F12E00 49] IPadPro, [0000021547B41500][0000021546F2EE40 49] iPadAir3, [0000021547BABA00][0000021546F32F80 49] iPadAir4, [0000021547B42300][0000021546F370C0 49] iPadMini2, [0000021547BAB100][0000021546F3F240 49] iPadMini3, [0000021547B42F00][0000021546F433C0 49] iPadMini4, [0000021547BA9E00][0000021546F47540 49] iPadMini5, [0000021547BB1000][0000021546F4F800 49] iPhone6, [0000021547BB1100][0000021546F4B840 49] iPodTouch6, [0000021547BFF900][0000021546F57B00 49] iPhone7, [0000021547BFE900][0000021546F53B40 49] iPodTouch7, [0000021547B41000][0000021546F5A140 49] iPhone5S, [0000021547BFEF00][00000215480222C0 49] iPhone6Plus, [0000021547B43600][0000021548026440 49] iPhone6S, [0000021547BFCC00][000002154802A5C0 49] iPhone6SPlus, [0000021547BFDD00][000002154802E740 49] iPhone7Plus, [0000021547BB0800][00000215480328C0 49] iPhoneSE, [0000021547BFC400][0000021548036A40 49] iPhone8, [0000021547BB0900][000002154803ABC0 49] iPhone8Plus, [0000021547BB2E00][000002154803ED40 49] iPhoneX, [0000021547B41D00][0000021548042EC0 49] iPhoneXS, [0000021547BB2700][0000021546F3B000 49] iPhoneXSMax, [0000021547B41C00][0000021548047140 49] iPhoneXR, [0000021547BB2800][000002154804B280 49] iPhone11, [0000021547B40F00][000002154804F3C0 49] iPhone11Pro, [0000021547BB0B00][0000021548057540 49] iPhone11ProMax, [0000021547B40D00][000002154805B6C0 49] iPhoneSE2, [0000021547BB0E00][000002154805F840 49] iPhone12Mini, [0000021547BFF800][00000215480639C0 49] iPhone12, [0000021547BB3000][0000021548067B40 49] iPhone12Pro, [0000021547BFF700][000002154806A140 49] iPhone12ProMax, [0000021547BB1E00][000002154806E2C0 49] iPadPro105, [0000021547BFD300][0000021548072440 49] iPadPro129, [0000021547BB3E00][00000215480765C0 49] iPadPro97, [0000021547BFDC00][000002154807A740 49] iPadPro2_129, [0000021547BB2000][000002154807E8C0 49] iPad5, [0000021547BFE300][0000021548082A40 49] iPad6, [0000021547BB3B00][0000021548086BC0 49] iPad7, [0000021547BFDE00][000002154808AD40 49] iPad8, [0000021547BB0A00][000002154808EEC0 49] iPadPro11, [0000021547BFE600][0000021548093040 49] iPadPro2_11, [0000021547BB0F00][0000021548053180 49] iPadPro3_129, [0000021547BFE800][00000215480972C0 49] iPadPro4_129, [0000021547BB3C00][000002154809B400 49] AppleTV, [0000021547BFDA00][000002154809F540 49] AppleTV4K, [0000021547BB2600][00000215480A76C0 49] TVOS, [0000021547BFE100][00000215480AB840 49] Mac, [0000021547BB2F00][00000215480AF9C0 49] MacClient, [0000021547BFEA00][00000215480B3B40 49] MacNoEditor, [0000021547BB2C00][00000215480B6140 49] MacServer, [0000021547BFF000][00000215480BA2C0 49] Linux, [0000021547BB0400][00000215480BE440 49] LinuxAArch64, [0000021547BFC700][00000215480C25C0 49] LinuxNoEditor, [0000021547BB3700][00000215480C6740 49] LinuxAArch64NoEditor, [0000021547BFFB00][00000215480CA8C0 49] LinuxClient, [0000021547BB3400][00000215480CEA40 49] LinuxAArch64Client, [0000021547BFFE00][00000215480D2BC0 49] LinuxServer, [0000021547BB0700][00000215480D6D40 49] LinuxAArch64Server, [0000021547BFDF00][00000215480DAEC0 49] Android, [0000021547BB2A00][00000215480DF040 49] Android_Low, [0000021547BFED00][00000215480E31C0 49] Android_Mid, [0000021547BB1F00][00000215480E7340 49] Android_High, [0000021547BFEB00][00000215480A3480 49] Android_Default, [0000021547BB0100][00000215480EB5C0 49] Android_Adreno4xx, [0000021547BFC500][00000215480EF700 49] Android_Adreno5xx_Low, [0000021547BB1400][00000215480F7880 49] Android_Adreno5xx, [0000021547BFF400][00000215480FBA00 49] Android_Adreno6xx, [0000021547BB2300][00000215480FFB80 49] Android_Adreno6xx_Vulkan, [0000021547BFFD00][0000021548102180 49] Android_Mali_T6xx, [0000021547BB0200][0000021548106300 49] Android_Mali_T7xx, [0000021547BFF600][000002154810A480 49] Android_Mali_T8xx, [0000021547BB3200][000002154810E600 49] Android_Mali_G71, [0000021547B43100][0000021548112780 49] Android_Mali_G72, [0000021547BAAF00][0000021548116900 49] Android_Mali_G72_Vulkan, [0000021547B42B00][000002154811AA80 49] Android_Mali_G76, [0000021547BA8500][000002154811EC00 49] Android_Mali_G76_Vulkan, [0000021547B40C00][0000021548122D80 49] Android_Mali_G77, [0000021547BA8600][0000021548126F00 49] Android_Mali_G77_Vulkan, [0000021547B42400][000002154812B080 49] Android_Mali_G78, [0000021547BA8D00][000002154812F200 49] Android_Mali_G78_Vulkan, [0000021547B43D00][0000021548133380 49] Android_Mali_G710, [0000021547BAAB00][0000021548137500 49] Android_Mali_G710_Vulkan, [0000021547B42A00][00000215480F3640 49] Android_Vulkan_SM5, [0000021547BA9A00][000002154813B780 49] Android_PowerVR_G6xxx, [0000021547B40500][000002154813F8C0 49] Android_PowerVR_GT7xxx, [0000021547BA8200][0000021548147A40 49] Android_PowerVR_GE8xxx, [0000021547B43B00][000002154814BBC0 49] Android_PowerVR_GM9xxx, [0000021547BAA100][000002154814E1C0 49] Android_PowerVR_GM9xxx_Vulkan, [0000021547B41F00][0000021548152340 49] Android_TegraK1, [0000021547BA8A00][00000215481564C0 49] Android_Unknown_Vulkan, [0000021547B43900][000002154815A640 49] Lumin, [0000021547BA9100][000002154815E7C0 49] Lumin_Desktop, [0000021547B42000][00000215481BE940 49] HoloLens, 
[2025.04.15-20.56.31:662][  0]LogMeshReduction: Using QuadricMeshReduction for automatic static mesh reduction
[2025.04.15-20.56.31:662][  0]LogMeshReduction: Using SimplygonMeshReduction for automatic skeletal mesh reduction
[2025.04.15-20.56.31:662][  0]LogMeshReduction: Using ProxyLODMeshReduction for automatic mesh merging
[2025.04.15-20.56.31:662][  0]LogMeshReduction: No distributed automatic mesh merging module available
[2025.04.15-20.56.31:663][  0]LogMeshMerging: No distributed automatic mesh merging module available
[2025.04.15-20.56.31:721][  0]LogNetVersion: EscapeTheBackrooms 1.0.0, NetCL: 17155196, EngineNetVer: 17, GameNetVer: 0 (Checksum: 3701509013)
[2025.04.15-20.56.32:738][  0]LogTexture: Default maximum texture size for cubemaps generated from long-lat sources has been changed from 512 to unlimited. In order to preserve old behaiour for '/Engine/MapTemplates/Sky/DaylightAmbientCubemap.DaylightAmbientCubemap', its maximum texture size has been explicitly set to 512.
[2025.04.15-20.56.32:872][  0]LogHMD: PokeAHoleMaterial loaded successfully
[2025.04.15-20.56.32:884][  0]LogUObjectArray: 17178 objects as part of root set at end of initial load.
[2025.04.15-20.56.32:884][  0]LogUObjectAllocator: 4302048 out of 0 bytes used by permanent object pool.
[2025.04.15-20.56.32:884][  0]LogUObjectArray: CloseDisregardForGC: 0/0 objects in disregard for GC pool
[2025.04.15-20.56.33:352][  0]LogNiagaraDebuggerClient: Niagara Debugger Client Initialized | Session: 950668B848DC417AAB8D4E92E81F8165 | Instance: 5A37F2884B4959981AAD07BEECFBCC5D (DESKTOP-PLAYER-13332).
[2025.04.15-20.56.33:479][  0]LogPython: Using Python 3.7.7
[2025.04.15-20.56.34:680][  0]LogTcpMessaging: Initializing TcpMessaging bridge
[2025.04.15-20.56.34:706][  0]LogUdpMessaging: Initializing bridge on interface 0.0.0.0:0 to multicast group 230.0.0.1:6666.
[2025.04.15-20.56.35:031][  0]LogSteamShared: Display: Loading Steam SDK 1.51
[2025.04.15-20.56.35:035][  0]LogSteamShared: Steam SDK Loaded!
[2025.04.15-20.56.35:503][  0]SourceControl: Source control is disabled
[2025.04.15-20.56.35:503][  0]SourceControl: Source control is disabled
[2025.04.15-20.56.35:514][  0]SourceControl: Source control is disabled
[2025.04.15-20.56.35:527][  0]SourceControl: Source control is disabled
[2025.04.15-20.56.35:541][  0]SourceControl: Source control is disabled
[2025.04.15-20.56.35:552][  0]LogUProjectInfo: Found projects:
[2025.04.15-20.56.35:893][  0]LogOpenImageDenoise: OIDN starting up
[2025.04.15-20.56.36:033][  0]LogAndroidPermission: UAndroidPermissionCallbackProxy::GetInstance
[2025.04.15-20.56.36:087][  0]LogAudioCaptureCore: Display: No Audio Capture implementations found. Audio input will be silent.
[2025.04.15-20.56.36:088][  0]LogAudioCaptureCore: Display: No Audio Capture implementations found. Audio input will be silent.
[2025.04.15-20.56.36:523][  0]LogOcInput: OculusInput pre-init called
[2025.04.15-20.56.36:833][  0]LogCollectionManager: Loaded 0 collections in 0.002023 seconds
[2025.04.15-20.56.37:024][  0]LogFileCache: Scanning file cache for directory 'C:/Users/Playeroth/Documents/EscapeTheBackrooms--Mods/MainMod/Saved/Collections/' took 0.00s
[2025.04.15-20.56.37:025][  0]LogFileCache: Scanning file cache for directory 'C:/Users/Playeroth/Documents/EscapeTheBackrooms--Mods/MainMod/Content/Developers/Playeroth/Collections/' took 0.00s
[2025.04.15-20.56.37:025][  0]LogFileCache: Scanning file cache for directory 'C:/Users/Playeroth/Documents/EscapeTheBackrooms--Mods/MainMod/Content/Collections/' took 0.00s
[2025.04.15-20.56.37:025][  0]LogClass: Display: BoolProperty FBPSteamGroupOfficer::bIsOwner is not initialized properly. Module:AdvancedSteamSessions File:Classes/SteamRequestGroupOfficersCallbackProxy.h
[2025.04.15-20.56.37:025][  0]LogClass: Display: IntProperty FBPSteamGroupInfo::numOnline is not initialized properly. Module:AdvancedSteamSessions File:Classes/AdvancedSteamFriendsLibrary.h
[2025.04.15-20.56.37:025][  0]LogClass: Display: IntProperty FBPSteamGroupInfo::numInGame is not initialized properly. Module:AdvancedSteamSessions File:Classes/AdvancedSteamFriendsLibrary.h
[2025.04.15-20.56.37:025][  0]LogClass: Display: IntProperty FBPSteamGroupInfo::numChatting is not initialized properly. Module:AdvancedSteamSessions File:Classes/AdvancedSteamFriendsLibrary.h
[2025.04.15-20.56.37:039][  0]LogClass: Display: 4 Uninitialized script struct members found including 0 object properties
[2025.04.15-20.56.37:050][  0]LogEngine: Initializing Engine...
[2025.04.15-20.56.37:062][  0]LogHMD: Failed to enumerate extensions. Please check that you have a valid OpenXR runtime installed.
[2025.04.15-20.56.37:062][  0]LogHMD: Failed to initialize OpenVR with code 110
[2025.04.15-20.56.37:063][  0]LogMagicLeap: Warning: VR disabled because ZI is not enabled.  To enable, in the editor, Edit -> Project Settings -> Plugins -> Magic Leap Plugin -> Enable Zero Iteration
[2025.04.15-20.56.37:070][  0]LogStats: UGameplayTagsManager::InitializeManager -  0.003 s
[2025.04.15-20.56.37:320][  0]LogInit: Initializing FReadOnlyCVARCache
[2025.04.15-20.56.37:375][  0]LogAIModule: Creating AISystem for world Untitled
[2025.04.15-20.56.37:386][  0]LogAudio: Display: Initializing Audio Device Manager...
[2025.04.15-20.56.37:392][  0]LogAudio: Display: Loading Default Audio Settings Objects...
[2025.04.15-20.56.37:394][  0]LogAudio: Display: No default SoundConcurrencyObject specified (or failed to load).
[2025.04.15-20.56.37:397][  0]LogAudio: Display: Audio Device Manager Initialized
[2025.04.15-20.56.37:397][  0]LogAudio: Display: Creating Audio Device:                 Id: 1, Scope: Shared, Realtime: True
[2025.04.15-20.56.37:398][  0]LogAudioMixer: Display: Audio Mixer Platform Settings:
[2025.04.15-20.56.37:398][  0]LogAudioMixer: Display: 	Sample Rate:						  48000
[2025.04.15-20.56.37:398][  0]LogAudioMixer: Display: 	Callback Buffer Frame Size Requested: 1024
[2025.04.15-20.56.37:398][  0]LogAudioMixer: Display: 	Callback Buffer Frame Size To Use:	  1024
[2025.04.15-20.56.37:398][  0]LogAudioMixer: Display: 	Number of buffers to queue:			  2
[2025.04.15-20.56.37:398][  0]LogAudioMixer: Display: 	Max Channels (voices):				  32
[2025.04.15-20.56.37:398][  0]LogAudioMixer: Display: 	Number of Async Source Workers:		  0
[2025.04.15-20.56.37:398][  0]LogAudio: Display: AudioDevice MaxSources: 32
[2025.04.15-20.56.37:402][  0]LogAudio: Display: Audio Spatialization Plugin: None (built-in).
[2025.04.15-20.56.37:402][  0]LogAudio: Display: Audio Reverb Plugin: None (built-in).
[2025.04.15-20.56.37:402][  0]LogAudio: Display: Audio Occlusion Plugin: None (built-in).
[2025.04.15-20.56.37:402][  0]LogAudioMixer: Display: Initializing audio mixer.
[2025.04.15-20.56.37:431][  0]LogAudioMixer: Display: 0: FrontLeft
[2025.04.15-20.56.37:431][  0]LogAudioMixer: Display: 1: FrontRight
[2025.04.15-20.56.37:467][  0]LogAudioMixer: Display: Using Audio Device Alto-falantes (Realtek High Definition Audio)
[2025.04.15-20.56.37:473][  0]LogAudioMixer: Display: Initializing Sound Submixes...
[2025.04.15-20.56.37:477][  0]LogAudioMixer: Display: Creating Master Submix 'MasterSubmixDefault'
[2025.04.15-20.56.37:477][  0]LogAudioMixer: Display: Creating Master Submix 'MasterReverbSubmixDefault'
[2025.04.15-20.56.37:479][  0]LogAudioMixer: Display: Creating Master Submix 'MasterEQSubmixDefault'
[2025.04.15-20.56.37:480][  0]LogAudioMixer: FMixerPlatformXAudio2::StartAudioStream() called
[2025.04.15-20.56.37:480][  0]LogAudioMixer: Display: Output buffers initialized: Frames=1024, Channels=2, Samples=2048
[2025.04.15-20.56.37:482][  0]LogAudioMixer: Display: Starting AudioMixerPlatformInterface::RunInternal()
[2025.04.15-20.56.37:482][  0]LogAudioMixer: Display: FMixerPlatformXAudio2::SubmitBuffer() called for the first time
[2025.04.15-20.56.37:482][  0]LogInit: FAudioDevice initialized.
[2025.04.15-20.56.37:483][  0]LogAudio: Display: Audio Device (ID: 1) registered with world 'Untitled'.
[2025.04.15-20.56.37:484][  0]LogNetVersion: Set ProjectVersion to 1.0.0.0. Version Checksum will be recalculated on next use.
[2025.04.15-20.56.37:550][  0]LogDerivedDataCache: Saved boot cache 0.07s 94MB C:/Users/Playeroth/AppData/Local/UnrealEngine/4.27/DerivedDataCache/Boot.ddc.
[2025.04.15-20.56.37:551][  0]LogInit: Texture streaming: Enabled
[2025.04.15-20.56.37:574][  0]LogAnalytics: Display: [UEEditor.Rocket.Release] APIServer = https://datarouter.ol.epicgames.com/. AppVersion = 4.27.2-18319896+++UE4+Release-4.27
[2025.04.15-20.56.37:581][  0]LogEngineSessionManager: EngineSessionManager initialized
[2025.04.15-20.56.37:581][  0]LogEditorSessionSummary: Verbose: Initializing EditorSessionSummaryWriter for editor session tracking
[2025.04.15-20.56.37:584][  0]LogEditorSessionSummary: EditorSessionSummaryWriter initialized
[2025.04.15-20.56.37:659][  0]LogInit: Transaction tracking system initialized
[2025.04.15-20.56.37:725][  0]BlueprintLog: New page: Editor Load
[2025.04.15-20.56.37:902][  0]LocalizationService: Localization service is disabled
[2025.04.15-20.56.37:965][  0]TimingProfiler: Initialize
[2025.04.15-20.56.37:967][  0]TimingProfiler: OnSessionChanged
[2025.04.15-20.56.37:968][  0]LoadingProfiler: Initialize
[2025.04.15-20.56.37:968][  0]LoadingProfiler: OnSessionChanged
[2025.04.15-20.56.37:968][  0]NetworkingProfiler: Initialize
[2025.04.15-20.56.37:969][  0]NetworkingProfiler: OnSessionChanged
[2025.04.15-20.56.37:969][  0]MemoryProfiler: Initialize
[2025.04.15-20.56.37:969][  0]MemoryProfiler: OnSessionChanged
[2025.04.15-20.56.38:252][  0]LogCook: Display: CookSettings for Memory: MemoryMaxUsedVirtual 0MiB, MemoryMaxUsedPhysical 16384MiB, MemoryMinFreeVirtual 0MiB, MemoryMinFreePhysical 1024MiB
[2025.04.15-20.56.38:253][  0]LogCook: Display: Mobile HDR setting 1
[2025.04.15-20.56.38:676][  0]LogFileCache: Scanning file cache for directory 'C:/Users/Playeroth/Documents/EscapeTheBackrooms--Mods/MainMod/Content/' took 0.09s
[2025.04.15-20.56.38:989][  0]LogInit: Display: Engine is initialized. Leaving FEngineLoop::Init()
[2025.04.15-20.56.39:000][  0]SourceControl: Source control is disabled
[2025.04.15-20.56.39:000][  0]LogUnrealEdMisc: Loading editor; pre map load, took 95.863
[2025.04.15-20.56.39:002][  0]Cmd: MAP LOAD FILE="../../../Engine/Content/Maps/Templates/Template_Default.umap" TEMPLATE=1 SHOWPROGRESS=1 FEATURELEVEL=3
[2025.04.15-20.56.39:004][  0]LightingResults: New page: Lighting Build
[2025.04.15-20.56.39:016][  0]LogWorld: UWorld::CleanupWorld for Untitled, bSessionEnded=true, bCleanupResources=true
[2025.04.15-20.56.39:018][  0]LogSlate: InvalidateAllWidgets triggered.  All widgets were invalidated
[2025.04.15-20.56.39:023][  0]MapCheck: New page: Map Check
[2025.04.15-20.56.39:023][  0]LightingResults: New page: Lighting Build
[2025.04.15-20.56.39:044][  0]LogAudio: Display: Audio Device unregistered from world 'None'.
[2025.04.15-20.56.39:066][  0]LogUObjectHash: Compacting FUObjectHashTables data took   1.86ms
[2025.04.15-20.56.39:178][  0]LogTexture: Display: Building textures: DeprecatedTextureEB9CBE3C423008B5E8E130901E171C89 (BGRA8, 128X128)
[2025.04.15-20.56.39:196][  0]LogAudio: Display: Audio Device (ID: 1) registered with world 'Untitled_1'.
[2025.04.15-20.56.39:198][  0]LogAIModule: Creating AISystem for world Untitled_1
[2025.04.15-20.56.39:241][  0]LogEditorServer: Finished looking for orphan Actors (0.000 secs)
[2025.04.15-20.56.39:262][  0]LogUObjectHash: Compacting FUObjectHashTables data took   1.43ms
[2025.04.15-20.56.39:264][  0]Cmd: MAP CHECKDEP NOCLEARLOG
[2025.04.15-20.56.39:264][  0]MapCheck: Map check complete: 0 Error(s), 0 Warning(s), took 0.559ms to complete.
[2025.04.15-20.56.39:265][  0]LogFileHelpers: Loading map 'Template_Default' took 0.264
[2025.04.15-20.56.39:314][  0]LogUnrealEdMisc: Total Editor Startup Time, took 96.178
[2025.04.15-20.56.39:520][  0]LogSlate: Updating window title bar state: overlay mode, drag disabled, window buttons hidden, title bar hidden
[2025.04.15-20.56.39:533][  0]LogSlate: Updating window title bar state: overlay mode, drag disabled, window buttons hidden, title bar hidden
[2025.04.15-20.56.39:540][  0]LogSlate: Updating window title bar state: overlay mode, drag disabled, window buttons hidden, title bar hidden
[2025.04.15-20.56.39:553][  0]LogSlate: Updating window title bar state: overlay mode, drag disabled, window buttons hidden, title bar hidden
[2025.04.15-20.56.39:597][  0]LogNativeClassHierarchy: Verbose: Native class hierarchy populated in 0.0155 seconds. Added 3851 classes and 938 folders.
[2025.04.15-20.56.39:614][  0]LogNativeClassHierarchy: Verbose: Native class hierarchy updated for 'WidgetCarousel' in 0.0007 seconds. Added 0 classes and 0 folders.
[2025.04.15-20.56.39:621][  0]LogNativeClassHierarchy: Verbose: Native class hierarchy updated for 'AddContentDialog' in 0.0004 seconds. Added 0 classes and 0 folders.
[2025.04.15-20.56.39:625][  0]LogNativeClassHierarchy: Verbose: Native class hierarchy updated for 'SceneOutliner' in 0.0003 seconds. Added 2 classes and 0 folders.
[2025.04.15-20.56.39:710][  0]LogSlate: Took 0.000848 seconds to synchronously load lazily loaded font '../../../Engine/Content/Slate/Fonts/Roboto-Regular.ttf' (155K)
[2025.04.15-20.56.39:713][  0]LogSlate: Took 0.000745 seconds to synchronously load lazily loaded font '../../../Engine/Content/Editor/Slate/Fonts/FontAwesome.ttf' (139K)
[2025.04.15-20.56.39:716][  0]LogSlate: Took 0.000900 seconds to synchronously load lazily loaded font '../../../Engine/Content/Slate/Fonts/Roboto-Bold.ttf' (160K)
[2025.04.15-20.56.39:893][  0]LogRenderer: Reallocating scene render targets to support 1208x560 Format 10 NumSamples 1 (Frame:1).
[2025.04.15-20.56.40:091][  0]LogNativeClassHierarchy: Verbose: Native class hierarchy updated for 'HierarchicalLODOutliner' in 0.0003 seconds. Added 0 classes and 0 folders.
[2025.04.15-20.56.40:091][  0]LogLoad: (Engine Initialization) Total time: 96.95 seconds
[2025.04.15-20.56.40:091][  0]LogLoad: (Engine Initialization) Total Blueprint compile time: 0.00 seconds
[2025.04.15-20.56.40:172][  0]LogContentStreaming: Texture pool size now 1000 MB
[2025.04.15-20.56.40:305][  2]LogAssetRegistry: Asset discovery search completed in 9.5831 seconds
[2025.04.15-20.56.40:320][  2]LogCollectionManager: Fixed up redirectors for 0 collections in 0.000004 seconds (updated 0 objects)
[2025.04.15-20.56.40:340][  2]LogSlate: Took 0.000790 seconds to synchronously load lazily loaded font '../../../Engine/Content/Slate/Fonts/Roboto-Light.ttf' (167K)
[2025.04.15-21.04.09:579][586]LogUObjectHash: Compacting FUObjectHashTables data took   0.73ms
[2025.04.15-21.04.09:653][586]LogSlate: Window 'EscapeTheBackrooms - Unreal Editor' being destroyed
[2025.04.15-21.04.09:812][587]Cmd: QUIT_EDITOR
[2025.04.15-21.04.09:812][587]LogCore: Engine exit requested (reason: UUnrealEdEngine::CloseEditor())
[2025.04.15-21.04.09:817][587]LogCore: Engine exit requested (reason: EngineExit() was called; note: exit was already requested)
[2025.04.15-21.04.09:824][587]LogAudio: Display: Beginning Audio Device Manager Shutdown (Module: AudioMixerXAudio2)...
[2025.04.15-21.04.09:824][587]LogAudio: Display: Destroying 1 Remaining Audio Device(s)...
[2025.04.15-21.04.09:825][587]LogAudio: Display: Audio Device unregistered from world 'Untitled_1'.
[2025.04.15-21.04.09:827][587]LogAudioMixer: FMixerPlatformXAudio2::StopAudioStream() called
[2025.04.15-21.04.09:829][587]LogAudioMixer: FMixerPlatformXAudio2::StopAudioStream() called
[2025.04.15-21.04.09:834][587]LogAudio: Display: Audio Device Manager Shutdown
[2025.04.15-21.04.09:838][587]LogWindowsTextInputMethodSystem: Display: IME system deactivated.
[2025.04.15-21.04.09:841][587]LogExit: Preparing to exit.
[2025.04.15-21.04.09:950][587]LogUObjectHash: Compacting FUObjectHashTables data took   0.74ms
[2025.04.15-21.04.10:108][587]LogDemo: Cleaned up 0 splitscreen connections with owner deletion
[2025.04.15-21.04.10:128][587]LogWorld: UWorld::CleanupWorld for None, bSessionEnded=true, bCleanupResources=true
[2025.04.15-21.04.10:129][587]LogExit: Editor shut down
[2025.04.15-21.04.10:129][587]LogExit: Transaction tracking system shut down
[2025.04.15-21.04.10:499][587]LogExit: Object subsystem successfully closed.
[2025.04.15-21.04.10:515][587]LogShaderCompilers: Display: === FShaderJobCache stats ===
[2025.04.15-21.04.10:515][587]LogShaderCompilers: Display: Total job queries 0, among them cache hits 0 (0.00%)
[2025.04.15-21.04.10:515][587]LogShaderCompilers: Display: Tracking 0 distinct input hashes that result in 0 distinct outputs (0.00%)
[2025.04.15-21.04.10:515][587]LogShaderCompilers: Display: RAM used: 0.00 MB (0.00 GB) of 819.20 MB (0.80 GB) budget. Usage: 0.00%
[2025.04.15-21.04.10:515][587]LogShaderCompilers: Display: ================================================
[2025.04.15-21.04.10:535][587]LogShaderCompilers: Display: Shaders left to compile 0
[2025.04.15-21.04.10:613][587]LogModuleManager: Shutting down and abandoning module HierarchicalLODOutliner (878)
[2025.04.15-21.04.10:613][587]LogModuleManager: Shutting down and abandoning module SceneOutliner (876)
[2025.04.15-21.04.10:613][587]LogModuleManager: Shutting down and abandoning module AddContentDialog (874)
[2025.04.15-21.04.10:615][587]LogModuleManager: Shutting down and abandoning module WidgetCarousel (873)
[2025.04.15-21.04.10:615][587]LogModuleManager: Shutting down and abandoning module EditorWidgets (870)
[2025.04.15-21.04.10:615][587]LogModuleManager: Shutting down and abandoning module StatsViewer (868)
[2025.04.15-21.04.10:616][587]LogModuleManager: Shutting down and abandoning module PIEPreviewDeviceProfileSelector (866)
[2025.04.15-21.04.10:616][587]LogModuleManager: Shutting down and abandoning module SequenceRecorderSections (864)
[2025.04.15-21.04.10:616][587]LogModuleManager: Shutting down and abandoning module AutomationWorker (862)
[2025.04.15-21.04.10:616][587]LogModuleManager: Shutting down and abandoning module SteamVREditor (860)
[2025.04.15-21.04.10:617][587]LogModuleManager: Shutting down and abandoning module OculusMR (858)
[2025.04.15-21.04.10:617][587]LogModuleManager: Shutting down and abandoning module TextureAlignMode (856)
[2025.04.15-21.04.10:617][587]LogModuleManager: Shutting down and abandoning module BspMode (854)
[2025.04.15-21.04.10:617][587]LogModuleManager: Shutting down and abandoning module GeometryMode (852)
[2025.04.15-21.04.10:617][587]LogModuleManager: Shutting down and abandoning module TakeRecorderSources (850)
[2025.04.15-21.04.10:619][587]LogModuleManager: Shutting down and abandoning module TakeRecorder (849)
[2025.04.15-21.04.10:619][587]LogModuleManager: Shutting down and abandoning module TakeTrackRecorders (846)
[2025.04.15-21.04.10:620][587]LogModuleManager: Shutting down and abandoning module TakesCore (844)
[2025.04.15-21.04.10:620][587]LogModuleManager: Shutting down and abandoning module OpenXRInput (842)
[2025.04.15-21.04.10:620][587]LogModuleManager: Shutting down and abandoning module GooglePADEditor (840)
[2025.04.15-21.04.10:620][587]LogModuleManager: Shutting down and abandoning module AudioCaptureEditor (838)
[2025.04.15-21.04.10:620][587]LogModuleManager: Shutting down and abandoning module MediaCompositingEditor (836)
[2025.04.15-21.04.10:622][587]LogModuleManager: Shutting down and abandoning module SequenceRecorder (835)
[2025.04.15-21.04.10:622][587]LogModuleManager: Shutting down and abandoning module WmfMediaFactory (832)
[2025.04.15-21.04.10:622][587]LogModuleManager: Shutting down and abandoning module WmfMediaEditor (830)
[2025.04.15-21.04.10:622][587]LogModuleManager: Shutting down and abandoning module WebMMediaFactory (828)
[2025.04.15-21.04.10:623][587]LogModuleManager: Shutting down and abandoning module WebMMediaEditor (826)
[2025.04.15-21.04.10:623][587]LogModuleManager: Shutting down and abandoning module WebMMedia (824)
[2025.04.15-21.04.10:623][587]LogModuleManager: Shutting down and abandoning module MediaPlayerEditor (822)
[2025.04.15-21.04.10:624][587]LogModuleManager: Shutting down and abandoning module TemplateSequenceEditor (820)
[2025.04.15-21.04.10:624][587]LogModuleManager: Shutting down and abandoning module MatineeToLevelSequence (818)
[2025.04.15-21.04.10:625][587]LogModuleManager: Shutting down and abandoning module LevelSequenceEditor (816)
[2025.04.15-21.04.10:626][587]LogModuleManager: Shutting down and abandoning module ActorSequenceEditor (814)
[2025.04.15-21.04.10:626][587]LogModuleManager: Shutting down and abandoning module OpenExrWrapper (812)
[2025.04.15-21.04.10:626][587]LogModuleManager: Shutting down and abandoning module ImgMediaFactory (810)
[2025.04.15-21.04.10:626][587]LogModuleManager: Shutting down and abandoning module ImgMediaEditor (808)
[2025.04.15-21.04.10:626][587]LogModuleManager: Shutting down and abandoning module AndroidMediaFactory (806)
[2025.04.15-21.04.10:626][587]LogModuleManager: Shutting down and abandoning module AndroidMediaEditor (804)
[2025.04.15-21.04.10:626][587]LogModuleManager: Shutting down and abandoning module AvfMediaFactory (802)
[2025.04.15-21.04.10:626][587]LogModuleManager: Shutting down and abandoning module AvfMediaEditor (800)
[2025.04.15-21.04.10:626][587]LogModuleManager: Shutting down and abandoning module MagicLeapMediaCodecFactory (798)
[2025.04.15-21.04.10:626][587]LogModuleManager: Shutting down and abandoning module MagicLeapMediaFactory (796)
[2025.04.15-21.04.10:626][587]LogModuleManager: Shutting down and abandoning module MagicLeapMediaEditor (794)
[2025.04.15-21.04.10:626][587]LogModuleManager: Shutting down and abandoning module PlanarCut (792)
[2025.04.15-21.04.10:627][587]LogModuleManager: Shutting down and abandoning module CharacterAI (790)
[2025.04.15-21.04.10:627][587]LogModuleManager: Shutting down and abandoning module CameraShakePreviewer (788)
[2025.04.15-21.04.10:628][587]LogModuleManager: Shutting down and abandoning module SmartSnapping (786)
[2025.04.15-21.04.10:628][587]LogModuleManager: Shutting down and abandoning module SessionServices (784)
[2025.04.15-21.04.10:628][587]LogModuleManager: Shutting down and abandoning module MeshPaint (782)
[2025.04.15-21.04.10:629][587]LogModuleManager: Shutting down and abandoning module VirtualTexturingEditor (780)
[2025.04.15-21.04.10:629][587]LogModuleManager: Shutting down and abandoning module FoliageEdit (778)
[2025.04.15-21.04.10:630][587]LogModuleManager: Shutting down and abandoning module LandscapeEditor (776)
[2025.04.15-21.04.10:631][587]LogModuleManager: Shutting down and abandoning module MeshPaintMode (774)
[2025.04.15-21.04.10:631][587]LogModuleManager: Shutting down and abandoning module SceneDepthPickerMode (772)
[2025.04.15-21.04.10:631][587]LogModuleManager: Shutting down and abandoning module ActorPickerMode (770)
[2025.04.15-21.04.10:631][587]LogModuleManager: Shutting down and abandoning module PlacementMode (768)
[2025.04.15-21.04.10:631][587]LogModuleManager: Shutting down and abandoning module ViewportSnapping (766)
[2025.04.15-21.04.10:631][587]LogModuleManager: Shutting down and abandoning module ViewportInteraction (764)
[2025.04.15-21.04.10:631][587]LogModuleManager: Shutting down and abandoning module ClothPainter (762)
[2025.04.15-21.04.10:632][587]LogModuleManager: Shutting down and abandoning module SkeletalMeshEditor (761)
[2025.04.15-21.04.10:633][587]LogModuleManager: Shutting down and abandoning module LogVisualizer (758)
[2025.04.15-21.04.10:634][587]LogModuleManager: Shutting down and abandoning module IntroTutorials (756)
[2025.04.15-21.04.10:634][587]LogModuleManager: Shutting down and abandoning module GameProjectGeneration (755)
[2025.04.15-21.04.10:634][587]LogModuleManager: Shutting down and abandoning module LuminPlatformEditor (752)
[2025.04.15-21.04.10:634][587]LogModuleManager: Shutting down and abandoning module IOSPlatformEditor (750)
[2025.04.15-21.04.10:635][587]LogModuleManager: Shutting down and abandoning module AndroidPlatformEditor (748)
[2025.04.15-21.04.10:635][587]LogModuleManager: Shutting down and abandoning module AndroidDeviceDetection (747)
[2025.04.15-21.04.11:391][587]LogModuleManager: Shutting down and abandoning module WindowsPlatformEditor (744)
[2025.04.15-21.04.11:391][587]LogModuleManager: Shutting down and abandoning module LuminRuntimeSettings (742)
[2025.04.15-21.04.11:391][587]LogModuleManager: Shutting down and abandoning module IOSRuntimeSettings (740)
[2025.04.15-21.04.11:391][587]LogModuleManager: Shutting down and abandoning module AndroidRuntimeSettings (738)
[2025.04.15-21.04.11:391][587]LogModuleManager: Shutting down and abandoning module TraceInsights (736)
[2025.04.15-21.04.11:394][587]MemoryProfiler: Shutdown
[2025.04.15-21.04.11:394][587]NetworkingProfiler: Shutdown
[2025.04.15-21.04.11:394][587]LoadingProfiler: Shutdown
[2025.04.15-21.04.11:394][587]TimingProfiler: Shutdown
[2025.04.15-21.04.11:395][587]LogModuleManager: Shutting down and abandoning module TraceServices (735)
[2025.04.15-21.04.11:396][587]LogModuleManager: Shutting down and abandoning module EditorInteractiveToolsFramework (732)
[2025.04.15-21.04.11:396][587]LogModuleManager: Shutting down and abandoning module TimeManagementEditor (730)
[2025.04.15-21.04.11:396][587]LogModuleManager: Shutting down and abandoning module InputBindingEditor (728)
[2025.04.15-21.04.11:397][587]LogModuleManager: Shutting down and abandoning module MergeActors (726)
[2025.04.15-21.04.11:397][587]LogModuleManager: Shutting down and abandoning module LocalizationDashboard (724)
[2025.04.15-21.04.11:398][587]LogModuleManager: Shutting down and abandoning module LocalizationService (723)
[2025.04.15-21.04.11:398][587]LogModuleManager: Shutting down and abandoning module HardwareTargeting (720)
[2025.04.15-21.04.11:398][587]LogModuleManager: Shutting down and abandoning module DeviceProfileEditor (718)
[2025.04.15-21.04.11:398][587]LogModuleManager: Shutting down and abandoning module UndoHistory (716)
[2025.04.15-21.04.11:398][587]LogModuleManager: Shutting down and abandoning module XmlParser (714)
[2025.04.15-21.04.11:399][587]LogModuleManager: Shutting down and abandoning module Blutility (712)
[2025.04.15-21.04.11:399][587]LogModuleManager: Shutting down and abandoning module ProjectSettingsViewer (710)
[2025.04.15-21.04.11:399][587]LogModuleManager: Shutting down and abandoning module ProjectTargetPlatformEditor (709)
[2025.04.15-21.04.11:399][587]LogModuleManager: Shutting down and abandoning module EditorSettingsViewer (706)
[2025.04.15-21.04.11:400][587]LogModuleManager: Shutting down and abandoning module InternationalizationSettings (705)
[2025.04.15-21.04.11:400][587]LogModuleManager: Shutting down and abandoning module SettingsEditor (702)
[2025.04.15-21.04.11:400][587]LogModuleManager: Shutting down and abandoning module ProjectLauncher (700)
[2025.04.15-21.04.11:400][587]LogModuleManager: Shutting down and abandoning module SessionFrontend (698)
[2025.04.15-21.04.11:401][587]LogModuleManager: Shutting down and abandoning module ProfilerClient (696)
[2025.04.15-21.04.11:401][587]LogModuleManager: Shutting down and abandoning module DeviceManager (694)
[2025.04.15-21.04.11:401][587]LogModuleManager: Shutting down and abandoning module TargetDeviceServices (693)
[2025.04.15-21.04.11:434][587]LogModuleManager: Shutting down and abandoning module AutomationController (690)
[2025.04.15-21.04.11:435][587]LogModuleManager: Shutting down and abandoning module AutomationWindow (688)
[2025.04.15-21.04.11:435][587]LogModuleManager: Shutting down and abandoning module Layers (686)
[2025.04.15-21.04.11:437][587]LogModuleManager: Shutting down and abandoning module ComponentVisualizers (684)
[2025.04.15-21.04.11:437][587]LogModuleManager: Shutting down and abandoning module DetailCustomizations (682)
[2025.04.15-21.04.11:437][587]LogModuleManager: Shutting down and abandoning module PackagesDialog (680)
[2025.04.15-21.04.11:438][587]LogModuleManager: Shutting down and abandoning module AnimationBlueprintEditor (678)
[2025.04.15-21.04.11:439][587]LogModuleManager: Shutting down and abandoning module Persona (676)
[2025.04.15-21.04.11:441][587]LogModuleManager: Shutting down and abandoning module AdvancedPreviewScene (675)
[2025.04.15-21.04.11:441][587]LogModuleManager: Shutting down and abandoning module AnimGraph (673)
[2025.04.15-21.04.11:441][587]LogModuleManager: Shutting down and abandoning module Kismet (670)
[2025.04.15-21.04.11:443][587]LogModuleManager: Shutting down and abandoning module KismetWidgets (669)
[2025.04.15-21.04.11:443][587]LogModuleManager: Shutting down and abandoning module GraphEditor (666)
[2025.04.15-21.04.11:444][587]LogModuleManager: Shutting down and abandoning module StructViewer (664)
[2025.04.15-21.04.11:445][587]LogModuleManager: Shutting down and abandoning module ClassViewer (662)
[2025.04.15-21.04.11:445][587]LogModuleManager: Shutting down and abandoning module Toolbox (660)
[2025.04.15-21.04.11:445][587]LogModuleManager: Shutting down and abandoning module ModuleUI (658)
[2025.04.15-21.04.11:445][587]LogModuleManager: Shutting down and abandoning module OutputLog (656)
[2025.04.15-21.04.11:446][587]LogModuleManager: Shutting down and abandoning module GammaUI (654)
[2025.04.15-21.04.11:446][587]LogModuleManager: Shutting down and abandoning module Documentation (652)
[2025.04.15-21.04.11:446][587]LogModuleManager: Shutting down and abandoning module LiveCoding (650)
[2025.04.15-21.04.11:447][587]LogModuleManager: Shutting down and abandoning module LevelSequence (648)
[2025.04.15-21.04.11:447][587]LogModuleManager: Shutting down and abandoning module MovieSceneTracks (646)
[2025.04.15-21.04.11:447][587]LogModuleManager: Shutting down and abandoning module MovieScene (644)
[2025.04.15-21.04.11:448][587]LogModuleManager: Shutting down and abandoning module StreamingPauseRendering (642)
[2025.04.15-21.04.11:448][587]LogModuleManager: Shutting down and abandoning module LauncherPlatform (640)
[2025.04.15-21.04.11:448][587]LogModuleManager: Shutting down and abandoning module AnalyticsET (638)
[2025.04.15-21.04.11:448][587]LogModuleManager: Shutting down and abandoning module PortalServices (636)
[2025.04.15-21.04.11:448][587]LogModuleManager: Shutting down and abandoning module PortalRpc (634)
[2025.04.15-21.04.11:448][587]LogModuleManager: Shutting down and abandoning module MessagingRpc (632)
[2025.04.15-21.04.11:448][587]LogModuleManager: Shutting down and abandoning module AudioMixerXAudio2 (630)
[2025.04.15-21.04.11:448][587]LogModuleManager: Shutting down and abandoning module AudioMixerCore (629)
[2025.04.15-21.04.11:448][587]LogModuleManager: Shutting down and abandoning module AIModule (626)
[2025.04.15-21.04.11:449][587]LogModuleManager: Shutting down and abandoning module GameplayDebugger (625)
[2025.04.15-21.04.11:449][587]LogModuleManager: Shutting down and abandoning module AITestSuite (623)
[2025.04.15-21.04.11:449][587]LogModuleManager: Shutting down and abandoning module NavigationSystem (621)
[2025.04.15-21.04.11:449][587]LogModuleManager: Shutting down and abandoning module ImageWriteQueue (618)
[2025.04.15-21.04.11:454][587]LogModuleManager: Shutting down and abandoning module ProfilerService (616)
[2025.04.15-21.04.11:515][587]LogModuleManager: Shutting down and abandoning module TaskGraph (614)
[2025.04.15-21.04.11:516][587]LogModuleManager: Shutting down and abandoning module AudioSynesthesiaEditor (612)
[2025.04.15-21.04.11:516][587]LogModuleManager: Shutting down and abandoning module ContentBrowserClassDataSource (610)
[2025.04.15-21.04.11:516][587]LogModuleManager: Shutting down and abandoning module ContentBrowserFileDataSource (608)
[2025.04.15-21.04.11:516][587]LogModuleManager: Shutting down and abandoning module ContentBrowserAssetDataSource (606)
[2025.04.15-21.04.11:516][587]LogModuleManager: Shutting down and abandoning module CollectionManager (605)
[2025.04.15-21.04.11:517][587]LogModuleManager: Shutting down and abandoning module OculusEditor (602)
[2025.04.15-21.04.11:519][587]LogModuleManager: Shutting down and abandoning module OculusInput (600)
[2025.04.15-21.04.11:519][587]LogModuleManager: Shutting down and abandoning module SpeedTreeImporter (598)
[2025.04.15-21.04.11:519][587]LogModuleManager: Shutting down and abandoning module MaterialAnalyzer (596)
[2025.04.15-21.04.11:520][587]LogModuleManager: Shutting down and abandoning module PluginBrowser (594)
[2025.04.15-21.04.11:521][587]LogModuleManager: Shutting down and abandoning module MobileLauncherProfileWizard (592)
[2025.04.15-21.04.11:522][587]LogModuleManager: Shutting down and abandoning module CurveEditorTools (590)
[2025.04.15-21.04.11:522][587]LogModuleManager: Shutting down and abandoning module CryptoKeysOpenSSL (588)
[2025.04.15-21.04.11:522][587]LogModuleManager: Shutting down and abandoning module CryptoKeys (586)
[2025.04.15-21.04.11:522][587]LogModuleManager: Shutting down and abandoning module SynthesisEditor (584)
[2025.04.15-21.04.11:522][587]LogModuleManager: Shutting down and abandoning module Synthesis (582)
[2025.04.15-21.04.11:523][587]LogModuleManager: Shutting down and abandoning module ProceduralMeshComponentEditor (580)
[2025.04.15-21.04.11:523][587]LogModuleManager: Shutting down and abandoning module ProceduralMeshComponent (578)
[2025.04.15-21.04.11:523][587]LogModuleManager: Shutting down and abandoning module TakeSequencer (576)
[2025.04.15-21.04.11:523][587]LogModuleManager: Shutting down and abandoning module TakeMovieScene (574)
[2025.04.15-21.04.11:523][587]LogModuleManager: Shutting down and abandoning module OpenXREditor (572)
[2025.04.15-21.04.11:524][587]LogModuleManager: Shutting down and abandoning module MobilePatchingUtils (570)
[2025.04.15-21.04.11:524][587]LogModuleManager: Shutting down and abandoning module GooglePAD (568)
[2025.04.15-21.04.11:524][587]LogModuleManager: Shutting down and abandoning module ScreenshotTools (566)
[2025.04.15-21.04.11:524][587]LogModuleManager: Shutting down and abandoning module EditableMesh (564)
[2025.04.15-21.04.11:524][587]LogModuleManager: Shutting down and abandoning module CustomMeshComponent (562)
[2025.04.15-21.04.11:524][587]LogModuleManager: Shutting down and abandoning module CableComponent (560)
[2025.04.15-21.04.11:524][587]LogModuleManager: Shutting down and abandoning module AudioCapture (558)
[2025.04.15-21.04.11:524][587]LogModuleManager: Shutting down and abandoning module AudioCaptureRtAudio (557)
[2025.04.15-21.04.11:524][587]LogModuleManager: Shutting down and abandoning module ArchVisCharacter (554)
[2025.04.15-21.04.11:524][587]LogModuleManager: Shutting down and abandoning module AssetTags (552)
[2025.04.15-21.04.11:524][587]LogModuleManager: Shutting down and abandoning module AppleImageUtilsBlueprintSupport (550)
[2025.04.15-21.04.11:524][587]LogModuleManager: Shutting down and abandoning module AppleImageUtils (548)
[2025.04.15-21.04.11:524][587]LogModuleManager: Shutting down and abandoning module AndroidPermission (546)
[2025.04.15-21.04.11:524][587]LogModuleManager: Shutting down and abandoning module ActorLayerUtilitiesEditor (544)
[2025.04.15-21.04.11:524][587]LogModuleManager: Shutting down and abandoning module ActorLayerUtilities (542)
[2025.04.15-21.04.11:524][587]LogModuleManager: Shutting down and abandoning module MediaCompositing (538)
[2025.04.15-21.04.11:524][587]LogModuleManager: Shutting down and abandoning module TemplateSequence (536)
[2025.04.15-21.04.11:525][587]LogModuleManager: Shutting down and abandoning module ImgMedia (534)
[2025.04.15-21.04.11:525][587]LogModuleManager: Shutting down and abandoning module MagicLeapSharedWorld (532)
[2025.04.15-21.04.11:525][587]LogModuleManager: Shutting down and abandoning module MagicLeapLightEstimation (530)
[2025.04.15-21.04.11:525][587]LogModuleManager: Shutting down and abandoning module DatasmithContentEditor (528)
[2025.04.15-21.04.11:525][587]LogModuleManager: Shutting down and abandoning module MagicLeapHelperVulkan (526)
[2025.04.15-21.04.11:525][587]LogModuleManager: Shutting down and abandoning module MagicLeapHelperOpenGL (524)
[2025.04.15-21.04.11:525][587]LogModuleManager: Shutting down and abandoning module MagicLeapAudio (522)
[2025.04.15-21.04.11:525][587]LogModuleManager: Shutting down and abandoning module VariantManagerContentEditor (520)
[2025.04.15-21.04.11:526][587]LogModuleManager: Shutting down and abandoning module OpenImageDenoise (518)
[2025.04.15-21.04.11:526][587]LogOpenImageDenoise: OIDN shutting down
[2025.04.15-21.04.11:526][587]LogModuleManager: Shutting down and abandoning module MotoSynthEditor (516)
[2025.04.15-21.04.11:526][587]LogModuleManager: Shutting down and abandoning module MotoSynth (514)
[2025.04.15-21.04.11:526][587]LogModuleManager: Shutting down and abandoning module MeshConversion (512)
[2025.04.15-21.04.11:526][587]LogModuleManager: Shutting down and abandoning module DynamicMesh (510)
[2025.04.15-21.04.11:526][587]LogModuleManager: Shutting down and abandoning module GeometryAlgorithms (508)
[2025.04.15-21.04.11:527][587]LogModuleManager: Shutting down and abandoning module GeometricObjects (506)
[2025.04.15-21.04.11:527][587]LogModuleManager: Shutting down and abandoning module GeometryCollectionTracks (504)
[2025.04.15-21.04.11:527][587]LogModuleManager: Shutting down and abandoning module GeometryCollectionSequencer (503)
[2025.04.15-21.04.11:527][587]LogModuleManager: Shutting down and abandoning module GeometryCollectionEditor (500)
[2025.04.15-21.04.11:527][587]LogModuleManager: Shutting down and abandoning module GeometryCacheTracks (498)
[2025.04.15-21.04.11:527][587]LogModuleManager: Shutting down and abandoning module GeometryCacheStreamer (496)
[2025.04.15-21.04.11:527][587]LogModuleManager: Shutting down and abandoning module GeometryCacheSequencer (494)
[2025.04.15-21.04.11:527][587]LogModuleManager: Shutting down and abandoning module ChaosSolverEditor (492)
[2025.04.15-21.04.11:528][587]LogModuleManager: Shutting down and abandoning module ChaosNiagara (490)
[2025.04.15-21.04.11:528][587]LogModuleManager: Shutting down and abandoning module ChaosClothEditor (488)
[2025.04.15-21.04.11:528][587]LogModuleManager: Shutting down and abandoning module FractureEditor (486)
[2025.04.15-21.04.11:528][587]LogModuleManager: Shutting down and abandoning module FieldSystemEngine (485)
[2025.04.15-21.04.11:528][587]LogModuleManager: Shutting down and abandoning module AutomationUtilsEditor (482)
[2025.04.15-21.04.11:528][587]LogModuleManager: Shutting down and abandoning module AutomationUtils (480)
[2025.04.15-21.04.11:528][587]LogModuleManager: Shutting down and abandoning module BackChannel (478)
[2025.04.15-21.04.11:529][587]LogModuleManager: Shutting down and abandoning module AlembicImporter (476)
[2025.04.15-21.04.11:529][587]LogModuleManager: Shutting down and abandoning module AlembicLibrary (475)
[2025.04.15-21.04.11:529][587]LogModuleManager: Shutting down and abandoning module GeometryCache (474)
[2025.04.15-21.04.11:529][587]LogModuleManager: Shutting down and abandoning module GeometryCacheEd (473)
[2025.04.15-21.04.11:529][587]LogModuleManager: Shutting down and abandoning module NiagaraEditorWidgets (468)
[2025.04.15-21.04.11:533][587]LogModuleManager: Shutting down and abandoning module VisualStudioCodeSourceCodeAccess (466)
[2025.04.15-21.04.11:533][587]LogModuleManager: Shutting down and abandoning module VisualStudioSourceCodeAccess (464)
[2025.04.15-21.04.11:534][587]LogModuleManager: Shutting down and abandoning module UObjectPlugin (462)
[2025.04.15-21.04.11:534][587]LogModuleManager: Shutting down and abandoning module SubversionSourceControl (460)
[2025.04.15-21.04.11:534][587]LogModuleManager: Shutting down and abandoning module RiderSourceCodeAccess (458)
[2025.04.15-21.04.11:534][587]LogModuleManager: Shutting down and abandoning module PlasticSourceControl (456)
[2025.04.15-21.04.11:535][587]LogModuleManager: Shutting down and abandoning module PluginUtils (454)
[2025.04.15-21.04.11:536][587]LogModuleManager: Shutting down and abandoning module PerforceSourceControl (452)
[2025.04.15-21.04.11:537][587]LogModuleManager: Shutting down and abandoning module GitSourceControl (450)
[2025.04.15-21.04.11:538][587]LogModuleManager: Shutting down and abandoning module SourceControl (449)
[2025.04.15-21.04.11:538][587]LogModuleManager: Shutting down and abandoning module CLionSourceCodeAccess (446)
[2025.04.15-21.04.11:538][587]LogModuleManager: Shutting down and abandoning module AnimationSharingEd (444)
[2025.04.15-21.04.11:538][587]LogModuleManager: Shutting down and abandoning module LightPropagationVolumeEditor (442)
[2025.04.15-21.04.11:538][587]LogModuleManager: Shutting down and abandoning module OodleNetworkHandlerComponent (440)
[2025.04.15-21.04.11:538][587]LogModuleManager: Shutting down and abandoning module LiveLinkSequencer (438)
[2025.04.15-21.04.11:538][587]LogModuleManager: Shutting down and abandoning module LiveLinkMovieScene (436)
[2025.04.15-21.04.11:538][587]LogModuleManager: Shutting down and abandoning module LiveLinkGraphNode (434)
[2025.04.15-21.04.11:538][587]LogModuleManager: Shutting down and abandoning module LiveLinkEditor (432)
[2025.04.15-21.04.11:539][587]LogModuleManager: Shutting down and abandoning module LiveLinkComponents (430)
[2025.04.15-21.04.11:539][587]LogModuleManager: Shutting down and abandoning module LiveLink (428)
[2025.04.15-21.04.11:609][587]LogModuleManager: Shutting down and abandoning module PaperTiledImporter (426)
[2025.04.15-21.04.11:610][587]LogModuleManager: Shutting down and abandoning module PaperSpriteSheetImporter (424)
[2025.04.15-21.04.11:610][587]LogModuleManager: Shutting down and abandoning module Paper2DEditor (422)
[2025.04.15-21.04.11:611][587]LogModuleManager: Shutting down and abandoning module MeshPaintingToolset (420)
[2025.04.15-21.04.11:612][587]LogModuleManager: Shutting down and abandoning module MeshPaintEditorMode (418)
[2025.04.15-21.04.11:612][587]LogModuleManager: Shutting down and abandoning module AdvancedSteamSessions (416)
[2025.04.15-21.04.11:612][587]LogModuleManager: Shutting down and abandoning module AdvancedSessions (414)
[2025.04.15-21.04.11:612][587]LogModuleManager: Shutting down and abandoning module SteamShared (412)
[2025.04.15-21.04.11:612][587]LogSteamShared: Freeing the Steam Loaded Modules...
[2025.04.15-21.04.11:614][587]LogModuleManager: Shutting down and abandoning module GameplayTagsEditor (410)
[2025.04.15-21.04.11:614][587]LogModuleManager: Shutting down and abandoning module FacialAnimationEditor (408)
[2025.04.15-21.04.11:614][587]LogModuleManager: Shutting down and abandoning module FacialAnimation (406)
[2025.04.15-21.04.11:614][587]LogModuleManager: Shutting down and abandoning module DataValidation (404)
[2025.04.15-21.04.11:614][587]LogModuleManager: Shutting down and abandoning module AssetManagerEditor (402)
[2025.04.15-21.04.11:615][587]LogModuleManager: Shutting down and abandoning module LevelEditor (401)
[2025.04.15-21.04.11:616][587]LogModuleManager: Shutting down and abandoning module PixelInspectorModule (400)
[2025.04.15-21.04.11:616][587]LogModuleManager: Shutting down and abandoning module CommonMenuExtensions (398)
[2025.04.15-21.04.11:616][587]LogModuleManager: Shutting down and abandoning module MainFrame (396)
[2025.04.15-21.04.11:617][587]LogModuleManager: Shutting down and abandoning module HotReload (395)
[2025.04.15-21.04.11:617][587]LogModuleManager: Shutting down and abandoning module ToolMenus (391)
[2025.04.15-21.04.11:617][587]LogModuleManager: Shutting down and abandoning module TreeMap (389)
[2025.04.15-21.04.11:618][587]LogModuleManager: Shutting down and abandoning module SoundFields (386)
[2025.04.15-21.04.11:618][587]LogModuleManager: Shutting down and abandoning module SignificanceManager (384)
[2025.04.15-21.04.11:618][587]LogModuleManager: Shutting down and abandoning module RuntimePhysXCooking (382)
[2025.04.15-21.04.11:618][587]LogModuleManager: Shutting down and abandoning module PropertyAccessEditor (380)
[2025.04.15-21.04.11:618][587]LogModuleManager: Shutting down and abandoning module PhysXVehiclesEditor (378)
[2025.04.15-21.04.11:618][587]LogModuleManager: Shutting down and abandoning module LocationServicesBPLibrary (374)
[2025.04.15-21.04.11:618][587]LogModuleManager: Shutting down and abandoning module AudioSynesthesia (372)
[2025.04.15-21.04.11:619][587]LogModuleManager: Shutting down and abandoning module AudioSynesthesiaCore (370)
[2025.04.15-21.04.11:619][587]LogModuleManager: Shutting down and abandoning module UdpMessaging (368)
[2025.04.15-21.04.11:719][587]LogModuleManager: Shutting down and abandoning module ActorSequence (366)
[2025.04.15-21.04.11:719][587]LogModuleManager: Shutting down and abandoning module ImgMediaEngine (364)
[2025.04.15-21.04.11:719][587]LogModuleManager: Shutting down and abandoning module TcpMessaging (362)
[2025.04.15-21.04.11:820][587]LogModuleManager: Shutting down and abandoning module MagicLeapARPin (360)
[2025.04.15-21.04.11:820][587]LogModuleManager: Shutting down and abandoning module MagicLeapHandMeshing (358)
[2025.04.15-21.04.11:820][587]LogModuleManager: Shutting down and abandoning module MagicLeapSecureStorage (356)
[2025.04.15-21.04.11:820][587]LogModuleManager: Shutting down and abandoning module MagicLeapPrivileges (354)
[2025.04.15-21.04.11:820][587]LogModuleManager: Shutting down and abandoning module MagicLeapPlanes (352)
[2025.04.15-21.04.11:821][587]LogMagicLeapPlanes: Planes tracker already destroyed.
[2025.04.15-21.04.11:821][587]LogModuleManager: Shutting down and abandoning module MagicLeapImageTracker (350)
[2025.04.15-21.04.11:821][587]LogModuleManager: Shutting down and abandoning module MagicLeapIdentity (348)
[2025.04.15-21.04.11:821][587]LogModuleManager: Shutting down and abandoning module MagicLeapHandTracking (346)
[2025.04.15-21.04.11:821][587]LogModuleManager: Shutting down and abandoning module MagicLeapEyeTracker (344)
[2025.04.15-21.04.11:821][587]LogModuleManager: Shutting down and abandoning module MagicLeapController (342)
[2025.04.15-21.04.11:821][587]LogModuleManager: Shutting down and abandoning module MagicLeapARPinImpl (340)
[2025.04.15-21.04.11:821][587]LogModuleManager: Shutting down and abandoning module MagicLeapAR (338)
[2025.04.15-21.04.11:821][587]LogModuleManager: Shutting down and abandoning module PythonScriptPlugin (336)
[2025.04.15-21.04.11:821][587]LogModuleManager: Shutting down and abandoning module NiagaraAnimNotifies (334)
[2025.04.15-21.04.11:821][587]LogModuleManager: Shutting down and abandoning module Niagara (332)
[2025.04.15-21.04.11:822][587]LogModuleManager: Shutting down and abandoning module SignalProcessing (331)
[2025.04.15-21.04.11:823][587]LogModuleManager: Shutting down and abandoning module NiagaraEditor (329)
[2025.04.15-21.04.11:824][587]LogModuleManager: Shutting down and abandoning module ContentBrowser (328)
[2025.04.15-21.04.11:824][587]LogModuleManager: Shutting down and abandoning module ContentBrowserData (327)
[2025.04.15-21.04.11:824][587]LogModuleManager: Shutting down and abandoning module NiagaraCore (322)
[2025.04.15-21.04.11:824][587]LogModuleManager: Shutting down and abandoning module PropertyAccessNode (320)
[2025.04.15-21.04.11:824][587]LogModuleManager: Shutting down and abandoning module AnimationSharing (318)
[2025.04.15-21.04.11:824][587]LogModuleManager: Shutting down and abandoning module LightPropagationVolumeRuntime (316)
[2025.04.15-21.04.11:824][587]LogModuleManager: Shutting down and abandoning module GameplayCameras (314)
[2025.04.15-21.04.11:824][587]LogModuleManager: Shutting down and abandoning module EnvironmentQueryEditor (312)
[2025.04.15-21.04.11:824][587]LogModuleManager: Shutting down and abandoning module Paper2D (310)
[2025.04.15-21.04.11:824][587]LogModuleManager: Shutting down and abandoning module WindowsMoviePlayer (308)
[2025.04.15-21.04.11:826][587]LogModuleManager: Shutting down and abandoning module WebMMoviePlayer (306)
[2025.04.15-21.04.11:826][587]LogModuleManager: Shutting down and abandoning module NetworkReplayStreaming (304)
[2025.04.15-21.04.11:826][587]LogModuleManager: Shutting down and abandoning module PacketHandler (302)
[2025.04.15-21.04.11:826][587]LogModuleManager: Shutting down and abandoning module ClothingSystemEditor (300)
[2025.04.15-21.04.11:826][587]LogModuleManager: Shutting down and abandoning module ClothingSystemRuntimeNv (298)
[2025.04.15-21.04.11:827][587]LogModuleManager: Shutting down and abandoning module MediaAssets (296)
[2025.04.15-21.04.11:827][587]LogModuleManager: Shutting down and abandoning module Overlay (294)
[2025.04.15-21.04.11:827][587]LogModuleManager: Shutting down and abandoning module OverlayEditor (293)
[2025.04.15-21.04.11:827][587]LogModuleManager: Shutting down and abandoning module VREditor (290)
[2025.04.15-21.04.11:827][587]LogModuleManager: Shutting down and abandoning module StringTableEditor (288)
[2025.04.15-21.04.11:828][587]LogModuleManager: Shutting down and abandoning module GameplayTasksEditor (286)
[2025.04.15-21.04.11:828][587]LogModuleManager: Shutting down and abandoning module BehaviorTreeEditor (284)
[2025.04.15-21.04.11:829][587]LogModuleManager: Shutting down and abandoning module FunctionalTesting (282)
[2025.04.15-21.04.11:829][587]LogModuleManager: Shutting down and abandoning module CollisionAnalyzer (280)
[2025.04.15-21.04.11:830][587]LogModuleManager: Shutting down and abandoning module WorkspaceMenuStructure (279)
[2025.04.15-21.04.11:830][587]LogModuleManager: Shutting down and abandoning module UMG (276)
[2025.04.15-21.04.11:830][587]LogModuleManager: Shutting down and abandoning module UMGEditor (275)
[2025.04.15-21.04.11:831][587]LogModuleManager: Shutting down and abandoning module MessageLog (273)
[2025.04.15-21.04.11:831][587]LogModuleManager: Shutting down and abandoning module SlateReflector (268)
[2025.04.15-21.04.11:832][587]LogModuleManager: Shutting down and abandoning module Slate (266)
[2025.04.15-21.04.11:832][587]LogModuleManager: Shutting down and abandoning module SlateCore (264)
[2025.04.15-21.04.11:833][587]LogModuleManager: Shutting down and abandoning module LandscapeEditorUtilities (262)
[2025.04.15-21.04.11:833][587]LogModuleManager: Shutting down and abandoning module UnrealEd (260)
[2025.04.15-21.04.11:833][587]LogModuleManager: Shutting down and abandoning module MRMesh (258)
[2025.04.15-21.04.11:833][587]LogModuleManager: Shutting down and abandoning module SourceCodeAccess (256)
[2025.04.15-21.04.11:833][587]LogModuleManager: Shutting down and abandoning module HeadMountedDisplay (254)
[2025.04.15-21.04.11:833][587]LogModuleManager: Shutting down and abandoning module XAudio2 (252)
[2025.04.15-21.04.11:834][587]LogModuleManager: Shutting down and abandoning module Networking (250)
[2025.04.15-21.04.11:834][587]LogModuleManager: Shutting down and abandoning module Core (248)
[2025.04.15-21.04.11:834][587]LogModuleManager: Shutting down and abandoning module MaterialEditor (246)
[2025.04.15-21.04.11:834][587]LogModuleManager: Shutting down and abandoning module MovieSceneTools (244)
[2025.04.15-21.04.11:835][587]LogModuleManager: Shutting down and abandoning module CurveEditor (243)
[2025.04.15-21.04.11:836][587]LogModuleManager: Shutting down and abandoning module Sequencer (241)
[2025.04.15-21.04.11:837][587]LogModuleManager: Shutting down and abandoning module EditorStyle (240)
[2025.04.15-21.04.11:838][587]LogModuleManager: Shutting down and abandoning module KismetCompiler (236)
[2025.04.15-21.04.11:838][587]LogModuleManager: Shutting down and abandoning module MeshBuilder (234)
[2025.04.15-21.04.11:838][587]LogModuleManager: Shutting down and abandoning module MeshUtilities (232)
[2025.04.15-21.04.11:839][587]LogModuleManager: Shutting down and abandoning module MeshMergeUtilities (231)
[2025.04.15-21.04.11:839][587]LogModuleManager: Shutting down and abandoning module MeshReductionInterface (230)
[2025.04.15-21.04.11:839][587]LogModuleManager: Shutting down and abandoning module MeshBoneReduction (229)
[2025.04.15-21.04.11:839][587]LogModuleManager: Shutting down and abandoning module SkeletalMeshReduction (227)
[2025.04.15-21.04.11:840][587]LogModuleManager: Shutting down and abandoning module ProxyLODMeshReduction (225)
[2025.04.15-21.04.11:840][587]LogModuleManager: Shutting down and abandoning module QuadricMeshReduction (223)
[2025.04.15-21.04.11:841][587]LogModuleManager: Shutting down and abandoning module MaterialBaking (219)
[2025.04.15-21.04.11:841][587]LogModuleManager: Shutting down and abandoning module NullInstallBundleManager (214)
[2025.04.15-21.04.11:841][587]LogModuleManager: Shutting down and abandoning module DerivedDataCache (212)
[2025.04.15-21.04.11:841][587]LogModuleManager: Shutting down and abandoning module TargetPlatform (210)
[2025.04.15-21.04.11:842][587]LogModuleManager: Shutting down and abandoning module VulkanShaderFormat (209)
[2025.04.15-21.04.11:844][587]LogModuleManager: Shutting down and abandoning module ShaderFormatVectorVM (207)
[2025.04.15-21.04.11:844][587]LogModuleManager: Shutting down and abandoning module ShaderFormatOpenGL (205)
[2025.04.15-21.04.11:845][587]LogModuleManager: Shutting down and abandoning module ShaderFormatD3D (203)
[2025.04.15-21.04.11:845][587]LogModuleManager: Shutting down and abandoning module MetalShaderFormat (201)
[2025.04.15-21.04.11:846][587]LogModuleManager: Shutting down and abandoning module TextureFormatOodle (199)
[2025.04.15-21.04.11:846][587]LogModuleManager: Shutting down and abandoning module TextureFormatUncompressed (197)
[2025.04.15-21.04.11:846][587]LogModuleManager: Shutting down and abandoning module TextureFormatPVR (195)
[2025.04.15-21.04.11:846][587]LogModuleManager: Shutting down and abandoning module TextureFormatETC2 (193)
[2025.04.15-21.04.11:846][587]LogModuleManager: Shutting down and abandoning module TextureFormatDXT (191)
[2025.04.15-21.04.11:846][587]LogModuleManager: Shutting down and abandoning module TextureFormatIntelISPCTexComp (189)
[2025.04.15-21.04.11:847][587]LogModuleManager: Shutting down and abandoning module TextureFormatASTC (187)
[2025.04.15-21.04.11:847][587]LogModuleManager: Shutting down and abandoning module ImageWrapper (186)
[2025.04.15-21.04.11:847][587]LogModuleManager: Shutting down and abandoning module AudioFormatOpus (183)
[2025.04.15-21.04.11:847][587]LogModuleManager: Shutting down and abandoning module AudioFormatOgg (181)
[2025.04.15-21.04.11:848][587]LogModuleManager: Shutting down and abandoning module AudioFormatADPCM (179)
[2025.04.15-21.04.11:848][587]LogModuleManager: Shutting down and abandoning module WindowsServerTargetPlatform (177)
[2025.04.15-21.04.11:848][587]LogModuleManager: Shutting down and abandoning module WindowsClientTargetPlatform (175)
[2025.04.15-21.04.11:848][587]LogModuleManager: Shutting down and abandoning module WindowsTargetPlatform (173)
[2025.04.15-21.04.11:848][587]LogModuleManager: Shutting down and abandoning module WindowsNoEditorTargetPlatform (171)
[2025.04.15-21.04.11:848][587]LogModuleManager: Shutting down and abandoning module TVOSTargetPlatform (169)
[2025.04.15-21.04.11:849][587]LogModuleManager: Shutting down and abandoning module MacServerTargetPlatform (167)
[2025.04.15-21.04.11:849][587]LogModuleManager: Shutting down and abandoning module MacClientTargetPlatform (165)
[2025.04.15-21.04.11:849][587]LogModuleManager: Shutting down and abandoning module MacTargetPlatform (163)
[2025.04.15-21.04.11:849][587]LogModuleManager: Shutting down and abandoning module MacNoEditorTargetPlatform (161)
[2025.04.15-21.04.11:849][587]LogModuleManager: Shutting down and abandoning module LuminTargetPlatform (159)
[2025.04.15-21.04.11:849][587]LogModuleManager: Shutting down and abandoning module LinuxAArch64ServerTargetPlatform (157)
[2025.04.15-21.04.11:849][587]LogModuleManager: Shutting down and abandoning module LinuxAArch64ClientTargetPlatform (155)
[2025.04.15-21.04.11:849][587]LogModuleManager: Shutting down and abandoning module LinuxAArch64NoEditorTargetPlatform (153)
[2025.04.15-21.04.11:849][587]LogModuleManager: Shutting down and abandoning module LinuxServerTargetPlatform (151)
[2025.04.15-21.04.11:849][587]LogModuleManager: Shutting down and abandoning module LinuxClientTargetPlatform (149)
[2025.04.15-21.04.11:849][587]LogModuleManager: Shutting down and abandoning module LinuxNoEditorTargetPlatform (147)
[2025.04.15-21.04.11:849][587]LogModuleManager: Shutting down and abandoning module LinuxTargetPlatform (145)
[2025.04.15-21.04.11:850][587]LogModuleManager: Shutting down and abandoning module Messaging (143)
[2025.04.15-21.04.11:850][587]LogModuleManager: Shutting down and abandoning module IOSTargetPlatform (141)
[2025.04.15-21.04.11:850][587]LogModuleManager: Shutting down and abandoning module AndroidTargetPlatform (139)
[2025.04.15-21.04.11:853][587]LogModuleManager: Shutting down and abandoning module AllDesktopTargetPlatform (137)
[2025.04.15-21.04.11:853][587]LogModuleManager: Shutting down and abandoning module D3D11RHI (134)
[2025.04.15-21.04.11:853][587]LogModuleManager: Shutting down and abandoning module InputCore (132)
[2025.04.15-21.04.11:853][587]LogModuleManager: Shutting down and abandoning module Settings (130)
[2025.04.15-21.04.11:853][587]LogModuleManager: Shutting down and abandoning module DirectoryWatcher (128)
[2025.04.15-21.04.11:853][587]LogModuleManager: Shutting down and abandoning module PhysXCooking (126)
[2025.04.15-21.04.11:853][587]LogModuleManager: Shutting down and abandoning module Chaos (124)
[2025.04.15-21.04.11:853][587]LogModuleManager: Shutting down and abandoning module WindowsPlatformFeatures (122)
[2025.04.15-21.04.11:853][587]LogModuleManager: Shutting down and abandoning module GameplayMediaEncoder (121)
[2025.04.15-21.04.11:854][587]LogModuleManager: Shutting down and abandoning module AVEncoder (120)
[2025.04.15-21.04.11:854][587]LogModuleManager: Shutting down and abandoning module SteamVRInputDevice (116)
[2025.04.15-21.04.11:854][587]LogModuleManager: Shutting down and abandoning module SteamVRInput (114)
[2025.04.15-21.04.11:854][587]LogModuleManager: Shutting down and abandoning module SteamVR (112)
[2025.04.15-21.04.11:854][587]LogHMD: Freeing OpenVRDLLHandle.
[2025.04.15-21.04.11:854][587]LogModuleManager: Shutting down and abandoning module OculusHMD (110)
[2025.04.15-21.04.11:854][587]LogModuleManager: Shutting down and abandoning module OpenXRHandTracking (108)
[2025.04.15-21.04.11:854][587]LogSlate: Slate User Destroyed.  User Index 0, Is Virtual User: 0
[2025.04.15-21.04.11:855][587]LogModuleManager: Shutting down and abandoning module OpenXREyeTracker (106)
[2025.04.15-21.04.11:855][587]LogModuleManager: Shutting down and abandoning module OpenXRAR (104)
[2025.04.15-21.04.11:855][587]LogModuleManager: Shutting down and abandoning module AugmentedReality (103)
[2025.04.15-21.04.11:855][587]LogModuleManager: Shutting down and abandoning module OpenXRHMD (100)
[2025.04.15-21.04.11:855][587]LogModuleManager: Shutting down and abandoning module ExampleDeviceProfileSelector (98)
[2025.04.15-21.04.11:856][587]LogModuleManager: Shutting down and abandoning module ChunkDownloader (96)
[2025.04.15-21.04.11:856][587]LogModuleManager: Shutting down and abandoning module OnlineBlueprintSupport (94)
[2025.04.15-21.04.11:856][587]LogModuleManager: Shutting down and abandoning module OnlineSubsystem (90)
[2025.04.15-21.04.11:859][587]LogModuleManager: Shutting down and abandoning module XMPP (85)
[2025.04.15-21.04.11:861][587]LogModuleManager: Shutting down and abandoning module WebSockets (84)
[2025.04.15-21.04.11:877][587]LogModuleManager: Shutting down and abandoning module HTTP (81)
[2025.04.15-21.04.11:877][587]LogHttp: Display: Http module shutting down, but needs to wait on 1 outstanding Http requests:
[2025.04.15-21.04.11:877][587]LogHttp: Display: 	verb=[POST] url=[https://datarouter.ol.epicgames.com/datarouter/api/v1/public/data?SessionID=%7BD885C501-402F-FC05-A0EA-B0958B9E80A2%7D&AppID=UEEditor.Rocket.Release&AppVersion=4.27.2-18319896%2B%2B%2BUE4%2BRelease-4.27&UserID=ff34cec34635c2434a0cbe8ccdbd3a28%7C2eea84bf844543fbbb7d5cf485b735d0%7Cc84dd4ac-b030-4b4d-8068-60af0798f8bd&AppEnvironment=datacollector-binary&UploadType=eteventstream] refs=[1] status=Processing
[2025.04.15-21.04.11:878][587]LogHttp: Display: cleaning up 1 outstanding Http requests.
[2025.04.15-21.04.11:902][587]LogModuleManager: Shutting down and abandoning module SSL (80)
[2025.04.15-21.04.11:902][587]LogModuleManager: Shutting down and abandoning module LauncherChunkInstaller (76)
[2025.04.15-21.04.11:902][587]LogModuleManager: Shutting down and abandoning module WmfMedia (74)
[2025.04.15-21.04.11:904][587]LogModuleManager: Shutting down and abandoning module Media (73)
[2025.04.15-21.04.11:905][587]LogModuleManager: Shutting down and abandoning module MediaInfo (72)
[2025.04.15-21.04.11:905][587]LogModuleManager: Shutting down and abandoning module ExrReaderGpu (68)
[2025.04.15-21.04.11:905][587]LogModuleManager: Shutting down and abandoning module MLSDK (66)
[2025.04.15-21.04.11:905][587]LogModuleManager: Shutting down and abandoning module DatasmithContent (64)
[2025.04.15-21.04.11:906][587]LogModuleManager: Shutting down and abandoning module MagicLeap (62)
[2025.04.15-21.04.11:906][587]LogModuleManager: Shutting down and abandoning module VariantManagerContent (60)
[2025.04.15-21.04.11:906][587]LogModuleManager: Shutting down and abandoning module ChaosCloth (58)
[2025.04.15-21.04.11:906][587]LogModuleManager: Shutting down and abandoning module NiagaraVertexFactories (56)
[2025.04.15-21.04.11:906][587]LogModuleManager: Shutting down and abandoning module NiagaraShader (54)
[2025.04.15-21.04.11:906][587]LogModuleManager: Shutting down and abandoning module PixWinPlugin (52)
[2025.04.15-21.04.11:906][587]LogModuleManager: Shutting down and abandoning module AISupportModule (50)
[2025.04.15-21.04.11:906][587]LogModuleManager: Shutting down and abandoning module DesktopPlatform (48)
[2025.04.15-21.04.11:906][587]LogModuleManager: Shutting down and abandoning module PlatformCryptoOpenSSL (46)
[2025.04.15-21.04.11:907][587]LogModuleManager: Shutting down and abandoning module PlatformCryptoTypes (44)
[2025.04.15-21.04.11:907][587]LogModuleManager: Shutting down and abandoning module PlatformCrypto (42)
[2025.04.15-21.04.11:907][587]LogModuleManager: Shutting down and abandoning module PythonScriptPluginPreload (40)
[2025.04.15-21.04.11:907][587]LogModuleManager: Shutting down and abandoning module OodleDataCompressionFormat (38)
[2025.04.15-21.04.11:907][587]LogModuleManager: Shutting down and abandoning module XGEController (36)
[2025.04.15-21.04.11:907][587]LogXGEController: Cleaning working directory: C:/Users/Playeroth/AppData/Local/Temp/UnrealXGEWorkingDir/
[2025.04.15-21.04.11:907][587]LogModuleManager: Shutting down and abandoning module AnimationModifiers (34)
[2025.04.15-21.04.11:908][587]LogModuleManager: Shutting down and abandoning module AudioEditor (32)
[2025.04.15-21.04.11:909][587]LogModuleManager: Shutting down and abandoning module PropertyEditor (31)
[2025.04.15-21.04.11:910][587]LogModuleManager: Shutting down and abandoning module TextureCompressor (28)
[2025.04.15-21.04.11:911][587]LogModuleManager: Shutting down and abandoning module RenderCore (26)
[2025.04.15-21.04.11:911][587]LogModuleManager: Shutting down and abandoning module Landscape (24)
[2025.04.15-21.04.11:911][587]LogModuleManager: Shutting down and abandoning module SlateRHIRenderer (22)
[2025.04.15-21.04.11:912][587]LogModuleManager: Shutting down and abandoning module AnimGraphRuntime (20)
[2025.04.15-21.04.11:912][587]LogModuleManager: Shutting down and abandoning module Renderer (18)
[2025.04.15-21.04.11:912][587]LogModuleManager: Shutting down and abandoning module Engine (16)
[2025.04.15-21.04.11:912][587]LogModuleManager: Shutting down and abandoning module CoreUObject (14)
[2025.04.15-21.04.11:912][587]LogModuleManager: Shutting down and abandoning module NetworkFile (12)
[2025.04.15-21.04.11:912][587]LogModuleManager: Shutting down and abandoning module CookedIterativeFile (10)
[2025.04.15-21.04.11:912][587]LogModuleManager: Shutting down and abandoning module StreamingFile (8)
[2025.04.15-21.04.11:912][587]LogModuleManager: Shutting down and abandoning module SandboxFile (6)
[2025.04.15-21.04.11:912][587]LogModuleManager: Shutting down and abandoning module PakFile (4)
[2025.04.15-21.04.11:913][587]LogModuleManager: Shutting down and abandoning module RSA (3)
[2025.04.15-21.04.11:913][587]LogContentStreaming: Display: There are 1 unreleased StreamingManagers
[2025.04.15-21.04.11:928][587]LogD3D11RHI: Shutdown
[2025.04.15-21.04.11:928][587]LogD3D11RHI: CleanupD3DDevice
[2025.04.15-21.04.11:934][587]LogExit: Exiting.
[2025.04.15-21.04.11:948][587]Log file closed, 04/15/25 18:04:11
