Log file open, 04/02/25 16:30:34
LogWindows: Failed to load 'aqProf.dll' (GetLastError=126)
LogWindows: File 'aqProf.dll' does not exist
LogWindows: Failed to load 'VtuneApi.dll' (GetLastError=126)
LogWindows: File 'VtuneApi.dll' does not exist
LogWindows: Failed to load 'VtuneApi32e.dll' (GetLastError=126)
LogWindows: File 'VtuneApi32e.dll' does not exist
LogConsoleResponse: Display: Failed to find resolution value strings in scalability ini. Falling back to default.
LogConsoleResponse: Display: Failed to find resolution value strings in scalability ini. Falling back to default.
LogInit: Display: Running engine for game: EscapeTheBackrooms
LogPlatformFile: Not using cached read wrapper
LogTaskGraph: Started task graph with 5 named threads and 35 total threads with 3 sets of task threads.
LogStats: Stats thread started at 0.194994
LogICUInternationalization: ICU TimeZone Detection - Raw Offset: -3:00, Platform Override: ''
LogInit: Display: Loading text-based GConfig....
LogPluginManager: Mounting plugin BlueprintFileUtils
LogPluginManager: Mounting plugin MeshPainting
LogPluginManager: Mounting plugin XGEController
LogPluginManager: Mounting plugin Paper2D
LogPluginManager: Mounting plugin LiveLink
LogPluginManager: Mounting plugin EnvironmentQueryEditor
LogPluginManager: Mounting plugin AISupport
LogPluginManager: Mounting plugin CameraShakePreviewer
LogPluginManager: Mounting plugin GameplayCameras
LogPluginManager: Mounting plugin LightPropagationVolume
LogPluginManager: Mounting plugin OodleData
LogPluginManager: Mounting plugin OodleNetwork
LogPluginManager: Mounting plugin AnimationSharing
LogPluginManager: Mounting plugin CLionSourceCodeAccess
LogPluginManager: Mounting plugin CodeLiteSourceCodeAccess
LogPluginManager: Mounting plugin KDevelopSourceCodeAccess
LogPluginManager: Mounting plugin GitSourceControl
LogPluginManager: Mounting plugin NullSourceCodeAccess
LogPluginManager: Mounting plugin PixWinPlugin
LogPluginManager: Mounting plugin PerforceSourceControl
LogPluginManager: Mounting plugin PluginUtils
LogPluginManager: Mounting plugin PlasticSourceControl
LogPluginManager: Mounting plugin PropertyAccessNode
LogPluginManager: Mounting plugin RiderSourceCodeAccess
LogPluginManager: Mounting plugin TextureFormatOodle
LogPluginManager: Mounting plugin SubversionSourceControl
LogPluginManager: Mounting plugin UObjectPlugin
LogPluginManager: Mounting plugin VisualStudioCodeSourceCodeAccess
LogPluginManager: Mounting plugin VisualStudioSourceCodeAccess
LogPluginManager: Mounting plugin XCodeSourceCodeAccess
LogPluginManager: Mounting plugin AssetManagerEditor
LogPluginManager: Mounting plugin CryptoKeys
LogPluginManager: Mounting plugin CurveEditorTools
LogPluginManager: Mounting plugin FacialAnimation
LogPluginManager: Mounting plugin GameplayTagsEditor
LogPluginManager: Mounting plugin DataValidation
LogPluginManager: Mounting plugin GeometryMode
LogPluginManager: Mounting plugin MacGraphicsSwitching
LogPluginManager: Mounting plugin MaterialAnalyzer
LogPluginManager: Mounting plugin MobileLauncherProfileWizard
LogPluginManager: Mounting plugin PluginBrowser
LogPluginManager: Mounting plugin SpeedTreeImporter
LogPluginManager: Mounting plugin Niagara
LogPluginManager: Mounting plugin AlembicImporter
LogPluginManager: Mounting plugin AutomationUtils
LogPluginManager: Mounting plugin BackChannel
LogPluginManager: Mounting plugin ChaosCloth
LogPluginManager: Mounting plugin ChaosClothEditor
LogPluginManager: Mounting plugin ChaosEditor
LogPluginManager: Mounting plugin CharacterAI
LogPluginManager: Mounting plugin ChaosSolverPlugin
LogPluginManager: Mounting plugin GeometryCache
LogPluginManager: Mounting plugin AutoSizeComments
LogPluginManager: Mounting plugin GeometryProcessing
LogPluginManager: Mounting plugin ChaosNiagara
LogPluginManager: Mounting plugin GeometryCollectionPlugin
LogPluginManager: Mounting plugin OpenImageDenoise
LogPluginManager: Mounting plugin MotoSynth
LogPluginManager: Mounting plugin PlanarCut
LogPluginManager: Mounting plugin PlatformCrypto
LogPluginManager: Mounting plugin ProxyLODPlugin
LogPluginManager: Mounting plugin PythonScriptPlugin
LogPluginManager: Mounting plugin SkeletalReduction
LogPluginManager: Mounting plugin DatasmithContent
LogPluginManager: Mounting plugin VariantManagerContent
LogPluginManager: Mounting plugin LuminPlatformFeatures
LogPluginManager: Mounting plugin MagicLeap
LogPluginManager: Mounting plugin MagicLeapLightEstimation
LogPluginManager: Mounting plugin MagicLeapMedia
LogPluginManager: Mounting plugin MagicLeapPassableWorld
LogPluginManager: Mounting plugin MLSDK
LogPluginManager: Mounting plugin AndroidMedia
LogPluginManager: Mounting plugin AvfMedia
LogPluginManager: Mounting plugin ImgMedia
LogPluginManager: Mounting plugin MediaPlayerEditor
LogPluginManager: Mounting plugin MediaCompositing
LogPluginManager: Mounting plugin WebMMedia
LogPluginManager: Mounting plugin WmfMedia
LogPluginManager: Mounting plugin TcpMessaging
LogPluginManager: Mounting plugin UdpMessaging
LogPluginManager: Mounting plugin ActorSequence
LogPluginManager: Mounting plugin LevelSequenceEditor
LogPluginManager: Mounting plugin MatineeToLevelSequence
LogPluginManager: Mounting plugin TemplateSequence
LogPluginManager: Mounting plugin OnlineSubsystem
LogPluginManager: Mounting plugin OnlineSubsystemNull
LogPluginManager: Mounting plugin OnlineSubsystemSteam
LogPluginManager: Mounting plugin OnlineSubsystemUtils
LogPluginManager: Mounting plugin ScreenshotTools
LogPluginManager: Mounting plugin LauncherChunkInstaller
LogPluginManager: Mounting plugin ActorLayerUtilities
LogPluginManager: Mounting plugin AndroidDeviceProfileSelector
LogPluginManager: Mounting plugin AndroidMoviePlayer
LogPluginManager: Mounting plugin AndroidPermission
LogPluginManager: Mounting plugin AppleImageUtils
LogPluginManager: Mounting plugin AppleMoviePlayer
LogPluginManager: Mounting plugin ArchVisCharacter
LogPluginManager: Mounting plugin AudioCapture
LogPluginManager: Mounting plugin AudioSynesthesia
LogPluginManager: Mounting plugin CableComponent
LogPluginManager: Mounting plugin ChunkDownloader
LogPluginManager: Mounting plugin AssetTags
LogPluginManager: Mounting plugin CustomMeshComponent
LogPluginManager: Mounting plugin EditableMesh
LogPluginManager: Mounting plugin ExampleDeviceProfileSelector
LogPluginManager: Mounting plugin GoogleCloudMessaging
LogPluginManager: Mounting plugin GooglePAD
LogPluginManager: Mounting plugin Takes
LogPluginManager: Mounting plugin IOSDeviceProfileSelector
LogPluginManager: Mounting plugin LinuxDeviceProfileSelector
LogPluginManager: Mounting plugin LocationServicesBPLibrary
LogPluginManager: Mounting plugin MobilePatchingUtils
LogPluginManager: Mounting plugin OpenXR
LogPluginManager: Mounting plugin OpenXREyeTracker
LogPluginManager: Mounting plugin OpenXRHandTracking
LogPluginManager: Mounting plugin PhysXVehicles
LogPluginManager: Mounting plugin PostSplashScreen
LogPluginManager: Mounting plugin ProceduralMeshComponent
LogPluginManager: Mounting plugin PropertyAccessEditor
LogPluginManager: Mounting plugin RuntimePhysXCooking
LogPluginManager: Mounting plugin SignificanceManager
LogPluginManager: Mounting plugin SoundFields
LogPluginManager: Mounting plugin Synthesis
LogPluginManager: Mounting plugin WebMMoviePlayer
LogPluginManager: Mounting plugin WindowsMoviePlayer
LogPluginManager: Mounting plugin ContentBrowserAssetDataSource
LogPluginManager: Mounting plugin ContentBrowserClassDataSource
LogPluginManager: Mounting plugin ContentBrowserFileDataSource
LogPluginManager: Mounting plugin OnlineSubsystemGooglePlay
LogPluginManager: Mounting plugin OnlineSubsystemIOS
LogPluginManager: Mounting plugin OculusVR
LogPluginManager: Mounting plugin SteamShared
LogPluginManager: Mounting plugin SteamVR
LogPluginManager: Mounting plugin AdvancedSessions
LogPluginManager: Mounting plugin AdvancedSteamSessions
LogPluginManager: Mounting plugin BlueprintAssist
LogPluginManager: Mounting plugin NodeGraphAssistant
LogPluginManager: Mounting plugin SmoothSyncPlugin
PixWinPlugin: PIX capture plugin failed to initialize! Check that the process is launched from PIX.
LogInit: Using libcurl 7.55.1-DEV
LogInit:  - built for x86_64-pc-win32
LogInit:  - supports SSL with OpenSSL/1.1.1
LogInit:  - supports HTTP deflate (compression) using libz 1.2.8
LogInit:  - other features:
LogInit:      CURL_VERSION_SSL
LogInit:      CURL_VERSION_LIBZ
LogInit:      CURL_VERSION_IPV6
LogInit:      CURL_VERSION_ASYNCHDNS
LogInit:      CURL_VERSION_LARGEFILE
LogInit:      CURL_VERSION_IDN
LogInit:  CurlRequestOptions (configurable via config and command line):
LogInit:  - bVerifyPeer = true  - Libcurl will verify peer certificate
LogInit:  - bUseHttpProxy = false  - Libcurl will NOT use HTTP proxy
LogInit:  - bDontReuseConnections = false  - Libcurl will reuse connections
LogInit:  - MaxHostConnections = 16  - Libcurl will limit the number of connections to a host
LogInit:  - LocalHostAddr = Default
LogInit:  - BufferSize = 65536
LogOnline: OSS: Creating online subsystem instance for: NULL
LogInit: WinSock: version 1.1 (2.2), MaxSocks=32767, MaxUdp=65467
LogOnline: OSS: TryLoadSubsystemAndSetDefault: Loaded subsystem for module [NULL]
LogOculusPluginWrapper: OculusPlugin initialized successfully
LogHMD: Failed initializing OVRPlugin 1.59.0
LogInit: Build: ++UE4+Release-4.27-CL-18319896
LogInit: Engine Version: 4.27.2-18319896+++UE4+Release-4.27
LogInit: Compatible Engine Version: 4.27.0-17155196+++UE4+Release-4.27
LogInit: Net CL: 17155196
LogInit: OS: Windows 10 (Release 2009) (), CPU: Intel(R) Core(TM) i5-10400F CPU @ 2.90GHz, GPU: AMD Radeon RX 580 2048SP
LogInit: Compiled (64-bit): Nov 30 2021 07:12:08
LogInit: Compiled with Visual C++: 19.24.28315.00
LogInit: Build Configuration: Development
LogInit: Branch Name: ++UE4+Release-4.27
LogInit: Command Line: 
LogInit: Base Directory: C:/Program Files/Epic Games/UE_4.27/Engine/Binaries/Win64/
LogInit: Allocator: TBB
LogInit: Installed Engine Build: 1
LogDevObjectVersion: Number of dev versions registered: 29
LogDevObjectVersion:   Dev-Blueprints (B0D832E4-1F89-4F0D-ACCF-7EB736FD4AA2): 10
LogDevObjectVersion:   Dev-Build (E1C64328-A22C-4D53-A36C-8E866417BD8C): 0
LogDevObjectVersion:   Dev-Core (375EC13C-06E4-48FB-B500-84F0262A717E): 4
LogDevObjectVersion:   Dev-Editor (E4B068ED-F494-42E9-A231-DA0B2E46BB41): 40
LogDevObjectVersion:   Dev-Framework (CFFC743F-43B0-4480-9391-14DF171D2073): 37
LogDevObjectVersion:   Dev-Mobile (B02B49B5-BB20-44E9-A304-32B752E40360): 3
LogDevObjectVersion:   Dev-Networking (A4E4105C-59A1-49B5-A7C5-40C4547EDFEE): 0
LogDevObjectVersion:   Dev-Online (39C831C9-5AE6-47DC-9A44-9C173E1C8E7C): 0
LogDevObjectVersion:   Dev-Physics (78F01B33-EBEA-4F98-B9B4-84EACCB95AA2): 14
LogDevObjectVersion:   Dev-Platform (6631380F-2D4D-43E0-8009-CF276956A95A): 0
LogDevObjectVersion:   Dev-Rendering (12F88B9F-8875-4AFC-A67C-D90C383ABD29): 45
LogDevObjectVersion:   Dev-Sequencer (7B5AE74C-D270-4C10-A958-57980B212A5A): 13
LogDevObjectVersion:   Dev-VR (D7296918-1DD6-4BDD-9DE2-64A83CC13884): 3
LogDevObjectVersion:   Dev-LoadTimes (C2A15278-BFE7-4AFE-6C17-90FF531DF755): 1
LogDevObjectVersion:   Private-Geometry (6EACA3D4-40EC-4CC1-B786-8BED09428FC5): 3
LogDevObjectVersion:   Dev-AnimPhys (29E575DD-E0A3-4627-9D10-D276232CDCEA): 17
LogDevObjectVersion:   Dev-Anim (AF43A65D-7FD3-4947-9873-3E8ED9C1BB05): 15
LogDevObjectVersion:   Dev-ReflectionCapture (6B266CEC-1EC7-4B8F-A30B-E4D90942FC07): 1
LogDevObjectVersion:   Dev-Automation (0DF73D61-A23F-47EA-B727-89E90C41499A): 1
LogDevObjectVersion:   FortniteMain (601D1886-AC64-4F84-AA16-D3DE0DEAC7D6): 47
LogDevObjectVersion:   FortniteRelease (E7086368-6B23-4C58-8439-1B7016265E91): 1
LogDevObjectVersion:   Dev-Enterprise (9DFFBCD6-494F-0158-E221-12823C92A888): 10
LogDevObjectVersion:   Dev-Niagara (F2AED0AC-9AFE-416F-8664-AA7FFA26D6FC): 1
LogDevObjectVersion:   Dev-Destruction (174F1F0B-B4C6-45A5-B13F-2EE8D0FB917D): 10
LogDevObjectVersion:   Dev-Physics-Ext (35F94A83-E258-406C-A318-09F59610247C): 41
LogDevObjectVersion:   Dev-PhysicsMaterial-Chaos (B68FC16E-8B1B-42E2-B453-215C058844FE): 1
LogDevObjectVersion:   Dev-CineCamera (B2E18506-4273-CFC2-A54E-F4BB758BBA07): 1
LogDevObjectVersion:   Dev-VirtualProduction (64F58936-FD1B-42BA-BA96-7289D5D0FA4E): 1
LogDevObjectVersion:   Dev-MediaFramework (6F0ED827-A609-4895-9C91-998D90180EA4): 2
LogInit: Presizing for max 25165824 objects, including 0 objects not considered by GC, pre-allocating 0 bytes for permanent pool.
LogConfig: Applying CVar settings from Section [/Script/Engine.StreamingSettings] File [C:/Users/Playeroth/Documents/EscapeTheBackrooms--Mods/MainMod/Saved/Config/Windows/Engine.ini]
LogConfig: Setting CVar [[s.MinBulkDataSizeForAsyncLoading:131072]]
LogConfig: Setting CVar [[s.AsyncLoadingThreadEnabled:0]]
LogConfig: Setting CVar [[s.EventDrivenLoaderEnabled:1]]
LogConfig: Setting CVar [[s.WarnIfTimeLimitExceeded:0]]
LogConfig: Setting CVar [[s.TimeLimitExceededMultiplier:1.5]]
LogConfig: Setting CVar [[s.TimeLimitExceededMinTime:0.005]]
LogConfig: Setting CVar [[s.UseBackgroundLevelStreaming:1]]
LogConfig: Setting CVar [[s.PriorityAsyncLoadingExtraTime:15.0]]
LogConfig: Setting CVar [[s.LevelStreamingActorsUpdateTimeLimit:5.0]]
LogConfig: Setting CVar [[s.PriorityLevelStreamingActorsUpdateExtraTime:5.0]]
LogConfig: Setting CVar [[s.LevelStreamingComponentsRegistrationGranularity:10]]
LogConfig: Setting CVar [[s.UnregisterComponentsTimeLimit:1.0]]
LogConfig: Setting CVar [[s.LevelStreamingComponentsUnregistrationGranularity:5]]
LogConfig: Setting CVar [[s.FlushStreamingOnExit:1]]
LogInit: Object subsystem initialized
LogConfig: Setting CVar [[con.DebugEarlyDefault:1]]
LogConfig: Setting CVar [[r.setres:1280x720]]
[2025.04.02-19.30.35:471][  0]LogConfig: Setting CVar [[r.VSync:0]]
[2025.04.02-19.30.35:471][  0]LogConfig: Setting CVar [[r.RHICmdBypass:0]]
[2025.04.02-19.30.35:471][  0]LogConfig: Applying CVar settings from Section [/Script/Engine.RendererSettings] File [C:/Users/Playeroth/Documents/EscapeTheBackrooms--Mods/MainMod/Saved/Config/Windows/Engine.ini]
[2025.04.02-19.30.35:471][  0]LogConfig: Setting CVar [[r.GPUCrashDebugging:0]]
[2025.04.02-19.30.35:471][  0]LogConfig: Setting CVar [[r.DefaultFeature.AutoExposure.ExtendDefaultLuminanceRange:1]]
[2025.04.02-19.30.35:471][  0]LogConfig: Applying CVar settings from Section [/Script/Engine.RendererOverrideSettings] File [C:/Users/Playeroth/Documents/EscapeTheBackrooms--Mods/MainMod/Saved/Config/Windows/Engine.ini]
[2025.04.02-19.30.35:471][  0]LogConfig: Applying CVar settings from Section [/Script/Engine.StreamingSettings] File [C:/Users/Playeroth/Documents/EscapeTheBackrooms--Mods/MainMod/Saved/Config/Windows/Engine.ini]
[2025.04.02-19.30.35:471][  0]LogConfig: Setting CVar [[s.MinBulkDataSizeForAsyncLoading:131072]]
[2025.04.02-19.30.35:471][  0]LogConfig: Setting CVar [[s.AsyncLoadingThreadEnabled:0]]
[2025.04.02-19.30.35:471][  0]LogConfig: Setting CVar [[s.EventDrivenLoaderEnabled:1]]
[2025.04.02-19.30.35:471][  0]LogConfig: Setting CVar [[s.WarnIfTimeLimitExceeded:0]]
[2025.04.02-19.30.35:471][  0]LogConfig: Setting CVar [[s.TimeLimitExceededMultiplier:1.5]]
[2025.04.02-19.30.35:471][  0]LogConfig: Setting CVar [[s.TimeLimitExceededMinTime:0.005]]
[2025.04.02-19.30.35:471][  0]LogConfig: Setting CVar [[s.UseBackgroundLevelStreaming:1]]
[2025.04.02-19.30.35:471][  0]LogConfig: Setting CVar [[s.PriorityAsyncLoadingExtraTime:15.0]]
[2025.04.02-19.30.35:471][  0]LogConfig: Setting CVar [[s.LevelStreamingActorsUpdateTimeLimit:5.0]]
[2025.04.02-19.30.35:471][  0]LogConfig: Setting CVar [[s.PriorityLevelStreamingActorsUpdateExtraTime:5.0]]
[2025.04.02-19.30.35:471][  0]LogConfig: Setting CVar [[s.LevelStreamingComponentsRegistrationGranularity:10]]
[2025.04.02-19.30.35:471][  0]LogConfig: Setting CVar [[s.UnregisterComponentsTimeLimit:1.0]]
[2025.04.02-19.30.35:471][  0]LogConfig: Setting CVar [[s.LevelStreamingComponentsUnregistrationGranularity:5]]
[2025.04.02-19.30.35:471][  0]LogConfig: Setting CVar [[s.FlushStreamingOnExit:1]]
[2025.04.02-19.30.35:471][  0]LogConfig: Applying CVar settings from Section [/Script/Engine.GarbageCollectionSettings] File [C:/Users/Playeroth/Documents/EscapeTheBackrooms--Mods/MainMod/Saved/Config/Windows/Engine.ini]
[2025.04.02-19.30.35:471][  0]LogConfig: Setting CVar [[gc.MaxObjectsNotConsideredByGC:1]]
[2025.04.02-19.30.35:471][  0]LogConfig: Setting CVar [[gc.SizeOfPermanentObjectPool:0]]
[2025.04.02-19.30.35:471][  0]LogConfig: Setting CVar [[gc.FlushStreamingOnGC:0]]
[2025.04.02-19.30.35:471][  0]LogConfig: Setting CVar [[gc.NumRetriesBeforeForcingGC:10]]
[2025.04.02-19.30.35:471][  0]LogConfig: Setting CVar [[gc.AllowParallelGC:1]]
[2025.04.02-19.30.35:471][  0]LogConfig: Setting CVar [[gc.TimeBetweenPurgingPendingKillObjects:61.1]]
[2025.04.02-19.30.35:471][  0]LogConfig: Setting CVar [[gc.MaxObjectsInEditor:25165824]]
[2025.04.02-19.30.35:471][  0]LogConfig: Setting CVar [[gc.IncrementalBeginDestroyEnabled:1]]
[2025.04.02-19.30.35:471][  0]LogConfig: Setting CVar [[gc.CreateGCClusters:1]]
[2025.04.02-19.30.35:471][  0]LogConfig: Setting CVar [[gc.MinGCClusterSize:5]]
[2025.04.02-19.30.35:471][  0]LogConfig: Setting CVar [[gc.ActorClusteringEnabled:0]]
[2025.04.02-19.30.35:471][  0]LogConfig: Setting CVar [[gc.BlueprintClusteringEnabled:0]]
[2025.04.02-19.30.35:471][  0]LogConfig: Setting CVar [[gc.UseDisregardForGCOnDedicatedServers:0]]
[2025.04.02-19.30.35:471][  0]LogConfig: Setting CVar [[gc.MultithreadedDestructionEnabled:1]]
[2025.04.02-19.30.35:471][  0]LogConfig: Applying CVar settings from Section [/Script/Engine.NetworkSettings] File [C:/Users/Playeroth/Documents/EscapeTheBackrooms--Mods/MainMod/Saved/Config/Windows/Engine.ini]
[2025.04.02-19.30.35:472][  0]LogConfig: Applying CVar settings from Section [/Script/UnrealEd.CookerSettings] File [C:/Users/Playeroth/Documents/EscapeTheBackrooms--Mods/MainMod/Saved/Config/Windows/Engine.ini]
[2025.04.02-19.30.35:483][  0]LogConfig: Applying CVar settings from Section [ViewDistanceQuality@3] File [C:/Users/Playeroth/Documents/EscapeTheBackrooms--Mods/MainMod/Saved/Config/Windows/Scalability.ini]
[2025.04.02-19.30.35:483][  0]LogConfig: Setting CVar [[r.SkeletalMeshLODBias:0]]
[2025.04.02-19.30.35:483][  0]LogConfig: Setting CVar [[r.ViewDistanceScale:1.0]]
[2025.04.02-19.30.35:483][  0]LogConfig: Applying CVar settings from Section [AntiAliasingQuality@3] File [C:/Users/Playeroth/Documents/EscapeTheBackrooms--Mods/MainMod/Saved/Config/Windows/Scalability.ini]
[2025.04.02-19.30.35:483][  0]LogConfig: Setting CVar [[r.PostProcessAAQuality:4]]
[2025.04.02-19.30.35:483][  0]LogConfig: Applying CVar settings from Section [ShadowQuality@3] File [C:/Users/Playeroth/Documents/EscapeTheBackrooms--Mods/MainMod/Saved/Config/Windows/Scalability.ini]
[2025.04.02-19.30.35:483][  0]LogConfig: Setting CVar [[r.LightFunctionQuality:1]]
[2025.04.02-19.30.35:483][  0]LogConfig: Setting CVar [[r.ShadowQuality:5]]
[2025.04.02-19.30.35:483][  0]LogConfig: Setting CVar [[r.Shadow.CSM.MaxCascades:10]]
[2025.04.02-19.30.35:483][  0]LogConfig: Setting CVar [[r.Shadow.MaxResolution:2048]]
[2025.04.02-19.30.35:483][  0]LogConfig: Setting CVar [[r.Shadow.MaxCSMResolution:2048]]
[2025.04.02-19.30.35:483][  0]LogConfig: Setting CVar [[r.Shadow.RadiusThreshold:0.01]]
[2025.04.02-19.30.35:483][  0]LogConfig: Setting CVar [[r.Shadow.DistanceScale:1.0]]
[2025.04.02-19.30.35:483][  0]LogConfig: Setting CVar [[r.Shadow.CSM.TransitionScale:1.0]]
[2025.04.02-19.30.35:483][  0]LogConfig: Setting CVar [[r.Shadow.PreShadowResolutionFactor:1.0]]
[2025.04.02-19.30.35:483][  0]LogConfig: Setting CVar [[r.DistanceFieldShadowing:1]]
[2025.04.02-19.30.35:483][  0]LogConfig: Setting CVar [[r.DistanceFieldAO:1]]
[2025.04.02-19.30.35:483][  0]LogConfig: Setting CVar [[r.AOQuality:2]]
[2025.04.02-19.30.35:483][  0]LogConfig: Setting CVar [[r.VolumetricFog:1]]
[2025.04.02-19.30.35:483][  0]LogConfig: Setting CVar [[r.VolumetricFog.GridPixelSize:8]]
[2025.04.02-19.30.35:483][  0]LogConfig: Setting CVar [[r.VolumetricFog.GridSizeZ:128]]
[2025.04.02-19.30.35:483][  0]LogConfig: Setting CVar [[r.VolumetricFog.HistoryMissSupersampleCount:4]]
[2025.04.02-19.30.35:483][  0]LogConfig: Setting CVar [[r.LightMaxDrawDistanceScale:1]]
[2025.04.02-19.30.35:483][  0]LogConfig: Setting CVar [[r.CapsuleShadows:1]]
[2025.04.02-19.30.35:484][  0]LogConfig: Applying CVar settings from Section [PostProcessQuality@3] File [C:/Users/Playeroth/Documents/EscapeTheBackrooms--Mods/MainMod/Saved/Config/Windows/Scalability.ini]
[2025.04.02-19.30.35:484][  0]LogConfig: Setting CVar [[r.MotionBlurQuality:4]]
[2025.04.02-19.30.35:484][  0]LogConfig: Setting CVar [[r.AmbientOcclusionMipLevelFactor:0.4]]
[2025.04.02-19.30.35:484][  0]LogConfig: Setting CVar [[r.AmbientOcclusionMaxQuality:100]]
[2025.04.02-19.30.35:484][  0]LogConfig: Setting CVar [[r.AmbientOcclusionLevels:-1]]
[2025.04.02-19.30.35:484][  0]LogConfig: Setting CVar [[r.AmbientOcclusionRadiusScale:1.0]]
[2025.04.02-19.30.35:484][  0]LogConfig: Setting CVar [[r.DepthOfFieldQuality:2]]
[2025.04.02-19.30.35:484][  0]LogConfig: Setting CVar [[r.RenderTargetPoolMin:400]]
[2025.04.02-19.30.35:484][  0]LogConfig: Setting CVar [[r.LensFlareQuality:2]]
[2025.04.02-19.30.35:484][  0]LogConfig: Setting CVar [[r.SceneColorFringeQuality:1]]
[2025.04.02-19.30.35:484][  0]LogConfig: Setting CVar [[r.EyeAdaptationQuality:2]]
[2025.04.02-19.30.35:484][  0]LogConfig: Setting CVar [[r.BloomQuality:5]]
[2025.04.02-19.30.35:484][  0]LogConfig: Setting CVar [[r.FastBlurThreshold:100]]
[2025.04.02-19.30.35:484][  0]LogConfig: Setting CVar [[r.Upscale.Quality:3]]
[2025.04.02-19.30.35:484][  0]LogConfig: Setting CVar [[r.Tonemapper.GrainQuantization:1]]
[2025.04.02-19.30.35:484][  0]LogConfig: Setting CVar [[r.LightShaftQuality:1]]
[2025.04.02-19.30.35:484][  0]LogConfig: Setting CVar [[r.Filter.SizeScale:1]]
[2025.04.02-19.30.35:484][  0]LogConfig: Setting CVar [[r.Tonemapper.Quality:5]]
[2025.04.02-19.30.35:484][  0]LogConfig: Setting CVar [[r.DOF.Gather.AccumulatorQuality:1        ; higher gathering accumulator quality]]
[2025.04.02-19.30.35:484][  0]LogConfig: Setting CVar [[r.DOF.Gather.PostfilterMethod:1          ; Median3x3 postfilering method]]
[2025.04.02-19.30.35:484][  0]LogConfig: Setting CVar [[r.DOF.Gather.EnableBokehSettings:0       ; no bokeh simulation when gathering]]
[2025.04.02-19.30.35:484][  0]LogConfig: Setting CVar [[r.DOF.Gather.RingCount:4                 ; medium number of samples when gathering]]
[2025.04.02-19.30.35:484][  0]LogConfig: Setting CVar [[r.DOF.Scatter.ForegroundCompositing:1    ; additive foreground scattering]]
[2025.04.02-19.30.35:484][  0]LogConfig: Setting CVar [[r.DOF.Scatter.BackgroundCompositing:2    ; additive background scattering]]
[2025.04.02-19.30.35:484][  0]LogConfig: Setting CVar [[r.DOF.Scatter.EnableBokehSettings:1      ; bokeh simulation when scattering]]
[2025.04.02-19.30.35:484][  0]LogConfig: Setting CVar [[r.DOF.Scatter.MaxSpriteRatio:0.1         ; only a maximum of 10% of scattered bokeh]]
[2025.04.02-19.30.35:484][  0]LogConfig: Setting CVar [[r.DOF.Recombine.Quality:1                ; cheap slight out of focus]]
[2025.04.02-19.30.35:484][  0]LogConfig: Setting CVar [[r.DOF.Recombine.EnableBokehSettings:0    ; no bokeh simulation on slight out of focus]]
[2025.04.02-19.30.35:484][  0]LogConfig: Setting CVar [[r.DOF.TemporalAAQuality:1                ; more stable temporal accumulation]]
[2025.04.02-19.30.35:484][  0]LogConfig: Setting CVar [[r.DOF.Kernel.MaxForegroundRadius:0.025]]
[2025.04.02-19.30.35:484][  0]LogConfig: Setting CVar [[r.DOF.Kernel.MaxBackgroundRadius:0.025]]
[2025.04.02-19.30.35:484][  0]LogConfig: Applying CVar settings from Section [TextureQuality@3] File [C:/Users/Playeroth/Documents/EscapeTheBackrooms--Mods/MainMod/Saved/Config/Windows/Scalability.ini]
[2025.04.02-19.30.35:484][  0]LogConfig: Setting CVar [[r.Streaming.MipBias:0]]
[2025.04.02-19.30.35:484][  0]LogConfig: Setting CVar [[r.Streaming.AmortizeCPUToGPUCopy:0]]
[2025.04.02-19.30.35:484][  0]LogConfig: Setting CVar [[r.Streaming.MaxNumTexturesToStreamPerFrame:0]]
[2025.04.02-19.30.35:484][  0]LogConfig: Setting CVar [[r.Streaming.Boost:1]]
[2025.04.02-19.30.35:484][  0]LogConfig: Setting CVar [[r.MaxAnisotropy:8]]
[2025.04.02-19.30.35:484][  0]LogConfig: Setting CVar [[r.VT.MaxAnisotropy:8]]
[2025.04.02-19.30.35:484][  0]LogConfig: Setting CVar [[r.Streaming.LimitPoolSizeToVRAM:0]]
[2025.04.02-19.30.35:484][  0]LogConfig: Setting CVar [[r.Streaming.PoolSize:1000]]
[2025.04.02-19.30.35:484][  0]LogConfig: Setting CVar [[r.Streaming.MaxEffectiveScreenSize:0]]
[2025.04.02-19.30.35:484][  0]LogConfig: Applying CVar settings from Section [EffectsQuality@3] File [C:/Users/Playeroth/Documents/EscapeTheBackrooms--Mods/MainMod/Saved/Config/Windows/Scalability.ini]
[2025.04.02-19.30.35:484][  0]LogConfig: Setting CVar [[r.TranslucencyLightingVolumeDim:64]]
[2025.04.02-19.30.35:484][  0]LogConfig: Setting CVar [[r.RefractionQuality:2]]
[2025.04.02-19.30.35:484][  0]LogConfig: Setting CVar [[r.SSR.Quality:3]]
[2025.04.02-19.30.35:484][  0]LogConfig: Setting CVar [[r.SSR.HalfResSceneColor:0]]
[2025.04.02-19.30.35:484][  0]LogConfig: Setting CVar [[r.SceneColorFormat:4]]
[2025.04.02-19.30.35:484][  0]LogConfig: Setting CVar [[r.DetailMode:2]]
[2025.04.02-19.30.35:484][  0]LogConfig: Setting CVar [[r.TranslucencyVolumeBlur:1]]
[2025.04.02-19.30.35:484][  0]LogConfig: Setting CVar [[r.MaterialQualityLevel:1 ; High quality]]
[2025.04.02-19.30.35:484][  0]LogConfig: Setting CVar [[r.AnisotropicMaterials:1]]
[2025.04.02-19.30.35:484][  0]LogConfig: Setting CVar [[r.SSS.Scale:1]]
[2025.04.02-19.30.35:484][  0]LogConfig: Setting CVar [[r.SSS.SampleSet:2]]
[2025.04.02-19.30.35:484][  0]LogConfig: Setting CVar [[r.SSS.Quality:1]]
[2025.04.02-19.30.35:484][  0]LogConfig: Setting CVar [[r.SSS.HalfRes:0]]
[2025.04.02-19.30.35:484][  0]LogConfig: Setting CVar [[r.SSGI.Quality:3]]
[2025.04.02-19.30.35:484][  0]LogConfig: Setting CVar [[r.EmitterSpawnRateScale:1.0]]
[2025.04.02-19.30.35:484][  0]LogConfig: Setting CVar [[r.ParticleLightQuality:2]]
[2025.04.02-19.30.35:484][  0]LogConfig: Setting CVar [[r.SkyAtmosphere.AerialPerspectiveLUT.FastApplyOnOpaque:1 ; Always have FastSkyLUT 1 in this case to avoid wrong sky]]
[2025.04.02-19.30.35:484][  0]LogConfig: Setting CVar [[r.SkyAtmosphere.AerialPerspectiveLUT.SampleCountMaxPerSlice:4]]
[2025.04.02-19.30.35:484][  0]LogConfig: Setting CVar [[r.SkyAtmosphere.AerialPerspectiveLUT.DepthResolution:16.0]]
[2025.04.02-19.30.35:484][  0]LogConfig: Setting CVar [[r.SkyAtmosphere.FastSkyLUT:1]]
[2025.04.02-19.30.35:484][  0]LogConfig: Setting CVar [[r.SkyAtmosphere.FastSkyLUT.SampleCountMin:4.0]]
[2025.04.02-19.30.35:484][  0]LogConfig: Setting CVar [[r.SkyAtmosphere.FastSkyLUT.SampleCountMax:128.0]]
[2025.04.02-19.30.35:484][  0]LogConfig: Setting CVar [[r.SkyAtmosphere.SampleCountMin:4.0]]
[2025.04.02-19.30.35:484][  0]LogConfig: Setting CVar [[r.SkyAtmosphere.SampleCountMax:128.0]]
[2025.04.02-19.30.35:484][  0]LogConfig: Setting CVar [[r.SkyAtmosphere.TransmittanceLUT.UseSmallFormat:0]]
[2025.04.02-19.30.35:484][  0]LogConfig: Setting CVar [[r.SkyAtmosphere.TransmittanceLUT.SampleCount:10.0]]
[2025.04.02-19.30.35:484][  0]LogConfig: Setting CVar [[r.SkyAtmosphere.MultiScatteringLUT.SampleCount:15.0]]
[2025.04.02-19.30.35:484][  0]LogConfig: Setting CVar [[r.SkyLight.RealTimeReflectionCapture:1]]
[2025.04.02-19.30.35:484][  0]LogConfig: Applying CVar settings from Section [FoliageQuality@3] File [C:/Users/Playeroth/Documents/EscapeTheBackrooms--Mods/MainMod/Saved/Config/Windows/Scalability.ini]
[2025.04.02-19.30.35:484][  0]LogConfig: Setting CVar [[foliage.DensityScale:1.0]]
[2025.04.02-19.30.35:484][  0]LogConfig: Setting CVar [[grass.DensityScale:1.0]]
[2025.04.02-19.30.35:484][  0]LogConfig: Applying CVar settings from Section [ShadingQuality@3] File [C:/Users/Playeroth/Documents/EscapeTheBackrooms--Mods/MainMod/Saved/Config/Windows/Scalability.ini]
[2025.04.02-19.30.35:484][  0]LogConfig: Setting CVar [[r.HairStrands.SkyLighting.IntegrationType:2]]
[2025.04.02-19.30.35:484][  0]LogConfig: Setting CVar [[r.HairStrands.SkyAO.SampleCount:4]]
[2025.04.02-19.30.35:484][  0]LogConfig: Setting CVar [[r.HairStrands.Visibility.MSAA.SamplePerPixel:4]]
[2025.04.02-19.30.35:484][  0]LogInit: Selected Device Profile: [Windows]
[2025.04.02-19.30.35:484][  0]LogInit: Applying CVar settings loaded from the selected device profile: [Windows]
[2025.04.02-19.30.35:484][  0]LogHAL: Display: Platform has ~ 16 GB [17045495808 / 17179869184 / 16], which maps to Larger [LargestMinGB=32, LargerMinGB=12, DefaultMinGB=8, SmallerMinGB=6, SmallestMinGB=0)
[2025.04.02-19.30.35:484][  0]LogInit: Going up to parent DeviceProfile []
[2025.04.02-19.30.35:484][  0]LogConfig: Applying CVar settings from Section [ViewDistanceQuality@3] File [C:/Users/Playeroth/Documents/EscapeTheBackrooms--Mods/MainMod/Saved/Config/Windows/Scalability.ini]
[2025.04.02-19.30.35:484][  0]LogConfig: Setting CVar [[r.SkeletalMeshLODBias:0]]
[2025.04.02-19.30.35:484][  0]LogConfig: Setting CVar [[r.ViewDistanceScale:1.0]]
[2025.04.02-19.30.35:484][  0]LogConfig: Applying CVar settings from Section [AntiAliasingQuality@3] File [C:/Users/Playeroth/Documents/EscapeTheBackrooms--Mods/MainMod/Saved/Config/Windows/Scalability.ini]
[2025.04.02-19.30.35:484][  0]LogConfig: Setting CVar [[r.PostProcessAAQuality:4]]
[2025.04.02-19.30.35:485][  0]LogConfig: Applying CVar settings from Section [ShadowQuality@3] File [C:/Users/Playeroth/Documents/EscapeTheBackrooms--Mods/MainMod/Saved/Config/Windows/Scalability.ini]
[2025.04.02-19.30.35:485][  0]LogConfig: Setting CVar [[r.LightFunctionQuality:1]]
[2025.04.02-19.30.35:485][  0]LogConfig: Setting CVar [[r.ShadowQuality:5]]
[2025.04.02-19.30.35:485][  0]LogConfig: Setting CVar [[r.Shadow.CSM.MaxCascades:10]]
[2025.04.02-19.30.35:485][  0]LogConfig: Setting CVar [[r.Shadow.MaxResolution:2048]]
[2025.04.02-19.30.35:485][  0]LogConfig: Setting CVar [[r.Shadow.MaxCSMResolution:2048]]
[2025.04.02-19.30.35:485][  0]LogConfig: Setting CVar [[r.Shadow.RadiusThreshold:0.01]]
[2025.04.02-19.30.35:485][  0]LogConfig: Setting CVar [[r.Shadow.DistanceScale:1.0]]
[2025.04.02-19.30.35:485][  0]LogConfig: Setting CVar [[r.Shadow.CSM.TransitionScale:1.0]]
[2025.04.02-19.30.35:485][  0]LogConfig: Setting CVar [[r.Shadow.PreShadowResolutionFactor:1.0]]
[2025.04.02-19.30.35:485][  0]LogConfig: Setting CVar [[r.DistanceFieldShadowing:1]]
[2025.04.02-19.30.35:485][  0]LogConfig: Setting CVar [[r.DistanceFieldAO:1]]
[2025.04.02-19.30.35:485][  0]LogConfig: Setting CVar [[r.AOQuality:2]]
[2025.04.02-19.30.35:485][  0]LogConfig: Setting CVar [[r.VolumetricFog:1]]
[2025.04.02-19.30.35:485][  0]LogConfig: Setting CVar [[r.VolumetricFog.GridPixelSize:8]]
[2025.04.02-19.30.35:485][  0]LogConfig: Setting CVar [[r.VolumetricFog.GridSizeZ:128]]
[2025.04.02-19.30.35:485][  0]LogConfig: Setting CVar [[r.VolumetricFog.HistoryMissSupersampleCount:4]]
[2025.04.02-19.30.35:485][  0]LogConfig: Setting CVar [[r.LightMaxDrawDistanceScale:1]]
[2025.04.02-19.30.35:485][  0]LogConfig: Setting CVar [[r.CapsuleShadows:1]]
[2025.04.02-19.30.35:485][  0]LogConfig: Applying CVar settings from Section [PostProcessQuality@3] File [C:/Users/Playeroth/Documents/EscapeTheBackrooms--Mods/MainMod/Saved/Config/Windows/Scalability.ini]
[2025.04.02-19.30.35:485][  0]LogConfig: Setting CVar [[r.MotionBlurQuality:4]]
[2025.04.02-19.30.35:485][  0]LogConfig: Setting CVar [[r.AmbientOcclusionMipLevelFactor:0.4]]
[2025.04.02-19.30.35:485][  0]LogConfig: Setting CVar [[r.AmbientOcclusionMaxQuality:100]]
[2025.04.02-19.30.35:485][  0]LogConfig: Setting CVar [[r.AmbientOcclusionLevels:-1]]
[2025.04.02-19.30.35:485][  0]LogConfig: Setting CVar [[r.AmbientOcclusionRadiusScale:1.0]]
[2025.04.02-19.30.35:485][  0]LogConfig: Setting CVar [[r.DepthOfFieldQuality:2]]
[2025.04.02-19.30.35:485][  0]LogConfig: Setting CVar [[r.RenderTargetPoolMin:400]]
[2025.04.02-19.30.35:485][  0]LogConfig: Setting CVar [[r.LensFlareQuality:2]]
[2025.04.02-19.30.35:485][  0]LogConfig: Setting CVar [[r.SceneColorFringeQuality:1]]
[2025.04.02-19.30.35:485][  0]LogConfig: Setting CVar [[r.EyeAdaptationQuality:2]]
[2025.04.02-19.30.35:485][  0]LogConfig: Setting CVar [[r.BloomQuality:5]]
[2025.04.02-19.30.35:485][  0]LogConfig: Setting CVar [[r.FastBlurThreshold:100]]
[2025.04.02-19.30.35:485][  0]LogConfig: Setting CVar [[r.Upscale.Quality:3]]
[2025.04.02-19.30.35:485][  0]LogConfig: Setting CVar [[r.Tonemapper.GrainQuantization:1]]
[2025.04.02-19.30.35:485][  0]LogConfig: Setting CVar [[r.LightShaftQuality:1]]
[2025.04.02-19.30.35:485][  0]LogConfig: Setting CVar [[r.Filter.SizeScale:1]]
[2025.04.02-19.30.35:485][  0]LogConfig: Setting CVar [[r.Tonemapper.Quality:5]]
[2025.04.02-19.30.35:485][  0]LogConfig: Setting CVar [[r.DOF.Gather.AccumulatorQuality:1        ; higher gathering accumulator quality]]
[2025.04.02-19.30.35:485][  0]LogConfig: Setting CVar [[r.DOF.Gather.PostfilterMethod:1          ; Median3x3 postfilering method]]
[2025.04.02-19.30.35:485][  0]LogConfig: Setting CVar [[r.DOF.Gather.EnableBokehSettings:0       ; no bokeh simulation when gathering]]
[2025.04.02-19.30.35:485][  0]LogConfig: Setting CVar [[r.DOF.Gather.RingCount:4                 ; medium number of samples when gathering]]
[2025.04.02-19.30.35:485][  0]LogConfig: Setting CVar [[r.DOF.Scatter.ForegroundCompositing:1    ; additive foreground scattering]]
[2025.04.02-19.30.35:485][  0]LogConfig: Setting CVar [[r.DOF.Scatter.BackgroundCompositing:2    ; additive background scattering]]
[2025.04.02-19.30.35:485][  0]LogConfig: Setting CVar [[r.DOF.Scatter.EnableBokehSettings:1      ; bokeh simulation when scattering]]
[2025.04.02-19.30.35:485][  0]LogConfig: Setting CVar [[r.DOF.Scatter.MaxSpriteRatio:0.1         ; only a maximum of 10% of scattered bokeh]]
[2025.04.02-19.30.35:485][  0]LogConfig: Setting CVar [[r.DOF.Recombine.Quality:1                ; cheap slight out of focus]]
[2025.04.02-19.30.35:485][  0]LogConfig: Setting CVar [[r.DOF.Recombine.EnableBokehSettings:0    ; no bokeh simulation on slight out of focus]]
[2025.04.02-19.30.35:485][  0]LogConfig: Setting CVar [[r.DOF.TemporalAAQuality:1                ; more stable temporal accumulation]]
[2025.04.02-19.30.35:485][  0]LogConfig: Setting CVar [[r.DOF.Kernel.MaxForegroundRadius:0.025]]
[2025.04.02-19.30.35:485][  0]LogConfig: Setting CVar [[r.DOF.Kernel.MaxBackgroundRadius:0.025]]
[2025.04.02-19.30.35:485][  0]LogConfig: Applying CVar settings from Section [TextureQuality@3] File [C:/Users/Playeroth/Documents/EscapeTheBackrooms--Mods/MainMod/Saved/Config/Windows/Scalability.ini]
[2025.04.02-19.30.35:485][  0]LogConfig: Setting CVar [[r.Streaming.MipBias:0]]
[2025.04.02-19.30.35:485][  0]LogConfig: Setting CVar [[r.Streaming.AmortizeCPUToGPUCopy:0]]
[2025.04.02-19.30.35:485][  0]LogConfig: Setting CVar [[r.Streaming.MaxNumTexturesToStreamPerFrame:0]]
[2025.04.02-19.30.35:485][  0]LogConfig: Setting CVar [[r.Streaming.Boost:1]]
[2025.04.02-19.30.35:485][  0]LogConfig: Setting CVar [[r.MaxAnisotropy:8]]
[2025.04.02-19.30.35:485][  0]LogConfig: Setting CVar [[r.VT.MaxAnisotropy:8]]
[2025.04.02-19.30.35:485][  0]LogConfig: Setting CVar [[r.Streaming.LimitPoolSizeToVRAM:0]]
[2025.04.02-19.30.35:485][  0]LogConfig: Setting CVar [[r.Streaming.PoolSize:1000]]
[2025.04.02-19.30.35:485][  0]LogConfig: Setting CVar [[r.Streaming.MaxEffectiveScreenSize:0]]
[2025.04.02-19.30.35:485][  0]LogConfig: Applying CVar settings from Section [EffectsQuality@3] File [C:/Users/Playeroth/Documents/EscapeTheBackrooms--Mods/MainMod/Saved/Config/Windows/Scalability.ini]
[2025.04.02-19.30.35:485][  0]LogConfig: Setting CVar [[r.TranslucencyLightingVolumeDim:64]]
[2025.04.02-19.30.35:485][  0]LogConfig: Setting CVar [[r.RefractionQuality:2]]
[2025.04.02-19.30.35:485][  0]LogConfig: Setting CVar [[r.SSR.Quality:3]]
[2025.04.02-19.30.35:485][  0]LogConfig: Setting CVar [[r.SSR.HalfResSceneColor:0]]
[2025.04.02-19.30.35:485][  0]LogConfig: Setting CVar [[r.SceneColorFormat:4]]
[2025.04.02-19.30.35:485][  0]LogConfig: Setting CVar [[r.DetailMode:2]]
[2025.04.02-19.30.35:485][  0]LogConfig: Setting CVar [[r.TranslucencyVolumeBlur:1]]
[2025.04.02-19.30.35:485][  0]LogConfig: Setting CVar [[r.MaterialQualityLevel:1 ; High quality]]
[2025.04.02-19.30.35:485][  0]LogConfig: Setting CVar [[r.AnisotropicMaterials:1]]
[2025.04.02-19.30.35:485][  0]LogConfig: Setting CVar [[r.SSS.Scale:1]]
[2025.04.02-19.30.35:485][  0]LogConfig: Setting CVar [[r.SSS.SampleSet:2]]
[2025.04.02-19.30.35:485][  0]LogConfig: Setting CVar [[r.SSS.Quality:1]]
[2025.04.02-19.30.35:485][  0]LogConfig: Setting CVar [[r.SSS.HalfRes:0]]
[2025.04.02-19.30.35:485][  0]LogConfig: Setting CVar [[r.SSGI.Quality:3]]
[2025.04.02-19.30.35:485][  0]LogConfig: Setting CVar [[r.EmitterSpawnRateScale:1.0]]
[2025.04.02-19.30.35:485][  0]LogConfig: Setting CVar [[r.ParticleLightQuality:2]]
[2025.04.02-19.30.35:485][  0]LogConfig: Setting CVar [[r.SkyAtmosphere.AerialPerspectiveLUT.FastApplyOnOpaque:1 ; Always have FastSkyLUT 1 in this case to avoid wrong sky]]
[2025.04.02-19.30.35:485][  0]LogConfig: Setting CVar [[r.SkyAtmosphere.AerialPerspectiveLUT.SampleCountMaxPerSlice:4]]
[2025.04.02-19.30.35:485][  0]LogConfig: Setting CVar [[r.SkyAtmosphere.AerialPerspectiveLUT.DepthResolution:16.0]]
[2025.04.02-19.30.35:485][  0]LogConfig: Setting CVar [[r.SkyAtmosphere.FastSkyLUT:1]]
[2025.04.02-19.30.35:485][  0]LogConfig: Setting CVar [[r.SkyAtmosphere.FastSkyLUT.SampleCountMin:4.0]]
[2025.04.02-19.30.35:485][  0]LogConfig: Setting CVar [[r.SkyAtmosphere.FastSkyLUT.SampleCountMax:128.0]]
[2025.04.02-19.30.35:485][  0]LogConfig: Setting CVar [[r.SkyAtmosphere.SampleCountMin:4.0]]
[2025.04.02-19.30.35:485][  0]LogConfig: Setting CVar [[r.SkyAtmosphere.SampleCountMax:128.0]]
[2025.04.02-19.30.35:485][  0]LogConfig: Setting CVar [[r.SkyAtmosphere.TransmittanceLUT.UseSmallFormat:0]]
[2025.04.02-19.30.35:485][  0]LogConfig: Setting CVar [[r.SkyAtmosphere.TransmittanceLUT.SampleCount:10.0]]
[2025.04.02-19.30.35:485][  0]LogConfig: Setting CVar [[r.SkyAtmosphere.MultiScatteringLUT.SampleCount:15.0]]
[2025.04.02-19.30.35:485][  0]LogConfig: Setting CVar [[r.SkyLight.RealTimeReflectionCapture:1]]
[2025.04.02-19.30.35:485][  0]LogConfig: Applying CVar settings from Section [FoliageQuality@3] File [C:/Users/Playeroth/Documents/EscapeTheBackrooms--Mods/MainMod/Saved/Config/Windows/Scalability.ini]
[2025.04.02-19.30.35:485][  0]LogConfig: Setting CVar [[foliage.DensityScale:1.0]]
[2025.04.02-19.30.35:485][  0]LogConfig: Setting CVar [[grass.DensityScale:1.0]]
[2025.04.02-19.30.35:485][  0]LogConfig: Applying CVar settings from Section [ShadingQuality@3] File [C:/Users/Playeroth/Documents/EscapeTheBackrooms--Mods/MainMod/Saved/Config/Windows/Scalability.ini]
[2025.04.02-19.30.35:485][  0]LogConfig: Setting CVar [[r.HairStrands.SkyLighting.IntegrationType:2]]
[2025.04.02-19.30.35:485][  0]LogConfig: Setting CVar [[r.HairStrands.SkyAO.SampleCount:4]]
[2025.04.02-19.30.35:485][  0]LogConfig: Setting CVar [[r.HairStrands.Visibility.MSAA.SamplePerPixel:4]]
[2025.04.02-19.30.35:485][  0]LogConfig: Applying CVar settings from Section [Startup] File [../../../Engine/Config/ConsoleVariables.ini]
[2025.04.02-19.30.35:486][  0]LogConfig: Setting CVar [[net.UseAdaptiveNetUpdateFrequency:0]]
[2025.04.02-19.30.35:486][  0]LogConfig: Setting CVar [[p.chaos.AllowCreatePhysxBodies:1]]
[2025.04.02-19.30.35:486][  0]LogConfig: Setting CVar [[fx.SkipVectorVMBackendOptimizations:1]]
[2025.04.02-19.30.35:486][  0]LogConfig: Applying CVar settings from Section [ConsoleVariables] File [C:/Users/Playeroth/Documents/EscapeTheBackrooms--Mods/MainMod/Saved/Config/Windows/Engine.ini]
[2025.04.02-19.30.35:486][  0]LogConfig: Applying CVar settings from Section [ConsoleVariables] File [C:/Users/Playeroth/Documents/EscapeTheBackrooms--Mods/MainMod/Saved/Config/Windows/Editor.ini]
[2025.04.02-19.30.35:486][  0]LogInit: Computer: DESKTOP-PLAYER
[2025.04.02-19.30.35:486][  0]LogInit: User: Playeroth
[2025.04.02-19.30.35:486][  0]LogInit: CPU Page size=4096, Cores=6
[2025.04.02-19.30.35:486][  0]LogInit: High frequency timer resolution =10.000000 MHz
[2025.04.02-19.30.35:486][  0]LogMemory: Memory total: Physical=15.9GB (16GB approx)
[2025.04.02-19.30.35:486][  0]LogMemory: Platform Memory Stats for Windows
[2025.04.02-19.30.35:486][  0]LogMemory: Process Physical Memory: 145.46 MB used, 145.46 MB peak
[2025.04.02-19.30.35:486][  0]LogMemory: Process Virtual Memory: 131.86 MB used, 131.86 MB peak
[2025.04.02-19.30.35:486][  0]LogMemory: Physical Memory: 13630.52 MB used,  2625.33 MB free, 16255.85 MB total
[2025.04.02-19.30.35:486][  0]LogMemory: Virtual Memory: 134208792.00 MB used,  8936.07 MB free, 134217728.00 MB total
[2025.04.02-19.30.35:491][  0]LogWindows: WindowsPlatformFeatures enabled
[2025.04.02-19.30.35:510][  0]LogInit: Physics initialised using underlying interface: PhysX
[2025.04.02-19.30.35:510][  0]LogInit: Overriding language with editor language configuration option (en).
[2025.04.02-19.30.35:510][  0]LogInit: Overriding language with editor locale configuration option (en).
[2025.04.02-19.30.35:681][  0]LogInit: Setting process to per monitor DPI aware
[2025.04.02-19.30.35:691][  0]LogWindowsTextInputMethodSystem: Display: IME system deactivated.
[2025.04.02-19.30.35:703][  0]LogSlate: New Slate User Created.  User Index 0, Is Virtual User: 0
[2025.04.02-19.30.35:703][  0]LogSlate: Slate User Registered.  User Index 0, Is Virtual User: 0
[2025.04.02-19.30.36:232][  0]LogD3D11RHI: Loaded GFSDK_Aftermath_Lib.x64.dll
[2025.04.02-19.30.36:234][  0]LogHMD: Failed to initialize OpenVR with code 110
[2025.04.02-19.30.36:234][  0]LogD3D11RHI: D3D11 min allowed feature level: 11_0
[2025.04.02-19.30.36:234][  0]LogD3D11RHI: D3D11 max allowed feature level: 11_0
[2025.04.02-19.30.36:234][  0]LogD3D11RHI: D3D11 adapters:
[2025.04.02-19.30.36:276][  0]LogD3D11RHI:    0. 'AMD Radeon RX 580 2048SP' (Feature Level 11_0)
[2025.04.02-19.30.36:276][  0]LogD3D11RHI:       8170/0/8127 MB DedicatedVideo/DedicatedSystem/SharedSystem, Outputs:1, VendorId:0x1002
[2025.04.02-19.30.36:277][  0]LogD3D11RHI:    1. 'Microsoft Basic Render Driver' (Feature Level 11_0)
[2025.04.02-19.30.36:277][  0]LogD3D11RHI:       0/0/8127 MB DedicatedVideo/DedicatedSystem/SharedSystem, Outputs:0, VendorId:0x1414
[2025.04.02-19.30.36:277][  0]LogD3D11RHI: Chosen D3D11 Adapter:
[2025.04.02-19.30.36:277][  0]LogD3D11RHI:     Description : AMD Radeon RX 580 2048SP
[2025.04.02-19.30.36:277][  0]LogD3D11RHI:     VendorId    : 1002
[2025.04.02-19.30.36:277][  0]LogD3D11RHI:     DeviceId    : 6fdf
[2025.04.02-19.30.36:277][  0]LogD3D11RHI:     SubSysId    : b311002
[2025.04.02-19.30.36:277][  0]LogD3D11RHI:     Revision    : 00ef
[2025.04.02-19.30.36:277][  0]LogD3D11RHI:     DedicatedVideoMemory : 8567906304 bytes
[2025.04.02-19.30.36:277][  0]LogD3D11RHI:     DedicatedSystemMemory : 0 bytes
[2025.04.02-19.30.36:277][  0]LogD3D11RHI:     SharedSystemMemory : 8522747904 bytes
[2025.04.02-19.30.36:277][  0]LogD3D11RHI:     AdapterLuid : 0 62926
[2025.04.02-19.30.36:283][  0]LogD3D11RHI: Creating new Direct3DDevice
[2025.04.02-19.30.36:283][  0]LogD3D11RHI:     GPU DeviceId: 0x6fdf (for the marketing name, search the web for "GPU Device Id")
[2025.04.02-19.30.36:283][  0]LogWindows: EnumDisplayDevices:
[2025.04.02-19.30.36:283][  0]LogWindows:    0. 'AMD Radeon RX 580 2048SP' (P:1 D:1)
[2025.04.02-19.30.36:283][  0]LogWindows:    1. 'AMD Radeon RX 580 2048SP' (P:0 D:0)
[2025.04.02-19.30.36:283][  0]LogWindows:    2. 'AMD Radeon RX 580 2048SP' (P:0 D:0)
[2025.04.02-19.30.36:284][  0]LogWindows:    3. 'AMD Radeon RX 580 2048SP' (P:0 D:0)
[2025.04.02-19.30.36:284][  0]LogWindows:    4. 'AMD Radeon RX 580 2048SP' (P:0 D:0)
[2025.04.02-19.30.36:284][  0]LogWindows:    5. 'AMD Radeon RX 580 2048SP' (P:0 D:0)
[2025.04.02-19.30.36:285][  0]LogWindows:    6. 'AMD Radeon RX 580 2048SP' (P:0 D:0)
[2025.04.02-19.30.36:285][  0]LogWindows: DebugString: FoundDriverCount:7 
[2025.04.02-19.30.36:285][  0]LogD3D11RHI:     Adapter Name: AMD Radeon RX 580 2048SP
[2025.04.02-19.30.36:285][  0]LogD3D11RHI:   Driver Version: AMD Software: Adrenalin Edition 24.9.1 (internal:31.0.21921.1000, unified:31.0.21921.1000)
[2025.04.02-19.30.36:285][  0]LogD3D11RHI:      Driver Date: 8-19-2024
[2025.04.02-19.30.36:285][  0]LogRHI: Texture pool is 5182 MB (70% of 7402 MB)
[2025.04.02-19.30.36:304][  0]LogD3D11RHI: Creating D3DDevice with AMD AGS, using adapter:
[2025.04.02-19.30.36:304][  0]LogD3D11RHI:     Description : AMD Radeon RX 580 2048SP
[2025.04.02-19.30.36:304][  0]LogD3D11RHI:     VendorId    : 1002
[2025.04.02-19.30.36:304][  0]LogD3D11RHI:     DeviceId    : 6fdf
[2025.04.02-19.30.36:304][  0]LogD3D11RHI:     SubSysId    : b311002
[2025.04.02-19.30.36:304][  0]LogD3D11RHI:     Revision    : 00ef
[2025.04.02-19.30.36:304][  0]LogD3D11RHI:     DedicatedVideoMemory : 8567906304 bytes
[2025.04.02-19.30.36:304][  0]LogD3D11RHI:     DedicatedSystemMemory : 0 bytes
[2025.04.02-19.30.36:304][  0]LogD3D11RHI:     SharedSystemMemory : 8522747904 bytes
[2025.04.02-19.30.36:304][  0]LogD3D11RHI:     AdapterLuid : 0 62926
[2025.04.02-19.30.36:339][  0]LogD3D11RHI: Created device via AGS, feature level 11_0, supported extensions 1fffffbf.
[2025.04.02-19.30.36:339][  0]LogD3D11RHI: RHI has support for 64 bit atomics
[2025.04.02-19.30.36:339][  0]LogD3D11RHI: Async texture creation enabled
[2025.04.02-19.30.36:339][  0]LogD3D11RHI: Array index from any shader is supported
[2025.04.02-19.30.36:339][  0]LogD3D11RHI: HDR output is supported on display 0 (AMD Device: 0x0, Display: 0x0).
[2025.04.02-19.30.36:349][  0]LogD3D11RHI: GPU Timing Frequency: 25.000000 (Debug: 2 1)
[2025.04.02-19.30.36:614][  0]LogTargetPlatformManager: Display: Loaded TargetPlatform 'AllDesktop'
[2025.04.02-19.30.36:632][  0]LogTargetPlatformManager: Display: Loaded TargetPlatform 'Android'
[2025.04.02-19.30.36:632][  0]LogTargetPlatformManager: Display: Loaded TargetPlatform 'Android_ASTC'
[2025.04.02-19.30.36:632][  0]LogTargetPlatformManager: Display: Loaded TargetPlatform 'Android_DXT'
[2025.04.02-19.30.36:632][  0]LogTargetPlatformManager: Display: Loaded TargetPlatform 'Android_ETC2'
[2025.04.02-19.30.36:632][  0]LogTargetPlatformManager: Display: Loaded TargetPlatform 'AndroidClient'
[2025.04.02-19.30.36:632][  0]LogTargetPlatformManager: Display: Loaded TargetPlatform 'Android_ASTCClient'
[2025.04.02-19.30.36:632][  0]LogTargetPlatformManager: Display: Loaded TargetPlatform 'Android_DXTClient'
[2025.04.02-19.30.36:632][  0]LogTargetPlatformManager: Display: Loaded TargetPlatform 'Android_ETC2Client'
[2025.04.02-19.30.36:632][  0]LogTargetPlatformManager: Display: Loaded TargetPlatform 'Android_Multi'
[2025.04.02-19.30.36:632][  0]LogTargetPlatformManager: Display: Loaded TargetPlatform 'Android_MultiClient'
[2025.04.02-19.30.36:648][  0]LogTargetPlatformManager: Display: Loaded TargetPlatform 'IOSClient'
[2025.04.02-19.30.36:648][  0]LogTargetPlatformManager: Display: Loaded TargetPlatform 'IOS'
[2025.04.02-19.30.36:657][  0]LogTargetPlatformManager: Display: Loaded TargetPlatform 'Linux'
[2025.04.02-19.30.36:661][  0]LogTargetPlatformManager: Display: Loaded TargetPlatform 'LinuxNoEditor'
[2025.04.02-19.30.36:665][  0]LogTargetPlatformManager: Display: Loaded TargetPlatform 'LinuxClient'
[2025.04.02-19.30.36:703][  0]LogTargetPlatformManager: Display: Loaded TargetPlatform 'LinuxServer'
[2025.04.02-19.30.36:711][  0]LogTargetPlatformManager: Display: Loaded TargetPlatform 'LinuxAArch64NoEditor'
[2025.04.02-19.30.36:715][  0]LogTargetPlatformManager: Display: Loaded TargetPlatform 'LinuxAArch64Client'
[2025.04.02-19.30.36:719][  0]LogTargetPlatformManager: Display: Loaded TargetPlatform 'LinuxAArch64Server'
[2025.04.02-19.30.36:742][  0]LogTargetPlatformManager: Display: Loaded TargetPlatform 'Lumin'
[2025.04.02-19.30.36:742][  0]LogTargetPlatformManager: Display: Loaded TargetPlatform 'LuminClient'
[2025.04.02-19.30.36:750][  0]LogTargetPlatformManager: Display: Loaded TargetPlatform 'MacNoEditor'
[2025.04.02-19.30.36:753][  0]LogTargetPlatformManager: Display: Loaded TargetPlatform 'Mac'
[2025.04.02-19.30.36:757][  0]LogTargetPlatformManager: Display: Loaded TargetPlatform 'MacClient'
[2025.04.02-19.30.36:761][  0]LogTargetPlatformManager: Display: Loaded TargetPlatform 'MacServer'
[2025.04.02-19.30.36:771][  0]LogTargetPlatformManager: Display: Loaded TargetPlatform 'TVOSClient'
[2025.04.02-19.30.36:771][  0]LogTargetPlatformManager: Display: Loaded TargetPlatform 'TVOS'
[2025.04.02-19.30.36:779][  0]LogTargetPlatformManager: Display: Loaded TargetPlatform 'WindowsNoEditor'
[2025.04.02-19.30.36:783][  0]LogTargetPlatformManager: Display: Loaded TargetPlatform 'Windows'
[2025.04.02-19.30.36:787][  0]LogTargetPlatformManager: Display: Loaded TargetPlatform 'WindowsClient'
[2025.04.02-19.30.36:791][  0]LogTargetPlatformManager: Display: Loaded TargetPlatform 'WindowsServer'
[2025.04.02-19.30.36:791][  0]LogTargetPlatformManager: Display: Building Assets For Windows
[2025.04.02-19.30.36:796][  0]LogAudioDebug: Display: Lib vorbis DLL was dynamically loaded.
[2025.04.02-19.30.36:824][  0]LogTextureFormatOodle: Display: Oodle Texture 2.9.0 init RDO Off
[2025.04.02-19.30.36:850][  0]LogRendererCore: Ray tracing is disabled. Reason: r.RayTracing=0.
[2025.04.02-19.30.36:850][  0]LogShaderCompilers: Guid format shader working directory is -27 characters bigger than the processId version (../../../../../../Users/Playeroth/Documents/EscapeTheBackrooms--Mods/MainMod/Intermediate/Shaders/WorkingDirectory/20116/).
[2025.04.02-19.30.36:850][  0]LogShaderCompilers: Cleaned the shader compiler working directory 'C:/Users/Playeroth/AppData/Local/Temp/UnrealShaderWorkingDir/DA943C3A4E98F880250226BA6E192110/'.
[2025.04.02-19.30.36:851][  0]LogXGEController: Cannot use XGE Controller as Incredibuild is not installed on this machine.
[2025.04.02-19.30.36:851][  0]LogShaderCompilers: Cannot use XGE Shader Compiler as Incredibuild is not installed on this machine.
[2025.04.02-19.30.36:851][  0]LogShaderCompilers: Display: Using Local Shader Compiler.
[2025.04.02-19.30.37:565][  0]LogDerivedDataCache: Display: Max Cache Size: 512 MB
[2025.04.02-19.30.37:615][  0]LogDerivedDataCache: Loaded boot cache 0.05s 94MB C:/Users/Playeroth/AppData/Local/UnrealEngine/4.27/DerivedDataCache/Boot.ddc.
[2025.04.02-19.30.37:615][  0]LogDerivedDataCache: Display: Loaded Boot cache: C:/Users/Playeroth/AppData/Local/UnrealEngine/4.27/DerivedDataCache/Boot.ddc
[2025.04.02-19.30.37:615][  0]LogDerivedDataCache: FDerivedDataBackendGraph:  Pak pak cache file ../../../../../../Users/Playeroth/Documents/EscapeTheBackrooms--Mods/MainMod/DerivedDataCache/DDC.ddp not found, will not use a pak cache.
[2025.04.02-19.30.37:615][  0]LogDerivedDataCache: Unable to find inner node Pak for hierarchical cache Hierarchy.
[2025.04.02-19.30.37:615][  0]LogDerivedDataCache: FDerivedDataBackendGraph:  CompressedPak pak cache file ../../../../../../Users/Playeroth/Documents/EscapeTheBackrooms--Mods/MainMod/DerivedDataCache/Compressed.ddp not found, will not use a pak cache.
[2025.04.02-19.30.37:615][  0]LogDerivedDataCache: Unable to find inner node CompressedPak for hierarchical cache Hierarchy.
[2025.04.02-19.30.37:630][  0]LogDerivedDataCache: Display: Pak cache opened for reading ../../../Engine/DerivedDataCache/Compressed.ddp.
[2025.04.02-19.30.37:630][  0]LogDerivedDataCache: FDerivedDataBackendGraph:  EnterprisePak pak cache file ../../../Enterprise/DerivedDataCache/Compressed.ddp not found, will not use a pak cache.
[2025.04.02-19.30.37:630][  0]LogDerivedDataCache: Unable to find inner node EnterprisePak for hierarchical cache Hierarchy.
[2025.04.02-19.30.37:635][  0]LogDerivedDataCache: Speed tests for C:/Users/Playeroth/AppData/Local/UnrealEngine/Common/DerivedDataCache took 0.00 seconds
[2025.04.02-19.30.37:635][  0]LogDerivedDataCache: Display: Performance to C:/Users/Playeroth/AppData/Local/UnrealEngine/Common/DerivedDataCache: Latency=0.02ms. RandomReadSpeed=1568.03MBs, RandomWriteSpeed=231.56MBs. Assigned SpeedClass 'Local'
[2025.04.02-19.30.37:636][  0]LogDerivedDataCache: Using Local data cache path C:/Users/Playeroth/AppData/Local/UnrealEngine/Common/DerivedDataCache: Writable
[2025.04.02-19.30.37:636][  0]LogDerivedDataCache: Shared data cache path not found in *engine.ini, will not use an Shared cache.
[2025.04.02-19.30.37:636][  0]LogDerivedDataCache: Unable to find inner node Shared for hierarchical cache Hierarchy.
[2025.04.02-19.30.37:681][  0]LogSlate: Using FreeType 2.10.0
[2025.04.02-19.30.37:681][  0]LogSlate: SlateFontServices - WITH_FREETYPE: 1, WITH_HARFBUZZ: 1
[2025.04.02-19.30.37:700][  0]LogAssetRegistry: FAssetRegistry took 0.0022 seconds to start up
[2025.04.02-19.30.37:844][  0]LogCollisionProfile: Warning: ProfileRedirect (EntitiType : EntityType) - New Name ('EntityType') isn't found 
[2025.04.02-19.30.37:901][  0]LogInit: Selected Device Profile: [Windows]
[2025.04.02-19.30.37:901][  0]LogInit: Active device profile: [000002D6B0699100][000002D6A30A7000 49] Windows
[2025.04.02-19.30.37:901][  0]LogInit: Profiles: [000002D6B0699100][000002D6A30A7000 49] Windows, [000002D6B065E700][000002D6AE457180 49] WindowsNoEditor, [000002D6B069A200][000002D6AE45B300 49] WindowsServer, [000002D6B065D900][000002D6AE45F480 49] WindowsClient, [000002D6B0699700][000002D6AE463600 49] IOS, [000002D6B065E900][000002D6AE467780 49] iPadAir, [000002D6B069BC00][000002D6AE46B900 49] iPadAir2, [000002D6B05F9400][000002D6AE473BC0 49] IPadPro, [000002D6B05F9500][000002D6AE46FC00 49] iPadAir3, [000002D6B065FA00][000002D6AE476200 49] iPadAir4, [000002D6B05FA300][000002D6AE47A380 49] iPadMini2, [000002D6B065F100][000002D6AE490500 49] iPadMini3, [000002D6B05FAF00][000002D6AE494680 49] iPadMini4, [000002D6B065DE00][000002D6AE498800 49] iPadMini5, [000002D6B0601000][000002D6AE4A0AC0 49] iPhone6, [000002D6B0601100][000002D6AE49CB00 49] iPodTouch6, [000002D6B069B900][000002D6AE4A4D40 49] iPhone7, [000002D6B069A900][000002D6AE452D80 49] iPodTouch7, [000002D6B05F9000][000002D6AE4A8EC0 49] iPhone5S, [000002D6B069AF00][000002D6AE4B1040 49] iPhone6Plus, [000002D6B05FB600][000002D6AE4B51C0 49] iPhone6S, [000002D6B0698C00][000002D6AE4B9340 49] iPhone6SPlus, [000002D6B0699D00][000002D6AE4BD4C0 49] iPhone7Plus, [000002D6B0600800][000002D6AE4C1640 49] iPhoneSE, [000002D6B0698400][000002D6AE4C57C0 49] iPhone8, [000002D6B0600900][000002D6AE4C9940 49] iPhone8Plus, [000002D6B0602E00][000002D6AE4CDAC0 49] iPhoneX, [000002D6B05F9D00][000002D6AE4D00C0 49] iPhoneXS, [000002D6B0602700][000002D6AE4D4240 49] iPhoneXSMax, [000002D6B05F9C00][000002D6AE4D83C0 49] iPhoneXR, [000002D6B0602800][000002D6AE4DC540 49] iPhone11, [000002D6B05F8F00][000002D6AE4E06C0 49] iPhone11Pro, [000002D6B0600B00][000002D6AE4E4840 49] iPhone11ProMax, [000002D6B05F8D00][000002D6AE4E89C0 49] iPhoneSE2, [000002D6B0600E00][000002D6AE4ECB40 49] iPhone12Mini, [000002D6B069B800][000002D6AE4F0CC0 49] iPhone12, [000002D6B0603000][000002D6AE4ACE00 49] iPhone12Pro, [000002D6B069B700][000002D6AE4F4F40 49] iPhone12ProMax, [000002D6B0601E00][000002D6AE4F9080 49] iPadPro105, [000002D6B0699300][000002D6AE4FD1C0 49] iPadPro129, [000002D6B0603E00][000002D6AE505340 49] iPadPro97, [000002D6B0699C00][000002D6AE5094C0 49] iPadPro2_129, [000002D6B0602000][000002D6AE533640 49] iPad5, [000002D6B069A300][000002D6AE5377C0 49] iPad6, [000002D6B0603B00][000002D6AE5A7940 49] iPad7, [000002D6B0699E00][000002D6AE629AC0 49] iPad8, [000002D6B0600A00][000002D6AE62C0C0 49] iPadPro11, [000002D6B069A600][000002D6AE630240 49] iPadPro2_11, [000002D6B0600F00][000002D6AE6DA3C0 49] iPadPro3_129, [000002D6B069A800][000002D6AE6DE540 49] iPadPro4_129, [000002D6B0603C00][000002D6AE6E26C0 49] AppleTV, [000002D6B0699A00][000002D6AE6E6840 49] AppleTV4K, [000002D6B0602600][000002D6AE6EA9C0 49] TVOS, [000002D6B069A100][000002D6AE6EEB40 49] Mac, [000002D6B0602F00][000002D6AE6F2CC0 49] MacClient, [000002D6B069AA00][000002D6AE6F6E40 49] MacNoEditor, [000002D6B0602C00][000002D6AE500F80 49] MacServer, [000002D6B069B000][000002D6AD75D0C0 49] Linux, [000002D6B0600400][000002D6AE6FB200 49] LinuxAArch64, [000002D6B0698700][000002D6AE707340 49] LinuxNoEditor, [000002D6B0603700][000002D6AE70F4C0 49] LinuxAArch64NoEditor, [000002D6B069BB00][000002D6AE713640 49] LinuxClient, [000002D6B0603400][000002D6AE7177C0 49] LinuxAArch64Client, [000002D6B069BE00][000002D6AE71B940 49] LinuxServer, [000002D6B0600700][000002D6AE71FAC0 49] LinuxAArch64Server, [000002D6B0699F00][000002D6AE7220C0 49] Android, [000002D6B0602A00][000002D6AD71A240 49] Android_Low, [000002D6B069AD00][000002D6AE7263C0 49] Android_Mid, [000002D6B0601F00][000002D6AE72A540 49] Android_High, [000002D6B069AB00][000002D6AE5466C0 49] Android_Default, [000002D6B0600100][000002D6AE54A840 49] Android_Adreno4xx, [000002D6B0698500][000002D6AE55A9C0 49] Android_Adreno5xx_Low, [000002D6B0601400][000002D6AE59EB40 49] Android_Adreno5xx, [000002D6B069B400][000002D6AE5A2CC0 49] Android_Adreno6xx, [000002D6B0602300][000002D6AE5AAE40 49] Android_Adreno6xx_Vulkan, [000002D6B069BD00][000002D6AE5AEFC0 49] Android_Mali_T6xx, [000002D6B0600200][000002D6AE5B3140 49] Android_Mali_T7xx, [000002D6B069B600][000002D6AE70B280 49] Android_Mali_T8xx, [000002D6B0603200][000002D6AE6073C0 49] Android_Mali_G71, [000002D6B05FB100][000002D6AE623500 49] Android_Mali_G72, [000002D6B065EF00][000002D6ADEED680 49] Android_Mali_G72_Vulkan, [000002D6B05FAB00][000002D6ADEF1800 49] Android_Mali_G76, [000002D6B065C500][000002D6ADEF5980 49] Android_Mali_G76_Vulkan, [000002D6B05F8C00][000002D6ADF09B00 49] Android_Mali_G77, [000002D6B065C600][000002D6ADF0C100 49] Android_Mali_G77_Vulkan, [000002D6B05FA400][000002D6AE684280 49] Android_Mali_G78, [000002D6B065CD00][000002D6AE68C400 49] Android_Mali_G78_Vulkan, [000002D6B05FBD00][000002D6AE690580 49] Android_Mali_G710, [000002D6B065EB00][000002D6AE694700 49] Android_Mali_G710_Vulkan, [000002D6B05FAA00][000002D6AE698880 49] Android_Vulkan_SM5, [000002D6B065DA00][000002D6AE69CA00 49] Android_PowerVR_G6xxx, [000002D6B05F8500][000002D6AE6A0B80 49] Android_PowerVR_GT7xxx, [000002D6B065C200][000002D6AE6A8D00 49] Android_PowerVR_GE8xxx, [000002D6B05FBB00][000002D6AE6ACE80 49] Android_PowerVR_GM9xxx, [000002D6B065E100][000002D6AD7ED000 49] Android_PowerVR_GM9xxx_Vulkan, [000002D6B05F9F00][000002D69FBA5180 49] Android_TegraK1, [000002D6B065CA00][000002D69FBA9300 49] Android_Unknown_Vulkan, [000002D6B05FB900][000002D6ADEE9440 49] Lumin, [000002D6B065D100][000002D69FBBF580 49] Lumin_Desktop, [000002D6B05FA000][000002D6ADEAF6C0 49] HoloLens, 
[2025.04.02-19.30.38:017][  0]LogMeshReduction: Using QuadricMeshReduction for automatic static mesh reduction
[2025.04.02-19.30.38:017][  0]LogMeshReduction: Using SimplygonMeshReduction for automatic skeletal mesh reduction
[2025.04.02-19.30.38:017][  0]LogMeshReduction: Using ProxyLODMeshReduction for automatic mesh merging
[2025.04.02-19.30.38:017][  0]LogMeshReduction: No distributed automatic mesh merging module available
[2025.04.02-19.30.38:017][  0]LogMeshMerging: No distributed automatic mesh merging module available
[2025.04.02-19.30.38:029][  0]LogNetVersion: EscapeTheBackrooms 1.0.0, NetCL: 17155196, EngineNetVer: 17, GameNetVer: 0 (Checksum: 3701509013)
[2025.04.02-19.30.38:447][  0]LogTexture: Default maximum texture size for cubemaps generated from long-lat sources has been changed from 512 to unlimited. In order to preserve old behaiour for '/Engine/MapTemplates/Sky/DaylightAmbientCubemap.DaylightAmbientCubemap', its maximum texture size has been explicitly set to 512.
[2025.04.02-19.30.38:491][  0]LogHMD: PokeAHoleMaterial loaded successfully
[2025.04.02-19.30.38:496][  0]LogUObjectArray: 17178 objects as part of root set at end of initial load.
[2025.04.02-19.30.38:496][  0]LogUObjectAllocator: 4302048 out of 0 bytes used by permanent object pool.
[2025.04.02-19.30.38:496][  0]LogUObjectArray: CloseDisregardForGC: 0/0 objects in disregard for GC pool
[2025.04.02-19.30.38:732][  0]LogNiagaraDebuggerClient: Niagara Debugger Client Initialized | Session: AB1E18514B52F9FF5D83A8A4790748A7 | Instance: A58B0BE844F2E40C22019ABD508C3975 (DESKTOP-PLAYER-20116).
[2025.04.02-19.30.38:761][  0]LogPython: Using Python 3.7.7
[2025.04.02-19.30.39:296][  0]LogTcpMessaging: Initializing TcpMessaging bridge
[2025.04.02-19.30.39:300][  0]LogUdpMessaging: Initializing bridge on interface 0.0.0.0:0 to multicast group 230.0.0.1:6666.
[2025.04.02-19.30.39:342][  0]LogSteamShared: Display: Loading Steam SDK 1.51
[2025.04.02-19.30.39:344][  0]LogSteamShared: Steam SDK Loaded!
[2025.04.02-19.30.39:480][  0]SourceControl: Source control is disabled
[2025.04.02-19.30.39:480][  0]SourceControl: Source control is disabled
[2025.04.02-19.30.39:483][  0]SourceControl: Source control is disabled
[2025.04.02-19.30.39:487][  0]SourceControl: Source control is disabled
[2025.04.02-19.30.39:494][  0]SourceControl: Source control is disabled
[2025.04.02-19.30.39:500][  0]LogUProjectInfo: Found projects:
[2025.04.02-19.30.39:670][  0]LogOpenImageDenoise: OIDN starting up
[2025.04.02-19.30.39:746][  0]LogAndroidPermission: UAndroidPermissionCallbackProxy::GetInstance
[2025.04.02-19.30.39:762][  0]LogAudioCaptureCore: Display: No Audio Capture implementations found. Audio input will be silent.
[2025.04.02-19.30.39:762][  0]LogAudioCaptureCore: Display: No Audio Capture implementations found. Audio input will be silent.
[2025.04.02-19.30.39:872][  0]LogCollectionManager: Loaded 0 collections in 0.001299 seconds
[2025.04.02-19.30.39:893][  0]LogFileCache: Scanning file cache for directory 'C:/Users/Playeroth/Documents/EscapeTheBackrooms--Mods/MainMod/Saved/Collections/' took 0.00s
[2025.04.02-19.30.39:893][  0]LogFileCache: Scanning file cache for directory 'C:/Users/Playeroth/Documents/EscapeTheBackrooms--Mods/MainMod/Content/Developers/Playeroth/Collections/' took 0.00s
[2025.04.02-19.30.39:893][  0]LogFileCache: Scanning file cache for directory 'C:/Users/Playeroth/Documents/EscapeTheBackrooms--Mods/MainMod/Content/Collections/' took 0.00s
[2025.04.02-19.30.39:893][  0]LogOcInput: OculusInput pre-init called
[2025.04.02-19.30.40:117][  0]LogBlueprintAssist: Blueprint Assist Startup Module
[2025.04.02-19.30.40:168][  0]LogClass: Display: BoolProperty FBPSteamGroupOfficer::bIsOwner is not initialized properly. Module:AdvancedSteamSessions File:Classes/SteamRequestGroupOfficersCallbackProxy.h
[2025.04.02-19.30.40:169][  0]LogClass: Display: IntProperty FBPSteamGroupInfo::numOnline is not initialized properly. Module:AdvancedSteamSessions File:Classes/AdvancedSteamFriendsLibrary.h
[2025.04.02-19.30.40:169][  0]LogClass: Display: IntProperty FBPSteamGroupInfo::numInGame is not initialized properly. Module:AdvancedSteamSessions File:Classes/AdvancedSteamFriendsLibrary.h
[2025.04.02-19.30.40:169][  0]LogClass: Display: IntProperty FBPSteamGroupInfo::numChatting is not initialized properly. Module:AdvancedSteamSessions File:Classes/AdvancedSteamFriendsLibrary.h
[2025.04.02-19.30.40:169][  0]LogClass: Display: StructProperty FBANodeData::CachedNodeSize is not initialized properly. Module:BlueprintAssist File:Public/BlueprintAssistSizeCache.h
[2025.04.02-19.30.40:169][  0]LogClass: Display: 5 Uninitialized script struct members found including 0 object properties
[2025.04.02-19.30.40:171][  0]LogEngine: Initializing Engine...
[2025.04.02-19.30.40:173][  0]LogHMD: Failed to enumerate extensions. Please check that you have a valid OpenXR runtime installed.
[2025.04.02-19.30.40:173][  0]LogHMD: Failed to initialize OpenVR with code 110
[2025.04.02-19.30.40:173][  0]LogMagicLeap: Warning: VR disabled because ZI is not enabled.  To enable, in the editor, Edit -> Project Settings -> Plugins -> Magic Leap Plugin -> Enable Zero Iteration
[2025.04.02-19.30.40:174][  0]LogStats: UGameplayTagsManager::InitializeManager -  0.000 s
[2025.04.02-19.30.40:290][  0]LogInit: Initializing FReadOnlyCVARCache
[2025.04.02-19.30.40:298][  0]LogAIModule: Creating AISystem for world Untitled
[2025.04.02-19.30.40:306][  0]LogAudio: Display: Initializing Audio Device Manager...
[2025.04.02-19.30.40:309][  0]LogAudio: Display: Loading Default Audio Settings Objects...
[2025.04.02-19.30.40:309][  0]LogAudio: Display: No default SoundConcurrencyObject specified (or failed to load).
[2025.04.02-19.30.40:309][  0]LogAudio: Display: Audio Device Manager Initialized
[2025.04.02-19.30.40:309][  0]LogAudio: Display: Creating Audio Device:                 Id: 1, Scope: Shared, Realtime: True
[2025.04.02-19.30.40:309][  0]LogAudioMixer: Display: Audio Mixer Platform Settings:
[2025.04.02-19.30.40:309][  0]LogAudioMixer: Display: 	Sample Rate:						  48000
[2025.04.02-19.30.40:309][  0]LogAudioMixer: Display: 	Callback Buffer Frame Size Requested: 256
[2025.04.02-19.30.40:309][  0]LogAudioMixer: Display: 	Callback Buffer Frame Size To Use:	  256
[2025.04.02-19.30.40:309][  0]LogAudioMixer: Display: 	Number of buffers to queue:			  7
[2025.04.02-19.30.40:309][  0]LogAudioMixer: Display: 	Max Channels (voices):				  32
[2025.04.02-19.30.40:309][  0]LogAudioMixer: Display: 	Number of Async Source Workers:		  0
[2025.04.02-19.30.40:309][  0]LogAudio: Display: AudioDevice MaxSources: 32
[2025.04.02-19.30.40:309][  0]LogAudio: Display: Audio Spatialization Plugin: None (built-in).
[2025.04.02-19.30.40:309][  0]LogAudio: Display: Audio Reverb Plugin: None (built-in).
[2025.04.02-19.30.40:309][  0]LogAudio: Display: Audio Occlusion Plugin: None (built-in).
[2025.04.02-19.30.40:309][  0]LogAudioMixer: Display: Initializing audio mixer.
[2025.04.02-19.30.40:320][  0]LogAudioMixer: Display: 0: FrontLeft
[2025.04.02-19.30.40:320][  0]LogAudioMixer: Display: 1: FrontRight
[2025.04.02-19.30.40:353][  0]LogAudioMixer: Display: Using Audio Device Alto-falantes (Realtek High Definition Audio)
[2025.04.02-19.30.40:358][  0]LogAudioMixer: Display: Initializing Sound Submixes...
[2025.04.02-19.30.40:360][  0]LogAudioMixer: Display: Creating Master Submix 'MasterSubmixDefault'
[2025.04.02-19.30.40:360][  0]LogAudioMixer: Display: Creating Master Submix 'MasterReverbSubmixDefault'
[2025.04.02-19.30.40:361][  0]LogAudioMixer: Display: Creating Master Submix 'MasterEQSubmixDefault'
[2025.04.02-19.30.40:361][  0]LogAudioMixer: FMixerPlatformXAudio2::StartAudioStream() called
[2025.04.02-19.30.40:361][  0]LogAudioMixer: Display: Output buffers initialized: Frames=256, Channels=2, Samples=512
[2025.04.02-19.30.40:362][  0]LogAudioMixer: Display: Starting AudioMixerPlatformInterface::RunInternal()
[2025.04.02-19.30.40:362][  0]LogAudioMixer: Display: FMixerPlatformXAudio2::SubmitBuffer() called for the first time
[2025.04.02-19.30.40:362][  0]LogInit: FAudioDevice initialized.
[2025.04.02-19.30.40:362][  0]LogAudio: Display: Audio Device (ID: 1) registered with world 'Untitled'.
[2025.04.02-19.30.40:362][  0]LogNetVersion: Set ProjectVersion to 1.0.0.0. Version Checksum will be recalculated on next use.
[2025.04.02-19.30.40:406][  0]LogDerivedDataCache: Saved boot cache 0.04s 94MB C:/Users/Playeroth/AppData/Local/UnrealEngine/4.27/DerivedDataCache/Boot.ddc.
[2025.04.02-19.30.40:406][  0]LogInit: Texture streaming: Enabled
[2025.04.02-19.30.40:417][  0]LogAnalytics: Display: [UEEditor.Rocket.Release] APIServer = https://datarouter.ol.epicgames.com/. AppVersion = 4.27.2-18319896+++UE4+Release-4.27
[2025.04.02-19.30.40:420][  0]LogEngineSessionManager: EngineSessionManager initialized
[2025.04.02-19.30.40:420][  0]LogEditorSessionSummary: Verbose: Initializing EditorSessionSummaryWriter for editor session tracking
[2025.04.02-19.30.40:422][  0]LogEditorSessionSummary: EditorSessionSummaryWriter initialized
[2025.04.02-19.30.40:449][  0]LogInit: Transaction tracking system initialized
[2025.04.02-19.30.40:470][  0]BlueprintLog: New page: Editor Load
[2025.04.02-19.30.40:520][  0]LocalizationService: Localization service is disabled
[2025.04.02-19.30.40:539][  0]TimingProfiler: Initialize
[2025.04.02-19.30.40:539][  0]TimingProfiler: OnSessionChanged
[2025.04.02-19.30.40:539][  0]LoadingProfiler: Initialize
[2025.04.02-19.30.40:539][  0]LoadingProfiler: OnSessionChanged
[2025.04.02-19.30.40:539][  0]NetworkingProfiler: Initialize
[2025.04.02-19.30.40:539][  0]NetworkingProfiler: OnSessionChanged
[2025.04.02-19.30.40:539][  0]MemoryProfiler: Initialize
[2025.04.02-19.30.40:539][  0]MemoryProfiler: OnSessionChanged
[2025.04.02-19.30.40:666][  0]LogCook: Display: CookSettings for Memory: MemoryMaxUsedVirtual 0MiB, MemoryMaxUsedPhysical 16384MiB, MemoryMinFreeVirtual 0MiB, MemoryMinFreePhysical 1024MiB
[2025.04.02-19.30.40:666][  0]LogCook: Display: Mobile HDR setting 1
[2025.04.02-19.30.40:692][  0]LogBlueprintAssist: Registered BlueprintAssist Commands
[2025.04.02-19.30.40:694][  0]LogBlueprintAssist: Finished loaded BlueprintAssist Module
[2025.04.02-19.30.40:695][  0]LogAutoSizeComments: Startup AutoSizeComments
[2025.04.02-19.30.40:776][  0]LogFileCache: Scanning file cache for directory 'C:/Users/Playeroth/Documents/EscapeTheBackrooms--Mods/MainMod/Content/' took 0.07s
[2025.04.02-19.30.40:991][  0]LogInit: Display: Engine is initialized. Leaving FEngineLoop::Init()
[2025.04.02-19.30.40:994][  0]SourceControl: Source control is disabled
[2025.04.02-19.30.40:994][  0]LogUnrealEdMisc: Loading editor; pre map load, took 6.491
[2025.04.02-19.30.40:994][  0]Cmd: MAP LOAD FILE="../../../Engine/Content/Maps/Templates/Template_Default.umap" TEMPLATE=1 SHOWPROGRESS=1 FEATURELEVEL=3
[2025.04.02-19.30.40:994][  0]LightingResults: New page: Lighting Build
[2025.04.02-19.30.40:995][  0]LogWorld: UWorld::CleanupWorld for Untitled, bSessionEnded=true, bCleanupResources=true
[2025.04.02-19.30.40:995][  0]LogSlate: InvalidateAllWidgets triggered.  All widgets were invalidated
[2025.04.02-19.30.40:995][  0]MapCheck: New page: Map Check
[2025.04.02-19.30.40:995][  0]LightingResults: New page: Lighting Build
[2025.04.02-19.30.41:000][  0]LogAudio: Display: Audio Device unregistered from world 'None'.
[2025.04.02-19.30.41:003][  0]LogUObjectHash: Compacting FUObjectHashTables data took   0.79ms
[2025.04.02-19.30.41:055][  0]LogTexture: Display: Building textures: DeprecatedTextureEB9CBE3C423008B5E8E130901E171C89 (BGRA8, 128X128)
[2025.04.02-19.30.41:058][  0]LogAudio: Display: Audio Device (ID: 1) registered with world 'Untitled_1'.
[2025.04.02-19.30.41:059][  0]LogAIModule: Creating AISystem for world Untitled_1
[2025.04.02-19.30.41:061][  0]LogEditorServer: Finished looking for orphan Actors (0.000 secs)
[2025.04.02-19.30.41:067][  0]LogUObjectHash: Compacting FUObjectHashTables data took   0.77ms
[2025.04.02-19.30.41:067][  0]Cmd: MAP CHECKDEP NOCLEARLOG
[2025.04.02-19.30.41:067][  0]MapCheck: Map check complete: 0 Error(s), 0 Warning(s), took 0.144ms to complete.
[2025.04.02-19.30.41:067][  0]LogFileHelpers: Loading map 'Template_Default' took 0.073
[2025.04.02-19.30.41:069][  0]LogUnrealEdMisc: Total Editor Startup Time, took 6.566
[2025.04.02-19.30.41:166][  0]LogSlate: Updating window title bar state: overlay mode, drag disabled, window buttons hidden, title bar hidden
[2025.04.02-19.30.41:170][  0]LogSlate: Updating window title bar state: overlay mode, drag disabled, window buttons hidden, title bar hidden
[2025.04.02-19.30.41:176][  0]LogSlate: Updating window title bar state: overlay mode, drag disabled, window buttons hidden, title bar hidden
[2025.04.02-19.30.41:181][  0]LogSlate: Updating window title bar state: overlay mode, drag disabled, window buttons hidden, title bar hidden
[2025.04.02-19.30.41:193][  0]LogNativeClassHierarchy: Verbose: Native class hierarchy populated in 0.0084 seconds. Added 3860 classes and 956 folders.
[2025.04.02-19.30.41:197][  0]LogNativeClassHierarchy: Verbose: Native class hierarchy updated for 'WidgetCarousel' in 0.0002 seconds. Added 0 classes and 0 folders.
[2025.04.02-19.30.41:200][  0]LogNativeClassHierarchy: Verbose: Native class hierarchy updated for 'AddContentDialog' in 0.0002 seconds. Added 0 classes and 0 folders.
[2025.04.02-19.30.41:200][  0]LogNativeClassHierarchy: Verbose: Native class hierarchy updated for 'SceneOutliner' in 0.0002 seconds. Added 2 classes and 0 folders.
[2025.04.02-19.30.41:218][  0]LogSlate: Took 0.000157 seconds to synchronously load lazily loaded font '../../../Engine/Content/Slate/Fonts/Roboto-Regular.ttf' (155K)
[2025.04.02-19.30.41:219][  0]LogSlate: Took 0.000111 seconds to synchronously load lazily loaded font '../../../Engine/Content/Editor/Slate/Fonts/FontAwesome.ttf' (139K)
[2025.04.02-19.30.41:220][  0]LogSlate: Took 0.000105 seconds to synchronously load lazily loaded font '../../../Engine/Content/Slate/Fonts/Roboto-Bold.ttf' (160K)
[2025.04.02-19.30.41:299][  0]LogRenderer: Reallocating scene render targets to support 1208x560 Format 10 NumSamples 1 (Frame:1).
[2025.04.02-19.30.41:715][  0]LogSlate: Took 0.000156 seconds to synchronously load lazily loaded font '../../../Engine/Content/Slate/Fonts/Roboto-Light.ttf' (167K)
[2025.04.02-19.30.41:786][  0]LogNativeClassHierarchy: Verbose: Native class hierarchy updated for 'HierarchicalLODOutliner' in 0.0003 seconds. Added 0 classes and 0 folders.
[2025.04.02-19.30.41:786][  0]LogLoad: (Engine Initialization) Total time: 7.28 seconds
[2025.04.02-19.30.41:786][  0]LogLoad: (Engine Initialization) Total Blueprint compile time: 0.00 seconds
[2025.04.02-19.30.41:851][  0]LogContentStreaming: Texture pool size now 1000 MB
[2025.04.02-19.30.42:045][  1]LogAssetRegistry: Asset discovery search completed in 4.3470 seconds
[2025.04.02-19.30.42:050][  1]LogAutoSizeComments: Loaded auto size comments cache: C:/Program Files/Epic Games/UE_4.27/Engine/Plugins/Marketplace/AutoSizeComments/ASCCache/BE81413D4B2A357553DD24A65DAB0684.json
[2025.04.02-19.30.42:052][  1]LogBlueprintAssist: Loaded blueprint assist node size cache: ../../../../../../Users/Playeroth/Documents/EscapeTheBackrooms--Mods/MainMod/Plugins/BlueprintAssist/NodeSizeCache/BE81413D4B2A357553DD24A65DAB0684.json
[2025.04.02-19.30.42:057][  1]LogCollectionManager: Fixed up redirectors for 0 collections in 0.000001 seconds (updated 0 objects)
[2025.04.02-19.30.42:933][ 83]LogSlate: Took 0.000130 seconds to synchronously load lazily loaded font '../../../Engine/Content/Slate/Fonts/Roboto-Light.ttf' (167K)
[2025.04.02-19.30.42:947][ 83]LogAssetEditorSubsystem: Opening Asset editor for Blueprint /Game/Mods/PYInsanityMod/Maps/Level52/PYINS_Level52Manager.PYINS_Level52Manager
[2025.04.02-19.30.42:954][ 83]LogBlueprintAssist: Asset opened PYINS_Level52Manager (BlueprintEditor)
[2025.04.02-19.30.44:447][ 83]LogBlueprintEditor: Perf: 1.5 total seconds to load all 10 blueprint libraries in project. Avoid references to content in blueprint libraries to shorten this time.
[2025.04.02-19.30.44:447][ 83]LogBlueprintEditor: Perf: 1.4 seconds loading: /Game/Mods/PYModMenu/Librarys/Actor_BPM_GlobalMacros
[2025.04.02-19.30.44:458][ 83]LogEnum: Warning: Enum name collision: 'E_Ceiling_3x3_broken::NewEnumerator19' is in both '/Game/ElectricalStation/AtmosphericHouse/Enums/E_Ceiling_3x3_broken.E_Ceiling_3x3_broken' and '/Game/AtmosphericHouse/Enums/E_Ceiling_3x3_broken.E_Ceiling_3x3_broken'
[2025.04.02-19.30.44:458][ 83]LogEnum: Warning: Enum name collision: 'E_Ceiling_3x3_broken::NewEnumerator25' is in both '/Game/ElectricalStation/AtmosphericHouse/Enums/E_Ceiling_3x3_broken.E_Ceiling_3x3_broken' and '/Game/AtmosphericHouse/Enums/E_Ceiling_3x3_broken.E_Ceiling_3x3_broken'
[2025.04.02-19.30.44:458][ 83]LogEnum: Warning: Enum name collision: 'E_Ceiling_3x3_broken::NewEnumerator54' is in both '/Game/ElectricalStation/AtmosphericHouse/Enums/E_Ceiling_3x3_broken.E_Ceiling_3x3_broken' and '/Game/AtmosphericHouse/Enums/E_Ceiling_3x3_broken.E_Ceiling_3x3_broken'
[2025.04.02-19.30.44:458][ 83]LogEnum: Warning: Enum name collision: 'E_Ceiling_3x3_broken::NewEnumerator19' is in both '/Game/ElectricalStation/AtmosphericHouse/Enums/E_Ceiling_3x3_broken.E_Ceiling_3x3_broken' and '/Game/AtmosphericHouse/Enums/E_Ceiling_3x3_broken.E_Ceiling_3x3_broken'
[2025.04.02-19.30.44:458][ 83]LogEnum: Warning: Enum name collision: 'E_Ceiling_3x3_broken::NewEnumerator25' is in both '/Game/ElectricalStation/AtmosphericHouse/Enums/E_Ceiling_3x3_broken.E_Ceiling_3x3_broken' and '/Game/AtmosphericHouse/Enums/E_Ceiling_3x3_broken.E_Ceiling_3x3_broken'
[2025.04.02-19.30.44:458][ 83]LogEnum: Warning: Enum name collision: 'E_Ceiling_3x3_broken::NewEnumerator54' is in both '/Game/ElectricalStation/AtmosphericHouse/Enums/E_Ceiling_3x3_broken.E_Ceiling_3x3_broken' and '/Game/AtmosphericHouse/Enums/E_Ceiling_3x3_broken.E_Ceiling_3x3_broken'
[2025.04.02-19.30.44:459][ 83]LogEnum: Warning: Enum name collision: 'E_Ceiling_6x6_broken::NewEnumerator19' is in both '/Game/ElectricalStation/AtmosphericHouse/Enums/E_Ceiling_6x6_broken.E_Ceiling_6x6_broken' and '/Game/AtmosphericHouse/Enums/E_Ceiling_6x6_broken.E_Ceiling_6x6_broken'
[2025.04.02-19.30.44:459][ 83]LogEnum: Warning: Enum name collision: 'E_Ceiling_6x6_broken::NewEnumerator25' is in both '/Game/ElectricalStation/AtmosphericHouse/Enums/E_Ceiling_6x6_broken.E_Ceiling_6x6_broken' and '/Game/AtmosphericHouse/Enums/E_Ceiling_6x6_broken.E_Ceiling_6x6_broken'
[2025.04.02-19.30.44:459][ 83]LogEnum: Warning: Enum name collision: 'E_Ceiling_6x6_broken::NewEnumerator19' is in both '/Game/ElectricalStation/AtmosphericHouse/Enums/E_Ceiling_6x6_broken.E_Ceiling_6x6_broken' and '/Game/AtmosphericHouse/Enums/E_Ceiling_6x6_broken.E_Ceiling_6x6_broken'
[2025.04.02-19.30.44:459][ 83]LogEnum: Warning: Enum name collision: 'E_Ceiling_6x6_broken::NewEnumerator25' is in both '/Game/ElectricalStation/AtmosphericHouse/Enums/E_Ceiling_6x6_broken.E_Ceiling_6x6_broken' and '/Game/AtmosphericHouse/Enums/E_Ceiling_6x6_broken.E_Ceiling_6x6_broken'
[2025.04.02-19.30.44:459][ 83]LogEnum: Warning: Enum name collision: 'E_Floors::NewEnumerator19' is in both '/Game/ElectricalStation/AtmosphericHouse/Enums/E_Floors.E_Floors' and '/Game/AtmosphericHouse/Enums/E_Floors.E_Floors'
[2025.04.02-19.30.44:459][ 83]LogEnum: Warning: Enum name collision: 'E_Floors::NewEnumerator25' is in both '/Game/ElectricalStation/AtmosphericHouse/Enums/E_Floors.E_Floors' and '/Game/AtmosphericHouse/Enums/E_Floors.E_Floors'
[2025.04.02-19.30.44:459][ 83]LogEnum: Warning: Enum name collision: 'E_Floors::NewEnumerator43' is in both '/Game/ElectricalStation/AtmosphericHouse/Enums/E_Floors.E_Floors' and '/Game/AtmosphericHouse/Enums/E_Floors.E_Floors'
[2025.04.02-19.30.44:459][ 83]LogEnum: Warning: Enum name collision: 'E_Floors::NewEnumerator44' is in both '/Game/ElectricalStation/AtmosphericHouse/Enums/E_Floors.E_Floors' and '/Game/AtmosphericHouse/Enums/E_Floors.E_Floors'
[2025.04.02-19.30.44:459][ 83]LogEnum: Warning: Enum name collision: 'E_Floors::NewEnumerator45' is in both '/Game/ElectricalStation/AtmosphericHouse/Enums/E_Floors.E_Floors' and '/Game/AtmosphericHouse/Enums/E_Floors.E_Floors'
[2025.04.02-19.30.44:459][ 83]LogEnum: Warning: Enum name collision: 'E_Floors::NewEnumerator46' is in both '/Game/ElectricalStation/AtmosphericHouse/Enums/E_Floors.E_Floors' and '/Game/AtmosphericHouse/Enums/E_Floors.E_Floors'
[2025.04.02-19.30.44:459][ 83]LogEnum: Warning: Enum name collision: 'E_Floors::NewEnumerator47' is in both '/Game/ElectricalStation/AtmosphericHouse/Enums/E_Floors.E_Floors' and '/Game/AtmosphericHouse/Enums/E_Floors.E_Floors'
[2025.04.02-19.30.44:459][ 83]LogEnum: Warning: Enum name collision: 'E_Floors::NewEnumerator48' is in both '/Game/ElectricalStation/AtmosphericHouse/Enums/E_Floors.E_Floors' and '/Game/AtmosphericHouse/Enums/E_Floors.E_Floors'
[2025.04.02-19.30.44:459][ 83]LogEnum: Warning: Enum name collision: 'E_Floors::NewEnumerator49' is in both '/Game/ElectricalStation/AtmosphericHouse/Enums/E_Floors.E_Floors' and '/Game/AtmosphericHouse/Enums/E_Floors.E_Floors'
[2025.04.02-19.30.44:459][ 83]LogEnum: Warning: Enum name collision: 'E_Floors::NewEnumerator50' is in both '/Game/ElectricalStation/AtmosphericHouse/Enums/E_Floors.E_Floors' and '/Game/AtmosphericHouse/Enums/E_Floors.E_Floors'
[2025.04.02-19.30.44:459][ 83]LogEnum: Warning: Enum name collision: 'E_Floors::NewEnumerator51' is in both '/Game/ElectricalStation/AtmosphericHouse/Enums/E_Floors.E_Floors' and '/Game/AtmosphericHouse/Enums/E_Floors.E_Floors'
[2025.04.02-19.30.44:459][ 83]LogEnum: Warning: Enum name collision: 'E_Floors::NewEnumerator19' is in both '/Game/ElectricalStation/AtmosphericHouse/Enums/E_Floors.E_Floors' and '/Game/AtmosphericHouse/Enums/E_Floors.E_Floors'
[2025.04.02-19.30.44:459][ 83]LogEnum: Warning: Enum name collision: 'E_Floors::NewEnumerator25' is in both '/Game/ElectricalStation/AtmosphericHouse/Enums/E_Floors.E_Floors' and '/Game/AtmosphericHouse/Enums/E_Floors.E_Floors'
[2025.04.02-19.30.44:459][ 83]LogEnum: Warning: Enum name collision: 'E_Floors::NewEnumerator43' is in both '/Game/ElectricalStation/AtmosphericHouse/Enums/E_Floors.E_Floors' and '/Game/AtmosphericHouse/Enums/E_Floors.E_Floors'
[2025.04.02-19.30.44:459][ 83]LogEnum: Warning: Enum name collision: 'E_Floors::NewEnumerator44' is in both '/Game/ElectricalStation/AtmosphericHouse/Enums/E_Floors.E_Floors' and '/Game/AtmosphericHouse/Enums/E_Floors.E_Floors'
[2025.04.02-19.30.44:459][ 83]LogEnum: Warning: Enum name collision: 'E_Floors::NewEnumerator45' is in both '/Game/ElectricalStation/AtmosphericHouse/Enums/E_Floors.E_Floors' and '/Game/AtmosphericHouse/Enums/E_Floors.E_Floors'
[2025.04.02-19.30.44:459][ 83]LogEnum: Warning: Enum name collision: 'E_Floors::NewEnumerator46' is in both '/Game/ElectricalStation/AtmosphericHouse/Enums/E_Floors.E_Floors' and '/Game/AtmosphericHouse/Enums/E_Floors.E_Floors'
[2025.04.02-19.30.44:459][ 83]LogEnum: Warning: Enum name collision: 'E_Floors::NewEnumerator47' is in both '/Game/ElectricalStation/AtmosphericHouse/Enums/E_Floors.E_Floors' and '/Game/AtmosphericHouse/Enums/E_Floors.E_Floors'
[2025.04.02-19.30.44:460][ 83]LogEnum: Warning: Enum name collision: 'E_Floors::NewEnumerator48' is in both '/Game/ElectricalStation/AtmosphericHouse/Enums/E_Floors.E_Floors' and '/Game/AtmosphericHouse/Enums/E_Floors.E_Floors'
[2025.04.02-19.30.44:460][ 83]LogEnum: Warning: Enum name collision: 'E_Floors::NewEnumerator49' is in both '/Game/ElectricalStation/AtmosphericHouse/Enums/E_Floors.E_Floors' and '/Game/AtmosphericHouse/Enums/E_Floors.E_Floors'
[2025.04.02-19.30.44:460][ 83]LogEnum: Warning: Enum name collision: 'E_Floors::NewEnumerator50' is in both '/Game/ElectricalStation/AtmosphericHouse/Enums/E_Floors.E_Floors' and '/Game/AtmosphericHouse/Enums/E_Floors.E_Floors'
[2025.04.02-19.30.44:460][ 83]LogEnum: Warning: Enum name collision: 'E_Floors::NewEnumerator51' is in both '/Game/ElectricalStation/AtmosphericHouse/Enums/E_Floors.E_Floors' and '/Game/AtmosphericHouse/Enums/E_Floors.E_Floors'
[2025.04.02-19.30.44:478][ 83]LogEnum: Warning: Enum name collision: 'E_Floors::NewEnumerator19' is in both '/Game/SuburbNeighborhoodHousePack/Enums/E_Floors.E_Floors' and '/Game/AtmosphericHouse/Enums/E_Floors.E_Floors'
[2025.04.02-19.30.44:478][ 83]LogEnum: Warning: Enum name collision: 'E_Floors::NewEnumerator25' is in both '/Game/SuburbNeighborhoodHousePack/Enums/E_Floors.E_Floors' and '/Game/AtmosphericHouse/Enums/E_Floors.E_Floors'
[2025.04.02-19.30.44:478][ 83]LogEnum: Warning: Enum name collision: 'E_Floors::NewEnumerator19' is in both '/Game/SuburbNeighborhoodHousePack/Enums/E_Floors.E_Floors' and '/Game/AtmosphericHouse/Enums/E_Floors.E_Floors'
[2025.04.02-19.30.44:478][ 83]LogEnum: Warning: Enum name collision: 'E_Floors::NewEnumerator25' is in both '/Game/SuburbNeighborhoodHousePack/Enums/E_Floors.E_Floors' and '/Game/AtmosphericHouse/Enums/E_Floors.E_Floors'
[2025.04.02-19.30.44:630][ 83]LogEnum: Warning: Enum name collision: 'E_Ceiling_3x3_broken::NewEnumerator19' is in both '/Game/UnderwaterHouse/Enums/E_Ceiling_3x3_broken.E_Ceiling_3x3_broken' and '/Game/AtmosphericHouse/Enums/E_Ceiling_3x3_broken.E_Ceiling_3x3_broken'
[2025.04.02-19.30.44:630][ 83]LogEnum: Warning: Enum name collision: 'E_Ceiling_3x3_broken::NewEnumerator25' is in both '/Game/UnderwaterHouse/Enums/E_Ceiling_3x3_broken.E_Ceiling_3x3_broken' and '/Game/AtmosphericHouse/Enums/E_Ceiling_3x3_broken.E_Ceiling_3x3_broken'
[2025.04.02-19.30.44:630][ 83]LogEnum: Warning: Enum name collision: 'E_Ceiling_3x3_broken::NewEnumerator54' is in both '/Game/UnderwaterHouse/Enums/E_Ceiling_3x3_broken.E_Ceiling_3x3_broken' and '/Game/AtmosphericHouse/Enums/E_Ceiling_3x3_broken.E_Ceiling_3x3_broken'
[2025.04.02-19.30.44:630][ 83]LogEnum: Warning: Enum name collision: 'E_Ceiling_3x3_broken::NewEnumerator19' is in both '/Game/UnderwaterHouse/Enums/E_Ceiling_3x3_broken.E_Ceiling_3x3_broken' and '/Game/AtmosphericHouse/Enums/E_Ceiling_3x3_broken.E_Ceiling_3x3_broken'
[2025.04.02-19.30.44:630][ 83]LogEnum: Warning: Enum name collision: 'E_Ceiling_3x3_broken::NewEnumerator25' is in both '/Game/UnderwaterHouse/Enums/E_Ceiling_3x3_broken.E_Ceiling_3x3_broken' and '/Game/AtmosphericHouse/Enums/E_Ceiling_3x3_broken.E_Ceiling_3x3_broken'
[2025.04.02-19.30.44:630][ 83]LogEnum: Warning: Enum name collision: 'E_Ceiling_3x3_broken::NewEnumerator54' is in both '/Game/UnderwaterHouse/Enums/E_Ceiling_3x3_broken.E_Ceiling_3x3_broken' and '/Game/AtmosphericHouse/Enums/E_Ceiling_3x3_broken.E_Ceiling_3x3_broken'
[2025.04.02-19.30.44:646][ 83]LogEnum: Warning: Enum name collision: 'E_Ceiling_6x6_broken::NewEnumerator19' is in both '/Game/UnderwaterHouse/Enums/E_Ceiling_6x6_broken.E_Ceiling_6x6_broken' and '/Game/AtmosphericHouse/Enums/E_Ceiling_6x6_broken.E_Ceiling_6x6_broken'
[2025.04.02-19.30.44:646][ 83]LogEnum: Warning: Enum name collision: 'E_Ceiling_6x6_broken::NewEnumerator25' is in both '/Game/UnderwaterHouse/Enums/E_Ceiling_6x6_broken.E_Ceiling_6x6_broken' and '/Game/AtmosphericHouse/Enums/E_Ceiling_6x6_broken.E_Ceiling_6x6_broken'
[2025.04.02-19.30.44:646][ 83]LogEnum: Warning: Enum name collision: 'E_Ceiling_6x6_broken::NewEnumerator19' is in both '/Game/UnderwaterHouse/Enums/E_Ceiling_6x6_broken.E_Ceiling_6x6_broken' and '/Game/AtmosphericHouse/Enums/E_Ceiling_6x6_broken.E_Ceiling_6x6_broken'
[2025.04.02-19.30.44:647][ 83]LogEnum: Warning: Enum name collision: 'E_Ceiling_6x6_broken::NewEnumerator25' is in both '/Game/UnderwaterHouse/Enums/E_Ceiling_6x6_broken.E_Ceiling_6x6_broken' and '/Game/AtmosphericHouse/Enums/E_Ceiling_6x6_broken.E_Ceiling_6x6_broken'
[2025.04.02-19.30.44:647][ 83]LogEnum: Warning: Enum name collision: 'E_Floors::NewEnumerator19' is in both '/Game/UnderwaterHouse/Enums/E_Floors.E_Floors' and '/Game/AtmosphericHouse/Enums/E_Floors.E_Floors'
[2025.04.02-19.30.44:647][ 83]LogEnum: Warning: Enum name collision: 'E_Floors::NewEnumerator25' is in both '/Game/UnderwaterHouse/Enums/E_Floors.E_Floors' and '/Game/AtmosphericHouse/Enums/E_Floors.E_Floors'
[2025.04.02-19.30.44:647][ 83]LogEnum: Warning: Enum name collision: 'E_Floors::NewEnumerator43' is in both '/Game/UnderwaterHouse/Enums/E_Floors.E_Floors' and '/Game/AtmosphericHouse/Enums/E_Floors.E_Floors'
[2025.04.02-19.30.44:647][ 83]LogEnum: Warning: Enum name collision: 'E_Floors::NewEnumerator44' is in both '/Game/UnderwaterHouse/Enums/E_Floors.E_Floors' and '/Game/AtmosphericHouse/Enums/E_Floors.E_Floors'
[2025.04.02-19.30.44:647][ 83]LogEnum: Warning: Enum name collision: 'E_Floors::NewEnumerator45' is in both '/Game/UnderwaterHouse/Enums/E_Floors.E_Floors' and '/Game/AtmosphericHouse/Enums/E_Floors.E_Floors'
[2025.04.02-19.30.44:647][ 83]LogEnum: Warning: Enum name collision: 'E_Floors::NewEnumerator46' is in both '/Game/UnderwaterHouse/Enums/E_Floors.E_Floors' and '/Game/AtmosphericHouse/Enums/E_Floors.E_Floors'
[2025.04.02-19.30.44:647][ 83]LogEnum: Warning: Enum name collision: 'E_Floors::NewEnumerator47' is in both '/Game/UnderwaterHouse/Enums/E_Floors.E_Floors' and '/Game/AtmosphericHouse/Enums/E_Floors.E_Floors'
[2025.04.02-19.30.44:647][ 83]LogEnum: Warning: Enum name collision: 'E_Floors::NewEnumerator48' is in both '/Game/UnderwaterHouse/Enums/E_Floors.E_Floors' and '/Game/AtmosphericHouse/Enums/E_Floors.E_Floors'
[2025.04.02-19.30.44:647][ 83]LogEnum: Warning: Enum name collision: 'E_Floors::NewEnumerator49' is in both '/Game/UnderwaterHouse/Enums/E_Floors.E_Floors' and '/Game/AtmosphericHouse/Enums/E_Floors.E_Floors'
[2025.04.02-19.30.44:647][ 83]LogEnum: Warning: Enum name collision: 'E_Floors::NewEnumerator50' is in both '/Game/UnderwaterHouse/Enums/E_Floors.E_Floors' and '/Game/AtmosphericHouse/Enums/E_Floors.E_Floors'
[2025.04.02-19.30.44:647][ 83]LogEnum: Warning: Enum name collision: 'E_Floors::NewEnumerator51' is in both '/Game/UnderwaterHouse/Enums/E_Floors.E_Floors' and '/Game/AtmosphericHouse/Enums/E_Floors.E_Floors'
[2025.04.02-19.30.44:647][ 83]LogEnum: Warning: Enum name collision: 'E_Floors::NewEnumerator19' is in both '/Game/UnderwaterHouse/Enums/E_Floors.E_Floors' and '/Game/AtmosphericHouse/Enums/E_Floors.E_Floors'
[2025.04.02-19.30.44:647][ 83]LogEnum: Warning: Enum name collision: 'E_Floors::NewEnumerator25' is in both '/Game/UnderwaterHouse/Enums/E_Floors.E_Floors' and '/Game/AtmosphericHouse/Enums/E_Floors.E_Floors'
[2025.04.02-19.30.44:647][ 83]LogEnum: Warning: Enum name collision: 'E_Floors::NewEnumerator43' is in both '/Game/UnderwaterHouse/Enums/E_Floors.E_Floors' and '/Game/AtmosphericHouse/Enums/E_Floors.E_Floors'
[2025.04.02-19.30.44:647][ 83]LogEnum: Warning: Enum name collision: 'E_Floors::NewEnumerator44' is in both '/Game/UnderwaterHouse/Enums/E_Floors.E_Floors' and '/Game/AtmosphericHouse/Enums/E_Floors.E_Floors'
[2025.04.02-19.30.44:648][ 83]LogEnum: Warning: Enum name collision: 'E_Floors::NewEnumerator45' is in both '/Game/UnderwaterHouse/Enums/E_Floors.E_Floors' and '/Game/AtmosphericHouse/Enums/E_Floors.E_Floors'
[2025.04.02-19.30.44:648][ 83]LogEnum: Warning: Enum name collision: 'E_Floors::NewEnumerator46' is in both '/Game/UnderwaterHouse/Enums/E_Floors.E_Floors' and '/Game/AtmosphericHouse/Enums/E_Floors.E_Floors'
[2025.04.02-19.30.44:648][ 83]LogEnum: Warning: Enum name collision: 'E_Floors::NewEnumerator47' is in both '/Game/UnderwaterHouse/Enums/E_Floors.E_Floors' and '/Game/AtmosphericHouse/Enums/E_Floors.E_Floors'
[2025.04.02-19.30.44:648][ 83]LogEnum: Warning: Enum name collision: 'E_Floors::NewEnumerator48' is in both '/Game/UnderwaterHouse/Enums/E_Floors.E_Floors' and '/Game/AtmosphericHouse/Enums/E_Floors.E_Floors'
[2025.04.02-19.30.44:648][ 83]LogEnum: Warning: Enum name collision: 'E_Floors::NewEnumerator49' is in both '/Game/UnderwaterHouse/Enums/E_Floors.E_Floors' and '/Game/AtmosphericHouse/Enums/E_Floors.E_Floors'
[2025.04.02-19.30.44:648][ 83]LogEnum: Warning: Enum name collision: 'E_Floors::NewEnumerator50' is in both '/Game/UnderwaterHouse/Enums/E_Floors.E_Floors' and '/Game/AtmosphericHouse/Enums/E_Floors.E_Floors'
[2025.04.02-19.30.44:648][ 83]LogEnum: Warning: Enum name collision: 'E_Floors::NewEnumerator51' is in both '/Game/UnderwaterHouse/Enums/E_Floors.E_Floors' and '/Game/AtmosphericHouse/Enums/E_Floors.E_Floors'
[2025.04.02-19.30.44:648][ 83]LogEnum: Warning: Enum name collision: 'E_WallIn::NewEnumerator19' is in both '/Game/UnderwaterHouse/Enums/E_WallIn.E_WallIn' and '/Game/AtmosphericHouse/Enums/E_WallIn.E_WallIn'
[2025.04.02-19.30.44:648][ 83]LogEnum: Warning: Enum name collision: 'E_WallIn::NewEnumerator25' is in both '/Game/UnderwaterHouse/Enums/E_WallIn.E_WallIn' and '/Game/AtmosphericHouse/Enums/E_WallIn.E_WallIn'
[2025.04.02-19.30.44:648][ 83]LogEnum: Warning: Enum name collision: 'E_WallIn::NewEnumerator26' is in both '/Game/UnderwaterHouse/Enums/E_WallIn.E_WallIn' and '/Game/AtmosphericHouse/Enums/E_WallIn.E_WallIn'
[2025.04.02-19.30.44:648][ 83]LogEnum: Warning: Enum name collision: 'E_WallIn::NewEnumerator27' is in both '/Game/UnderwaterHouse/Enums/E_WallIn.E_WallIn' and '/Game/AtmosphericHouse/Enums/E_WallIn.E_WallIn'
[2025.04.02-19.30.44:648][ 83]LogEnum: Warning: Enum name collision: 'E_WallIn::NewEnumerator28' is in both '/Game/UnderwaterHouse/Enums/E_WallIn.E_WallIn' and '/Game/AtmosphericHouse/Enums/E_WallIn.E_WallIn'
[2025.04.02-19.30.44:648][ 83]LogEnum: Warning: Enum name collision: 'E_WallIn::NewEnumerator29' is in both '/Game/UnderwaterHouse/Enums/E_WallIn.E_WallIn' and '/Game/AtmosphericHouse/Enums/E_WallIn.E_WallIn'
[2025.04.02-19.30.44:648][ 83]LogEnum: Warning: Enum name collision: 'E_WallIn::NewEnumerator30' is in both '/Game/UnderwaterHouse/Enums/E_WallIn.E_WallIn' and '/Game/AtmosphericHouse/Enums/E_WallIn.E_WallIn'
[2025.04.02-19.30.44:648][ 83]LogEnum: Warning: Enum name collision: 'E_WallIn::NewEnumerator31' is in both '/Game/UnderwaterHouse/Enums/E_WallIn.E_WallIn' and '/Game/AtmosphericHouse/Enums/E_WallIn.E_WallIn'
[2025.04.02-19.30.44:648][ 83]LogEnum: Warning: Enum name collision: 'E_WallIn::NewEnumerator32' is in both '/Game/UnderwaterHouse/Enums/E_WallIn.E_WallIn' and '/Game/AtmosphericHouse/Enums/E_WallIn.E_WallIn'
[2025.04.02-19.30.44:648][ 83]LogEnum: Warning: Enum name collision: 'E_WallIn::NewEnumerator33' is in both '/Game/UnderwaterHouse/Enums/E_WallIn.E_WallIn' and '/Game/AtmosphericHouse/Enums/E_WallIn.E_WallIn'
[2025.04.02-19.30.44:648][ 83]LogEnum: Warning: Enum name collision: 'E_WallIn::NewEnumerator34' is in both '/Game/UnderwaterHouse/Enums/E_WallIn.E_WallIn' and '/Game/AtmosphericHouse/Enums/E_WallIn.E_WallIn'
[2025.04.02-19.30.44:648][ 83]LogEnum: Warning: Enum name collision: 'E_WallIn::NewEnumerator35' is in both '/Game/UnderwaterHouse/Enums/E_WallIn.E_WallIn' and '/Game/AtmosphericHouse/Enums/E_WallIn.E_WallIn'
[2025.04.02-19.30.44:648][ 83]LogEnum: Warning: Enum name collision: 'E_WallIn::NewEnumerator36' is in both '/Game/UnderwaterHouse/Enums/E_WallIn.E_WallIn' and '/Game/AtmosphericHouse/Enums/E_WallIn.E_WallIn'
[2025.04.02-19.30.44:648][ 83]LogEnum: Warning: Enum name collision: 'E_WallIn::NewEnumerator37' is in both '/Game/UnderwaterHouse/Enums/E_WallIn.E_WallIn' and '/Game/AtmosphericHouse/Enums/E_WallIn.E_WallIn'
[2025.04.02-19.30.44:648][ 83]LogEnum: Warning: Enum name collision: 'E_WallIn::NewEnumerator38' is in both '/Game/UnderwaterHouse/Enums/E_WallIn.E_WallIn' and '/Game/AtmosphericHouse/Enums/E_WallIn.E_WallIn'
[2025.04.02-19.30.44:648][ 83]LogEnum: Warning: Enum name collision: 'E_WallIn::NewEnumerator39' is in both '/Game/UnderwaterHouse/Enums/E_WallIn.E_WallIn' and '/Game/AtmosphericHouse/Enums/E_WallIn.E_WallIn'
[2025.04.02-19.30.44:649][ 83]LogEnum: Warning: Enum name collision: 'E_WallIn::NewEnumerator40' is in both '/Game/UnderwaterHouse/Enums/E_WallIn.E_WallIn' and '/Game/AtmosphericHouse/Enums/E_WallIn.E_WallIn'
[2025.04.02-19.30.44:649][ 83]LogEnum: Warning: Enum name collision: 'E_WallIn::NewEnumerator41' is in both '/Game/UnderwaterHouse/Enums/E_WallIn.E_WallIn' and '/Game/AtmosphericHouse/Enums/E_WallIn.E_WallIn'
[2025.04.02-19.30.44:649][ 83]LogEnum: Warning: Enum name collision: 'E_WallIn::NewEnumerator42' is in both '/Game/UnderwaterHouse/Enums/E_WallIn.E_WallIn' and '/Game/AtmosphericHouse/Enums/E_WallIn.E_WallIn'
[2025.04.02-19.30.44:649][ 83]LogEnum: Warning: Enum name collision: 'E_WallIn::NewEnumerator19' is in both '/Game/UnderwaterHouse/Enums/E_WallIn.E_WallIn' and '/Game/AtmosphericHouse/Enums/E_WallIn.E_WallIn'
[2025.04.02-19.30.44:649][ 83]LogEnum: Warning: Enum name collision: 'E_WallIn::NewEnumerator25' is in both '/Game/UnderwaterHouse/Enums/E_WallIn.E_WallIn' and '/Game/AtmosphericHouse/Enums/E_WallIn.E_WallIn'
[2025.04.02-19.30.44:649][ 83]LogEnum: Warning: Enum name collision: 'E_WallIn::NewEnumerator26' is in both '/Game/UnderwaterHouse/Enums/E_WallIn.E_WallIn' and '/Game/AtmosphericHouse/Enums/E_WallIn.E_WallIn'
[2025.04.02-19.30.44:649][ 83]LogEnum: Warning: Enum name collision: 'E_WallIn::NewEnumerator27' is in both '/Game/UnderwaterHouse/Enums/E_WallIn.E_WallIn' and '/Game/AtmosphericHouse/Enums/E_WallIn.E_WallIn'
[2025.04.02-19.30.44:649][ 83]LogEnum: Warning: Enum name collision: 'E_WallIn::NewEnumerator28' is in both '/Game/UnderwaterHouse/Enums/E_WallIn.E_WallIn' and '/Game/AtmosphericHouse/Enums/E_WallIn.E_WallIn'
[2025.04.02-19.30.44:649][ 83]LogEnum: Warning: Enum name collision: 'E_WallIn::NewEnumerator29' is in both '/Game/UnderwaterHouse/Enums/E_WallIn.E_WallIn' and '/Game/AtmosphericHouse/Enums/E_WallIn.E_WallIn'
[2025.04.02-19.30.44:649][ 83]LogEnum: Warning: Enum name collision: 'E_WallIn::NewEnumerator30' is in both '/Game/UnderwaterHouse/Enums/E_WallIn.E_WallIn' and '/Game/AtmosphericHouse/Enums/E_WallIn.E_WallIn'
[2025.04.02-19.30.44:649][ 83]LogEnum: Warning: Enum name collision: 'E_WallIn::NewEnumerator31' is in both '/Game/UnderwaterHouse/Enums/E_WallIn.E_WallIn' and '/Game/AtmosphericHouse/Enums/E_WallIn.E_WallIn'
[2025.04.02-19.30.44:649][ 83]LogEnum: Warning: Enum name collision: 'E_WallIn::NewEnumerator32' is in both '/Game/UnderwaterHouse/Enums/E_WallIn.E_WallIn' and '/Game/AtmosphericHouse/Enums/E_WallIn.E_WallIn'
[2025.04.02-19.30.44:649][ 83]LogEnum: Warning: Enum name collision: 'E_WallIn::NewEnumerator33' is in both '/Game/UnderwaterHouse/Enums/E_WallIn.E_WallIn' and '/Game/AtmosphericHouse/Enums/E_WallIn.E_WallIn'
[2025.04.02-19.30.44:649][ 83]LogEnum: Warning: Enum name collision: 'E_WallIn::NewEnumerator34' is in both '/Game/UnderwaterHouse/Enums/E_WallIn.E_WallIn' and '/Game/AtmosphericHouse/Enums/E_WallIn.E_WallIn'
[2025.04.02-19.30.44:649][ 83]LogEnum: Warning: Enum name collision: 'E_WallIn::NewEnumerator35' is in both '/Game/UnderwaterHouse/Enums/E_WallIn.E_WallIn' and '/Game/AtmosphericHouse/Enums/E_WallIn.E_WallIn'
[2025.04.02-19.30.44:649][ 83]LogEnum: Warning: Enum name collision: 'E_WallIn::NewEnumerator36' is in both '/Game/UnderwaterHouse/Enums/E_WallIn.E_WallIn' and '/Game/AtmosphericHouse/Enums/E_WallIn.E_WallIn'
[2025.04.02-19.30.44:649][ 83]LogEnum: Warning: Enum name collision: 'E_WallIn::NewEnumerator37' is in both '/Game/UnderwaterHouse/Enums/E_WallIn.E_WallIn' and '/Game/AtmosphericHouse/Enums/E_WallIn.E_WallIn'
[2025.04.02-19.30.44:649][ 83]LogEnum: Warning: Enum name collision: 'E_WallIn::NewEnumerator38' is in both '/Game/UnderwaterHouse/Enums/E_WallIn.E_WallIn' and '/Game/AtmosphericHouse/Enums/E_WallIn.E_WallIn'
[2025.04.02-19.30.44:649][ 83]LogEnum: Warning: Enum name collision: 'E_WallIn::NewEnumerator39' is in both '/Game/UnderwaterHouse/Enums/E_WallIn.E_WallIn' and '/Game/AtmosphericHouse/Enums/E_WallIn.E_WallIn'
[2025.04.02-19.30.44:649][ 83]LogEnum: Warning: Enum name collision: 'E_WallIn::NewEnumerator40' is in both '/Game/UnderwaterHouse/Enums/E_WallIn.E_WallIn' and '/Game/AtmosphericHouse/Enums/E_WallIn.E_WallIn'
[2025.04.02-19.30.44:649][ 83]LogEnum: Warning: Enum name collision: 'E_WallIn::NewEnumerator41' is in both '/Game/UnderwaterHouse/Enums/E_WallIn.E_WallIn' and '/Game/AtmosphericHouse/Enums/E_WallIn.E_WallIn'
[2025.04.02-19.30.44:649][ 83]LogEnum: Warning: Enum name collision: 'E_WallIn::NewEnumerator42' is in both '/Game/UnderwaterHouse/Enums/E_WallIn.E_WallIn' and '/Game/AtmosphericHouse/Enums/E_WallIn.E_WallIn'
[2025.04.02-19.30.44:649][ 83]LogEnum: Warning: Enum name collision: 'E_WallOut::NewEnumerator25' is in both '/Game/UnderwaterHouse/Enums/E_WallOut.E_WallOut' and '/Game/AtmosphericHouse/Enums/E_WallOut.E_WallOut'
[2025.04.02-19.30.44:649][ 83]LogEnum: Warning: Enum name collision: 'E_WallOut::NewEnumerator26' is in both '/Game/UnderwaterHouse/Enums/E_WallOut.E_WallOut' and '/Game/AtmosphericHouse/Enums/E_WallOut.E_WallOut'
[2025.04.02-19.30.44:649][ 83]LogEnum: Warning: Enum name collision: 'E_WallOut::NewEnumerator27' is in both '/Game/UnderwaterHouse/Enums/E_WallOut.E_WallOut' and '/Game/AtmosphericHouse/Enums/E_WallOut.E_WallOut'
[2025.04.02-19.30.44:650][ 83]LogEnum: Warning: Enum name collision: 'E_WallOut::NewEnumerator28' is in both '/Game/UnderwaterHouse/Enums/E_WallOut.E_WallOut' and '/Game/AtmosphericHouse/Enums/E_WallOut.E_WallOut'
[2025.04.02-19.30.44:650][ 83]LogEnum: Warning: Enum name collision: 'E_WallOut::NewEnumerator29' is in both '/Game/UnderwaterHouse/Enums/E_WallOut.E_WallOut' and '/Game/AtmosphericHouse/Enums/E_WallOut.E_WallOut'
[2025.04.02-19.30.44:650][ 83]LogEnum: Warning: Enum name collision: 'E_WallOut::NewEnumerator30' is in both '/Game/UnderwaterHouse/Enums/E_WallOut.E_WallOut' and '/Game/AtmosphericHouse/Enums/E_WallOut.E_WallOut'
[2025.04.02-19.30.44:650][ 83]LogEnum: Warning: Enum name collision: 'E_WallOut::NewEnumerator31' is in both '/Game/UnderwaterHouse/Enums/E_WallOut.E_WallOut' and '/Game/AtmosphericHouse/Enums/E_WallOut.E_WallOut'
[2025.04.02-19.30.44:650][ 83]LogEnum: Warning: Enum name collision: 'E_WallOut::NewEnumerator32' is in both '/Game/UnderwaterHouse/Enums/E_WallOut.E_WallOut' and '/Game/AtmosphericHouse/Enums/E_WallOut.E_WallOut'
[2025.04.02-19.30.44:650][ 83]LogEnum: Warning: Enum name collision: 'E_WallOut::NewEnumerator33' is in both '/Game/UnderwaterHouse/Enums/E_WallOut.E_WallOut' and '/Game/AtmosphericHouse/Enums/E_WallOut.E_WallOut'
[2025.04.02-19.30.44:650][ 83]LogEnum: Warning: Enum name collision: 'E_WallOut::NewEnumerator34' is in both '/Game/UnderwaterHouse/Enums/E_WallOut.E_WallOut' and '/Game/AtmosphericHouse/Enums/E_WallOut.E_WallOut'
[2025.04.02-19.30.44:650][ 83]LogEnum: Warning: Enum name collision: 'E_WallOut::NewEnumerator35' is in both '/Game/UnderwaterHouse/Enums/E_WallOut.E_WallOut' and '/Game/AtmosphericHouse/Enums/E_WallOut.E_WallOut'
[2025.04.02-19.30.44:650][ 83]LogEnum: Warning: Enum name collision: 'E_WallOut::NewEnumerator36' is in both '/Game/UnderwaterHouse/Enums/E_WallOut.E_WallOut' and '/Game/AtmosphericHouse/Enums/E_WallOut.E_WallOut'
[2025.04.02-19.30.44:650][ 83]LogEnum: Warning: Enum name collision: 'E_WallOut::NewEnumerator19' is in both '/Game/UnderwaterHouse/Enums/E_WallOut.E_WallOut' and '/Game/AtmosphericHouse/Enums/E_WallOut.E_WallOut'
[2025.04.02-19.30.44:650][ 83]LogEnum: Warning: Enum name collision: 'E_WallOut::NewEnumerator37' is in both '/Game/UnderwaterHouse/Enums/E_WallOut.E_WallOut' and '/Game/AtmosphericHouse/Enums/E_WallOut.E_WallOut'
[2025.04.02-19.30.44:650][ 83]LogEnum: Warning: Enum name collision: 'E_WallOut::NewEnumerator25' is in both '/Game/UnderwaterHouse/Enums/E_WallOut.E_WallOut' and '/Game/AtmosphericHouse/Enums/E_WallOut.E_WallOut'
[2025.04.02-19.30.44:650][ 83]LogEnum: Warning: Enum name collision: 'E_WallOut::NewEnumerator26' is in both '/Game/UnderwaterHouse/Enums/E_WallOut.E_WallOut' and '/Game/AtmosphericHouse/Enums/E_WallOut.E_WallOut'
[2025.04.02-19.30.44:650][ 83]LogEnum: Warning: Enum name collision: 'E_WallOut::NewEnumerator27' is in both '/Game/UnderwaterHouse/Enums/E_WallOut.E_WallOut' and '/Game/AtmosphericHouse/Enums/E_WallOut.E_WallOut'
[2025.04.02-19.30.44:650][ 83]LogEnum: Warning: Enum name collision: 'E_WallOut::NewEnumerator28' is in both '/Game/UnderwaterHouse/Enums/E_WallOut.E_WallOut' and '/Game/AtmosphericHouse/Enums/E_WallOut.E_WallOut'
[2025.04.02-19.30.44:650][ 83]LogEnum: Warning: Enum name collision: 'E_WallOut::NewEnumerator29' is in both '/Game/UnderwaterHouse/Enums/E_WallOut.E_WallOut' and '/Game/AtmosphericHouse/Enums/E_WallOut.E_WallOut'
[2025.04.02-19.30.44:650][ 83]LogEnum: Warning: Enum name collision: 'E_WallOut::NewEnumerator30' is in both '/Game/UnderwaterHouse/Enums/E_WallOut.E_WallOut' and '/Game/AtmosphericHouse/Enums/E_WallOut.E_WallOut'
[2025.04.02-19.30.44:650][ 83]LogEnum: Warning: Enum name collision: 'E_WallOut::NewEnumerator31' is in both '/Game/UnderwaterHouse/Enums/E_WallOut.E_WallOut' and '/Game/AtmosphericHouse/Enums/E_WallOut.E_WallOut'
[2025.04.02-19.30.44:650][ 83]LogEnum: Warning: Enum name collision: 'E_WallOut::NewEnumerator32' is in both '/Game/UnderwaterHouse/Enums/E_WallOut.E_WallOut' and '/Game/AtmosphericHouse/Enums/E_WallOut.E_WallOut'
[2025.04.02-19.30.44:650][ 83]LogEnum: Warning: Enum name collision: 'E_WallOut::NewEnumerator33' is in both '/Game/UnderwaterHouse/Enums/E_WallOut.E_WallOut' and '/Game/AtmosphericHouse/Enums/E_WallOut.E_WallOut'
[2025.04.02-19.30.44:650][ 83]LogEnum: Warning: Enum name collision: 'E_WallOut::NewEnumerator34' is in both '/Game/UnderwaterHouse/Enums/E_WallOut.E_WallOut' and '/Game/AtmosphericHouse/Enums/E_WallOut.E_WallOut'
[2025.04.02-19.30.44:650][ 83]LogEnum: Warning: Enum name collision: 'E_WallOut::NewEnumerator35' is in both '/Game/UnderwaterHouse/Enums/E_WallOut.E_WallOut' and '/Game/AtmosphericHouse/Enums/E_WallOut.E_WallOut'
[2025.04.02-19.30.44:650][ 83]LogEnum: Warning: Enum name collision: 'E_WallOut::NewEnumerator36' is in both '/Game/UnderwaterHouse/Enums/E_WallOut.E_WallOut' and '/Game/AtmosphericHouse/Enums/E_WallOut.E_WallOut'
[2025.04.02-19.30.44:650][ 83]LogEnum: Warning: Enum name collision: 'E_WallOut::NewEnumerator19' is in both '/Game/UnderwaterHouse/Enums/E_WallOut.E_WallOut' and '/Game/AtmosphericHouse/Enums/E_WallOut.E_WallOut'
[2025.04.02-19.30.44:650][ 83]LogEnum: Warning: Enum name collision: 'E_WallOut::NewEnumerator37' is in both '/Game/UnderwaterHouse/Enums/E_WallOut.E_WallOut' and '/Game/AtmosphericHouse/Enums/E_WallOut.E_WallOut'
[2025.04.02-19.30.44:694][ 83]LogNativeClassHierarchy: Verbose: Native class hierarchy updated for 'BlueprintGraph' in 0.0005 seconds. Added 126 classes and 0 folders.
[2025.04.02-19.30.45:791][ 83]LogAssetEditorSubsystem: Opening Asset editor for Blueprint /Game/Mods/PYInsanityMod/CustomSystems/BPC_PYINS_CustomInteractable.BPC_PYINS_CustomInteractable
[2025.04.02-19.30.45:799][ 83]LogBlueprintAssist: Asset opened BPC_PYINS_CustomInteractable (BlueprintEditor)
[2025.04.02-19.30.46:254][ 83]LogSlate: Took 0.000132 seconds to synchronously load lazily loaded font '../../../Engine/Content/Slate/Fonts/Roboto-BoldCondensed.ttf' (158K)
[2025.04.02-19.30.46:319][ 84]LogSlate: Took 0.000216 seconds to synchronously load lazily loaded font '../../../Engine/Content/Slate/Fonts/Roboto-Italic.ttf' (157K)
[2025.04.02-19.31.03:699][ 72]LogWorld: UWorld::CleanupWorld for World_1, bSessionEnded=true, bCleanupResources=true
[2025.04.02-19.31.03:699][ 72]LogSlate: InvalidateAllWidgets triggered.  All widgets were invalidated
[2025.04.02-19.31.03:746][ 72]LogBlueprintAssist: Asset closed BPC_PYINS_CustomInteractable
[2025.04.02-19.31.22:347][290]LogSelectionDetails: Warning: NavigateToFunctionSource:  Unable to find symbols for 'UGameplayStatics::FindNearestActor' [Não foi possível encontrar o módulo especificado.]
[2025.04.02-19.32.36:335][834]LogUObjectHash: Compacting FUObjectHashTables data took   3.58ms
[2025.04.02-19.32.36:360][834]LogWorld: UWorld::CleanupWorld for World_0, bSessionEnded=true, bCleanupResources=true
[2025.04.02-19.32.36:360][834]LogSlate: InvalidateAllWidgets triggered.  All widgets were invalidated
[2025.04.02-19.32.36:447][834]LogSlate: Window 'EscapeTheBackrooms - Unreal Editor' being destroyed
[2025.04.02-19.32.36:551][834]LogBlueprintAssist: Asset closed PYINS_Level52Manager
[2025.04.02-19.32.36:554][835]Cmd: QUIT_EDITOR
[2025.04.02-19.32.36:554][835]LogCore: Engine exit requested (reason: UUnrealEdEngine::CloseEditor())
[2025.04.02-19.32.36:557][835]LogCore: Engine exit requested (reason: EngineExit() was called; note: exit was already requested)
[2025.04.02-19.32.36:559][835]LogAudio: Display: Beginning Audio Device Manager Shutdown (Module: AudioMixerXAudio2)...
[2025.04.02-19.32.36:559][835]LogAudio: Display: Destroying 1 Remaining Audio Device(s)...
[2025.04.02-19.32.36:559][835]LogAudio: Display: Audio Device unregistered from world 'Untitled_1'.
[2025.04.02-19.32.36:559][835]LogAudioMixer: FMixerPlatformXAudio2::StopAudioStream() called
[2025.04.02-19.32.36:560][835]LogAudioMixer: FMixerPlatformXAudio2::StopAudioStream() called
[2025.04.02-19.32.36:563][835]LogAudio: Display: Audio Device Manager Shutdown
[2025.04.02-19.32.36:570][835]LogWindowsTextInputMethodSystem: Display: IME system deactivated.
[2025.04.02-19.32.36:573][835]LogExit: Preparing to exit.
[2025.04.02-19.32.36:574][835]LogAutoSizeComments: Saved cache to C:/Program Files/Epic Games/UE_4.27/Engine/Plugins/Marketplace/AutoSizeComments/ASCCache/BE81413D4B2A357553DD24A65DAB0684.json took   0.58ms
[2025.04.02-19.32.36:576][835]LogBlueprintAssist: Saved node cache to ../../../../../../Users/Playeroth/Documents/EscapeTheBackrooms--Mods/MainMod/Plugins/BlueprintAssist/NodeSizeCache/BE81413D4B2A357553DD24A65DAB0684.json
[2025.04.02-19.32.37:391][835]LogUObjectHash: Compacting FUObjectHashTables data took   3.08ms
[2025.04.02-19.32.37:545][835]LogDemo: Cleaned up 0 splitscreen connections with owner deletion
[2025.04.02-19.32.37:552][835]LogWorld: UWorld::CleanupWorld for None, bSessionEnded=true, bCleanupResources=true
[2025.04.02-19.32.37:553][835]LogExit: Editor shut down
[2025.04.02-19.32.37:553][835]LogExit: Transaction tracking system shut down
[2025.04.02-19.32.37:810][835]LogExit: Object subsystem successfully closed.
[2025.04.02-19.32.37:828][835]LogShaderCompilers: Display: === FShaderJobCache stats ===
[2025.04.02-19.32.37:828][835]LogShaderCompilers: Display: Total job queries 0, among them cache hits 0 (0.00%)
[2025.04.02-19.32.37:828][835]LogShaderCompilers: Display: Tracking 0 distinct input hashes that result in 0 distinct outputs (0.00%)
[2025.04.02-19.32.37:828][835]LogShaderCompilers: Display: RAM used: 0.00 MB (0.00 GB) of 819.20 MB (0.80 GB) budget. Usage: 0.00%
[2025.04.02-19.32.37:828][835]LogShaderCompilers: Display: ================================================
[2025.04.02-19.32.37:834][835]LogShaderCompilers: Display: Shaders left to compile 0
[2025.04.02-19.32.37:859][835]LogModuleManager: Shutting down and abandoning module BlueprintGraph (892)
[2025.04.02-19.32.37:859][835]LogModuleManager: Shutting down and abandoning module HierarchicalLODOutliner (890)
[2025.04.02-19.32.37:859][835]LogModuleManager: Shutting down and abandoning module SceneOutliner (888)
[2025.04.02-19.32.37:859][835]LogModuleManager: Shutting down and abandoning module AddContentDialog (886)
[2025.04.02-19.32.37:859][835]LogModuleManager: Shutting down and abandoning module WidgetCarousel (885)
[2025.04.02-19.32.37:859][835]LogModuleManager: Shutting down and abandoning module EditorWidgets (882)
[2025.04.02-19.32.37:859][835]LogModuleManager: Shutting down and abandoning module StatsViewer (880)
[2025.04.02-19.32.37:859][835]LogModuleManager: Shutting down and abandoning module PIEPreviewDeviceProfileSelector (878)
[2025.04.02-19.32.37:859][835]LogModuleManager: Shutting down and abandoning module SequenceRecorderSections (876)
[2025.04.02-19.32.37:859][835]LogModuleManager: Shutting down and abandoning module AutomationWorker (874)
[2025.04.02-19.32.37:859][835]LogModuleManager: Shutting down and abandoning module NodeGraphAssistant (872)
[2025.04.02-19.32.37:859][835]LogModuleManager: Shutting down and abandoning module SteamVREditor (870)
[2025.04.02-19.32.37:859][835]LogModuleManager: Shutting down and abandoning module OculusMR (868)
[2025.04.02-19.32.37:859][835]LogModuleManager: Shutting down and abandoning module OpenXRInput (866)
[2025.04.02-19.32.37:859][835]LogModuleManager: Shutting down and abandoning module TakeRecorderSources (864)
[2025.04.02-19.32.37:859][835]LogModuleManager: Shutting down and abandoning module TakeRecorder (863)
[2025.04.02-19.32.37:859][835]LogModuleManager: Shutting down and abandoning module TakeTrackRecorders (860)
[2025.04.02-19.32.37:859][835]LogModuleManager: Shutting down and abandoning module TakesCore (858)
[2025.04.02-19.32.37:859][835]LogModuleManager: Shutting down and abandoning module GooglePADEditor (856)
[2025.04.02-19.32.37:859][835]LogModuleManager: Shutting down and abandoning module AudioCaptureEditor (854)
[2025.04.02-19.32.37:859][835]LogModuleManager: Shutting down and abandoning module TemplateSequenceEditor (852)
[2025.04.02-19.32.37:859][835]LogModuleManager: Shutting down and abandoning module MatineeToLevelSequence (850)
[2025.04.02-19.32.37:859][835]LogModuleManager: Shutting down and abandoning module LevelSequenceEditor (848)
[2025.04.02-19.32.37:859][835]LogModuleManager: Shutting down and abandoning module ActorSequenceEditor (846)
[2025.04.02-19.32.37:859][835]LogModuleManager: Shutting down and abandoning module WmfMediaFactory (844)
[2025.04.02-19.32.37:859][835]LogModuleManager: Shutting down and abandoning module WmfMediaEditor (842)
[2025.04.02-19.32.37:859][835]LogModuleManager: Shutting down and abandoning module WebMMediaFactory (840)
[2025.04.02-19.32.37:860][835]LogModuleManager: Shutting down and abandoning module WebMMediaEditor (838)
[2025.04.02-19.32.37:860][835]LogModuleManager: Shutting down and abandoning module WebMMedia (836)
[2025.04.02-19.32.37:860][835]LogModuleManager: Shutting down and abandoning module MediaCompositingEditor (834)
[2025.04.02-19.32.37:860][835]LogModuleManager: Shutting down and abandoning module SequenceRecorder (833)
[2025.04.02-19.32.37:860][835]LogModuleManager: Shutting down and abandoning module MediaPlayerEditor (830)
[2025.04.02-19.32.37:860][835]LogModuleManager: Shutting down and abandoning module OpenExrWrapper (828)
[2025.04.02-19.32.37:860][835]LogModuleManager: Shutting down and abandoning module ImgMediaFactory (826)
[2025.04.02-19.32.37:860][835]LogModuleManager: Shutting down and abandoning module ImgMediaEditor (824)
[2025.04.02-19.32.37:860][835]LogModuleManager: Shutting down and abandoning module AvfMediaFactory (822)
[2025.04.02-19.32.37:860][835]LogModuleManager: Shutting down and abandoning module AvfMediaEditor (820)
[2025.04.02-19.32.37:860][835]LogModuleManager: Shutting down and abandoning module AndroidMediaFactory (818)
[2025.04.02-19.32.37:860][835]LogModuleManager: Shutting down and abandoning module AndroidMediaEditor (816)
[2025.04.02-19.32.37:860][835]LogModuleManager: Shutting down and abandoning module MagicLeapMediaCodecFactory (814)
[2025.04.02-19.32.37:860][835]LogModuleManager: Shutting down and abandoning module MagicLeapMediaFactory (812)
[2025.04.02-19.32.37:860][835]LogModuleManager: Shutting down and abandoning module MagicLeapMediaEditor (810)
[2025.04.02-19.32.37:860][835]LogModuleManager: Shutting down and abandoning module PlanarCut (808)
[2025.04.02-19.32.37:860][835]LogModuleManager: Shutting down and abandoning module CharacterAI (806)
[2025.04.02-19.32.37:860][835]LogModuleManager: Shutting down and abandoning module TextureAlignMode (804)
[2025.04.02-19.32.37:860][835]LogModuleManager: Shutting down and abandoning module BspMode (802)
[2025.04.02-19.32.37:860][835]LogModuleManager: Shutting down and abandoning module GeometryMode (800)
[2025.04.02-19.32.37:860][835]LogModuleManager: Shutting down and abandoning module CameraShakePreviewer (798)
[2025.04.02-19.32.37:860][835]LogModuleManager: Shutting down and abandoning module SmartSnapping (796)
[2025.04.02-19.32.37:860][835]LogModuleManager: Shutting down and abandoning module SessionServices (794)
[2025.04.02-19.32.37:860][835]LogModuleManager: Shutting down and abandoning module MeshPaint (792)
[2025.04.02-19.32.37:860][835]LogModuleManager: Shutting down and abandoning module VirtualTexturingEditor (790)
[2025.04.02-19.32.37:860][835]LogModuleManager: Shutting down and abandoning module FoliageEdit (788)
[2025.04.02-19.32.37:860][835]LogModuleManager: Shutting down and abandoning module LandscapeEditor (786)
[2025.04.02-19.32.37:860][835]LogModuleManager: Shutting down and abandoning module MeshPaintMode (784)
[2025.04.02-19.32.37:860][835]LogModuleManager: Shutting down and abandoning module SceneDepthPickerMode (782)
[2025.04.02-19.32.37:860][835]LogModuleManager: Shutting down and abandoning module ActorPickerMode (780)
[2025.04.02-19.32.37:860][835]LogModuleManager: Shutting down and abandoning module PlacementMode (778)
[2025.04.02-19.32.37:860][835]LogModuleManager: Shutting down and abandoning module ViewportSnapping (776)
[2025.04.02-19.32.37:860][835]LogModuleManager: Shutting down and abandoning module ViewportInteraction (774)
[2025.04.02-19.32.37:860][835]LogModuleManager: Shutting down and abandoning module ClothPainter (772)
[2025.04.02-19.32.37:860][835]LogModuleManager: Shutting down and abandoning module SkeletalMeshEditor (771)
[2025.04.02-19.32.37:860][835]LogModuleManager: Shutting down and abandoning module LogVisualizer (768)
[2025.04.02-19.32.37:860][835]LogModuleManager: Shutting down and abandoning module IntroTutorials (766)
[2025.04.02-19.32.37:860][835]LogModuleManager: Shutting down and abandoning module GameProjectGeneration (765)
[2025.04.02-19.32.37:860][835]LogModuleManager: Shutting down and abandoning module LuminPlatformEditor (762)
[2025.04.02-19.32.37:860][835]LogModuleManager: Shutting down and abandoning module IOSPlatformEditor (760)
[2025.04.02-19.32.37:860][835]LogModuleManager: Shutting down and abandoning module AndroidPlatformEditor (758)
[2025.04.02-19.32.37:860][835]LogModuleManager: Shutting down and abandoning module AndroidDeviceDetection (757)
[2025.04.02-19.32.38:638][835]LogModuleManager: Shutting down and abandoning module WindowsPlatformEditor (754)
[2025.04.02-19.32.38:638][835]LogModuleManager: Shutting down and abandoning module LuminRuntimeSettings (752)
[2025.04.02-19.32.38:638][835]LogModuleManager: Shutting down and abandoning module IOSRuntimeSettings (750)
[2025.04.02-19.32.38:639][835]LogModuleManager: Shutting down and abandoning module AndroidRuntimeSettings (748)
[2025.04.02-19.32.38:639][835]LogModuleManager: Shutting down and abandoning module TraceInsights (746)
[2025.04.02-19.32.38:639][835]MemoryProfiler: Shutdown
[2025.04.02-19.32.38:639][835]NetworkingProfiler: Shutdown
[2025.04.02-19.32.38:639][835]LoadingProfiler: Shutdown
[2025.04.02-19.32.38:639][835]TimingProfiler: Shutdown
[2025.04.02-19.32.38:639][835]LogModuleManager: Shutting down and abandoning module TraceServices (745)
[2025.04.02-19.32.38:639][835]LogModuleManager: Shutting down and abandoning module EditorInteractiveToolsFramework (742)
[2025.04.02-19.32.38:639][835]LogModuleManager: Shutting down and abandoning module TimeManagementEditor (740)
[2025.04.02-19.32.38:639][835]LogModuleManager: Shutting down and abandoning module InputBindingEditor (738)
[2025.04.02-19.32.38:639][835]LogModuleManager: Shutting down and abandoning module MergeActors (736)
[2025.04.02-19.32.38:639][835]LogModuleManager: Shutting down and abandoning module LocalizationDashboard (734)
[2025.04.02-19.32.38:639][835]LogModuleManager: Shutting down and abandoning module LocalizationService (733)
[2025.04.02-19.32.38:639][835]LogModuleManager: Shutting down and abandoning module HardwareTargeting (730)
[2025.04.02-19.32.38:639][835]LogModuleManager: Shutting down and abandoning module DeviceProfileEditor (728)
[2025.04.02-19.32.38:639][835]LogModuleManager: Shutting down and abandoning module UndoHistory (726)
[2025.04.02-19.32.38:639][835]LogModuleManager: Shutting down and abandoning module XmlParser (724)
[2025.04.02-19.32.38:639][835]LogModuleManager: Shutting down and abandoning module Blutility (722)
[2025.04.02-19.32.38:639][835]LogModuleManager: Shutting down and abandoning module ProjectSettingsViewer (720)
[2025.04.02-19.32.38:639][835]LogModuleManager: Shutting down and abandoning module ProjectTargetPlatformEditor (719)
[2025.04.02-19.32.38:639][835]LogModuleManager: Shutting down and abandoning module EditorSettingsViewer (716)
[2025.04.02-19.32.38:639][835]LogModuleManager: Shutting down and abandoning module InternationalizationSettings (715)
[2025.04.02-19.32.38:639][835]LogModuleManager: Shutting down and abandoning module SettingsEditor (712)
[2025.04.02-19.32.38:639][835]LogModuleManager: Shutting down and abandoning module ProjectLauncher (710)
[2025.04.02-19.32.38:639][835]LogModuleManager: Shutting down and abandoning module SessionFrontend (708)
[2025.04.02-19.32.38:639][835]LogModuleManager: Shutting down and abandoning module ProfilerClient (706)
[2025.04.02-19.32.38:639][835]LogModuleManager: Shutting down and abandoning module DeviceManager (704)
[2025.04.02-19.32.38:639][835]LogModuleManager: Shutting down and abandoning module TargetDeviceServices (703)
[2025.04.02-19.32.38:672][835]LogModuleManager: Shutting down and abandoning module AutomationController (700)
[2025.04.02-19.32.38:672][835]LogModuleManager: Shutting down and abandoning module AutomationWindow (698)
[2025.04.02-19.32.38:672][835]LogModuleManager: Shutting down and abandoning module Layers (696)
[2025.04.02-19.32.38:672][835]LogModuleManager: Shutting down and abandoning module ComponentVisualizers (694)
[2025.04.02-19.32.38:672][835]LogModuleManager: Shutting down and abandoning module DetailCustomizations (692)
[2025.04.02-19.32.38:672][835]LogModuleManager: Shutting down and abandoning module PackagesDialog (690)
[2025.04.02-19.32.38:672][835]LogModuleManager: Shutting down and abandoning module AnimationBlueprintEditor (688)
[2025.04.02-19.32.38:672][835]LogModuleManager: Shutting down and abandoning module Persona (686)
[2025.04.02-19.32.38:672][835]LogModuleManager: Shutting down and abandoning module AdvancedPreviewScene (685)
[2025.04.02-19.32.38:672][835]LogModuleManager: Shutting down and abandoning module AnimGraph (683)
[2025.04.02-19.32.38:672][835]LogModuleManager: Shutting down and abandoning module Kismet (680)
[2025.04.02-19.32.38:678][835]LogModuleManager: Shutting down and abandoning module KismetWidgets (679)
[2025.04.02-19.32.38:678][835]LogModuleManager: Shutting down and abandoning module GraphEditor (676)
[2025.04.02-19.32.38:678][835]LogModuleManager: Shutting down and abandoning module StructViewer (674)
[2025.04.02-19.32.38:678][835]LogModuleManager: Shutting down and abandoning module ClassViewer (672)
[2025.04.02-19.32.38:678][835]LogModuleManager: Shutting down and abandoning module Toolbox (670)
[2025.04.02-19.32.38:678][835]LogModuleManager: Shutting down and abandoning module ModuleUI (668)
[2025.04.02-19.32.38:678][835]LogModuleManager: Shutting down and abandoning module OutputLog (666)
[2025.04.02-19.32.38:678][835]LogModuleManager: Shutting down and abandoning module GammaUI (664)
[2025.04.02-19.32.38:678][835]LogModuleManager: Shutting down and abandoning module Documentation (662)
[2025.04.02-19.32.38:678][835]LogModuleManager: Shutting down and abandoning module LiveCoding (660)
[2025.04.02-19.32.38:679][835]LogModuleManager: Shutting down and abandoning module LevelSequence (658)
[2025.04.02-19.32.38:679][835]LogModuleManager: Shutting down and abandoning module MovieSceneTracks (656)
[2025.04.02-19.32.38:679][835]LogModuleManager: Shutting down and abandoning module MovieScene (654)
[2025.04.02-19.32.38:679][835]LogModuleManager: Shutting down and abandoning module StreamingPauseRendering (652)
[2025.04.02-19.32.38:679][835]LogModuleManager: Shutting down and abandoning module LauncherPlatform (650)
[2025.04.02-19.32.38:679][835]LogModuleManager: Shutting down and abandoning module AnalyticsET (648)
[2025.04.02-19.32.38:679][835]LogModuleManager: Shutting down and abandoning module PortalServices (646)
[2025.04.02-19.32.38:679][835]LogModuleManager: Shutting down and abandoning module PortalRpc (644)
[2025.04.02-19.32.38:679][835]LogModuleManager: Shutting down and abandoning module MessagingRpc (642)
[2025.04.02-19.32.38:679][835]LogModuleManager: Shutting down and abandoning module AudioMixerXAudio2 (640)
[2025.04.02-19.32.38:679][835]LogModuleManager: Shutting down and abandoning module AudioMixerCore (639)
[2025.04.02-19.32.38:679][835]LogModuleManager: Shutting down and abandoning module AIModule (636)
[2025.04.02-19.32.38:679][835]LogModuleManager: Shutting down and abandoning module GameplayDebugger (635)
[2025.04.02-19.32.38:679][835]LogModuleManager: Shutting down and abandoning module AITestSuite (633)
[2025.04.02-19.32.38:679][835]LogModuleManager: Shutting down and abandoning module NavigationSystem (631)
[2025.04.02-19.32.38:679][835]LogModuleManager: Shutting down and abandoning module ImageWriteQueue (628)
[2025.04.02-19.32.38:684][835]LogModuleManager: Shutting down and abandoning module ProfilerService (626)
[2025.04.02-19.32.38:935][835]LogModuleManager: Shutting down and abandoning module TaskGraph (624)
[2025.04.02-19.32.38:935][835]LogModuleManager: Shutting down and abandoning module AudioSynesthesiaEditor (622)
[2025.04.02-19.32.38:935][835]LogModuleManager: Shutting down and abandoning module BlueprintAssist (620)
[2025.04.02-19.32.38:935][835]LogBlueprintAssist: Remove BlueprintAssist Root Object
[2025.04.02-19.32.38:935][835]LogBlueprintAssist: Unregistered BlueprintAssist Commands
[2025.04.02-19.32.38:935][835]LogBlueprintAssist: Shutdown BlueprintAssist Module
[2025.04.02-19.32.38:935][835]LogModuleManager: Shutting down and abandoning module OculusEditor (618)
[2025.04.02-19.32.38:935][835]LogModuleManager: Shutting down and abandoning module OculusInput (616)
[2025.04.02-19.32.38:935][835]LogModuleManager: Shutting down and abandoning module ContentBrowserFileDataSource (614)
[2025.04.02-19.32.38:935][835]LogModuleManager: Shutting down and abandoning module ContentBrowserClassDataSource (612)
[2025.04.02-19.32.38:935][835]LogModuleManager: Shutting down and abandoning module ContentBrowserAssetDataSource (610)
[2025.04.02-19.32.38:935][835]LogModuleManager: Shutting down and abandoning module CollectionManager (609)
[2025.04.02-19.32.38:935][835]LogModuleManager: Shutting down and abandoning module SynthesisEditor (606)
[2025.04.02-19.32.38:935][835]LogModuleManager: Shutting down and abandoning module Synthesis (604)
[2025.04.02-19.32.38:935][835]LogModuleManager: Shutting down and abandoning module ProceduralMeshComponentEditor (602)
[2025.04.02-19.32.38:935][835]LogModuleManager: Shutting down and abandoning module ProceduralMeshComponent (600)
[2025.04.02-19.32.38:935][835]LogModuleManager: Shutting down and abandoning module OpenXREditor (598)
[2025.04.02-19.32.38:935][835]LogModuleManager: Shutting down and abandoning module MobilePatchingUtils (596)
[2025.04.02-19.32.38:935][835]LogModuleManager: Shutting down and abandoning module TakeSequencer (594)
[2025.04.02-19.32.38:935][835]LogModuleManager: Shutting down and abandoning module TakeMovieScene (592)
[2025.04.02-19.32.38:935][835]LogModuleManager: Shutting down and abandoning module GooglePAD (590)
[2025.04.02-19.32.38:935][835]LogModuleManager: Shutting down and abandoning module EditableMesh (588)
[2025.04.02-19.32.38:935][835]LogModuleManager: Shutting down and abandoning module CustomMeshComponent (586)
[2025.04.02-19.32.38:935][835]LogModuleManager: Shutting down and abandoning module AssetTags (584)
[2025.04.02-19.32.38:935][835]LogModuleManager: Shutting down and abandoning module CableComponent (582)
[2025.04.02-19.32.38:935][835]LogModuleManager: Shutting down and abandoning module AudioCapture (580)
[2025.04.02-19.32.38:936][835]LogModuleManager: Shutting down and abandoning module AudioCaptureRtAudio (579)
[2025.04.02-19.32.38:936][835]LogModuleManager: Shutting down and abandoning module ArchVisCharacter (576)
[2025.04.02-19.32.38:936][835]LogModuleManager: Shutting down and abandoning module AppleImageUtilsBlueprintSupport (574)
[2025.04.02-19.32.38:936][835]LogModuleManager: Shutting down and abandoning module AppleImageUtils (572)
[2025.04.02-19.32.38:936][835]LogModuleManager: Shutting down and abandoning module AndroidPermission (570)
[2025.04.02-19.32.38:936][835]LogModuleManager: Shutting down and abandoning module ActorLayerUtilitiesEditor (568)
[2025.04.02-19.32.38:936][835]LogModuleManager: Shutting down and abandoning module ActorLayerUtilities (566)
[2025.04.02-19.32.38:936][835]LogModuleManager: Shutting down and abandoning module ScreenshotTools (564)
[2025.04.02-19.32.38:936][835]LogModuleManager: Shutting down and abandoning module TemplateSequence (560)
[2025.04.02-19.32.38:936][835]LogModuleManager: Shutting down and abandoning module MediaCompositing (558)
[2025.04.02-19.32.38:936][835]LogModuleManager: Shutting down and abandoning module ImgMedia (556)
[2025.04.02-19.32.38:936][835]LogModuleManager: Shutting down and abandoning module MagicLeapSharedWorld (554)
[2025.04.02-19.32.38:936][835]LogModuleManager: Shutting down and abandoning module MagicLeapLightEstimation (552)
[2025.04.02-19.32.38:936][835]LogModuleManager: Shutting down and abandoning module MagicLeapHelperVulkan (550)
[2025.04.02-19.32.38:936][835]LogModuleManager: Shutting down and abandoning module MagicLeapHelperOpenGL (548)
[2025.04.02-19.32.38:936][835]LogModuleManager: Shutting down and abandoning module MagicLeapAudio (546)
[2025.04.02-19.32.38:936][835]LogModuleManager: Shutting down and abandoning module VariantManagerContentEditor (544)
[2025.04.02-19.32.38:936][835]LogModuleManager: Shutting down and abandoning module DatasmithContentEditor (542)
[2025.04.02-19.32.38:936][835]LogModuleManager: Shutting down and abandoning module MotoSynthEditor (540)
[2025.04.02-19.32.38:936][835]LogModuleManager: Shutting down and abandoning module MotoSynth (538)
[2025.04.02-19.32.38:936][835]LogModuleManager: Shutting down and abandoning module OpenImageDenoise (536)
[2025.04.02-19.32.38:936][835]LogOpenImageDenoise: OIDN shutting down
[2025.04.02-19.32.38:936][835]LogModuleManager: Shutting down and abandoning module GeometryCollectionTracks (534)
[2025.04.02-19.32.38:936][835]LogModuleManager: Shutting down and abandoning module GeometryCollectionSequencer (533)
[2025.04.02-19.32.38:936][835]LogModuleManager: Shutting down and abandoning module GeometryCollectionEditor (530)
[2025.04.02-19.32.38:936][835]LogModuleManager: Shutting down and abandoning module ChaosNiagara (528)
[2025.04.02-19.32.38:936][835]LogModuleManager: Shutting down and abandoning module MeshConversion (526)
[2025.04.02-19.32.38:936][835]LogModuleManager: Shutting down and abandoning module DynamicMesh (524)
[2025.04.02-19.32.38:936][835]LogModuleManager: Shutting down and abandoning module GeometryAlgorithms (522)
[2025.04.02-19.32.38:936][835]LogModuleManager: Shutting down and abandoning module GeometricObjects (520)
[2025.04.02-19.32.38:936][835]LogModuleManager: Shutting down and abandoning module AutoSizeComments (518)
[2025.04.02-19.32.38:936][835]LogAutoSizeComments: Shutdown AutoSizeComments
[2025.04.02-19.32.38:936][835]LogModuleManager: Shutting down and abandoning module GeometryCacheTracks (516)
[2025.04.02-19.32.38:936][835]LogModuleManager: Shutting down and abandoning module GeometryCacheStreamer (514)
[2025.04.02-19.32.38:936][835]LogModuleManager: Shutting down and abandoning module GeometryCacheSequencer (512)
[2025.04.02-19.32.38:936][835]LogModuleManager: Shutting down and abandoning module ChaosSolverEditor (510)
[2025.04.02-19.32.38:936][835]LogModuleManager: Shutting down and abandoning module FractureEditor (508)
[2025.04.02-19.32.38:936][835]LogModuleManager: Shutting down and abandoning module FieldSystemEngine (507)
[2025.04.02-19.32.38:936][835]LogModuleManager: Shutting down and abandoning module ChaosClothEditor (504)
[2025.04.02-19.32.38:936][835]LogModuleManager: Shutting down and abandoning module BackChannel (502)
[2025.04.02-19.32.38:936][835]LogModuleManager: Shutting down and abandoning module AutomationUtilsEditor (500)
[2025.04.02-19.32.38:936][835]LogModuleManager: Shutting down and abandoning module AutomationUtils (498)
[2025.04.02-19.32.38:936][835]LogModuleManager: Shutting down and abandoning module AlembicImporter (496)
[2025.04.02-19.32.38:936][835]LogModuleManager: Shutting down and abandoning module AlembicLibrary (495)
[2025.04.02-19.32.38:936][835]LogModuleManager: Shutting down and abandoning module GeometryCache (494)
[2025.04.02-19.32.38:936][835]LogModuleManager: Shutting down and abandoning module GeometryCacheEd (493)
[2025.04.02-19.32.38:936][835]LogModuleManager: Shutting down and abandoning module NiagaraEditorWidgets (488)
[2025.04.02-19.32.38:936][835]LogModuleManager: Shutting down and abandoning module SpeedTreeImporter (486)
[2025.04.02-19.32.38:936][835]LogModuleManager: Shutting down and abandoning module PluginBrowser (484)
[2025.04.02-19.32.38:936][835]LogModuleManager: Shutting down and abandoning module MobileLauncherProfileWizard (482)
[2025.04.02-19.32.38:936][835]LogModuleManager: Shutting down and abandoning module MaterialAnalyzer (480)
[2025.04.02-19.32.38:936][835]LogModuleManager: Shutting down and abandoning module CurveEditorTools (478)
[2025.04.02-19.32.38:936][835]LogModuleManager: Shutting down and abandoning module CryptoKeysOpenSSL (476)
[2025.04.02-19.32.38:936][835]LogModuleManager: Shutting down and abandoning module CryptoKeys (474)
[2025.04.02-19.32.38:936][835]LogModuleManager: Shutting down and abandoning module VisualStudioSourceCodeAccess (472)
[2025.04.02-19.32.38:936][835]LogModuleManager: Shutting down and abandoning module VisualStudioCodeSourceCodeAccess (470)
[2025.04.02-19.32.38:936][835]LogModuleManager: Shutting down and abandoning module UObjectPlugin (468)
[2025.04.02-19.32.38:936][835]LogModuleManager: Shutting down and abandoning module SubversionSourceControl (466)
[2025.04.02-19.32.38:936][835]LogModuleManager: Shutting down and abandoning module RiderSourceCodeAccess (464)
[2025.04.02-19.32.38:936][835]LogModuleManager: Shutting down and abandoning module PlasticSourceControl (462)
[2025.04.02-19.32.38:936][835]LogModuleManager: Shutting down and abandoning module PluginUtils (460)
[2025.04.02-19.32.38:936][835]LogModuleManager: Shutting down and abandoning module PerforceSourceControl (458)
[2025.04.02-19.32.38:936][835]LogModuleManager: Shutting down and abandoning module GitSourceControl (456)
[2025.04.02-19.32.38:936][835]LogModuleManager: Shutting down and abandoning module SourceControl (455)
[2025.04.02-19.32.38:936][835]LogModuleManager: Shutting down and abandoning module CLionSourceCodeAccess (452)
[2025.04.02-19.32.38:936][835]LogModuleManager: Shutting down and abandoning module AnimationSharingEd (450)
[2025.04.02-19.32.38:936][835]LogModuleManager: Shutting down and abandoning module OodleNetworkHandlerComponent (448)
[2025.04.02-19.32.38:937][835]LogModuleManager: Shutting down and abandoning module LightPropagationVolumeEditor (446)
[2025.04.02-19.32.38:937][835]LogModuleManager: Shutting down and abandoning module LiveLinkSequencer (444)
[2025.04.02-19.32.38:937][835]LogModuleManager: Shutting down and abandoning module LiveLinkMovieScene (442)
[2025.04.02-19.32.38:937][835]LogModuleManager: Shutting down and abandoning module LiveLinkGraphNode (440)
[2025.04.02-19.32.38:937][835]LogModuleManager: Shutting down and abandoning module LiveLinkEditor (438)
[2025.04.02-19.32.38:937][835]LogModuleManager: Shutting down and abandoning module LiveLinkComponents (436)
[2025.04.02-19.32.38:937][835]LogModuleManager: Shutting down and abandoning module LiveLink (434)
[2025.04.02-19.32.39:475][835]LogModuleManager: Shutting down and abandoning module PaperTiledImporter (432)
[2025.04.02-19.32.39:475][835]LogModuleManager: Shutting down and abandoning module PaperSpriteSheetImporter (430)
[2025.04.02-19.32.39:475][835]LogModuleManager: Shutting down and abandoning module Paper2DEditor (428)
[2025.04.02-19.32.39:475][835]LogModuleManager: Shutting down and abandoning module MeshPaintingToolset (426)
[2025.04.02-19.32.39:475][835]LogModuleManager: Shutting down and abandoning module MeshPaintEditorMode (424)
[2025.04.02-19.32.39:475][835]LogModuleManager: Shutting down and abandoning module BlueprintFileUtils (422)
[2025.04.02-19.32.39:475][835]LogModuleManager: Shutting down and abandoning module EscapeTheBackrooms (420)
[2025.04.02-19.32.39:475][835]LogModuleManager: Shutting down and abandoning module SmoothSyncPlugin (418)
[2025.04.02-19.32.39:475][835]LogModuleManager: Shutting down and abandoning module AdvancedSteamSessions (416)
[2025.04.02-19.32.39:475][835]LogModuleManager: Shutting down and abandoning module AdvancedSessions (414)
[2025.04.02-19.32.39:475][835]LogModuleManager: Shutting down and abandoning module SteamShared (412)
[2025.04.02-19.32.39:475][835]LogSteamShared: Freeing the Steam Loaded Modules...
[2025.04.02-19.32.39:475][835]LogModuleManager: Shutting down and abandoning module SoundFields (410)
[2025.04.02-19.32.39:475][835]LogModuleManager: Shutting down and abandoning module SignificanceManager (408)
[2025.04.02-19.32.39:475][835]LogModuleManager: Shutting down and abandoning module RuntimePhysXCooking (406)
[2025.04.02-19.32.39:475][835]LogModuleManager: Shutting down and abandoning module PropertyAccessEditor (404)
[2025.04.02-19.32.39:475][835]LogModuleManager: Shutting down and abandoning module PhysXVehiclesEditor (402)
[2025.04.02-19.32.39:475][835]LogModuleManager: Shutting down and abandoning module LocationServicesBPLibrary (398)
[2025.04.02-19.32.39:475][835]LogModuleManager: Shutting down and abandoning module AudioSynesthesia (396)
[2025.04.02-19.32.39:475][835]LogModuleManager: Shutting down and abandoning module AudioSynesthesiaCore (394)
[2025.04.02-19.32.39:475][835]LogModuleManager: Shutting down and abandoning module ActorSequence (392)
[2025.04.02-19.32.39:475][835]LogModuleManager: Shutting down and abandoning module UdpMessaging (390)
[2025.04.02-19.32.39:577][835]LogModuleManager: Shutting down and abandoning module TcpMessaging (388)
[2025.04.02-19.32.39:677][835]LogModuleManager: Shutting down and abandoning module ImgMediaEngine (386)
[2025.04.02-19.32.39:677][835]LogModuleManager: Shutting down and abandoning module MagicLeapARPin (384)
[2025.04.02-19.32.39:677][835]LogModuleManager: Shutting down and abandoning module MagicLeapHandMeshing (382)
[2025.04.02-19.32.39:677][835]LogModuleManager: Shutting down and abandoning module MagicLeapSecureStorage (380)
[2025.04.02-19.32.39:677][835]LogModuleManager: Shutting down and abandoning module MagicLeapPrivileges (378)
[2025.04.02-19.32.39:677][835]LogModuleManager: Shutting down and abandoning module MagicLeapPlanes (376)
[2025.04.02-19.32.39:677][835]LogMagicLeapPlanes: Planes tracker already destroyed.
[2025.04.02-19.32.39:677][835]LogModuleManager: Shutting down and abandoning module MagicLeapImageTracker (374)
[2025.04.02-19.32.39:677][835]LogModuleManager: Shutting down and abandoning module MagicLeapIdentity (372)
[2025.04.02-19.32.39:677][835]LogModuleManager: Shutting down and abandoning module MagicLeapHandTracking (370)
[2025.04.02-19.32.39:677][835]LogModuleManager: Shutting down and abandoning module MagicLeapEyeTracker (368)
[2025.04.02-19.32.39:677][835]LogModuleManager: Shutting down and abandoning module MagicLeapController (366)
[2025.04.02-19.32.39:677][835]LogModuleManager: Shutting down and abandoning module MagicLeapARPinImpl (364)
[2025.04.02-19.32.39:677][835]LogModuleManager: Shutting down and abandoning module MagicLeapAR (362)
[2025.04.02-19.32.39:677][835]LogModuleManager: Shutting down and abandoning module PythonScriptPlugin (360)
[2025.04.02-19.32.39:677][835]LogModuleManager: Shutting down and abandoning module NiagaraAnimNotifies (358)
[2025.04.02-19.32.39:677][835]LogModuleManager: Shutting down and abandoning module Niagara (356)
[2025.04.02-19.32.39:677][835]LogModuleManager: Shutting down and abandoning module SignalProcessing (355)
[2025.04.02-19.32.39:677][835]LogModuleManager: Shutting down and abandoning module NiagaraEditor (353)
[2025.04.02-19.32.39:677][835]LogModuleManager: Shutting down and abandoning module NiagaraCore (350)
[2025.04.02-19.32.39:677][835]LogModuleManager: Shutting down and abandoning module DataValidation (348)
[2025.04.02-19.32.39:677][835]LogModuleManager: Shutting down and abandoning module GameplayTagsEditor (346)
[2025.04.02-19.32.39:677][835]LogModuleManager: Shutting down and abandoning module FacialAnimationEditor (344)
[2025.04.02-19.32.39:677][835]LogModuleManager: Shutting down and abandoning module FacialAnimation (342)
[2025.04.02-19.32.39:677][835]LogModuleManager: Shutting down and abandoning module AssetManagerEditor (340)
[2025.04.02-19.32.39:677][835]LogModuleManager: Shutting down and abandoning module LevelEditor (339)
[2025.04.02-19.32.39:678][835]LogModuleManager: Shutting down and abandoning module PixelInspectorModule (338)
[2025.04.02-19.32.39:678][835]LogModuleManager: Shutting down and abandoning module CommonMenuExtensions (336)
[2025.04.02-19.32.39:678][835]LogModuleManager: Shutting down and abandoning module MainFrame (334)
[2025.04.02-19.32.39:678][835]LogModuleManager: Shutting down and abandoning module HotReload (333)
[2025.04.02-19.32.39:679][835]LogModuleManager: Shutting down and abandoning module ToolMenus (329)
[2025.04.02-19.32.39:679][835]LogModuleManager: Shutting down and abandoning module ContentBrowser (327)
[2025.04.02-19.32.39:679][835]LogModuleManager: Shutting down and abandoning module ContentBrowserData (326)
[2025.04.02-19.32.39:679][835]LogModuleManager: Shutting down and abandoning module TreeMap (323)
[2025.04.02-19.32.39:679][835]LogModuleManager: Shutting down and abandoning module PropertyAccessNode (320)
[2025.04.02-19.32.39:679][835]LogModuleManager: Shutting down and abandoning module AnimationSharing (318)
[2025.04.02-19.32.39:679][835]LogModuleManager: Shutting down and abandoning module LightPropagationVolumeRuntime (316)
[2025.04.02-19.32.39:679][835]LogModuleManager: Shutting down and abandoning module GameplayCameras (314)
[2025.04.02-19.32.39:679][835]LogModuleManager: Shutting down and abandoning module EnvironmentQueryEditor (312)
[2025.04.02-19.32.39:679][835]LogModuleManager: Shutting down and abandoning module Paper2D (310)
[2025.04.02-19.32.39:679][835]LogModuleManager: Shutting down and abandoning module WindowsMoviePlayer (308)
[2025.04.02-19.32.39:679][835]LogModuleManager: Shutting down and abandoning module WebMMoviePlayer (306)
[2025.04.02-19.32.39:679][835]LogModuleManager: Shutting down and abandoning module NetworkReplayStreaming (304)
[2025.04.02-19.32.39:679][835]LogModuleManager: Shutting down and abandoning module PacketHandler (302)
[2025.04.02-19.32.39:679][835]LogModuleManager: Shutting down and abandoning module ClothingSystemEditor (300)
[2025.04.02-19.32.39:679][835]LogModuleManager: Shutting down and abandoning module ClothingSystemRuntimeNv (298)
[2025.04.02-19.32.39:679][835]LogModuleManager: Shutting down and abandoning module MediaAssets (296)
[2025.04.02-19.32.39:679][835]LogModuleManager: Shutting down and abandoning module Overlay (294)
[2025.04.02-19.32.39:679][835]LogModuleManager: Shutting down and abandoning module OverlayEditor (293)
[2025.04.02-19.32.39:679][835]LogModuleManager: Shutting down and abandoning module VREditor (290)
[2025.04.02-19.32.39:679][835]LogModuleManager: Shutting down and abandoning module StringTableEditor (288)
[2025.04.02-19.32.39:679][835]LogModuleManager: Shutting down and abandoning module GameplayTasksEditor (286)
[2025.04.02-19.32.39:679][835]LogModuleManager: Shutting down and abandoning module BehaviorTreeEditor (284)
[2025.04.02-19.32.39:679][835]LogModuleManager: Shutting down and abandoning module FunctionalTesting (282)
[2025.04.02-19.32.39:680][835]LogModuleManager: Shutting down and abandoning module CollisionAnalyzer (280)
[2025.04.02-19.32.39:680][835]LogModuleManager: Shutting down and abandoning module WorkspaceMenuStructure (279)
[2025.04.02-19.32.39:680][835]LogModuleManager: Shutting down and abandoning module UMG (276)
[2025.04.02-19.32.39:680][835]LogModuleManager: Shutting down and abandoning module UMGEditor (275)
[2025.04.02-19.32.39:680][835]LogModuleManager: Shutting down and abandoning module MessageLog (273)
[2025.04.02-19.32.39:680][835]LogModuleManager: Shutting down and abandoning module SlateReflector (268)
[2025.04.02-19.32.39:680][835]LogModuleManager: Shutting down and abandoning module Slate (266)
[2025.04.02-19.32.39:680][835]LogModuleManager: Shutting down and abandoning module SlateCore (264)
[2025.04.02-19.32.39:680][835]LogModuleManager: Shutting down and abandoning module LandscapeEditorUtilities (262)
[2025.04.02-19.32.39:680][835]LogModuleManager: Shutting down and abandoning module UnrealEd (260)
[2025.04.02-19.32.39:680][835]LogModuleManager: Shutting down and abandoning module MRMesh (258)
[2025.04.02-19.32.39:680][835]LogModuleManager: Shutting down and abandoning module SourceCodeAccess (256)
[2025.04.02-19.32.39:680][835]LogModuleManager: Shutting down and abandoning module HeadMountedDisplay (254)
[2025.04.02-19.32.39:680][835]LogModuleManager: Shutting down and abandoning module XAudio2 (252)
[2025.04.02-19.32.39:680][835]LogModuleManager: Shutting down and abandoning module Networking (250)
[2025.04.02-19.32.39:680][835]LogModuleManager: Shutting down and abandoning module Core (248)
[2025.04.02-19.32.39:680][835]LogModuleManager: Shutting down and abandoning module MaterialEditor (246)
[2025.04.02-19.32.39:680][835]LogModuleManager: Shutting down and abandoning module MovieSceneTools (244)
[2025.04.02-19.32.39:680][835]LogModuleManager: Shutting down and abandoning module CurveEditor (243)
[2025.04.02-19.32.39:680][835]LogModuleManager: Shutting down and abandoning module Sequencer (241)
[2025.04.02-19.32.39:680][835]LogModuleManager: Shutting down and abandoning module EditorStyle (240)
[2025.04.02-19.32.39:681][835]LogModuleManager: Shutting down and abandoning module KismetCompiler (236)
[2025.04.02-19.32.39:681][835]LogModuleManager: Shutting down and abandoning module MeshBuilder (234)
[2025.04.02-19.32.39:682][835]LogModuleManager: Shutting down and abandoning module MeshUtilities (232)
[2025.04.02-19.32.39:682][835]LogModuleManager: Shutting down and abandoning module MeshMergeUtilities (231)
[2025.04.02-19.32.39:682][835]LogModuleManager: Shutting down and abandoning module MeshReductionInterface (230)
[2025.04.02-19.32.39:682][835]LogModuleManager: Shutting down and abandoning module MeshBoneReduction (229)
[2025.04.02-19.32.39:682][835]LogModuleManager: Shutting down and abandoning module SkeletalMeshReduction (227)
[2025.04.02-19.32.39:682][835]LogModuleManager: Shutting down and abandoning module ProxyLODMeshReduction (225)
[2025.04.02-19.32.39:682][835]LogModuleManager: Shutting down and abandoning module QuadricMeshReduction (223)
[2025.04.02-19.32.39:682][835]LogModuleManager: Shutting down and abandoning module MaterialBaking (219)
[2025.04.02-19.32.39:682][835]LogModuleManager: Shutting down and abandoning module NullInstallBundleManager (214)
[2025.04.02-19.32.39:682][835]LogModuleManager: Shutting down and abandoning module DerivedDataCache (212)
[2025.04.02-19.32.39:682][835]LogModuleManager: Shutting down and abandoning module TargetPlatform (210)
[2025.04.02-19.32.39:682][835]LogModuleManager: Shutting down and abandoning module VulkanShaderFormat (209)
[2025.04.02-19.32.39:682][835]LogModuleManager: Shutting down and abandoning module ShaderFormatVectorVM (207)
[2025.04.02-19.32.39:682][835]LogModuleManager: Shutting down and abandoning module ShaderFormatOpenGL (205)
[2025.04.02-19.32.39:682][835]LogModuleManager: Shutting down and abandoning module ShaderFormatD3D (203)
[2025.04.02-19.32.39:682][835]LogModuleManager: Shutting down and abandoning module MetalShaderFormat (201)
[2025.04.02-19.32.39:682][835]LogModuleManager: Shutting down and abandoning module TextureFormatOodle (199)
[2025.04.02-19.32.39:682][835]LogModuleManager: Shutting down and abandoning module TextureFormatUncompressed (197)
[2025.04.02-19.32.39:682][835]LogModuleManager: Shutting down and abandoning module TextureFormatPVR (195)
[2025.04.02-19.32.39:682][835]LogModuleManager: Shutting down and abandoning module TextureFormatETC2 (193)
[2025.04.02-19.32.39:682][835]LogModuleManager: Shutting down and abandoning module TextureFormatDXT (191)
[2025.04.02-19.32.39:682][835]LogModuleManager: Shutting down and abandoning module TextureFormatIntelISPCTexComp (189)
[2025.04.02-19.32.39:682][835]LogModuleManager: Shutting down and abandoning module TextureFormatASTC (187)
[2025.04.02-19.32.39:682][835]LogModuleManager: Shutting down and abandoning module ImageWrapper (186)
[2025.04.02-19.32.39:682][835]LogModuleManager: Shutting down and abandoning module AudioFormatOpus (183)
[2025.04.02-19.32.39:682][835]LogModuleManager: Shutting down and abandoning module AudioFormatOgg (181)
[2025.04.02-19.32.39:682][835]LogModuleManager: Shutting down and abandoning module AudioFormatADPCM (179)
[2025.04.02-19.32.39:682][835]LogModuleManager: Shutting down and abandoning module WindowsServerTargetPlatform (177)
[2025.04.02-19.32.39:682][835]LogModuleManager: Shutting down and abandoning module WindowsClientTargetPlatform (175)
[2025.04.02-19.32.39:682][835]LogModuleManager: Shutting down and abandoning module WindowsTargetPlatform (173)
[2025.04.02-19.32.39:682][835]LogModuleManager: Shutting down and abandoning module WindowsNoEditorTargetPlatform (171)
[2025.04.02-19.32.39:682][835]LogModuleManager: Shutting down and abandoning module TVOSTargetPlatform (169)
[2025.04.02-19.32.39:683][835]LogModuleManager: Shutting down and abandoning module MacServerTargetPlatform (167)
[2025.04.02-19.32.39:683][835]LogModuleManager: Shutting down and abandoning module MacClientTargetPlatform (165)
[2025.04.02-19.32.39:683][835]LogModuleManager: Shutting down and abandoning module MacTargetPlatform (163)
[2025.04.02-19.32.39:683][835]LogModuleManager: Shutting down and abandoning module MacNoEditorTargetPlatform (161)
[2025.04.02-19.32.39:683][835]LogModuleManager: Shutting down and abandoning module LuminTargetPlatform (159)
[2025.04.02-19.32.39:683][835]LogModuleManager: Shutting down and abandoning module LinuxAArch64ServerTargetPlatform (157)
[2025.04.02-19.32.39:683][835]LogModuleManager: Shutting down and abandoning module LinuxAArch64ClientTargetPlatform (155)
[2025.04.02-19.32.39:683][835]LogModuleManager: Shutting down and abandoning module LinuxAArch64NoEditorTargetPlatform (153)
[2025.04.02-19.32.39:683][835]LogModuleManager: Shutting down and abandoning module LinuxServerTargetPlatform (151)
[2025.04.02-19.32.39:683][835]LogModuleManager: Shutting down and abandoning module LinuxClientTargetPlatform (149)
[2025.04.02-19.32.39:683][835]LogModuleManager: Shutting down and abandoning module LinuxNoEditorTargetPlatform (147)
[2025.04.02-19.32.39:684][835]LogModuleManager: Shutting down and abandoning module LinuxTargetPlatform (145)
[2025.04.02-19.32.39:684][835]LogModuleManager: Shutting down and abandoning module Messaging (143)
[2025.04.02-19.32.39:684][835]LogModuleManager: Shutting down and abandoning module IOSTargetPlatform (141)
[2025.04.02-19.32.39:684][835]LogModuleManager: Shutting down and abandoning module AndroidTargetPlatform (139)
[2025.04.02-19.32.39:687][835]LogModuleManager: Shutting down and abandoning module AllDesktopTargetPlatform (137)
[2025.04.02-19.32.39:687][835]LogModuleManager: Shutting down and abandoning module D3D11RHI (134)
[2025.04.02-19.32.39:687][835]LogModuleManager: Shutting down and abandoning module InputCore (132)
[2025.04.02-19.32.39:687][835]LogModuleManager: Shutting down and abandoning module Settings (130)
[2025.04.02-19.32.39:687][835]LogModuleManager: Shutting down and abandoning module DirectoryWatcher (128)
[2025.04.02-19.32.39:687][835]LogModuleManager: Shutting down and abandoning module PhysXCooking (126)
[2025.04.02-19.32.39:688][835]LogModuleManager: Shutting down and abandoning module Chaos (124)
[2025.04.02-19.32.39:688][835]LogModuleManager: Shutting down and abandoning module WindowsPlatformFeatures (122)
[2025.04.02-19.32.39:688][835]LogModuleManager: Shutting down and abandoning module GameplayMediaEncoder (121)
[2025.04.02-19.32.39:688][835]LogModuleManager: Shutting down and abandoning module AVEncoder (120)
[2025.04.02-19.32.39:688][835]LogModuleManager: Shutting down and abandoning module SteamVRInputDevice (116)
[2025.04.02-19.32.39:688][835]LogModuleManager: Shutting down and abandoning module SteamVRInput (114)
[2025.04.02-19.32.39:688][835]LogModuleManager: Shutting down and abandoning module SteamVR (112)
[2025.04.02-19.32.39:688][835]LogHMD: Freeing OpenVRDLLHandle.
[2025.04.02-19.32.39:688][835]LogModuleManager: Shutting down and abandoning module OculusHMD (110)
[2025.04.02-19.32.39:688][835]LogModuleManager: Shutting down and abandoning module OpenXRHandTracking (108)
[2025.04.02-19.32.39:688][835]LogSlate: Slate User Destroyed.  User Index 0, Is Virtual User: 0
[2025.04.02-19.32.39:688][835]LogModuleManager: Shutting down and abandoning module OpenXREyeTracker (106)
[2025.04.02-19.32.39:688][835]LogModuleManager: Shutting down and abandoning module OpenXRAR (104)
[2025.04.02-19.32.39:688][835]LogModuleManager: Shutting down and abandoning module AugmentedReality (103)
[2025.04.02-19.32.39:688][835]LogModuleManager: Shutting down and abandoning module OpenXRHMD (100)
[2025.04.02-19.32.39:688][835]LogModuleManager: Shutting down and abandoning module ExampleDeviceProfileSelector (98)
[2025.04.02-19.32.39:688][835]LogModuleManager: Shutting down and abandoning module ChunkDownloader (96)
[2025.04.02-19.32.39:688][835]LogModuleManager: Shutting down and abandoning module LauncherChunkInstaller (94)
[2025.04.02-19.32.39:688][835]LogModuleManager: Shutting down and abandoning module OnlineBlueprintSupport (92)
[2025.04.02-19.32.39:688][835]LogModuleManager: Shutting down and abandoning module OnlineSubsystem (88)
[2025.04.02-19.32.39:689][835]LogModuleManager: Shutting down and abandoning module XMPP (83)
[2025.04.02-19.32.39:689][835]LogModuleManager: Shutting down and abandoning module WebSockets (82)
[2025.04.02-19.32.39:715][835]LogModuleManager: Shutting down and abandoning module HTTP (79)
[2025.04.02-19.32.39:715][835]LogHttp: Display: Http module shutting down, but needs to wait on 1 outstanding Http requests:
[2025.04.02-19.32.39:715][835]LogHttp: Display: 	verb=[POST] url=[https://datarouter.ol.epicgames.com/datarouter/api/v1/public/data?SessionID=%7B82A19DC5-424A-1F06-B6DE-60A0294644C3%7D&AppID=UEEditor.Rocket.Release&AppVersion=4.27.2-18319896%2B%2B%2BUE4%2BRelease-4.27&UserID=ff34cec34635c2434a0cbe8ccdbd3a28%7C2eea84bf844543fbbb7d5cf485b735d0%7Cc84dd4ac-b030-4b4d-8068-60af0798f8bd&AppEnvironment=datacollector-binary&UploadType=eteventstream] refs=[1] status=Processing
[2025.04.02-19.32.39:715][835]LogHttp: Display: cleaning up 1 outstanding Http requests.
[2025.04.02-19.32.39:744][835]LogModuleManager: Shutting down and abandoning module SSL (78)
[2025.04.02-19.32.39:744][835]LogModuleManager: Shutting down and abandoning module WmfMedia (74)
[2025.04.02-19.32.39:746][835]LogModuleManager: Shutting down and abandoning module Media (73)
[2025.04.02-19.32.39:747][835]LogModuleManager: Shutting down and abandoning module MediaInfo (72)
[2025.04.02-19.32.39:747][835]LogModuleManager: Shutting down and abandoning module ExrReaderGpu (68)
[2025.04.02-19.32.39:747][835]LogModuleManager: Shutting down and abandoning module MLSDK (66)
[2025.04.02-19.32.39:747][835]LogModuleManager: Shutting down and abandoning module MagicLeap (64)
[2025.04.02-19.32.39:747][835]LogModuleManager: Shutting down and abandoning module VariantManagerContent (62)
[2025.04.02-19.32.39:747][835]LogModuleManager: Shutting down and abandoning module DatasmithContent (60)
[2025.04.02-19.32.39:747][835]LogModuleManager: Shutting down and abandoning module ChaosCloth (58)
[2025.04.02-19.32.39:747][835]LogModuleManager: Shutting down and abandoning module NiagaraVertexFactories (56)
[2025.04.02-19.32.39:747][835]LogModuleManager: Shutting down and abandoning module NiagaraShader (54)
[2025.04.02-19.32.39:747][835]LogModuleManager: Shutting down and abandoning module PixWinPlugin (52)
[2025.04.02-19.32.39:747][835]LogModuleManager: Shutting down and abandoning module AISupportModule (50)
[2025.04.02-19.32.39:747][835]LogModuleManager: Shutting down and abandoning module DesktopPlatform (48)
[2025.04.02-19.32.39:747][835]LogModuleManager: Shutting down and abandoning module PythonScriptPluginPreload (46)
[2025.04.02-19.32.39:747][835]LogModuleManager: Shutting down and abandoning module PlatformCryptoOpenSSL (44)
[2025.04.02-19.32.39:747][835]LogModuleManager: Shutting down and abandoning module PlatformCryptoTypes (42)
[2025.04.02-19.32.39:747][835]LogModuleManager: Shutting down and abandoning module PlatformCrypto (40)
[2025.04.02-19.32.39:747][835]LogModuleManager: Shutting down and abandoning module OodleDataCompressionFormat (38)
[2025.04.02-19.32.39:747][835]LogModuleManager: Shutting down and abandoning module XGEController (36)
[2025.04.02-19.32.39:747][835]LogModuleManager: Shutting down and abandoning module AnimationModifiers (34)
[2025.04.02-19.32.39:747][835]LogModuleManager: Shutting down and abandoning module AudioEditor (32)
[2025.04.02-19.32.39:747][835]LogModuleManager: Shutting down and abandoning module PropertyEditor (31)
[2025.04.02-19.32.39:748][835]LogModuleManager: Shutting down and abandoning module TextureCompressor (28)
[2025.04.02-19.32.39:748][835]LogModuleManager: Shutting down and abandoning module RenderCore (26)
[2025.04.02-19.32.39:748][835]LogModuleManager: Shutting down and abandoning module Landscape (24)
[2025.04.02-19.32.39:748][835]LogModuleManager: Shutting down and abandoning module SlateRHIRenderer (22)
[2025.04.02-19.32.39:748][835]LogModuleManager: Shutting down and abandoning module AnimGraphRuntime (20)
[2025.04.02-19.32.39:748][835]LogModuleManager: Shutting down and abandoning module Renderer (18)
[2025.04.02-19.32.39:748][835]LogModuleManager: Shutting down and abandoning module Engine (16)
[2025.04.02-19.32.39:749][835]LogModuleManager: Shutting down and abandoning module CoreUObject (14)
[2025.04.02-19.32.39:749][835]LogModuleManager: Shutting down and abandoning module NetworkFile (12)
[2025.04.02-19.32.39:749][835]LogModuleManager: Shutting down and abandoning module CookedIterativeFile (10)
[2025.04.02-19.32.39:749][835]LogModuleManager: Shutting down and abandoning module StreamingFile (8)
[2025.04.02-19.32.39:749][835]LogModuleManager: Shutting down and abandoning module SandboxFile (6)
[2025.04.02-19.32.39:749][835]LogModuleManager: Shutting down and abandoning module PakFile (4)
[2025.04.02-19.32.39:749][835]LogModuleManager: Shutting down and abandoning module RSA (3)
[2025.04.02-19.32.39:749][835]LogContentStreaming: Display: There are 1 unreleased StreamingManagers
[2025.04.02-19.32.39:764][835]LogD3D11RHI: Shutdown
[2025.04.02-19.32.39:764][835]LogD3D11RHI: CleanupD3DDevice
[2025.04.02-19.32.39:766][835]LogExit: Exiting.
[2025.04.02-19.32.39:775][835]Log file closed, 04/02/25 16:32:39
