Log file open, 04/04/25 20:04:21
LogWindows: Failed to load 'aqProf.dll' (GetLastError=126)
LogWindows: File 'aqProf.dll' does not exist
LogWindows: Failed to load 'VtuneApi.dll' (GetLastError=126)
LogWindows: File 'VtuneApi.dll' does not exist
LogWindows: Failed to load 'VtuneApi32e.dll' (GetLastError=126)
LogWindows: File 'VtuneApi32e.dll' does not exist
LogConsoleResponse: Display: Failed to find resolution value strings in scalability ini. Falling back to default.
LogConsoleResponse: Display: Failed to find resolution value strings in scalability ini. Falling back to default.
LogInit: Display: Running engine for game: EscapeTheBackrooms
LogPlatformFile: Not using cached read wrapper
LogTaskGraph: Started task graph with 5 named threads and 35 total threads with 3 sets of task threads.
LogStats: Stats thread started at 0.842584
LogICUInternationalization: ICU TimeZone Detection - Raw Offset: -3:00, Platform Override: ''
LogInit: Display: Loading text-based GConfig....
LogPluginManager: Mounting plugin BlueprintFileUtils
LogPluginManager: Mounting plugin MeshPainting
LogPluginManager: Mounting plugin XGEController
LogPluginManager: Mounting plugin LightPropagationVolume
LogPluginManager: Mounting plugin Paper2D
LogPluginManager: Mounting plugin EnvironmentQueryEditor
LogPluginManager: Mounting plugin CameraShakePreviewer
LogPluginManager: Mounting plugin OodleData
LogPluginManager: Mounting plugin OodleNetwork
LogPluginManager: Mounting plugin GameplayCameras
LogPluginManager: Mounting plugin AISupport
LogPluginManager: Mounting plugin LiveLink
LogPluginManager: Mounting plugin Niagara
LogPluginManager: Mounting plugin AssetManagerEditor
LogPluginManager: Mounting plugin CurveEditorTools
LogPluginManager: Mounting plugin MacGraphicsSwitching
LogPluginManager: Mounting plugin CryptoKeys
LogPluginManager: Mounting plugin DataValidation
LogPluginManager: Mounting plugin GameplayTagsEditor
LogPluginManager: Mounting plugin FacialAnimation
LogPluginManager: Mounting plugin MobileLauncherProfileWizard
LogPluginManager: Mounting plugin GeometryMode
LogPluginManager: Mounting plugin PluginBrowser
LogPluginManager: Mounting plugin MaterialAnalyzer
LogPluginManager: Mounting plugin SpeedTreeImporter
LogPluginManager: Mounting plugin AnimationSharing
LogPluginManager: Mounting plugin AutoSizeComments
LogPluginManager: Mounting plugin CLionSourceCodeAccess
LogPluginManager: Mounting plugin KDevelopSourceCodeAccess
LogPluginManager: Mounting plugin CodeLiteSourceCodeAccess
LogPluginManager: Mounting plugin GitSourceControl
LogPluginManager: Mounting plugin NullSourceCodeAccess
LogPluginManager: Mounting plugin PerforceSourceControl
LogPluginManager: Mounting plugin PixWinPlugin
LogPluginManager: Mounting plugin RiderSourceCodeAccess
LogPluginManager: Mounting plugin PluginUtils
LogPluginManager: Mounting plugin PropertyAccessNode
LogPluginManager: Mounting plugin PlasticSourceControl
LogPluginManager: Mounting plugin SubversionSourceControl
LogPluginManager: Mounting plugin TextureFormatOodle
LogPluginManager: Mounting plugin UObjectPlugin
LogPluginManager: Mounting plugin XCodeSourceCodeAccess
LogPluginManager: Mounting plugin VisualStudioCodeSourceCodeAccess
LogPluginManager: Mounting plugin VisualStudioSourceCodeAccess
LogPluginManager: Mounting plugin DatasmithContent
LogPluginManager: Mounting plugin LuminPlatformFeatures
LogPluginManager: Mounting plugin VariantManagerContent
LogPluginManager: Mounting plugin MagicLeap
LogPluginManager: Mounting plugin MagicLeapMedia
LogPluginManager: Mounting plugin MagicLeapLightEstimation
LogPluginManager: Mounting plugin MLSDK
LogPluginManager: Mounting plugin MagicLeapPassableWorld
LogPluginManager: Mounting plugin ActorSequence
LogPluginManager: Mounting plugin LauncherChunkInstaller
LogPluginManager: Mounting plugin LevelSequenceEditor
LogPluginManager: Mounting plugin MatineeToLevelSequence
LogPluginManager: Mounting plugin TemplateSequence
LogPluginManager: Mounting plugin AndroidMedia
LogPluginManager: Mounting plugin AvfMedia
LogPluginManager: Mounting plugin ImgMedia
LogPluginManager: Mounting plugin MediaCompositing
LogPluginManager: Mounting plugin AlembicImporter
LogPluginManager: Mounting plugin MediaPlayerEditor
LogPluginManager: Mounting plugin AutomationUtils
LogPluginManager: Mounting plugin BackChannel
LogPluginManager: Mounting plugin WebMMedia
LogPluginManager: Mounting plugin WmfMedia
LogPluginManager: Mounting plugin ChaosCloth
LogPluginManager: Mounting plugin ChaosClothEditor
LogPluginManager: Mounting plugin ChaosEditor
LogPluginManager: Mounting plugin ChaosNiagara
LogPluginManager: Mounting plugin ChaosSolverPlugin
LogPluginManager: Mounting plugin CharacterAI
LogPluginManager: Mounting plugin GeometryCache
LogPluginManager: Mounting plugin GeometryCollectionPlugin
LogPluginManager: Mounting plugin OnlineSubsystem
LogPluginManager: Mounting plugin OnlineSubsystemNull
LogPluginManager: Mounting plugin OnlineSubsystemSteam
LogPluginManager: Mounting plugin OnlineSubsystemUtils
LogPluginManager: Mounting plugin TcpMessaging
LogPluginManager: Mounting plugin UdpMessaging
LogPluginManager: Mounting plugin GeometryProcessing
LogPluginManager: Mounting plugin MotoSynth
LogPluginManager: Mounting plugin OpenImageDenoise
LogPluginManager: Mounting plugin PlanarCut
LogPluginManager: Mounting plugin ProxyLODPlugin
LogPluginManager: Mounting plugin PlatformCrypto
LogPluginManager: Mounting plugin PythonScriptPlugin
LogPluginManager: Mounting plugin SkeletalReduction
LogPluginManager: Mounting plugin ScreenshotTools
LogPluginManager: Mounting plugin ActorLayerUtilities
LogPluginManager: Mounting plugin Takes
LogPluginManager: Mounting plugin AndroidDeviceProfileSelector
LogPluginManager: Mounting plugin AndroidMoviePlayer
LogPluginManager: Mounting plugin AndroidPermission
LogPluginManager: Mounting plugin ArchVisCharacter
LogPluginManager: Mounting plugin AssetTags
LogPluginManager: Mounting plugin AppleMoviePlayer
LogPluginManager: Mounting plugin AppleImageUtils
LogPluginManager: Mounting plugin AudioCapture
LogPluginManager: Mounting plugin AudioSynesthesia
LogPluginManager: Mounting plugin ChunkDownloader
LogPluginManager: Mounting plugin CableComponent
LogPluginManager: Mounting plugin CustomMeshComponent
LogPluginManager: Mounting plugin ExampleDeviceProfileSelector
LogPluginManager: Mounting plugin EditableMesh
LogPluginManager: Mounting plugin GoogleCloudMessaging
LogPluginManager: Mounting plugin GooglePAD
LogPluginManager: Mounting plugin IOSDeviceProfileSelector
LogPluginManager: Mounting plugin LinuxDeviceProfileSelector
LogPluginManager: Mounting plugin LocationServicesBPLibrary
LogPluginManager: Mounting plugin MobilePatchingUtils
LogPluginManager: Mounting plugin OpenXREyeTracker
LogPluginManager: Mounting plugin OpenXRHandTracking
LogPluginManager: Mounting plugin OpenXR
LogPluginManager: Mounting plugin PostSplashScreen
LogPluginManager: Mounting plugin PhysXVehicles
LogPluginManager: Mounting plugin ProceduralMeshComponent
LogPluginManager: Mounting plugin RuntimePhysXCooking
LogPluginManager: Mounting plugin SignificanceManager
LogPluginManager: Mounting plugin PropertyAccessEditor
LogPluginManager: Mounting plugin SoundFields
LogPluginManager: Mounting plugin Synthesis
LogPluginManager: Mounting plugin WebMMoviePlayer
LogPluginManager: Mounting plugin WindowsMoviePlayer
LogPluginManager: Mounting plugin ContentBrowserAssetDataSource
LogPluginManager: Mounting plugin ContentBrowserClassDataSource
LogPluginManager: Mounting plugin ContentBrowserFileDataSource
LogPluginManager: Mounting plugin OnlineSubsystemGooglePlay
LogPluginManager: Mounting plugin OnlineSubsystemIOS
LogPluginManager: Mounting plugin OculusVR
LogPluginManager: Mounting plugin SteamShared
LogPluginManager: Mounting plugin SteamVR
LogPluginManager: Mounting plugin AdvancedSteamSessions
LogPluginManager: Mounting plugin AdvancedSessions
LogPluginManager: Mounting plugin BlueprintAssist
LogPluginManager: Mounting plugin NodeGraphAssistant
LogPluginManager: Mounting plugin SmoothSyncPlugin
PixWinPlugin: PIX capture plugin failed to initialize! Check that the process is launched from PIX.
LogInit: Using libcurl 7.55.1-DEV
LogInit:  - built for x86_64-pc-win32
LogInit:  - supports SSL with OpenSSL/1.1.1
LogInit:  - supports HTTP deflate (compression) using libz 1.2.8
LogInit:  - other features:
LogInit:      CURL_VERSION_SSL
LogInit:      CURL_VERSION_LIBZ
LogInit:      CURL_VERSION_IPV6
LogInit:      CURL_VERSION_ASYNCHDNS
LogInit:      CURL_VERSION_LARGEFILE
LogInit:      CURL_VERSION_IDN
LogInit:  CurlRequestOptions (configurable via config and command line):
LogInit:  - bVerifyPeer = true  - Libcurl will verify peer certificate
LogInit:  - bUseHttpProxy = false  - Libcurl will NOT use HTTP proxy
LogInit:  - bDontReuseConnections = false  - Libcurl will reuse connections
LogInit:  - MaxHostConnections = 16  - Libcurl will limit the number of connections to a host
LogInit:  - LocalHostAddr = Default
LogInit:  - BufferSize = 65536
LogOnline: OSS: Creating online subsystem instance for: NULL
LogInit: WinSock: version 1.1 (2.2), MaxSocks=32767, MaxUdp=65467
LogOnline: OSS: TryLoadSubsystemAndSetDefault: Loaded subsystem for module [NULL]
LogOculusPluginWrapper: OculusPlugin initialized successfully
LogHMD: Failed initializing OVRPlugin 1.59.0
LogInit: Build: ++UE4+Release-4.27-CL-18319896
LogInit: Engine Version: 4.27.2-18319896+++UE4+Release-4.27
LogInit: Compatible Engine Version: 4.27.0-17155196+++UE4+Release-4.27
LogInit: Net CL: 17155196
LogInit: OS: Windows 10 (Release 2009) (), CPU: Intel(R) Core(TM) i5-10400F CPU @ 2.90GHz, GPU: AMD Radeon RX 580 2048SP
LogInit: Compiled (64-bit): Nov 30 2021 07:12:08
LogInit: Compiled with Visual C++: 19.24.28315.00
LogInit: Build Configuration: Development
LogInit: Branch Name: ++UE4+Release-4.27
LogInit: Command Line: 
LogInit: Base Directory: C:/Program Files/Epic Games/UE_4.27/Engine/Binaries/Win64/
LogInit: Allocator: TBB
LogInit: Installed Engine Build: 1
LogDevObjectVersion: Number of dev versions registered: 29
LogDevObjectVersion:   Dev-Blueprints (B0D832E4-1F89-4F0D-ACCF-7EB736FD4AA2): 10
LogDevObjectVersion:   Dev-Build (E1C64328-A22C-4D53-A36C-8E866417BD8C): 0
LogDevObjectVersion:   Dev-Core (375EC13C-06E4-48FB-B500-84F0262A717E): 4
LogDevObjectVersion:   Dev-Editor (E4B068ED-F494-42E9-A231-DA0B2E46BB41): 40
LogDevObjectVersion:   Dev-Framework (CFFC743F-43B0-4480-9391-14DF171D2073): 37
LogDevObjectVersion:   Dev-Mobile (B02B49B5-BB20-44E9-A304-32B752E40360): 3
LogDevObjectVersion:   Dev-Networking (A4E4105C-59A1-49B5-A7C5-40C4547EDFEE): 0
LogDevObjectVersion:   Dev-Online (39C831C9-5AE6-47DC-9A44-9C173E1C8E7C): 0
LogDevObjectVersion:   Dev-Physics (78F01B33-EBEA-4F98-B9B4-84EACCB95AA2): 14
LogDevObjectVersion:   Dev-Platform (6631380F-2D4D-43E0-8009-CF276956A95A): 0
LogDevObjectVersion:   Dev-Rendering (12F88B9F-8875-4AFC-A67C-D90C383ABD29): 45
LogDevObjectVersion:   Dev-Sequencer (7B5AE74C-D270-4C10-A958-57980B212A5A): 13
LogDevObjectVersion:   Dev-VR (D7296918-1DD6-4BDD-9DE2-64A83CC13884): 3
LogDevObjectVersion:   Dev-LoadTimes (C2A15278-BFE7-4AFE-6C17-90FF531DF755): 1
LogDevObjectVersion:   Private-Geometry (6EACA3D4-40EC-4CC1-B786-8BED09428FC5): 3
LogDevObjectVersion:   Dev-AnimPhys (29E575DD-E0A3-4627-9D10-D276232CDCEA): 17
LogDevObjectVersion:   Dev-Anim (AF43A65D-7FD3-4947-9873-3E8ED9C1BB05): 15
LogDevObjectVersion:   Dev-ReflectionCapture (6B266CEC-1EC7-4B8F-A30B-E4D90942FC07): 1
LogDevObjectVersion:   Dev-Automation (0DF73D61-A23F-47EA-B727-89E90C41499A): 1
LogDevObjectVersion:   FortniteMain (601D1886-AC64-4F84-AA16-D3DE0DEAC7D6): 47
LogDevObjectVersion:   FortniteRelease (E7086368-6B23-4C58-8439-1B7016265E91): 1
LogDevObjectVersion:   Dev-Enterprise (9DFFBCD6-494F-0158-E221-12823C92A888): 10
LogDevObjectVersion:   Dev-Niagara (F2AED0AC-9AFE-416F-8664-AA7FFA26D6FC): 1
LogDevObjectVersion:   Dev-Destruction (174F1F0B-B4C6-45A5-B13F-2EE8D0FB917D): 10
LogDevObjectVersion:   Dev-Physics-Ext (35F94A83-E258-406C-A318-09F59610247C): 41
LogDevObjectVersion:   Dev-PhysicsMaterial-Chaos (B68FC16E-8B1B-42E2-B453-215C058844FE): 1
LogDevObjectVersion:   Dev-CineCamera (B2E18506-4273-CFC2-A54E-F4BB758BBA07): 1
LogDevObjectVersion:   Dev-VirtualProduction (64F58936-FD1B-42BA-BA96-7289D5D0FA4E): 1
LogDevObjectVersion:   Dev-MediaFramework (6F0ED827-A609-4895-9C91-998D90180EA4): 2
LogInit: Presizing for max 25165824 objects, including 0 objects not considered by GC, pre-allocating 0 bytes for permanent pool.
LogConfig: Applying CVar settings from Section [/Script/Engine.StreamingSettings] File [C:/Users/Playeroth/Documents/EscapeTheBackrooms--Mods/MainMod/Saved/Config/Windows/Engine.ini]
LogConfig: Setting CVar [[s.MinBulkDataSizeForAsyncLoading:131072]]
LogConfig: Setting CVar [[s.AsyncLoadingThreadEnabled:0]]
LogConfig: Setting CVar [[s.EventDrivenLoaderEnabled:1]]
LogConfig: Setting CVar [[s.WarnIfTimeLimitExceeded:0]]
LogConfig: Setting CVar [[s.TimeLimitExceededMultiplier:1.5]]
LogConfig: Setting CVar [[s.TimeLimitExceededMinTime:0.005]]
LogConfig: Setting CVar [[s.UseBackgroundLevelStreaming:1]]
LogConfig: Setting CVar [[s.PriorityAsyncLoadingExtraTime:15.0]]
LogConfig: Setting CVar [[s.LevelStreamingActorsUpdateTimeLimit:5.0]]
LogConfig: Setting CVar [[s.PriorityLevelStreamingActorsUpdateExtraTime:5.0]]
LogConfig: Setting CVar [[s.LevelStreamingComponentsRegistrationGranularity:10]]
LogConfig: Setting CVar [[s.UnregisterComponentsTimeLimit:1.0]]
LogConfig: Setting CVar [[s.LevelStreamingComponentsUnregistrationGranularity:5]]
LogConfig: Setting CVar [[s.FlushStreamingOnExit:1]]
LogInit: Object subsystem initialized
LogConfig: Setting CVar [[con.DebugEarlyDefault:1]]
LogConfig: Setting CVar [[r.setres:1280x720]]
[2025.04.04-23.04.22:930][  0]LogConfig: Setting CVar [[r.VSync:0]]
[2025.04.04-23.04.22:930][  0]LogConfig: Setting CVar [[r.RHICmdBypass:0]]
[2025.04.04-23.04.22:930][  0]LogConfig: Applying CVar settings from Section [/Script/Engine.RendererSettings] File [C:/Users/Playeroth/Documents/EscapeTheBackrooms--Mods/MainMod/Saved/Config/Windows/Engine.ini]
[2025.04.04-23.04.22:930][  0]LogConfig: Setting CVar [[r.GPUCrashDebugging:0]]
[2025.04.04-23.04.22:930][  0]LogConfig: Setting CVar [[r.DefaultFeature.AutoExposure.ExtendDefaultLuminanceRange:1]]
[2025.04.04-23.04.22:930][  0]LogConfig: Applying CVar settings from Section [/Script/Engine.RendererOverrideSettings] File [C:/Users/Playeroth/Documents/EscapeTheBackrooms--Mods/MainMod/Saved/Config/Windows/Engine.ini]
[2025.04.04-23.04.22:930][  0]LogConfig: Applying CVar settings from Section [/Script/Engine.StreamingSettings] File [C:/Users/Playeroth/Documents/EscapeTheBackrooms--Mods/MainMod/Saved/Config/Windows/Engine.ini]
[2025.04.04-23.04.22:930][  0]LogConfig: Setting CVar [[s.MinBulkDataSizeForAsyncLoading:131072]]
[2025.04.04-23.04.22:930][  0]LogConfig: Setting CVar [[s.AsyncLoadingThreadEnabled:0]]
[2025.04.04-23.04.22:930][  0]LogConfig: Setting CVar [[s.EventDrivenLoaderEnabled:1]]
[2025.04.04-23.04.22:930][  0]LogConfig: Setting CVar [[s.WarnIfTimeLimitExceeded:0]]
[2025.04.04-23.04.22:930][  0]LogConfig: Setting CVar [[s.TimeLimitExceededMultiplier:1.5]]
[2025.04.04-23.04.22:930][  0]LogConfig: Setting CVar [[s.TimeLimitExceededMinTime:0.005]]
[2025.04.04-23.04.22:930][  0]LogConfig: Setting CVar [[s.UseBackgroundLevelStreaming:1]]
[2025.04.04-23.04.22:930][  0]LogConfig: Setting CVar [[s.PriorityAsyncLoadingExtraTime:15.0]]
[2025.04.04-23.04.22:930][  0]LogConfig: Setting CVar [[s.LevelStreamingActorsUpdateTimeLimit:5.0]]
[2025.04.04-23.04.22:930][  0]LogConfig: Setting CVar [[s.PriorityLevelStreamingActorsUpdateExtraTime:5.0]]
[2025.04.04-23.04.22:930][  0]LogConfig: Setting CVar [[s.LevelStreamingComponentsRegistrationGranularity:10]]
[2025.04.04-23.04.22:930][  0]LogConfig: Setting CVar [[s.UnregisterComponentsTimeLimit:1.0]]
[2025.04.04-23.04.22:930][  0]LogConfig: Setting CVar [[s.LevelStreamingComponentsUnregistrationGranularity:5]]
[2025.04.04-23.04.22:930][  0]LogConfig: Setting CVar [[s.FlushStreamingOnExit:1]]
[2025.04.04-23.04.22:930][  0]LogConfig: Applying CVar settings from Section [/Script/Engine.GarbageCollectionSettings] File [C:/Users/Playeroth/Documents/EscapeTheBackrooms--Mods/MainMod/Saved/Config/Windows/Engine.ini]
[2025.04.04-23.04.22:930][  0]LogConfig: Setting CVar [[gc.MaxObjectsNotConsideredByGC:1]]
[2025.04.04-23.04.22:930][  0]LogConfig: Setting CVar [[gc.SizeOfPermanentObjectPool:0]]
[2025.04.04-23.04.22:930][  0]LogConfig: Setting CVar [[gc.FlushStreamingOnGC:0]]
[2025.04.04-23.04.22:930][  0]LogConfig: Setting CVar [[gc.NumRetriesBeforeForcingGC:10]]
[2025.04.04-23.04.22:930][  0]LogConfig: Setting CVar [[gc.AllowParallelGC:1]]
[2025.04.04-23.04.22:930][  0]LogConfig: Setting CVar [[gc.TimeBetweenPurgingPendingKillObjects:61.1]]
[2025.04.04-23.04.22:930][  0]LogConfig: Setting CVar [[gc.MaxObjectsInEditor:25165824]]
[2025.04.04-23.04.22:930][  0]LogConfig: Setting CVar [[gc.IncrementalBeginDestroyEnabled:1]]
[2025.04.04-23.04.22:930][  0]LogConfig: Setting CVar [[gc.CreateGCClusters:1]]
[2025.04.04-23.04.22:930][  0]LogConfig: Setting CVar [[gc.MinGCClusterSize:5]]
[2025.04.04-23.04.22:930][  0]LogConfig: Setting CVar [[gc.ActorClusteringEnabled:0]]
[2025.04.04-23.04.22:930][  0]LogConfig: Setting CVar [[gc.BlueprintClusteringEnabled:0]]
[2025.04.04-23.04.22:930][  0]LogConfig: Setting CVar [[gc.UseDisregardForGCOnDedicatedServers:0]]
[2025.04.04-23.04.22:930][  0]LogConfig: Setting CVar [[gc.MultithreadedDestructionEnabled:1]]
[2025.04.04-23.04.22:930][  0]LogConfig: Applying CVar settings from Section [/Script/Engine.NetworkSettings] File [C:/Users/Playeroth/Documents/EscapeTheBackrooms--Mods/MainMod/Saved/Config/Windows/Engine.ini]
[2025.04.04-23.04.22:930][  0]LogConfig: Applying CVar settings from Section [/Script/UnrealEd.CookerSettings] File [C:/Users/Playeroth/Documents/EscapeTheBackrooms--Mods/MainMod/Saved/Config/Windows/Engine.ini]
[2025.04.04-23.04.22:943][  0]LogConfig: Applying CVar settings from Section [ViewDistanceQuality@3] File [C:/Users/Playeroth/Documents/EscapeTheBackrooms--Mods/MainMod/Saved/Config/Windows/Scalability.ini]
[2025.04.04-23.04.22:943][  0]LogConfig: Setting CVar [[r.SkeletalMeshLODBias:0]]
[2025.04.04-23.04.22:943][  0]LogConfig: Setting CVar [[r.ViewDistanceScale:1.0]]
[2025.04.04-23.04.22:943][  0]LogConfig: Applying CVar settings from Section [AntiAliasingQuality@3] File [C:/Users/Playeroth/Documents/EscapeTheBackrooms--Mods/MainMod/Saved/Config/Windows/Scalability.ini]
[2025.04.04-23.04.22:943][  0]LogConfig: Setting CVar [[r.PostProcessAAQuality:4]]
[2025.04.04-23.04.22:943][  0]LogConfig: Applying CVar settings from Section [ShadowQuality@3] File [C:/Users/Playeroth/Documents/EscapeTheBackrooms--Mods/MainMod/Saved/Config/Windows/Scalability.ini]
[2025.04.04-23.04.22:943][  0]LogConfig: Setting CVar [[r.LightFunctionQuality:1]]
[2025.04.04-23.04.22:943][  0]LogConfig: Setting CVar [[r.ShadowQuality:5]]
[2025.04.04-23.04.22:943][  0]LogConfig: Setting CVar [[r.Shadow.CSM.MaxCascades:10]]
[2025.04.04-23.04.22:943][  0]LogConfig: Setting CVar [[r.Shadow.MaxResolution:2048]]
[2025.04.04-23.04.22:943][  0]LogConfig: Setting CVar [[r.Shadow.MaxCSMResolution:2048]]
[2025.04.04-23.04.22:943][  0]LogConfig: Setting CVar [[r.Shadow.RadiusThreshold:0.01]]
[2025.04.04-23.04.22:943][  0]LogConfig: Setting CVar [[r.Shadow.DistanceScale:1.0]]
[2025.04.04-23.04.22:943][  0]LogConfig: Setting CVar [[r.Shadow.CSM.TransitionScale:1.0]]
[2025.04.04-23.04.22:943][  0]LogConfig: Setting CVar [[r.Shadow.PreShadowResolutionFactor:1.0]]
[2025.04.04-23.04.22:943][  0]LogConfig: Setting CVar [[r.DistanceFieldShadowing:1]]
[2025.04.04-23.04.22:943][  0]LogConfig: Setting CVar [[r.DistanceFieldAO:1]]
[2025.04.04-23.04.22:943][  0]LogConfig: Setting CVar [[r.AOQuality:2]]
[2025.04.04-23.04.22:943][  0]LogConfig: Setting CVar [[r.VolumetricFog:1]]
[2025.04.04-23.04.22:943][  0]LogConfig: Setting CVar [[r.VolumetricFog.GridPixelSize:8]]
[2025.04.04-23.04.22:943][  0]LogConfig: Setting CVar [[r.VolumetricFog.GridSizeZ:128]]
[2025.04.04-23.04.22:943][  0]LogConfig: Setting CVar [[r.VolumetricFog.HistoryMissSupersampleCount:4]]
[2025.04.04-23.04.22:943][  0]LogConfig: Setting CVar [[r.LightMaxDrawDistanceScale:1]]
[2025.04.04-23.04.22:943][  0]LogConfig: Setting CVar [[r.CapsuleShadows:1]]
[2025.04.04-23.04.22:943][  0]LogConfig: Applying CVar settings from Section [PostProcessQuality@3] File [C:/Users/Playeroth/Documents/EscapeTheBackrooms--Mods/MainMod/Saved/Config/Windows/Scalability.ini]
[2025.04.04-23.04.22:943][  0]LogConfig: Setting CVar [[r.MotionBlurQuality:4]]
[2025.04.04-23.04.22:943][  0]LogConfig: Setting CVar [[r.AmbientOcclusionMipLevelFactor:0.4]]
[2025.04.04-23.04.22:943][  0]LogConfig: Setting CVar [[r.AmbientOcclusionMaxQuality:100]]
[2025.04.04-23.04.22:943][  0]LogConfig: Setting CVar [[r.AmbientOcclusionLevels:-1]]
[2025.04.04-23.04.22:943][  0]LogConfig: Setting CVar [[r.AmbientOcclusionRadiusScale:1.0]]
[2025.04.04-23.04.22:943][  0]LogConfig: Setting CVar [[r.DepthOfFieldQuality:2]]
[2025.04.04-23.04.22:943][  0]LogConfig: Setting CVar [[r.RenderTargetPoolMin:400]]
[2025.04.04-23.04.22:943][  0]LogConfig: Setting CVar [[r.LensFlareQuality:2]]
[2025.04.04-23.04.22:943][  0]LogConfig: Setting CVar [[r.SceneColorFringeQuality:1]]
[2025.04.04-23.04.22:943][  0]LogConfig: Setting CVar [[r.EyeAdaptationQuality:2]]
[2025.04.04-23.04.22:943][  0]LogConfig: Setting CVar [[r.BloomQuality:5]]
[2025.04.04-23.04.22:943][  0]LogConfig: Setting CVar [[r.FastBlurThreshold:100]]
[2025.04.04-23.04.22:943][  0]LogConfig: Setting CVar [[r.Upscale.Quality:3]]
[2025.04.04-23.04.22:943][  0]LogConfig: Setting CVar [[r.Tonemapper.GrainQuantization:1]]
[2025.04.04-23.04.22:943][  0]LogConfig: Setting CVar [[r.LightShaftQuality:1]]
[2025.04.04-23.04.22:943][  0]LogConfig: Setting CVar [[r.Filter.SizeScale:1]]
[2025.04.04-23.04.22:943][  0]LogConfig: Setting CVar [[r.Tonemapper.Quality:5]]
[2025.04.04-23.04.22:943][  0]LogConfig: Setting CVar [[r.DOF.Gather.AccumulatorQuality:1        ; higher gathering accumulator quality]]
[2025.04.04-23.04.22:943][  0]LogConfig: Setting CVar [[r.DOF.Gather.PostfilterMethod:1          ; Median3x3 postfilering method]]
[2025.04.04-23.04.22:943][  0]LogConfig: Setting CVar [[r.DOF.Gather.EnableBokehSettings:0       ; no bokeh simulation when gathering]]
[2025.04.04-23.04.22:943][  0]LogConfig: Setting CVar [[r.DOF.Gather.RingCount:4                 ; medium number of samples when gathering]]
[2025.04.04-23.04.22:943][  0]LogConfig: Setting CVar [[r.DOF.Scatter.ForegroundCompositing:1    ; additive foreground scattering]]
[2025.04.04-23.04.22:943][  0]LogConfig: Setting CVar [[r.DOF.Scatter.BackgroundCompositing:2    ; additive background scattering]]
[2025.04.04-23.04.22:943][  0]LogConfig: Setting CVar [[r.DOF.Scatter.EnableBokehSettings:1      ; bokeh simulation when scattering]]
[2025.04.04-23.04.22:943][  0]LogConfig: Setting CVar [[r.DOF.Scatter.MaxSpriteRatio:0.1         ; only a maximum of 10% of scattered bokeh]]
[2025.04.04-23.04.22:943][  0]LogConfig: Setting CVar [[r.DOF.Recombine.Quality:1                ; cheap slight out of focus]]
[2025.04.04-23.04.22:943][  0]LogConfig: Setting CVar [[r.DOF.Recombine.EnableBokehSettings:0    ; no bokeh simulation on slight out of focus]]
[2025.04.04-23.04.22:943][  0]LogConfig: Setting CVar [[r.DOF.TemporalAAQuality:1                ; more stable temporal accumulation]]
[2025.04.04-23.04.22:943][  0]LogConfig: Setting CVar [[r.DOF.Kernel.MaxForegroundRadius:0.025]]
[2025.04.04-23.04.22:943][  0]LogConfig: Setting CVar [[r.DOF.Kernel.MaxBackgroundRadius:0.025]]
[2025.04.04-23.04.22:943][  0]LogConfig: Applying CVar settings from Section [TextureQuality@3] File [C:/Users/Playeroth/Documents/EscapeTheBackrooms--Mods/MainMod/Saved/Config/Windows/Scalability.ini]
[2025.04.04-23.04.22:943][  0]LogConfig: Setting CVar [[r.Streaming.MipBias:0]]
[2025.04.04-23.04.22:943][  0]LogConfig: Setting CVar [[r.Streaming.AmortizeCPUToGPUCopy:0]]
[2025.04.04-23.04.22:943][  0]LogConfig: Setting CVar [[r.Streaming.MaxNumTexturesToStreamPerFrame:0]]
[2025.04.04-23.04.22:943][  0]LogConfig: Setting CVar [[r.Streaming.Boost:1]]
[2025.04.04-23.04.22:943][  0]LogConfig: Setting CVar [[r.MaxAnisotropy:8]]
[2025.04.04-23.04.22:943][  0]LogConfig: Setting CVar [[r.VT.MaxAnisotropy:8]]
[2025.04.04-23.04.22:943][  0]LogConfig: Setting CVar [[r.Streaming.LimitPoolSizeToVRAM:0]]
[2025.04.04-23.04.22:943][  0]LogConfig: Setting CVar [[r.Streaming.PoolSize:1000]]
[2025.04.04-23.04.22:943][  0]LogConfig: Setting CVar [[r.Streaming.MaxEffectiveScreenSize:0]]
[2025.04.04-23.04.22:943][  0]LogConfig: Applying CVar settings from Section [EffectsQuality@3] File [C:/Users/Playeroth/Documents/EscapeTheBackrooms--Mods/MainMod/Saved/Config/Windows/Scalability.ini]
[2025.04.04-23.04.22:943][  0]LogConfig: Setting CVar [[r.TranslucencyLightingVolumeDim:64]]
[2025.04.04-23.04.22:943][  0]LogConfig: Setting CVar [[r.RefractionQuality:2]]
[2025.04.04-23.04.22:943][  0]LogConfig: Setting CVar [[r.SSR.Quality:3]]
[2025.04.04-23.04.22:943][  0]LogConfig: Setting CVar [[r.SSR.HalfResSceneColor:0]]
[2025.04.04-23.04.22:943][  0]LogConfig: Setting CVar [[r.SceneColorFormat:4]]
[2025.04.04-23.04.22:943][  0]LogConfig: Setting CVar [[r.DetailMode:2]]
[2025.04.04-23.04.22:943][  0]LogConfig: Setting CVar [[r.TranslucencyVolumeBlur:1]]
[2025.04.04-23.04.22:943][  0]LogConfig: Setting CVar [[r.MaterialQualityLevel:1 ; High quality]]
[2025.04.04-23.04.22:943][  0]LogConfig: Setting CVar [[r.AnisotropicMaterials:1]]
[2025.04.04-23.04.22:943][  0]LogConfig: Setting CVar [[r.SSS.Scale:1]]
[2025.04.04-23.04.22:943][  0]LogConfig: Setting CVar [[r.SSS.SampleSet:2]]
[2025.04.04-23.04.22:943][  0]LogConfig: Setting CVar [[r.SSS.Quality:1]]
[2025.04.04-23.04.22:943][  0]LogConfig: Setting CVar [[r.SSS.HalfRes:0]]
[2025.04.04-23.04.22:943][  0]LogConfig: Setting CVar [[r.SSGI.Quality:3]]
[2025.04.04-23.04.22:943][  0]LogConfig: Setting CVar [[r.EmitterSpawnRateScale:1.0]]
[2025.04.04-23.04.22:943][  0]LogConfig: Setting CVar [[r.ParticleLightQuality:2]]
[2025.04.04-23.04.22:943][  0]LogConfig: Setting CVar [[r.SkyAtmosphere.AerialPerspectiveLUT.FastApplyOnOpaque:1 ; Always have FastSkyLUT 1 in this case to avoid wrong sky]]
[2025.04.04-23.04.22:943][  0]LogConfig: Setting CVar [[r.SkyAtmosphere.AerialPerspectiveLUT.SampleCountMaxPerSlice:4]]
[2025.04.04-23.04.22:943][  0]LogConfig: Setting CVar [[r.SkyAtmosphere.AerialPerspectiveLUT.DepthResolution:16.0]]
[2025.04.04-23.04.22:943][  0]LogConfig: Setting CVar [[r.SkyAtmosphere.FastSkyLUT:1]]
[2025.04.04-23.04.22:943][  0]LogConfig: Setting CVar [[r.SkyAtmosphere.FastSkyLUT.SampleCountMin:4.0]]
[2025.04.04-23.04.22:943][  0]LogConfig: Setting CVar [[r.SkyAtmosphere.FastSkyLUT.SampleCountMax:128.0]]
[2025.04.04-23.04.22:943][  0]LogConfig: Setting CVar [[r.SkyAtmosphere.SampleCountMin:4.0]]
[2025.04.04-23.04.22:943][  0]LogConfig: Setting CVar [[r.SkyAtmosphere.SampleCountMax:128.0]]
[2025.04.04-23.04.22:943][  0]LogConfig: Setting CVar [[r.SkyAtmosphere.TransmittanceLUT.UseSmallFormat:0]]
[2025.04.04-23.04.22:943][  0]LogConfig: Setting CVar [[r.SkyAtmosphere.TransmittanceLUT.SampleCount:10.0]]
[2025.04.04-23.04.22:943][  0]LogConfig: Setting CVar [[r.SkyAtmosphere.MultiScatteringLUT.SampleCount:15.0]]
[2025.04.04-23.04.22:943][  0]LogConfig: Setting CVar [[r.SkyLight.RealTimeReflectionCapture:1]]
[2025.04.04-23.04.22:944][  0]LogConfig: Applying CVar settings from Section [FoliageQuality@3] File [C:/Users/Playeroth/Documents/EscapeTheBackrooms--Mods/MainMod/Saved/Config/Windows/Scalability.ini]
[2025.04.04-23.04.22:944][  0]LogConfig: Setting CVar [[foliage.DensityScale:1.0]]
[2025.04.04-23.04.22:944][  0]LogConfig: Setting CVar [[grass.DensityScale:1.0]]
[2025.04.04-23.04.22:944][  0]LogConfig: Applying CVar settings from Section [ShadingQuality@3] File [C:/Users/Playeroth/Documents/EscapeTheBackrooms--Mods/MainMod/Saved/Config/Windows/Scalability.ini]
[2025.04.04-23.04.22:944][  0]LogConfig: Setting CVar [[r.HairStrands.SkyLighting.IntegrationType:2]]
[2025.04.04-23.04.22:944][  0]LogConfig: Setting CVar [[r.HairStrands.SkyAO.SampleCount:4]]
[2025.04.04-23.04.22:944][  0]LogConfig: Setting CVar [[r.HairStrands.Visibility.MSAA.SamplePerPixel:4]]
[2025.04.04-23.04.22:944][  0]LogInit: Selected Device Profile: [Windows]
[2025.04.04-23.04.22:944][  0]LogInit: Applying CVar settings loaded from the selected device profile: [Windows]
[2025.04.04-23.04.22:945][  0]LogHAL: Display: Platform has ~ 16 GB [17045495808 / 17179869184 / 16], which maps to Larger [LargestMinGB=32, LargerMinGB=12, DefaultMinGB=8, SmallerMinGB=6, SmallestMinGB=0)
[2025.04.04-23.04.22:945][  0]LogInit: Going up to parent DeviceProfile []
[2025.04.04-23.04.22:945][  0]LogConfig: Applying CVar settings from Section [ViewDistanceQuality@3] File [C:/Users/Playeroth/Documents/EscapeTheBackrooms--Mods/MainMod/Saved/Config/Windows/Scalability.ini]
[2025.04.04-23.04.22:945][  0]LogConfig: Setting CVar [[r.SkeletalMeshLODBias:0]]
[2025.04.04-23.04.22:945][  0]LogConfig: Setting CVar [[r.ViewDistanceScale:1.0]]
[2025.04.04-23.04.22:945][  0]LogConfig: Applying CVar settings from Section [AntiAliasingQuality@3] File [C:/Users/Playeroth/Documents/EscapeTheBackrooms--Mods/MainMod/Saved/Config/Windows/Scalability.ini]
[2025.04.04-23.04.22:945][  0]LogConfig: Setting CVar [[r.PostProcessAAQuality:4]]
[2025.04.04-23.04.22:945][  0]LogConfig: Applying CVar settings from Section [ShadowQuality@3] File [C:/Users/Playeroth/Documents/EscapeTheBackrooms--Mods/MainMod/Saved/Config/Windows/Scalability.ini]
[2025.04.04-23.04.22:945][  0]LogConfig: Setting CVar [[r.LightFunctionQuality:1]]
[2025.04.04-23.04.22:945][  0]LogConfig: Setting CVar [[r.ShadowQuality:5]]
[2025.04.04-23.04.22:945][  0]LogConfig: Setting CVar [[r.Shadow.CSM.MaxCascades:10]]
[2025.04.04-23.04.22:945][  0]LogConfig: Setting CVar [[r.Shadow.MaxResolution:2048]]
[2025.04.04-23.04.22:945][  0]LogConfig: Setting CVar [[r.Shadow.MaxCSMResolution:2048]]
[2025.04.04-23.04.22:945][  0]LogConfig: Setting CVar [[r.Shadow.RadiusThreshold:0.01]]
[2025.04.04-23.04.22:945][  0]LogConfig: Setting CVar [[r.Shadow.DistanceScale:1.0]]
[2025.04.04-23.04.22:945][  0]LogConfig: Setting CVar [[r.Shadow.CSM.TransitionScale:1.0]]
[2025.04.04-23.04.22:945][  0]LogConfig: Setting CVar [[r.Shadow.PreShadowResolutionFactor:1.0]]
[2025.04.04-23.04.22:945][  0]LogConfig: Setting CVar [[r.DistanceFieldShadowing:1]]
[2025.04.04-23.04.22:945][  0]LogConfig: Setting CVar [[r.DistanceFieldAO:1]]
[2025.04.04-23.04.22:945][  0]LogConfig: Setting CVar [[r.AOQuality:2]]
[2025.04.04-23.04.22:945][  0]LogConfig: Setting CVar [[r.VolumetricFog:1]]
[2025.04.04-23.04.22:945][  0]LogConfig: Setting CVar [[r.VolumetricFog.GridPixelSize:8]]
[2025.04.04-23.04.22:945][  0]LogConfig: Setting CVar [[r.VolumetricFog.GridSizeZ:128]]
[2025.04.04-23.04.22:945][  0]LogConfig: Setting CVar [[r.VolumetricFog.HistoryMissSupersampleCount:4]]
[2025.04.04-23.04.22:945][  0]LogConfig: Setting CVar [[r.LightMaxDrawDistanceScale:1]]
[2025.04.04-23.04.22:945][  0]LogConfig: Setting CVar [[r.CapsuleShadows:1]]
[2025.04.04-23.04.22:945][  0]LogConfig: Applying CVar settings from Section [PostProcessQuality@3] File [C:/Users/Playeroth/Documents/EscapeTheBackrooms--Mods/MainMod/Saved/Config/Windows/Scalability.ini]
[2025.04.04-23.04.22:945][  0]LogConfig: Setting CVar [[r.MotionBlurQuality:4]]
[2025.04.04-23.04.22:945][  0]LogConfig: Setting CVar [[r.AmbientOcclusionMipLevelFactor:0.4]]
[2025.04.04-23.04.22:945][  0]LogConfig: Setting CVar [[r.AmbientOcclusionMaxQuality:100]]
[2025.04.04-23.04.22:945][  0]LogConfig: Setting CVar [[r.AmbientOcclusionLevels:-1]]
[2025.04.04-23.04.22:945][  0]LogConfig: Setting CVar [[r.AmbientOcclusionRadiusScale:1.0]]
[2025.04.04-23.04.22:945][  0]LogConfig: Setting CVar [[r.DepthOfFieldQuality:2]]
[2025.04.04-23.04.22:945][  0]LogConfig: Setting CVar [[r.RenderTargetPoolMin:400]]
[2025.04.04-23.04.22:945][  0]LogConfig: Setting CVar [[r.LensFlareQuality:2]]
[2025.04.04-23.04.22:945][  0]LogConfig: Setting CVar [[r.SceneColorFringeQuality:1]]
[2025.04.04-23.04.22:945][  0]LogConfig: Setting CVar [[r.EyeAdaptationQuality:2]]
[2025.04.04-23.04.22:945][  0]LogConfig: Setting CVar [[r.BloomQuality:5]]
[2025.04.04-23.04.22:945][  0]LogConfig: Setting CVar [[r.FastBlurThreshold:100]]
[2025.04.04-23.04.22:945][  0]LogConfig: Setting CVar [[r.Upscale.Quality:3]]
[2025.04.04-23.04.22:945][  0]LogConfig: Setting CVar [[r.Tonemapper.GrainQuantization:1]]
[2025.04.04-23.04.22:945][  0]LogConfig: Setting CVar [[r.LightShaftQuality:1]]
[2025.04.04-23.04.22:945][  0]LogConfig: Setting CVar [[r.Filter.SizeScale:1]]
[2025.04.04-23.04.22:945][  0]LogConfig: Setting CVar [[r.Tonemapper.Quality:5]]
[2025.04.04-23.04.22:945][  0]LogConfig: Setting CVar [[r.DOF.Gather.AccumulatorQuality:1        ; higher gathering accumulator quality]]
[2025.04.04-23.04.22:945][  0]LogConfig: Setting CVar [[r.DOF.Gather.PostfilterMethod:1          ; Median3x3 postfilering method]]
[2025.04.04-23.04.22:946][  0]LogConfig: Setting CVar [[r.DOF.Gather.EnableBokehSettings:0       ; no bokeh simulation when gathering]]
[2025.04.04-23.04.22:946][  0]LogConfig: Setting CVar [[r.DOF.Gather.RingCount:4                 ; medium number of samples when gathering]]
[2025.04.04-23.04.22:946][  0]LogConfig: Setting CVar [[r.DOF.Scatter.ForegroundCompositing:1    ; additive foreground scattering]]
[2025.04.04-23.04.22:946][  0]LogConfig: Setting CVar [[r.DOF.Scatter.BackgroundCompositing:2    ; additive background scattering]]
[2025.04.04-23.04.22:946][  0]LogConfig: Setting CVar [[r.DOF.Scatter.EnableBokehSettings:1      ; bokeh simulation when scattering]]
[2025.04.04-23.04.22:946][  0]LogConfig: Setting CVar [[r.DOF.Scatter.MaxSpriteRatio:0.1         ; only a maximum of 10% of scattered bokeh]]
[2025.04.04-23.04.22:946][  0]LogConfig: Setting CVar [[r.DOF.Recombine.Quality:1                ; cheap slight out of focus]]
[2025.04.04-23.04.22:946][  0]LogConfig: Setting CVar [[r.DOF.Recombine.EnableBokehSettings:0    ; no bokeh simulation on slight out of focus]]
[2025.04.04-23.04.22:946][  0]LogConfig: Setting CVar [[r.DOF.TemporalAAQuality:1                ; more stable temporal accumulation]]
[2025.04.04-23.04.22:946][  0]LogConfig: Setting CVar [[r.DOF.Kernel.MaxForegroundRadius:0.025]]
[2025.04.04-23.04.22:946][  0]LogConfig: Setting CVar [[r.DOF.Kernel.MaxBackgroundRadius:0.025]]
[2025.04.04-23.04.22:946][  0]LogConfig: Applying CVar settings from Section [TextureQuality@3] File [C:/Users/Playeroth/Documents/EscapeTheBackrooms--Mods/MainMod/Saved/Config/Windows/Scalability.ini]
[2025.04.04-23.04.22:946][  0]LogConfig: Setting CVar [[r.Streaming.MipBias:0]]
[2025.04.04-23.04.22:946][  0]LogConfig: Setting CVar [[r.Streaming.AmortizeCPUToGPUCopy:0]]
[2025.04.04-23.04.22:946][  0]LogConfig: Setting CVar [[r.Streaming.MaxNumTexturesToStreamPerFrame:0]]
[2025.04.04-23.04.22:946][  0]LogConfig: Setting CVar [[r.Streaming.Boost:1]]
[2025.04.04-23.04.22:946][  0]LogConfig: Setting CVar [[r.MaxAnisotropy:8]]
[2025.04.04-23.04.22:946][  0]LogConfig: Setting CVar [[r.VT.MaxAnisotropy:8]]
[2025.04.04-23.04.22:946][  0]LogConfig: Setting CVar [[r.Streaming.LimitPoolSizeToVRAM:0]]
[2025.04.04-23.04.22:946][  0]LogConfig: Setting CVar [[r.Streaming.PoolSize:1000]]
[2025.04.04-23.04.22:946][  0]LogConfig: Setting CVar [[r.Streaming.MaxEffectiveScreenSize:0]]
[2025.04.04-23.04.22:946][  0]LogConfig: Applying CVar settings from Section [EffectsQuality@3] File [C:/Users/Playeroth/Documents/EscapeTheBackrooms--Mods/MainMod/Saved/Config/Windows/Scalability.ini]
[2025.04.04-23.04.22:946][  0]LogConfig: Setting CVar [[r.TranslucencyLightingVolumeDim:64]]
[2025.04.04-23.04.22:946][  0]LogConfig: Setting CVar [[r.RefractionQuality:2]]
[2025.04.04-23.04.22:946][  0]LogConfig: Setting CVar [[r.SSR.Quality:3]]
[2025.04.04-23.04.22:946][  0]LogConfig: Setting CVar [[r.SSR.HalfResSceneColor:0]]
[2025.04.04-23.04.22:946][  0]LogConfig: Setting CVar [[r.SceneColorFormat:4]]
[2025.04.04-23.04.22:946][  0]LogConfig: Setting CVar [[r.DetailMode:2]]
[2025.04.04-23.04.22:946][  0]LogConfig: Setting CVar [[r.TranslucencyVolumeBlur:1]]
[2025.04.04-23.04.22:946][  0]LogConfig: Setting CVar [[r.MaterialQualityLevel:1 ; High quality]]
[2025.04.04-23.04.22:946][  0]LogConfig: Setting CVar [[r.AnisotropicMaterials:1]]
[2025.04.04-23.04.22:946][  0]LogConfig: Setting CVar [[r.SSS.Scale:1]]
[2025.04.04-23.04.22:946][  0]LogConfig: Setting CVar [[r.SSS.SampleSet:2]]
[2025.04.04-23.04.22:946][  0]LogConfig: Setting CVar [[r.SSS.Quality:1]]
[2025.04.04-23.04.22:946][  0]LogConfig: Setting CVar [[r.SSS.HalfRes:0]]
[2025.04.04-23.04.22:946][  0]LogConfig: Setting CVar [[r.SSGI.Quality:3]]
[2025.04.04-23.04.22:946][  0]LogConfig: Setting CVar [[r.EmitterSpawnRateScale:1.0]]
[2025.04.04-23.04.22:946][  0]LogConfig: Setting CVar [[r.ParticleLightQuality:2]]
[2025.04.04-23.04.22:946][  0]LogConfig: Setting CVar [[r.SkyAtmosphere.AerialPerspectiveLUT.FastApplyOnOpaque:1 ; Always have FastSkyLUT 1 in this case to avoid wrong sky]]
[2025.04.04-23.04.22:946][  0]LogConfig: Setting CVar [[r.SkyAtmosphere.AerialPerspectiveLUT.SampleCountMaxPerSlice:4]]
[2025.04.04-23.04.22:946][  0]LogConfig: Setting CVar [[r.SkyAtmosphere.AerialPerspectiveLUT.DepthResolution:16.0]]
[2025.04.04-23.04.22:946][  0]LogConfig: Setting CVar [[r.SkyAtmosphere.FastSkyLUT:1]]
[2025.04.04-23.04.22:946][  0]LogConfig: Setting CVar [[r.SkyAtmosphere.FastSkyLUT.SampleCountMin:4.0]]
[2025.04.04-23.04.22:946][  0]LogConfig: Setting CVar [[r.SkyAtmosphere.FastSkyLUT.SampleCountMax:128.0]]
[2025.04.04-23.04.22:946][  0]LogConfig: Setting CVar [[r.SkyAtmosphere.SampleCountMin:4.0]]
[2025.04.04-23.04.22:946][  0]LogConfig: Setting CVar [[r.SkyAtmosphere.SampleCountMax:128.0]]
[2025.04.04-23.04.22:946][  0]LogConfig: Setting CVar [[r.SkyAtmosphere.TransmittanceLUT.UseSmallFormat:0]]
[2025.04.04-23.04.22:946][  0]LogConfig: Setting CVar [[r.SkyAtmosphere.TransmittanceLUT.SampleCount:10.0]]
[2025.04.04-23.04.22:946][  0]LogConfig: Setting CVar [[r.SkyAtmosphere.MultiScatteringLUT.SampleCount:15.0]]
[2025.04.04-23.04.22:946][  0]LogConfig: Setting CVar [[r.SkyLight.RealTimeReflectionCapture:1]]
[2025.04.04-23.04.22:946][  0]LogConfig: Applying CVar settings from Section [FoliageQuality@3] File [C:/Users/Playeroth/Documents/EscapeTheBackrooms--Mods/MainMod/Saved/Config/Windows/Scalability.ini]
[2025.04.04-23.04.22:946][  0]LogConfig: Setting CVar [[foliage.DensityScale:1.0]]
[2025.04.04-23.04.22:946][  0]LogConfig: Setting CVar [[grass.DensityScale:1.0]]
[2025.04.04-23.04.22:946][  0]LogConfig: Applying CVar settings from Section [ShadingQuality@3] File [C:/Users/Playeroth/Documents/EscapeTheBackrooms--Mods/MainMod/Saved/Config/Windows/Scalability.ini]
[2025.04.04-23.04.22:946][  0]LogConfig: Setting CVar [[r.HairStrands.SkyLighting.IntegrationType:2]]
[2025.04.04-23.04.22:946][  0]LogConfig: Setting CVar [[r.HairStrands.SkyAO.SampleCount:4]]
[2025.04.04-23.04.22:946][  0]LogConfig: Setting CVar [[r.HairStrands.Visibility.MSAA.SamplePerPixel:4]]
[2025.04.04-23.04.22:946][  0]LogConfig: Applying CVar settings from Section [Startup] File [../../../Engine/Config/ConsoleVariables.ini]
[2025.04.04-23.04.22:953][  0]LogConfig: Setting CVar [[net.UseAdaptiveNetUpdateFrequency:0]]
[2025.04.04-23.04.22:953][  0]LogConfig: Setting CVar [[p.chaos.AllowCreatePhysxBodies:1]]
[2025.04.04-23.04.22:953][  0]LogConfig: Setting CVar [[fx.SkipVectorVMBackendOptimizations:1]]
[2025.04.04-23.04.22:953][  0]LogConfig: Applying CVar settings from Section [ConsoleVariables] File [C:/Users/Playeroth/Documents/EscapeTheBackrooms--Mods/MainMod/Saved/Config/Windows/Engine.ini]
[2025.04.04-23.04.22:953][  0]LogConfig: Applying CVar settings from Section [ConsoleVariables] File [C:/Users/Playeroth/Documents/EscapeTheBackrooms--Mods/MainMod/Saved/Config/Windows/Editor.ini]
[2025.04.04-23.04.22:954][  0]LogInit: Computer: DESKTOP-PLAYER
[2025.04.04-23.04.22:954][  0]LogInit: User: Playeroth
[2025.04.04-23.04.22:954][  0]LogInit: CPU Page size=4096, Cores=6
[2025.04.04-23.04.22:954][  0]LogInit: High frequency timer resolution =10.000000 MHz
[2025.04.04-23.04.22:954][  0]LogMemory: Memory total: Physical=15.9GB (16GB approx)
[2025.04.04-23.04.22:954][  0]LogMemory: Platform Memory Stats for Windows
[2025.04.04-23.04.22:954][  0]LogMemory: Process Physical Memory: 151.26 MB used, 151.27 MB peak
[2025.04.04-23.04.22:954][  0]LogMemory: Process Virtual Memory: 131.84 MB used, 131.84 MB peak
[2025.04.04-23.04.22:954][  0]LogMemory: Physical Memory: 10458.63 MB used,  5797.22 MB free, 16255.85 MB total
[2025.04.04-23.04.22:954][  0]LogMemory: Virtual Memory: 134206984.00 MB used,  10742.05 MB free, 134217728.00 MB total
[2025.04.04-23.04.22:960][  0]LogWindows: WindowsPlatformFeatures enabled
[2025.04.04-23.04.23:354][  0]LogInit: Physics initialised using underlying interface: PhysX
[2025.04.04-23.04.23:357][  0]LogInit: Overriding language with editor language configuration option (en).
[2025.04.04-23.04.23:357][  0]LogInit: Overriding language with editor locale configuration option (en).
[2025.04.04-23.04.23:732][  0]LogInit: Setting process to per monitor DPI aware
[2025.04.04-23.04.23:764][  0]LogWindowsTextInputMethodSystem: Display: IME system deactivated.
[2025.04.04-23.04.23:819][  0]LogSlate: New Slate User Created.  User Index 0, Is Virtual User: 0
[2025.04.04-23.04.23:819][  0]LogSlate: Slate User Registered.  User Index 0, Is Virtual User: 0
[2025.04.04-23.04.26:627][  0]LogD3D11RHI: Loaded GFSDK_Aftermath_Lib.x64.dll
[2025.04.04-23.04.26:631][  0]LogHMD: Failed to initialize OpenVR with code 110
[2025.04.04-23.04.26:631][  0]LogD3D11RHI: D3D11 min allowed feature level: 11_0
[2025.04.04-23.04.26:631][  0]LogD3D11RHI: D3D11 max allowed feature level: 11_0
[2025.04.04-23.04.26:631][  0]LogD3D11RHI: D3D11 adapters:
[2025.04.04-23.04.26:701][  0]LogD3D11RHI:    0. 'AMD Radeon RX 580 2048SP' (Feature Level 11_0)
[2025.04.04-23.04.26:701][  0]LogD3D11RHI:       8170/0/8127 MB DedicatedVideo/DedicatedSystem/SharedSystem, Outputs:1, VendorId:0x1002
[2025.04.04-23.04.26:704][  0]LogD3D11RHI:    1. 'Microsoft Basic Render Driver' (Feature Level 11_0)
[2025.04.04-23.04.26:704][  0]LogD3D11RHI:       0/0/8127 MB DedicatedVideo/DedicatedSystem/SharedSystem, Outputs:0, VendorId:0x1414
[2025.04.04-23.04.26:704][  0]LogD3D11RHI: Chosen D3D11 Adapter:
[2025.04.04-23.04.26:704][  0]LogD3D11RHI:     Description : AMD Radeon RX 580 2048SP
[2025.04.04-23.04.26:704][  0]LogD3D11RHI:     VendorId    : 1002
[2025.04.04-23.04.26:704][  0]LogD3D11RHI:     DeviceId    : 6fdf
[2025.04.04-23.04.26:704][  0]LogD3D11RHI:     SubSysId    : b311002
[2025.04.04-23.04.26:704][  0]LogD3D11RHI:     Revision    : 00ef
[2025.04.04-23.04.26:705][  0]LogD3D11RHI:     DedicatedVideoMemory : 8567906304 bytes
[2025.04.04-23.04.26:705][  0]LogD3D11RHI:     DedicatedSystemMemory : 0 bytes
[2025.04.04-23.04.26:705][  0]LogD3D11RHI:     SharedSystemMemory : 8522747904 bytes
[2025.04.04-23.04.26:705][  0]LogD3D11RHI:     AdapterLuid : 0 62926
[2025.04.04-23.04.26:710][  0]LogD3D11RHI: Creating new Direct3DDevice
[2025.04.04-23.04.26:710][  0]LogD3D11RHI:     GPU DeviceId: 0x6fdf (for the marketing name, search the web for "GPU Device Id")
[2025.04.04-23.04.26:710][  0]LogWindows: EnumDisplayDevices:
[2025.04.04-23.04.26:710][  0]LogWindows:    0. 'AMD Radeon RX 580 2048SP' (P:1 D:1)
[2025.04.04-23.04.26:710][  0]LogWindows:    1. 'AMD Radeon RX 580 2048SP' (P:0 D:0)
[2025.04.04-23.04.26:711][  0]LogWindows:    2. 'AMD Radeon RX 580 2048SP' (P:0 D:0)
[2025.04.04-23.04.26:711][  0]LogWindows:    3. 'AMD Radeon RX 580 2048SP' (P:0 D:0)
[2025.04.04-23.04.26:711][  0]LogWindows:    4. 'AMD Radeon RX 580 2048SP' (P:0 D:0)
[2025.04.04-23.04.26:711][  0]LogWindows:    5. 'AMD Radeon RX 580 2048SP' (P:0 D:0)
[2025.04.04-23.04.26:712][  0]LogWindows:    6. 'AMD Radeon RX 580 2048SP' (P:0 D:0)
[2025.04.04-23.04.26:712][  0]LogWindows: DebugString: FoundDriverCount:7 
[2025.04.04-23.04.26:712][  0]LogD3D11RHI:     Adapter Name: AMD Radeon RX 580 2048SP
[2025.04.04-23.04.26:712][  0]LogD3D11RHI:   Driver Version: AMD Software: Adrenalin Edition 24.9.1 (internal:31.0.21921.1000, unified:31.0.21921.1000)
[2025.04.04-23.04.26:712][  0]LogD3D11RHI:      Driver Date: 8-19-2024
[2025.04.04-23.04.26:712][  0]LogRHI: Texture pool is 5182 MB (70% of 7402 MB)
[2025.04.04-23.04.26:741][  0]LogD3D11RHI: Creating D3DDevice with AMD AGS, using adapter:
[2025.04.04-23.04.26:741][  0]LogD3D11RHI:     Description : AMD Radeon RX 580 2048SP
[2025.04.04-23.04.26:741][  0]LogD3D11RHI:     VendorId    : 1002
[2025.04.04-23.04.26:741][  0]LogD3D11RHI:     DeviceId    : 6fdf
[2025.04.04-23.04.26:741][  0]LogD3D11RHI:     SubSysId    : b311002
[2025.04.04-23.04.26:741][  0]LogD3D11RHI:     Revision    : 00ef
[2025.04.04-23.04.26:741][  0]LogD3D11RHI:     DedicatedVideoMemory : 8567906304 bytes
[2025.04.04-23.04.26:741][  0]LogD3D11RHI:     DedicatedSystemMemory : 0 bytes
[2025.04.04-23.04.26:741][  0]LogD3D11RHI:     SharedSystemMemory : 8522747904 bytes
[2025.04.04-23.04.26:741][  0]LogD3D11RHI:     AdapterLuid : 0 62926
[2025.04.04-23.04.26:788][  0]LogD3D11RHI: Created device via AGS, feature level 11_0, supported extensions 1fffffbf.
[2025.04.04-23.04.26:788][  0]LogD3D11RHI: RHI has support for 64 bit atomics
[2025.04.04-23.04.26:788][  0]LogD3D11RHI: Async texture creation enabled
[2025.04.04-23.04.26:788][  0]LogD3D11RHI: Array index from any shader is supported
[2025.04.04-23.04.26:788][  0]LogD3D11RHI: HDR output is supported on display 0 (AMD Device: 0x0, Display: 0x0).
[2025.04.04-23.04.26:813][  0]LogD3D11RHI: GPU Timing Frequency: 25.000000 (Debug: 2 1)
[2025.04.04-23.04.27:226][  0]LogTargetPlatformManager: Display: Loaded TargetPlatform 'AllDesktop'
[2025.04.04-23.04.27:247][  0]LogTargetPlatformManager: Display: Loaded TargetPlatform 'Android'
[2025.04.04-23.04.27:247][  0]LogTargetPlatformManager: Display: Loaded TargetPlatform 'Android_ASTC'
[2025.04.04-23.04.27:247][  0]LogTargetPlatformManager: Display: Loaded TargetPlatform 'Android_DXT'
[2025.04.04-23.04.27:247][  0]LogTargetPlatformManager: Display: Loaded TargetPlatform 'Android_ETC2'
[2025.04.04-23.04.27:247][  0]LogTargetPlatformManager: Display: Loaded TargetPlatform 'AndroidClient'
[2025.04.04-23.04.27:247][  0]LogTargetPlatformManager: Display: Loaded TargetPlatform 'Android_ASTCClient'
[2025.04.04-23.04.27:247][  0]LogTargetPlatformManager: Display: Loaded TargetPlatform 'Android_DXTClient'
[2025.04.04-23.04.27:247][  0]LogTargetPlatformManager: Display: Loaded TargetPlatform 'Android_ETC2Client'
[2025.04.04-23.04.27:247][  0]LogTargetPlatformManager: Display: Loaded TargetPlatform 'Android_Multi'
[2025.04.04-23.04.27:247][  0]LogTargetPlatformManager: Display: Loaded TargetPlatform 'Android_MultiClient'
[2025.04.04-23.04.27:272][  0]LogTargetPlatformManager: Display: Loaded TargetPlatform 'IOSClient'
[2025.04.04-23.04.27:272][  0]LogTargetPlatformManager: Display: Loaded TargetPlatform 'IOS'
[2025.04.04-23.04.27:300][  0]LogTargetPlatformManager: Display: Loaded TargetPlatform 'Linux'
[2025.04.04-23.04.27:305][  0]LogTargetPlatformManager: Display: Loaded TargetPlatform 'LinuxNoEditor'
[2025.04.04-23.04.27:309][  0]LogTargetPlatformManager: Display: Loaded TargetPlatform 'LinuxClient'
[2025.04.04-23.04.27:315][  0]LogTargetPlatformManager: Display: Loaded TargetPlatform 'LinuxServer'
[2025.04.04-23.04.27:344][  0]LogTargetPlatformManager: Display: Loaded TargetPlatform 'LinuxAArch64NoEditor'
[2025.04.04-23.04.27:350][  0]LogTargetPlatformManager: Display: Loaded TargetPlatform 'LinuxAArch64Client'
[2025.04.04-23.04.27:356][  0]LogTargetPlatformManager: Display: Loaded TargetPlatform 'LinuxAArch64Server'
[2025.04.04-23.04.27:386][  0]LogTargetPlatformManager: Display: Loaded TargetPlatform 'Lumin'
[2025.04.04-23.04.27:386][  0]LogTargetPlatformManager: Display: Loaded TargetPlatform 'LuminClient'
[2025.04.04-23.04.27:412][  0]LogTargetPlatformManager: Display: Loaded TargetPlatform 'MacNoEditor'
[2025.04.04-23.04.27:418][  0]LogTargetPlatformManager: Display: Loaded TargetPlatform 'Mac'
[2025.04.04-23.04.27:423][  0]LogTargetPlatformManager: Display: Loaded TargetPlatform 'MacClient'
[2025.04.04-23.04.27:467][  0]LogTargetPlatformManager: Display: Loaded TargetPlatform 'MacServer'
[2025.04.04-23.04.27:476][  0]LogTargetPlatformManager: Display: Loaded TargetPlatform 'TVOSClient'
[2025.04.04-23.04.27:476][  0]LogTargetPlatformManager: Display: Loaded TargetPlatform 'TVOS'
[2025.04.04-23.04.27:486][  0]LogTargetPlatformManager: Display: Loaded TargetPlatform 'WindowsNoEditor'
[2025.04.04-23.04.27:491][  0]LogTargetPlatformManager: Display: Loaded TargetPlatform 'Windows'
[2025.04.04-23.04.27:497][  0]LogTargetPlatformManager: Display: Loaded TargetPlatform 'WindowsClient'
[2025.04.04-23.04.27:502][  0]LogTargetPlatformManager: Display: Loaded TargetPlatform 'WindowsServer'
[2025.04.04-23.04.27:502][  0]LogTargetPlatformManager: Display: Building Assets For Windows
[2025.04.04-23.04.27:582][  0]LogAudioDebug: Display: Lib vorbis DLL was dynamically loaded.
[2025.04.04-23.04.27:710][  0]LogTextureFormatOodle: Display: Oodle Texture 2.9.0 init RDO Off
[2025.04.04-23.04.27:855][  0]LogRendererCore: Ray tracing is disabled. Reason: r.RayTracing=0.
[2025.04.04-23.04.27:856][  0]LogShaderCompilers: Guid format shader working directory is -26 characters bigger than the processId version (../../../../../../Users/Playeroth/Documents/EscapeTheBackrooms--Mods/MainMod/Intermediate/Shaders/WorkingDirectory/8480/).
[2025.04.04-23.04.27:856][  0]LogShaderCompilers: Cleaned the shader compiler working directory 'C:/Users/Playeroth/AppData/Local/Temp/UnrealShaderWorkingDir/2F0889F945E3E684E901B4AC8B018202/'.
[2025.04.04-23.04.27:857][  0]LogXGEController: Cannot use XGE Controller as Incredibuild is not installed on this machine.
[2025.04.04-23.04.27:857][  0]LogShaderCompilers: Cannot use XGE Shader Compiler as Incredibuild is not installed on this machine.
[2025.04.04-23.04.27:857][  0]LogShaderCompilers: Display: Using Local Shader Compiler.
[2025.04.04-23.04.32:771][  0]LogDerivedDataCache: Display: Max Cache Size: 512 MB
[2025.04.04-23.04.32:883][  0]LogDerivedDataCache: Loaded boot cache 0.11s 94MB C:/Users/Playeroth/AppData/Local/UnrealEngine/4.27/DerivedDataCache/Boot.ddc.
[2025.04.04-23.04.32:883][  0]LogDerivedDataCache: Display: Loaded Boot cache: C:/Users/Playeroth/AppData/Local/UnrealEngine/4.27/DerivedDataCache/Boot.ddc
[2025.04.04-23.04.32:883][  0]LogDerivedDataCache: FDerivedDataBackendGraph:  Pak pak cache file ../../../../../../Users/Playeroth/Documents/EscapeTheBackrooms--Mods/MainMod/DerivedDataCache/DDC.ddp not found, will not use a pak cache.
[2025.04.04-23.04.32:883][  0]LogDerivedDataCache: Unable to find inner node Pak for hierarchical cache Hierarchy.
[2025.04.04-23.04.32:883][  0]LogDerivedDataCache: FDerivedDataBackendGraph:  CompressedPak pak cache file ../../../../../../Users/Playeroth/Documents/EscapeTheBackrooms--Mods/MainMod/DerivedDataCache/Compressed.ddp not found, will not use a pak cache.
[2025.04.04-23.04.32:883][  0]LogDerivedDataCache: Unable to find inner node CompressedPak for hierarchical cache Hierarchy.
[2025.04.04-23.04.32:949][  0]LogDerivedDataCache: Display: Pak cache opened for reading ../../../Engine/DerivedDataCache/Compressed.ddp.
[2025.04.04-23.04.32:949][  0]LogDerivedDataCache: FDerivedDataBackendGraph:  EnterprisePak pak cache file ../../../Enterprise/DerivedDataCache/Compressed.ddp not found, will not use a pak cache.
[2025.04.04-23.04.32:949][  0]LogDerivedDataCache: Unable to find inner node EnterprisePak for hierarchical cache Hierarchy.
[2025.04.04-23.04.33:017][  0]LogDerivedDataCache: Speed tests for C:/Users/Playeroth/AppData/Local/UnrealEngine/Common/DerivedDataCache took 0.07 seconds
[2025.04.04-23.04.33:017][  0]LogDerivedDataCache: Display: Performance to C:/Users/Playeroth/AppData/Local/UnrealEngine/Common/DerivedDataCache: Latency=0.25ms. RandomReadSpeed=15.21MBs, RandomWriteSpeed=215.84MBs. Assigned SpeedClass 'Local'
[2025.04.04-23.04.33:020][  0]LogDerivedDataCache: Using Local data cache path C:/Users/Playeroth/AppData/Local/UnrealEngine/Common/DerivedDataCache: Writable
[2025.04.04-23.04.33:020][  0]LogDerivedDataCache: Shared data cache path not found in *engine.ini, will not use an Shared cache.
[2025.04.04-23.04.33:020][  0]LogDerivedDataCache: Unable to find inner node Shared for hierarchical cache Hierarchy.
[2025.04.04-23.04.33:072][  0]LogSlate: Using FreeType 2.10.0
[2025.04.04-23.04.33:092][  0]LogSlate: SlateFontServices - WITH_FREETYPE: 1, WITH_HARFBUZZ: 1
[2025.04.04-23.04.33:169][  0]LogAssetRegistry: FAssetRegistry took 0.0051 seconds to start up
[2025.04.04-23.04.33:423][  0]LogCollisionProfile: Warning: ProfileRedirect (EntitiType : EntityType) - New Name ('EntityType') isn't found 
[2025.04.04-23.04.33:492][  0]LogInit: Selected Device Profile: [Windows]
[2025.04.04-23.04.33:492][  0]LogInit: Active device profile: [000001F1E1491100][000001F1DE7413C0 49] Windows
[2025.04.04-23.04.33:492][  0]LogInit: Profiles: [000001F1E1491100][000001F1DE7413C0 49] Windows, [000001F1E145A700][000001F1DE749540 49] WindowsNoEditor, [000001F1E1492200][000001F1DE74D6C0 49] WindowsServer, [000001F1E1459900][000001F1DF30D840 49] WindowsClient, [000001F1E1491700][000001F1DF3119C0 49] IOS, [000001F1E145A900][000001F1DF315B40 49] iPadAir, [000001F1E1493C00][000001F1DF318140 49] iPadAir2, [000001F1E1409400][000001F1DF320400 49] IPadPro, [000001F1E1409500][000001F1DF31C440 49] iPadAir3, [000001F1E145BA00][000001F1DF3245C0 49] iPadAir4, [000001F1E140A300][000001F1DF328740 49] iPadMini2, [000001F1E145B100][000001F1DF32C8C0 49] iPadMini3, [000001F1E140AF00][000001F1DF330A40 49] iPadMini4, [000001F1E1459E00][000001F1DE744B80 49] iPadMini5, [000001F1E1411000][000001F1DF338DC0 49] iPhone6, [000001F1E1411100][000001F1DF334E00 49] iPodTouch6, [000001F1E1493900][000001F1DF345080 49] iPhone7, [000001F1E1492900][000001F1DF33D0C0 49] iPodTouch7, [000001F1E1409000][000001F1DF349240 49] iPhone5S, [000001F1E1492F00][000001F1DF34D3C0 49] iPhone6Plus, [000001F1E140B600][000001F1DF351540 49] iPhone6S, [000001F1E1490C00][000001F1DF3556C0 49] iPhone6SPlus, [000001F1E1491D00][000001F1DF359840 49] iPhone7Plus, [000001F1E1410800][000001F1DF35D9C0 49] iPhoneSE, [000001F1E1490400][000001F1DF361B40 49] iPhone8, [000001F1E1410900][000001F1DF364140 49] iPhone8Plus, [000001F1E1412E00][000001F1DF3682C0 49] iPhoneX, [000001F1E1409D00][000001F1DF36C440 49] iPhoneXS, [000001F1E1412700][000001F1DF3705C0 49] iPhoneXSMax, [000001F1E1409C00][000001F1DF374740 49] iPhoneXR, [000001F1E1412800][000001F1DF3788C0 49] iPhone11, [000001F1E1408F00][000001F1DF37CA40 49] iPhone11Pro, [000001F1E1410B00][000001F1DEC72BC0 49] iPhone11ProMax, [000001F1E1408D00][000001F1DEC76D40 49] iPhoneSE2, [000001F1E1410E00][000001F1DF340E80 49] iPhone12Mini, [000001F1E1493800][000001F1DEC7AFC0 49] iPhone12, [000001F1E1413000][000001F1DEC7F100 49] iPhone12Pro, [000001F1E1493700][000001F1DEC87280 49] iPhone12ProMax, [000001F1E1411E00][000001F1DEC8B400 49] iPadPro105, [000001F1E1491300][000001F1DEC8F580 49] iPadPro129, [000001F1E1413E00][000001F1DEC93700 49] iPadPro97, [000001F1E1491C00][000001F1DEC97880 49] iPadPro2_129, [000001F1E1412000][000001F1DEC9BA00 49] iPad5, [000001F1E1492300][000001F1DEC9FB80 49] iPad6, [000001F1E1413B00][000001F1DECA2180 49] iPad7, [000001F1E1491E00][000001F1DECA6300 49] iPad8, [000001F1E1410A00][000001F1DECAA480 49] iPadPro11, [000001F1E1492600][000001F1DECAE600 49] iPadPro2_11, [000001F1E1410F00][000001F1DECB2780 49] iPadPro3_129, [000001F1E1492800][000001F1DECB6900 49] iPadPro4_129, [000001F1E1413C00][000001F1DECBAA80 49] AppleTV, [000001F1E1491A00][000001F1DECBEC00 49] AppleTV4K, [000001F1E1412600][000001F1DECC2D80 49] TVOS, [000001F1E1492100][000001F1DED22F00 49] Mac, [000001F1E1412F00][000001F1DEC83040 49] MacClient, [000001F1E1492A00][000001F1DED27180 49] MacNoEditor, [000001F1E1412C00][000001F1DED2B2C0 49] MacServer, [000001F1E1493000][000001F1DED33440 49] Linux, [000001F1E1410400][000001F1DED375C0 49] LinuxAArch64, [000001F1E1490700][000001F1DED3B740 49] LinuxNoEditor, [000001F1E1413700][000001F1DED3F8C0 49] LinuxAArch64NoEditor, [000001F1E1493B00][000001F1DED43A40 49] LinuxClient, [000001F1E1413400][000001F1DED47BC0 49] LinuxAArch64Client, [000001F1E1493E00][000001F1DED4A1C0 49] LinuxServer, [000001F1E1410700][000001F1DED4E340 49] LinuxAArch64Server, [000001F1E1491F00][000001F1DED524C0 49] Android, [000001F1E1412A00][000001F1DED56640 49] Android_Low, [000001F1E1492D00][000001F1DED5A7C0 49] Android_Mid, [000001F1E1411F00][000001F1DED5E940 49] Android_High, [000001F1E1492B00][000001F1DED62AC0 49] Android_Default, [000001F1E1410100][000001F1DED66C40 49] Android_Adreno4xx, [000001F1E1490500][000001F1DED6ADC0 49] Android_Adreno5xx_Low, [000001F1E1411400][000001F1DED6EF40 49] Android_Adreno5xx, [000001F1E1493400][000001F1DED730C0 49] Android_Adreno6xx, [000001F1E1412300][000001F1DED2F200 49] Android_Adreno6xx_Vulkan, [000001F1E1493D00][000001F1DED77340 49] Android_Mali_T6xx, [000001F1E1410200][000001F1DED7B480 49] Android_Mali_T7xx, [000001F1E1493600][000001F1DED7F5C0 49] Android_Mali_T8xx, [000001F1E1413200][000001F1DED87740 49] Android_Mali_G71, [000001F1E140B100][000001F1DED8B8C0 49] Android_Mali_G72, [000001F1E145AF00][000001F1DED8FA40 49] Android_Mali_G72_Vulkan, [000001F1E140AB00][000001F1DED93BC0 49] Android_Mali_G76, [000001F1E1458500][000001F1DED961C0 49] Android_Mali_G76_Vulkan, [000001F1E1408C00][000001F1DED9A340 49] Android_Mali_G77, [000001F1E1458600][000001F1DED9E4C0 49] Android_Mali_G77_Vulkan, [000001F1E140A400][000001F1DEDA2640 49] Android_Mali_G78, [000001F1E1458D00][000001F1DEDA67C0 49] Android_Mali_G78_Vulkan, [000001F1E140BD00][000001F1DEDAA940 49] Android_Mali_G710, [000001F1E145AB00][000001F1DEDAEAC0 49] Android_Mali_G710_Vulkan, [000001F1E140AA00][000001F1DEDB2C40 49] Android_Vulkan_SM5, [000001F1E1459A00][000001F1DEDB6DC0 49] Android_PowerVR_G6xxx, [000001F1E1408500][000001F1DEDBAF40 49] Android_PowerVR_GT7xxx, [000001F1E1458200][000001F1DEDBF0C0 49] Android_PowerVR_GE8xxx, [000001F1E140BB00][000001F1DEDC3240 49] Android_PowerVR_GM9xxx, [000001F1E145A100][000001F1DED83380 49] Android_PowerVR_GM9xxx_Vulkan, [000001F1E1409F00][000001F1DEDC74C0 49] Android_TegraK1, [000001F1E1458A00][000001F1DEDCB600 49] Android_Unknown_Vulkan, [000001F1E140B900][000001F1DEDCF740 49] Lumin, [000001F1E1459100][000001F1DEDD78C0 49] Lumin_Desktop, [000001F1E140A000][000001F1DEDDBA40 49] HoloLens, 
[2025.04.04-23.04.34:057][  0]LogMeshReduction: Using QuadricMeshReduction for automatic static mesh reduction
[2025.04.04-23.04.34:057][  0]LogMeshReduction: Using SimplygonMeshReduction for automatic skeletal mesh reduction
[2025.04.04-23.04.34:057][  0]LogMeshReduction: Using ProxyLODMeshReduction for automatic mesh merging
[2025.04.04-23.04.34:057][  0]LogMeshReduction: No distributed automatic mesh merging module available
[2025.04.04-23.04.34:058][  0]LogMeshMerging: No distributed automatic mesh merging module available
[2025.04.04-23.04.34:133][  0]LogNetVersion: EscapeTheBackrooms 1.0.0, NetCL: 17155196, EngineNetVer: 17, GameNetVer: 0 (Checksum: 3701509013)
[2025.04.04-23.04.35:573][  0]LogTexture: Default maximum texture size for cubemaps generated from long-lat sources has been changed from 512 to unlimited. In order to preserve old behaiour for '/Engine/MapTemplates/Sky/DaylightAmbientCubemap.DaylightAmbientCubemap', its maximum texture size has been explicitly set to 512.
[2025.04.04-23.04.35:709][  0]LogHMD: PokeAHoleMaterial loaded successfully
[2025.04.04-23.04.35:715][  0]LogUObjectArray: 17178 objects as part of root set at end of initial load.
[2025.04.04-23.04.35:715][  0]LogUObjectAllocator: 4302048 out of 0 bytes used by permanent object pool.
[2025.04.04-23.04.35:715][  0]LogUObjectArray: CloseDisregardForGC: 0/0 objects in disregard for GC pool
[2025.04.04-23.04.36:175][  0]LogNiagaraDebuggerClient: Niagara Debugger Client Initialized | Session: 43F514E049F823B432039FB6DE9598E6 | Instance: 83C896F24D430E9F20BA7E9F1269A7E4 (DESKTOP-PLAYER-8480).
[2025.04.04-23.04.36:857][  0]LogTcpMessaging: Initializing TcpMessaging bridge
[2025.04.04-23.04.36:866][  0]LogUdpMessaging: Initializing bridge on interface 0.0.0.0:0 to multicast group 230.0.0.1:6666.
[2025.04.04-23.04.36:888][  0]LogPython: Using Python 3.7.7
[2025.04.04-23.04.37:766][  0]LogSteamShared: Display: Loading Steam SDK 1.51
[2025.04.04-23.04.37:769][  0]LogSteamShared: Steam SDK Loaded!
[2025.04.04-23.04.38:350][  0]SourceControl: Source control is disabled
[2025.04.04-23.04.38:350][  0]SourceControl: Source control is disabled
[2025.04.04-23.04.38:382][  0]SourceControl: Source control is disabled
[2025.04.04-23.04.38:422][  0]SourceControl: Source control is disabled
[2025.04.04-23.04.38:428][  0]SourceControl: Source control is disabled
[2025.04.04-23.04.38:436][  0]LogUProjectInfo: Found projects:
[2025.04.04-23.04.38:800][  0]LogOpenImageDenoise: OIDN starting up
[2025.04.04-23.04.38:824][  0]LogAndroidPermission: UAndroidPermissionCallbackProxy::GetInstance
[2025.04.04-23.04.38:854][  0]LogAudioCaptureCore: Display: No Audio Capture implementations found. Audio input will be silent.
[2025.04.04-23.04.38:854][  0]LogAudioCaptureCore: Display: No Audio Capture implementations found. Audio input will be silent.
[2025.04.04-23.04.39:258][  0]LogCollectionManager: Loaded 0 collections in 0.001718 seconds
[2025.04.04-23.04.39:326][  0]LogFileCache: Scanning file cache for directory 'C:/Users/Playeroth/Documents/EscapeTheBackrooms--Mods/MainMod/Saved/Collections/' took 0.00s
[2025.04.04-23.04.39:326][  0]LogFileCache: Scanning file cache for directory 'C:/Users/Playeroth/Documents/EscapeTheBackrooms--Mods/MainMod/Content/Developers/Playeroth/Collections/' took 0.00s
[2025.04.04-23.04.39:326][  0]LogFileCache: Scanning file cache for directory 'C:/Users/Playeroth/Documents/EscapeTheBackrooms--Mods/MainMod/Content/Collections/' took 0.00s
[2025.04.04-23.04.39:326][  0]LogOcInput: OculusInput pre-init called
[2025.04.04-23.04.39:627][  0]LogBlueprintAssist: Blueprint Assist Startup Module
[2025.04.04-23.04.39:737][  0]LogClass: Display: BoolProperty FBPSteamGroupOfficer::bIsOwner is not initialized properly. Module:AdvancedSteamSessions File:Classes/SteamRequestGroupOfficersCallbackProxy.h
[2025.04.04-23.04.39:737][  0]LogClass: Display: IntProperty FBPSteamGroupInfo::numOnline is not initialized properly. Module:AdvancedSteamSessions File:Classes/AdvancedSteamFriendsLibrary.h
[2025.04.04-23.04.39:737][  0]LogClass: Display: IntProperty FBPSteamGroupInfo::numInGame is not initialized properly. Module:AdvancedSteamSessions File:Classes/AdvancedSteamFriendsLibrary.h
[2025.04.04-23.04.39:737][  0]LogClass: Display: IntProperty FBPSteamGroupInfo::numChatting is not initialized properly. Module:AdvancedSteamSessions File:Classes/AdvancedSteamFriendsLibrary.h
[2025.04.04-23.04.39:738][  0]LogClass: Display: StructProperty FBANodeData::CachedNodeSize is not initialized properly. Module:BlueprintAssist File:Public/BlueprintAssistSizeCache.h
[2025.04.04-23.04.39:738][  0]LogClass: Display: 5 Uninitialized script struct members found including 0 object properties
[2025.04.04-23.04.39:744][  0]LogEngine: Initializing Engine...
[2025.04.04-23.04.39:848][  0]LogHMD: Failed to enumerate extensions. Please check that you have a valid OpenXR runtime installed.
[2025.04.04-23.04.39:848][  0]LogHMD: Failed to initialize OpenVR with code 110
[2025.04.04-23.04.39:848][  0]LogMagicLeap: Warning: VR disabled because ZI is not enabled.  To enable, in the editor, Edit -> Project Settings -> Plugins -> Magic Leap Plugin -> Enable Zero Iteration
[2025.04.04-23.04.39:852][  0]LogStats: UGameplayTagsManager::InitializeManager -  0.001 s
[2025.04.04-23.04.40:201][  0]LogInit: Initializing FReadOnlyCVARCache
[2025.04.04-23.04.40:231][  0]LogAIModule: Creating AISystem for world Untitled
[2025.04.04-23.04.40:235][  0]LogAudio: Display: Initializing Audio Device Manager...
[2025.04.04-23.04.40:240][  0]LogAudio: Display: Loading Default Audio Settings Objects...
[2025.04.04-23.04.40:246][  0]LogAudio: Display: No default SoundConcurrencyObject specified (or failed to load).
[2025.04.04-23.04.40:247][  0]LogAudio: Display: Audio Device Manager Initialized
[2025.04.04-23.04.40:247][  0]LogAudio: Display: Creating Audio Device:                 Id: 1, Scope: Shared, Realtime: True
[2025.04.04-23.04.40:248][  0]LogAudioMixer: Display: Audio Mixer Platform Settings:
[2025.04.04-23.04.40:248][  0]LogAudioMixer: Display: 	Sample Rate:						  48000
[2025.04.04-23.04.40:248][  0]LogAudioMixer: Display: 	Callback Buffer Frame Size Requested: 256
[2025.04.04-23.04.40:248][  0]LogAudioMixer: Display: 	Callback Buffer Frame Size To Use:	  256
[2025.04.04-23.04.40:248][  0]LogAudioMixer: Display: 	Number of buffers to queue:			  7
[2025.04.04-23.04.40:248][  0]LogAudioMixer: Display: 	Max Channels (voices):				  32
[2025.04.04-23.04.40:248][  0]LogAudioMixer: Display: 	Number of Async Source Workers:		  0
[2025.04.04-23.04.40:248][  0]LogAudio: Display: AudioDevice MaxSources: 32
[2025.04.04-23.04.40:248][  0]LogAudio: Display: Audio Spatialization Plugin: None (built-in).
[2025.04.04-23.04.40:248][  0]LogAudio: Display: Audio Reverb Plugin: None (built-in).
[2025.04.04-23.04.40:248][  0]LogAudio: Display: Audio Occlusion Plugin: None (built-in).
[2025.04.04-23.04.40:248][  0]LogAudioMixer: Display: Initializing audio mixer.
[2025.04.04-23.04.40:288][  0]LogAudioMixer: Display: 0: FrontLeft
[2025.04.04-23.04.40:288][  0]LogAudioMixer: Display: 1: FrontRight
[2025.04.04-23.04.40:307][  0]LogAudioMixer: Display: Using Audio Device Alto-falantes (Realtek High Definition Audio)
[2025.04.04-23.04.40:308][  0]LogAudioMixer: Display: Initializing Sound Submixes...
[2025.04.04-23.04.40:337][  0]LogAudioMixer: Display: Creating Master Submix 'MasterSubmixDefault'
[2025.04.04-23.04.40:337][  0]LogAudioMixer: Display: Creating Master Submix 'MasterReverbSubmixDefault'
[2025.04.04-23.04.40:338][  0]LogAudioMixer: Display: Creating Master Submix 'MasterEQSubmixDefault'
[2025.04.04-23.04.40:339][  0]LogAudioMixer: FMixerPlatformXAudio2::StartAudioStream() called
[2025.04.04-23.04.40:339][  0]LogAudioMixer: Display: Output buffers initialized: Frames=256, Channels=2, Samples=512
[2025.04.04-23.04.40:339][  0]LogAudioMixer: Display: Starting AudioMixerPlatformInterface::RunInternal()
[2025.04.04-23.04.40:339][  0]LogAudioMixer: Display: FMixerPlatformXAudio2::SubmitBuffer() called for the first time
[2025.04.04-23.04.40:339][  0]LogInit: FAudioDevice initialized.
[2025.04.04-23.04.40:340][  0]LogAudio: Display: Audio Device (ID: 1) registered with world 'Untitled'.
[2025.04.04-23.04.40:340][  0]LogNetVersion: Set ProjectVersion to 1.0.0.0. Version Checksum will be recalculated on next use.
[2025.04.04-23.04.40:388][  0]LogDerivedDataCache: Saved boot cache 0.05s 94MB C:/Users/Playeroth/AppData/Local/UnrealEngine/4.27/DerivedDataCache/Boot.ddc.
[2025.04.04-23.04.40:388][  0]LogInit: Texture streaming: Enabled
[2025.04.04-23.04.40:404][  0]LogAnalytics: Display: [UEEditor.Rocket.Release] APIServer = https://datarouter.ol.epicgames.com/. AppVersion = 4.27.2-18319896+++UE4+Release-4.27
[2025.04.04-23.04.40:409][  0]LogEngineSessionManager: EngineSessionManager initialized
[2025.04.04-23.04.40:409][  0]LogEditorSessionSummary: Verbose: Initializing EditorSessionSummaryWriter for editor session tracking
[2025.04.04-23.04.40:412][  0]LogEditorSessionSummary: EditorSessionSummaryWriter initialized
[2025.04.04-23.04.40:911][  0]LogInit: Transaction tracking system initialized
[2025.04.04-23.04.40:956][  0]BlueprintLog: New page: Editor Load
[2025.04.04-23.04.41:122][  0]LocalizationService: Localization service is disabled
[2025.04.04-23.04.41:183][  0]TimingProfiler: Initialize
[2025.04.04-23.04.41:185][  0]TimingProfiler: OnSessionChanged
[2025.04.04-23.04.41:186][  0]LoadingProfiler: Initialize
[2025.04.04-23.04.41:186][  0]LoadingProfiler: OnSessionChanged
[2025.04.04-23.04.41:186][  0]NetworkingProfiler: Initialize
[2025.04.04-23.04.41:187][  0]NetworkingProfiler: OnSessionChanged
[2025.04.04-23.04.41:187][  0]MemoryProfiler: Initialize
[2025.04.04-23.04.41:187][  0]MemoryProfiler: OnSessionChanged
[2025.04.04-23.04.41:708][  0]LogCook: Display: CookSettings for Memory: MemoryMaxUsedVirtual 0MiB, MemoryMaxUsedPhysical 16384MiB, MemoryMinFreeVirtual 0MiB, MemoryMinFreePhysical 1024MiB
[2025.04.04-23.04.41:709][  0]LogCook: Display: Mobile HDR setting 1
[2025.04.04-23.04.41:840][  0]LogFileCache: Scanning file cache for directory 'C:/Users/Playeroth/Documents/EscapeTheBackrooms--Mods/MainMod/Content/' took 0.07s
[2025.04.04-23.04.41:840][  0]LogBlueprintAssist: Registered BlueprintAssist Commands
[2025.04.04-23.04.41:841][  0]LogBlueprintAssist: Finished loaded BlueprintAssist Module
[2025.04.04-23.04.41:842][  0]LogAutoSizeComments: Startup AutoSizeComments
[2025.04.04-23.04.42:490][  0]LogInit: Display: Engine is initialized. Leaving FEngineLoop::Init()
[2025.04.04-23.04.42:499][  0]SourceControl: Source control is disabled
[2025.04.04-23.04.42:499][  0]LogUnrealEdMisc: Loading editor; pre map load, took 25.484
[2025.04.04-23.04.42:500][  0]Cmd: MAP LOAD FILE="../../../Engine/Content/Maps/Templates/Template_Default.umap" TEMPLATE=1 SHOWPROGRESS=1 FEATURELEVEL=3
[2025.04.04-23.04.42:509][  0]LightingResults: New page: Lighting Build
[2025.04.04-23.04.42:516][  0]LogWorld: UWorld::CleanupWorld for Untitled, bSessionEnded=true, bCleanupResources=true
[2025.04.04-23.04.42:517][  0]LogSlate: InvalidateAllWidgets triggered.  All widgets were invalidated
[2025.04.04-23.04.42:518][  0]MapCheck: New page: Map Check
[2025.04.04-23.04.42:518][  0]LightingResults: New page: Lighting Build
[2025.04.04-23.04.42:526][  0]LogAudio: Display: Audio Device unregistered from world 'None'.
[2025.04.04-23.04.42:531][  0]LogUObjectHash: Compacting FUObjectHashTables data took   0.75ms
[2025.04.04-23.04.42:727][  0]LogTexture: Display: Building textures: DeprecatedTextureEB9CBE3C423008B5E8E130901E171C89 (BGRA8, 128X128)
[2025.04.04-23.04.42:731][  0]LogAudio: Display: Audio Device (ID: 1) registered with world 'Untitled_1'.
[2025.04.04-23.04.42:732][  0]LogAIModule: Creating AISystem for world Untitled_1
[2025.04.04-23.04.42:752][  0]LogEditorServer: Finished looking for orphan Actors (0.000 secs)
[2025.04.04-23.04.42:760][  0]LogUObjectHash: Compacting FUObjectHashTables data took   0.76ms
[2025.04.04-23.04.42:760][  0]Cmd: MAP CHECKDEP NOCLEARLOG
[2025.04.04-23.04.42:761][  0]MapCheck: Map check complete: 0 Error(s), 0 Warning(s), took 0.356ms to complete.
[2025.04.04-23.04.42:761][  0]LogFileHelpers: Loading map 'Template_Default' took 0.261
[2025.04.04-23.04.42:781][  0]LogUnrealEdMisc: Total Editor Startup Time, took 25.767
[2025.04.04-23.04.42:930][  0]LogSlate: Updating window title bar state: overlay mode, drag disabled, window buttons hidden, title bar hidden
[2025.04.04-23.04.42:936][  0]LogSlate: Updating window title bar state: overlay mode, drag disabled, window buttons hidden, title bar hidden
[2025.04.04-23.04.42:941][  0]LogSlate: Updating window title bar state: overlay mode, drag disabled, window buttons hidden, title bar hidden
[2025.04.04-23.04.42:946][  0]LogSlate: Updating window title bar state: overlay mode, drag disabled, window buttons hidden, title bar hidden
[2025.04.04-23.04.42:992][  0]LogNativeClassHierarchy: Verbose: Native class hierarchy populated in 0.0085 seconds. Added 3860 classes and 956 folders.
[2025.04.04-23.04.43:001][  0]LogNativeClassHierarchy: Verbose: Native class hierarchy updated for 'WidgetCarousel' in 0.0002 seconds. Added 0 classes and 0 folders.
[2025.04.04-23.04.43:006][  0]LogNativeClassHierarchy: Verbose: Native class hierarchy updated for 'AddContentDialog' in 0.0003 seconds. Added 0 classes and 0 folders.
[2025.04.04-23.04.43:009][  0]LogNativeClassHierarchy: Verbose: Native class hierarchy updated for 'SceneOutliner' in 0.0002 seconds. Added 2 classes and 0 folders.
[2025.04.04-23.04.43:063][  0]LogSlate: Took 0.007062 seconds to synchronously load lazily loaded font '../../../Engine/Content/Slate/Fonts/Roboto-Regular.ttf' (155K)
[2025.04.04-23.04.43:071][  0]LogSlate: Took 0.006395 seconds to synchronously load lazily loaded font '../../../Engine/Content/Editor/Slate/Fonts/FontAwesome.ttf' (139K)
[2025.04.04-23.04.43:078][  0]LogSlate: Took 0.006474 seconds to synchronously load lazily loaded font '../../../Engine/Content/Slate/Fonts/Roboto-Bold.ttf' (160K)
[2025.04.04-23.04.43:301][  0]LogRenderer: Reallocating scene render targets to support 1208x560 Format 10 NumSamples 1 (Frame:1).
[2025.04.04-23.04.43:746][  0]LogSlate: Took 0.006373 seconds to synchronously load lazily loaded font '../../../Engine/Content/Slate/Fonts/Roboto-Light.ttf' (167K)
[2025.04.04-23.04.43:842][  0]LogNativeClassHierarchy: Verbose: Native class hierarchy updated for 'HierarchicalLODOutliner' in 0.0003 seconds. Added 0 classes and 0 folders.
[2025.04.04-23.04.43:842][  0]LogLoad: (Engine Initialization) Total time: 26.83 seconds
[2025.04.04-23.04.43:842][  0]LogLoad: (Engine Initialization) Total Blueprint compile time: 0.00 seconds
[2025.04.04-23.04.43:908][  0]LogContentStreaming: Texture pool size now 1000 MB
[2025.04.04-23.04.43:982][  1]LogAssetRegistry: Asset discovery search completed in 10.8131 seconds
[2025.04.04-23.04.44:020][  1]LogAutoSizeComments: Loaded auto size comments cache: C:/Program Files/Epic Games/UE_4.27/Engine/Plugins/Marketplace/AutoSizeComments/ASCCache/BE81413D4B2A357553DD24A65DAB0684.json
[2025.04.04-23.04.44:030][  1]LogBlueprintAssist: Loaded blueprint assist node size cache: ../../../../../../Users/Playeroth/Documents/EscapeTheBackrooms--Mods/MainMod/Plugins/BlueprintAssist/NodeSizeCache/BE81413D4B2A357553DD24A65DAB0684.json
[2025.04.04-23.04.44:034][  1]LogCollectionManager: Fixed up redirectors for 0 collections in 0.000005 seconds (updated 0 objects)
[2025.04.04-23.04.49:248][439]LogSlate: Took 0.000151 seconds to synchronously load lazily loaded font '../../../Engine/Content/Slate/Fonts/Roboto-Light.ttf' (167K)
[2025.04.04-23.04.49:270][439]LogAssetEditorSubsystem: Opening Asset editor for Blueprint /Game/Mods/PYInsanityMod/Maps/Level52/PYINS_Level52Manager.PYINS_Level52Manager
[2025.04.04-23.04.49:295][439]LogBlueprintAssist: Asset opened PYINS_Level52Manager (BlueprintEditor)
[2025.04.04-23.04.51:793][439]LogBlueprintEditor: Perf: 2.5 total seconds to load all 10 blueprint libraries in project. Avoid references to content in blueprint libraries to shorten this time.
[2025.04.04-23.04.51:794][439]LogBlueprintEditor: Perf: 2.3 seconds loading: /Game/Mods/PYModMenu/Librarys/Actor_BPM_GlobalMacros
[2025.04.04-23.04.51:913][439]LogEnum: Warning: Enum name collision: 'E_Ceiling_3x3_broken::NewEnumerator19' is in both '/Game/ElectricalStation/AtmosphericHouse/Enums/E_Ceiling_3x3_broken.E_Ceiling_3x3_broken' and '/Game/AtmosphericHouse/Enums/E_Ceiling_3x3_broken.E_Ceiling_3x3_broken'
[2025.04.04-23.04.51:913][439]LogEnum: Warning: Enum name collision: 'E_Ceiling_3x3_broken::NewEnumerator25' is in both '/Game/ElectricalStation/AtmosphericHouse/Enums/E_Ceiling_3x3_broken.E_Ceiling_3x3_broken' and '/Game/AtmosphericHouse/Enums/E_Ceiling_3x3_broken.E_Ceiling_3x3_broken'
[2025.04.04-23.04.51:913][439]LogEnum: Warning: Enum name collision: 'E_Ceiling_3x3_broken::NewEnumerator54' is in both '/Game/ElectricalStation/AtmosphericHouse/Enums/E_Ceiling_3x3_broken.E_Ceiling_3x3_broken' and '/Game/AtmosphericHouse/Enums/E_Ceiling_3x3_broken.E_Ceiling_3x3_broken'
[2025.04.04-23.04.51:913][439]LogEnum: Warning: Enum name collision: 'E_Ceiling_3x3_broken::NewEnumerator19' is in both '/Game/ElectricalStation/AtmosphericHouse/Enums/E_Ceiling_3x3_broken.E_Ceiling_3x3_broken' and '/Game/AtmosphericHouse/Enums/E_Ceiling_3x3_broken.E_Ceiling_3x3_broken'
[2025.04.04-23.04.51:913][439]LogEnum: Warning: Enum name collision: 'E_Ceiling_3x3_broken::NewEnumerator25' is in both '/Game/ElectricalStation/AtmosphericHouse/Enums/E_Ceiling_3x3_broken.E_Ceiling_3x3_broken' and '/Game/AtmosphericHouse/Enums/E_Ceiling_3x3_broken.E_Ceiling_3x3_broken'
[2025.04.04-23.04.51:913][439]LogEnum: Warning: Enum name collision: 'E_Ceiling_3x3_broken::NewEnumerator54' is in both '/Game/ElectricalStation/AtmosphericHouse/Enums/E_Ceiling_3x3_broken.E_Ceiling_3x3_broken' and '/Game/AtmosphericHouse/Enums/E_Ceiling_3x3_broken.E_Ceiling_3x3_broken'
[2025.04.04-23.04.51:920][439]LogEnum: Warning: Enum name collision: 'E_Ceiling_6x6_broken::NewEnumerator19' is in both '/Game/ElectricalStation/AtmosphericHouse/Enums/E_Ceiling_6x6_broken.E_Ceiling_6x6_broken' and '/Game/AtmosphericHouse/Enums/E_Ceiling_6x6_broken.E_Ceiling_6x6_broken'
[2025.04.04-23.04.51:920][439]LogEnum: Warning: Enum name collision: 'E_Ceiling_6x6_broken::NewEnumerator25' is in both '/Game/ElectricalStation/AtmosphericHouse/Enums/E_Ceiling_6x6_broken.E_Ceiling_6x6_broken' and '/Game/AtmosphericHouse/Enums/E_Ceiling_6x6_broken.E_Ceiling_6x6_broken'
[2025.04.04-23.04.51:920][439]LogEnum: Warning: Enum name collision: 'E_Ceiling_6x6_broken::NewEnumerator19' is in both '/Game/ElectricalStation/AtmosphericHouse/Enums/E_Ceiling_6x6_broken.E_Ceiling_6x6_broken' and '/Game/AtmosphericHouse/Enums/E_Ceiling_6x6_broken.E_Ceiling_6x6_broken'
[2025.04.04-23.04.51:920][439]LogEnum: Warning: Enum name collision: 'E_Ceiling_6x6_broken::NewEnumerator25' is in both '/Game/ElectricalStation/AtmosphericHouse/Enums/E_Ceiling_6x6_broken.E_Ceiling_6x6_broken' and '/Game/AtmosphericHouse/Enums/E_Ceiling_6x6_broken.E_Ceiling_6x6_broken'
[2025.04.04-23.04.51:927][439]LogEnum: Warning: Enum name collision: 'E_Floors::NewEnumerator19' is in both '/Game/ElectricalStation/AtmosphericHouse/Enums/E_Floors.E_Floors' and '/Game/AtmosphericHouse/Enums/E_Floors.E_Floors'
[2025.04.04-23.04.51:927][439]LogEnum: Warning: Enum name collision: 'E_Floors::NewEnumerator25' is in both '/Game/ElectricalStation/AtmosphericHouse/Enums/E_Floors.E_Floors' and '/Game/AtmosphericHouse/Enums/E_Floors.E_Floors'
[2025.04.04-23.04.51:927][439]LogEnum: Warning: Enum name collision: 'E_Floors::NewEnumerator43' is in both '/Game/ElectricalStation/AtmosphericHouse/Enums/E_Floors.E_Floors' and '/Game/AtmosphericHouse/Enums/E_Floors.E_Floors'
[2025.04.04-23.04.51:927][439]LogEnum: Warning: Enum name collision: 'E_Floors::NewEnumerator44' is in both '/Game/ElectricalStation/AtmosphericHouse/Enums/E_Floors.E_Floors' and '/Game/AtmosphericHouse/Enums/E_Floors.E_Floors'
[2025.04.04-23.04.51:927][439]LogEnum: Warning: Enum name collision: 'E_Floors::NewEnumerator45' is in both '/Game/ElectricalStation/AtmosphericHouse/Enums/E_Floors.E_Floors' and '/Game/AtmosphericHouse/Enums/E_Floors.E_Floors'
[2025.04.04-23.04.51:927][439]LogEnum: Warning: Enum name collision: 'E_Floors::NewEnumerator46' is in both '/Game/ElectricalStation/AtmosphericHouse/Enums/E_Floors.E_Floors' and '/Game/AtmosphericHouse/Enums/E_Floors.E_Floors'
[2025.04.04-23.04.51:927][439]LogEnum: Warning: Enum name collision: 'E_Floors::NewEnumerator47' is in both '/Game/ElectricalStation/AtmosphericHouse/Enums/E_Floors.E_Floors' and '/Game/AtmosphericHouse/Enums/E_Floors.E_Floors'
[2025.04.04-23.04.51:927][439]LogEnum: Warning: Enum name collision: 'E_Floors::NewEnumerator48' is in both '/Game/ElectricalStation/AtmosphericHouse/Enums/E_Floors.E_Floors' and '/Game/AtmosphericHouse/Enums/E_Floors.E_Floors'
[2025.04.04-23.04.51:927][439]LogEnum: Warning: Enum name collision: 'E_Floors::NewEnumerator49' is in both '/Game/ElectricalStation/AtmosphericHouse/Enums/E_Floors.E_Floors' and '/Game/AtmosphericHouse/Enums/E_Floors.E_Floors'
[2025.04.04-23.04.51:927][439]LogEnum: Warning: Enum name collision: 'E_Floors::NewEnumerator50' is in both '/Game/ElectricalStation/AtmosphericHouse/Enums/E_Floors.E_Floors' and '/Game/AtmosphericHouse/Enums/E_Floors.E_Floors'
[2025.04.04-23.04.51:927][439]LogEnum: Warning: Enum name collision: 'E_Floors::NewEnumerator51' is in both '/Game/ElectricalStation/AtmosphericHouse/Enums/E_Floors.E_Floors' and '/Game/AtmosphericHouse/Enums/E_Floors.E_Floors'
[2025.04.04-23.04.51:927][439]LogEnum: Warning: Enum name collision: 'E_Floors::NewEnumerator19' is in both '/Game/ElectricalStation/AtmosphericHouse/Enums/E_Floors.E_Floors' and '/Game/AtmosphericHouse/Enums/E_Floors.E_Floors'
[2025.04.04-23.04.51:927][439]LogEnum: Warning: Enum name collision: 'E_Floors::NewEnumerator25' is in both '/Game/ElectricalStation/AtmosphericHouse/Enums/E_Floors.E_Floors' and '/Game/AtmosphericHouse/Enums/E_Floors.E_Floors'
[2025.04.04-23.04.51:927][439]LogEnum: Warning: Enum name collision: 'E_Floors::NewEnumerator43' is in both '/Game/ElectricalStation/AtmosphericHouse/Enums/E_Floors.E_Floors' and '/Game/AtmosphericHouse/Enums/E_Floors.E_Floors'
[2025.04.04-23.04.51:927][439]LogEnum: Warning: Enum name collision: 'E_Floors::NewEnumerator44' is in both '/Game/ElectricalStation/AtmosphericHouse/Enums/E_Floors.E_Floors' and '/Game/AtmosphericHouse/Enums/E_Floors.E_Floors'
[2025.04.04-23.04.51:927][439]LogEnum: Warning: Enum name collision: 'E_Floors::NewEnumerator45' is in both '/Game/ElectricalStation/AtmosphericHouse/Enums/E_Floors.E_Floors' and '/Game/AtmosphericHouse/Enums/E_Floors.E_Floors'
[2025.04.04-23.04.51:927][439]LogEnum: Warning: Enum name collision: 'E_Floors::NewEnumerator46' is in both '/Game/ElectricalStation/AtmosphericHouse/Enums/E_Floors.E_Floors' and '/Game/AtmosphericHouse/Enums/E_Floors.E_Floors'
[2025.04.04-23.04.51:927][439]LogEnum: Warning: Enum name collision: 'E_Floors::NewEnumerator47' is in both '/Game/ElectricalStation/AtmosphericHouse/Enums/E_Floors.E_Floors' and '/Game/AtmosphericHouse/Enums/E_Floors.E_Floors'
[2025.04.04-23.04.51:927][439]LogEnum: Warning: Enum name collision: 'E_Floors::NewEnumerator48' is in both '/Game/ElectricalStation/AtmosphericHouse/Enums/E_Floors.E_Floors' and '/Game/AtmosphericHouse/Enums/E_Floors.E_Floors'
[2025.04.04-23.04.51:927][439]LogEnum: Warning: Enum name collision: 'E_Floors::NewEnumerator49' is in both '/Game/ElectricalStation/AtmosphericHouse/Enums/E_Floors.E_Floors' and '/Game/AtmosphericHouse/Enums/E_Floors.E_Floors'
[2025.04.04-23.04.51:927][439]LogEnum: Warning: Enum name collision: 'E_Floors::NewEnumerator50' is in both '/Game/ElectricalStation/AtmosphericHouse/Enums/E_Floors.E_Floors' and '/Game/AtmosphericHouse/Enums/E_Floors.E_Floors'
[2025.04.04-23.04.51:927][439]LogEnum: Warning: Enum name collision: 'E_Floors::NewEnumerator51' is in both '/Game/ElectricalStation/AtmosphericHouse/Enums/E_Floors.E_Floors' and '/Game/AtmosphericHouse/Enums/E_Floors.E_Floors'
[2025.04.04-23.04.52:211][439]LogEnum: Warning: Enum name collision: 'E_Floors::NewEnumerator19' is in both '/Game/SuburbNeighborhoodHousePack/Enums/E_Floors.E_Floors' and '/Game/AtmosphericHouse/Enums/E_Floors.E_Floors'
[2025.04.04-23.04.52:211][439]LogEnum: Warning: Enum name collision: 'E_Floors::NewEnumerator25' is in both '/Game/SuburbNeighborhoodHousePack/Enums/E_Floors.E_Floors' and '/Game/AtmosphericHouse/Enums/E_Floors.E_Floors'
[2025.04.04-23.04.52:211][439]LogEnum: Warning: Enum name collision: 'E_Floors::NewEnumerator19' is in both '/Game/SuburbNeighborhoodHousePack/Enums/E_Floors.E_Floors' and '/Game/AtmosphericHouse/Enums/E_Floors.E_Floors'
[2025.04.04-23.04.52:211][439]LogEnum: Warning: Enum name collision: 'E_Floors::NewEnumerator25' is in both '/Game/SuburbNeighborhoodHousePack/Enums/E_Floors.E_Floors' and '/Game/AtmosphericHouse/Enums/E_Floors.E_Floors'
[2025.04.04-23.04.52:358][439]LogEnum: Warning: Enum name collision: 'E_Ceiling_3x3_broken::NewEnumerator19' is in both '/Game/UnderwaterHouse/Enums/E_Ceiling_3x3_broken.E_Ceiling_3x3_broken' and '/Game/AtmosphericHouse/Enums/E_Ceiling_3x3_broken.E_Ceiling_3x3_broken'
[2025.04.04-23.04.52:358][439]LogEnum: Warning: Enum name collision: 'E_Ceiling_3x3_broken::NewEnumerator25' is in both '/Game/UnderwaterHouse/Enums/E_Ceiling_3x3_broken.E_Ceiling_3x3_broken' and '/Game/AtmosphericHouse/Enums/E_Ceiling_3x3_broken.E_Ceiling_3x3_broken'
[2025.04.04-23.04.52:358][439]LogEnum: Warning: Enum name collision: 'E_Ceiling_3x3_broken::NewEnumerator54' is in both '/Game/UnderwaterHouse/Enums/E_Ceiling_3x3_broken.E_Ceiling_3x3_broken' and '/Game/AtmosphericHouse/Enums/E_Ceiling_3x3_broken.E_Ceiling_3x3_broken'
[2025.04.04-23.04.52:358][439]LogEnum: Warning: Enum name collision: 'E_Ceiling_3x3_broken::NewEnumerator19' is in both '/Game/UnderwaterHouse/Enums/E_Ceiling_3x3_broken.E_Ceiling_3x3_broken' and '/Game/AtmosphericHouse/Enums/E_Ceiling_3x3_broken.E_Ceiling_3x3_broken'
[2025.04.04-23.04.52:358][439]LogEnum: Warning: Enum name collision: 'E_Ceiling_3x3_broken::NewEnumerator25' is in both '/Game/UnderwaterHouse/Enums/E_Ceiling_3x3_broken.E_Ceiling_3x3_broken' and '/Game/AtmosphericHouse/Enums/E_Ceiling_3x3_broken.E_Ceiling_3x3_broken'
[2025.04.04-23.04.52:358][439]LogEnum: Warning: Enum name collision: 'E_Ceiling_3x3_broken::NewEnumerator54' is in both '/Game/UnderwaterHouse/Enums/E_Ceiling_3x3_broken.E_Ceiling_3x3_broken' and '/Game/AtmosphericHouse/Enums/E_Ceiling_3x3_broken.E_Ceiling_3x3_broken'
[2025.04.04-23.04.52:364][439]LogEnum: Warning: Enum name collision: 'E_Ceiling_6x6_broken::NewEnumerator19' is in both '/Game/UnderwaterHouse/Enums/E_Ceiling_6x6_broken.E_Ceiling_6x6_broken' and '/Game/AtmosphericHouse/Enums/E_Ceiling_6x6_broken.E_Ceiling_6x6_broken'
[2025.04.04-23.04.52:364][439]LogEnum: Warning: Enum name collision: 'E_Ceiling_6x6_broken::NewEnumerator25' is in both '/Game/UnderwaterHouse/Enums/E_Ceiling_6x6_broken.E_Ceiling_6x6_broken' and '/Game/AtmosphericHouse/Enums/E_Ceiling_6x6_broken.E_Ceiling_6x6_broken'
[2025.04.04-23.04.52:364][439]LogEnum: Warning: Enum name collision: 'E_Ceiling_6x6_broken::NewEnumerator19' is in both '/Game/UnderwaterHouse/Enums/E_Ceiling_6x6_broken.E_Ceiling_6x6_broken' and '/Game/AtmosphericHouse/Enums/E_Ceiling_6x6_broken.E_Ceiling_6x6_broken'
[2025.04.04-23.04.52:364][439]LogEnum: Warning: Enum name collision: 'E_Ceiling_6x6_broken::NewEnumerator25' is in both '/Game/UnderwaterHouse/Enums/E_Ceiling_6x6_broken.E_Ceiling_6x6_broken' and '/Game/AtmosphericHouse/Enums/E_Ceiling_6x6_broken.E_Ceiling_6x6_broken'
[2025.04.04-23.04.52:370][439]LogEnum: Warning: Enum name collision: 'E_Floors::NewEnumerator19' is in both '/Game/UnderwaterHouse/Enums/E_Floors.E_Floors' and '/Game/AtmosphericHouse/Enums/E_Floors.E_Floors'
[2025.04.04-23.04.52:370][439]LogEnum: Warning: Enum name collision: 'E_Floors::NewEnumerator25' is in both '/Game/UnderwaterHouse/Enums/E_Floors.E_Floors' and '/Game/AtmosphericHouse/Enums/E_Floors.E_Floors'
[2025.04.04-23.04.52:370][439]LogEnum: Warning: Enum name collision: 'E_Floors::NewEnumerator43' is in both '/Game/UnderwaterHouse/Enums/E_Floors.E_Floors' and '/Game/AtmosphericHouse/Enums/E_Floors.E_Floors'
[2025.04.04-23.04.52:370][439]LogEnum: Warning: Enum name collision: 'E_Floors::NewEnumerator44' is in both '/Game/UnderwaterHouse/Enums/E_Floors.E_Floors' and '/Game/AtmosphericHouse/Enums/E_Floors.E_Floors'
[2025.04.04-23.04.52:370][439]LogEnum: Warning: Enum name collision: 'E_Floors::NewEnumerator45' is in both '/Game/UnderwaterHouse/Enums/E_Floors.E_Floors' and '/Game/AtmosphericHouse/Enums/E_Floors.E_Floors'
[2025.04.04-23.04.52:370][439]LogEnum: Warning: Enum name collision: 'E_Floors::NewEnumerator46' is in both '/Game/UnderwaterHouse/Enums/E_Floors.E_Floors' and '/Game/AtmosphericHouse/Enums/E_Floors.E_Floors'
[2025.04.04-23.04.52:370][439]LogEnum: Warning: Enum name collision: 'E_Floors::NewEnumerator47' is in both '/Game/UnderwaterHouse/Enums/E_Floors.E_Floors' and '/Game/AtmosphericHouse/Enums/E_Floors.E_Floors'
[2025.04.04-23.04.52:370][439]LogEnum: Warning: Enum name collision: 'E_Floors::NewEnumerator48' is in both '/Game/UnderwaterHouse/Enums/E_Floors.E_Floors' and '/Game/AtmosphericHouse/Enums/E_Floors.E_Floors'
[2025.04.04-23.04.52:370][439]LogEnum: Warning: Enum name collision: 'E_Floors::NewEnumerator49' is in both '/Game/UnderwaterHouse/Enums/E_Floors.E_Floors' and '/Game/AtmosphericHouse/Enums/E_Floors.E_Floors'
[2025.04.04-23.04.52:370][439]LogEnum: Warning: Enum name collision: 'E_Floors::NewEnumerator50' is in both '/Game/UnderwaterHouse/Enums/E_Floors.E_Floors' and '/Game/AtmosphericHouse/Enums/E_Floors.E_Floors'
[2025.04.04-23.04.52:370][439]LogEnum: Warning: Enum name collision: 'E_Floors::NewEnumerator51' is in both '/Game/UnderwaterHouse/Enums/E_Floors.E_Floors' and '/Game/AtmosphericHouse/Enums/E_Floors.E_Floors'
[2025.04.04-23.04.52:370][439]LogEnum: Warning: Enum name collision: 'E_Floors::NewEnumerator19' is in both '/Game/UnderwaterHouse/Enums/E_Floors.E_Floors' and '/Game/AtmosphericHouse/Enums/E_Floors.E_Floors'
[2025.04.04-23.04.52:370][439]LogEnum: Warning: Enum name collision: 'E_Floors::NewEnumerator25' is in both '/Game/UnderwaterHouse/Enums/E_Floors.E_Floors' and '/Game/AtmosphericHouse/Enums/E_Floors.E_Floors'
[2025.04.04-23.04.52:370][439]LogEnum: Warning: Enum name collision: 'E_Floors::NewEnumerator43' is in both '/Game/UnderwaterHouse/Enums/E_Floors.E_Floors' and '/Game/AtmosphericHouse/Enums/E_Floors.E_Floors'
[2025.04.04-23.04.52:370][439]LogEnum: Warning: Enum name collision: 'E_Floors::NewEnumerator44' is in both '/Game/UnderwaterHouse/Enums/E_Floors.E_Floors' and '/Game/AtmosphericHouse/Enums/E_Floors.E_Floors'
[2025.04.04-23.04.52:370][439]LogEnum: Warning: Enum name collision: 'E_Floors::NewEnumerator45' is in both '/Game/UnderwaterHouse/Enums/E_Floors.E_Floors' and '/Game/AtmosphericHouse/Enums/E_Floors.E_Floors'
[2025.04.04-23.04.52:370][439]LogEnum: Warning: Enum name collision: 'E_Floors::NewEnumerator46' is in both '/Game/UnderwaterHouse/Enums/E_Floors.E_Floors' and '/Game/AtmosphericHouse/Enums/E_Floors.E_Floors'
[2025.04.04-23.04.52:370][439]LogEnum: Warning: Enum name collision: 'E_Floors::NewEnumerator47' is in both '/Game/UnderwaterHouse/Enums/E_Floors.E_Floors' and '/Game/AtmosphericHouse/Enums/E_Floors.E_Floors'
[2025.04.04-23.04.52:370][439]LogEnum: Warning: Enum name collision: 'E_Floors::NewEnumerator48' is in both '/Game/UnderwaterHouse/Enums/E_Floors.E_Floors' and '/Game/AtmosphericHouse/Enums/E_Floors.E_Floors'
[2025.04.04-23.04.52:370][439]LogEnum: Warning: Enum name collision: 'E_Floors::NewEnumerator49' is in both '/Game/UnderwaterHouse/Enums/E_Floors.E_Floors' and '/Game/AtmosphericHouse/Enums/E_Floors.E_Floors'
[2025.04.04-23.04.52:370][439]LogEnum: Warning: Enum name collision: 'E_Floors::NewEnumerator50' is in both '/Game/UnderwaterHouse/Enums/E_Floors.E_Floors' and '/Game/AtmosphericHouse/Enums/E_Floors.E_Floors'
[2025.04.04-23.04.52:370][439]LogEnum: Warning: Enum name collision: 'E_Floors::NewEnumerator51' is in both '/Game/UnderwaterHouse/Enums/E_Floors.E_Floors' and '/Game/AtmosphericHouse/Enums/E_Floors.E_Floors'
[2025.04.04-23.04.52:376][439]LogEnum: Warning: Enum name collision: 'E_WallIn::NewEnumerator19' is in both '/Game/UnderwaterHouse/Enums/E_WallIn.E_WallIn' and '/Game/AtmosphericHouse/Enums/E_WallIn.E_WallIn'
[2025.04.04-23.04.52:376][439]LogEnum: Warning: Enum name collision: 'E_WallIn::NewEnumerator25' is in both '/Game/UnderwaterHouse/Enums/E_WallIn.E_WallIn' and '/Game/AtmosphericHouse/Enums/E_WallIn.E_WallIn'
[2025.04.04-23.04.52:376][439]LogEnum: Warning: Enum name collision: 'E_WallIn::NewEnumerator26' is in both '/Game/UnderwaterHouse/Enums/E_WallIn.E_WallIn' and '/Game/AtmosphericHouse/Enums/E_WallIn.E_WallIn'
[2025.04.04-23.04.52:376][439]LogEnum: Warning: Enum name collision: 'E_WallIn::NewEnumerator27' is in both '/Game/UnderwaterHouse/Enums/E_WallIn.E_WallIn' and '/Game/AtmosphericHouse/Enums/E_WallIn.E_WallIn'
[2025.04.04-23.04.52:376][439]LogEnum: Warning: Enum name collision: 'E_WallIn::NewEnumerator28' is in both '/Game/UnderwaterHouse/Enums/E_WallIn.E_WallIn' and '/Game/AtmosphericHouse/Enums/E_WallIn.E_WallIn'
[2025.04.04-23.04.52:376][439]LogEnum: Warning: Enum name collision: 'E_WallIn::NewEnumerator29' is in both '/Game/UnderwaterHouse/Enums/E_WallIn.E_WallIn' and '/Game/AtmosphericHouse/Enums/E_WallIn.E_WallIn'
[2025.04.04-23.04.52:376][439]LogEnum: Warning: Enum name collision: 'E_WallIn::NewEnumerator30' is in both '/Game/UnderwaterHouse/Enums/E_WallIn.E_WallIn' and '/Game/AtmosphericHouse/Enums/E_WallIn.E_WallIn'
[2025.04.04-23.04.52:376][439]LogEnum: Warning: Enum name collision: 'E_WallIn::NewEnumerator31' is in both '/Game/UnderwaterHouse/Enums/E_WallIn.E_WallIn' and '/Game/AtmosphericHouse/Enums/E_WallIn.E_WallIn'
[2025.04.04-23.04.52:376][439]LogEnum: Warning: Enum name collision: 'E_WallIn::NewEnumerator32' is in both '/Game/UnderwaterHouse/Enums/E_WallIn.E_WallIn' and '/Game/AtmosphericHouse/Enums/E_WallIn.E_WallIn'
[2025.04.04-23.04.52:376][439]LogEnum: Warning: Enum name collision: 'E_WallIn::NewEnumerator33' is in both '/Game/UnderwaterHouse/Enums/E_WallIn.E_WallIn' and '/Game/AtmosphericHouse/Enums/E_WallIn.E_WallIn'
[2025.04.04-23.04.52:376][439]LogEnum: Warning: Enum name collision: 'E_WallIn::NewEnumerator34' is in both '/Game/UnderwaterHouse/Enums/E_WallIn.E_WallIn' and '/Game/AtmosphericHouse/Enums/E_WallIn.E_WallIn'
[2025.04.04-23.04.52:376][439]LogEnum: Warning: Enum name collision: 'E_WallIn::NewEnumerator35' is in both '/Game/UnderwaterHouse/Enums/E_WallIn.E_WallIn' and '/Game/AtmosphericHouse/Enums/E_WallIn.E_WallIn'
[2025.04.04-23.04.52:376][439]LogEnum: Warning: Enum name collision: 'E_WallIn::NewEnumerator36' is in both '/Game/UnderwaterHouse/Enums/E_WallIn.E_WallIn' and '/Game/AtmosphericHouse/Enums/E_WallIn.E_WallIn'
[2025.04.04-23.04.52:376][439]LogEnum: Warning: Enum name collision: 'E_WallIn::NewEnumerator37' is in both '/Game/UnderwaterHouse/Enums/E_WallIn.E_WallIn' and '/Game/AtmosphericHouse/Enums/E_WallIn.E_WallIn'
[2025.04.04-23.04.52:376][439]LogEnum: Warning: Enum name collision: 'E_WallIn::NewEnumerator38' is in both '/Game/UnderwaterHouse/Enums/E_WallIn.E_WallIn' and '/Game/AtmosphericHouse/Enums/E_WallIn.E_WallIn'
[2025.04.04-23.04.52:376][439]LogEnum: Warning: Enum name collision: 'E_WallIn::NewEnumerator39' is in both '/Game/UnderwaterHouse/Enums/E_WallIn.E_WallIn' and '/Game/AtmosphericHouse/Enums/E_WallIn.E_WallIn'
[2025.04.04-23.04.52:376][439]LogEnum: Warning: Enum name collision: 'E_WallIn::NewEnumerator40' is in both '/Game/UnderwaterHouse/Enums/E_WallIn.E_WallIn' and '/Game/AtmosphericHouse/Enums/E_WallIn.E_WallIn'
[2025.04.04-23.04.52:376][439]LogEnum: Warning: Enum name collision: 'E_WallIn::NewEnumerator41' is in both '/Game/UnderwaterHouse/Enums/E_WallIn.E_WallIn' and '/Game/AtmosphericHouse/Enums/E_WallIn.E_WallIn'
[2025.04.04-23.04.52:376][439]LogEnum: Warning: Enum name collision: 'E_WallIn::NewEnumerator42' is in both '/Game/UnderwaterHouse/Enums/E_WallIn.E_WallIn' and '/Game/AtmosphericHouse/Enums/E_WallIn.E_WallIn'
[2025.04.04-23.04.52:376][439]LogEnum: Warning: Enum name collision: 'E_WallIn::NewEnumerator19' is in both '/Game/UnderwaterHouse/Enums/E_WallIn.E_WallIn' and '/Game/AtmosphericHouse/Enums/E_WallIn.E_WallIn'
[2025.04.04-23.04.52:376][439]LogEnum: Warning: Enum name collision: 'E_WallIn::NewEnumerator25' is in both '/Game/UnderwaterHouse/Enums/E_WallIn.E_WallIn' and '/Game/AtmosphericHouse/Enums/E_WallIn.E_WallIn'
[2025.04.04-23.04.52:376][439]LogEnum: Warning: Enum name collision: 'E_WallIn::NewEnumerator26' is in both '/Game/UnderwaterHouse/Enums/E_WallIn.E_WallIn' and '/Game/AtmosphericHouse/Enums/E_WallIn.E_WallIn'
[2025.04.04-23.04.52:376][439]LogEnum: Warning: Enum name collision: 'E_WallIn::NewEnumerator27' is in both '/Game/UnderwaterHouse/Enums/E_WallIn.E_WallIn' and '/Game/AtmosphericHouse/Enums/E_WallIn.E_WallIn'
[2025.04.04-23.04.52:376][439]LogEnum: Warning: Enum name collision: 'E_WallIn::NewEnumerator28' is in both '/Game/UnderwaterHouse/Enums/E_WallIn.E_WallIn' and '/Game/AtmosphericHouse/Enums/E_WallIn.E_WallIn'
[2025.04.04-23.04.52:376][439]LogEnum: Warning: Enum name collision: 'E_WallIn::NewEnumerator29' is in both '/Game/UnderwaterHouse/Enums/E_WallIn.E_WallIn' and '/Game/AtmosphericHouse/Enums/E_WallIn.E_WallIn'
[2025.04.04-23.04.52:376][439]LogEnum: Warning: Enum name collision: 'E_WallIn::NewEnumerator30' is in both '/Game/UnderwaterHouse/Enums/E_WallIn.E_WallIn' and '/Game/AtmosphericHouse/Enums/E_WallIn.E_WallIn'
[2025.04.04-23.04.52:376][439]LogEnum: Warning: Enum name collision: 'E_WallIn::NewEnumerator31' is in both '/Game/UnderwaterHouse/Enums/E_WallIn.E_WallIn' and '/Game/AtmosphericHouse/Enums/E_WallIn.E_WallIn'
[2025.04.04-23.04.52:376][439]LogEnum: Warning: Enum name collision: 'E_WallIn::NewEnumerator32' is in both '/Game/UnderwaterHouse/Enums/E_WallIn.E_WallIn' and '/Game/AtmosphericHouse/Enums/E_WallIn.E_WallIn'
[2025.04.04-23.04.52:376][439]LogEnum: Warning: Enum name collision: 'E_WallIn::NewEnumerator33' is in both '/Game/UnderwaterHouse/Enums/E_WallIn.E_WallIn' and '/Game/AtmosphericHouse/Enums/E_WallIn.E_WallIn'
[2025.04.04-23.04.52:376][439]LogEnum: Warning: Enum name collision: 'E_WallIn::NewEnumerator34' is in both '/Game/UnderwaterHouse/Enums/E_WallIn.E_WallIn' and '/Game/AtmosphericHouse/Enums/E_WallIn.E_WallIn'
[2025.04.04-23.04.52:376][439]LogEnum: Warning: Enum name collision: 'E_WallIn::NewEnumerator35' is in both '/Game/UnderwaterHouse/Enums/E_WallIn.E_WallIn' and '/Game/AtmosphericHouse/Enums/E_WallIn.E_WallIn'
[2025.04.04-23.04.52:376][439]LogEnum: Warning: Enum name collision: 'E_WallIn::NewEnumerator36' is in both '/Game/UnderwaterHouse/Enums/E_WallIn.E_WallIn' and '/Game/AtmosphericHouse/Enums/E_WallIn.E_WallIn'
[2025.04.04-23.04.52:376][439]LogEnum: Warning: Enum name collision: 'E_WallIn::NewEnumerator37' is in both '/Game/UnderwaterHouse/Enums/E_WallIn.E_WallIn' and '/Game/AtmosphericHouse/Enums/E_WallIn.E_WallIn'
[2025.04.04-23.04.52:376][439]LogEnum: Warning: Enum name collision: 'E_WallIn::NewEnumerator38' is in both '/Game/UnderwaterHouse/Enums/E_WallIn.E_WallIn' and '/Game/AtmosphericHouse/Enums/E_WallIn.E_WallIn'
[2025.04.04-23.04.52:376][439]LogEnum: Warning: Enum name collision: 'E_WallIn::NewEnumerator39' is in both '/Game/UnderwaterHouse/Enums/E_WallIn.E_WallIn' and '/Game/AtmosphericHouse/Enums/E_WallIn.E_WallIn'
[2025.04.04-23.04.52:376][439]LogEnum: Warning: Enum name collision: 'E_WallIn::NewEnumerator40' is in both '/Game/UnderwaterHouse/Enums/E_WallIn.E_WallIn' and '/Game/AtmosphericHouse/Enums/E_WallIn.E_WallIn'
[2025.04.04-23.04.52:376][439]LogEnum: Warning: Enum name collision: 'E_WallIn::NewEnumerator41' is in both '/Game/UnderwaterHouse/Enums/E_WallIn.E_WallIn' and '/Game/AtmosphericHouse/Enums/E_WallIn.E_WallIn'
[2025.04.04-23.04.52:376][439]LogEnum: Warning: Enum name collision: 'E_WallIn::NewEnumerator42' is in both '/Game/UnderwaterHouse/Enums/E_WallIn.E_WallIn' and '/Game/AtmosphericHouse/Enums/E_WallIn.E_WallIn'
[2025.04.04-23.04.52:382][439]LogEnum: Warning: Enum name collision: 'E_WallOut::NewEnumerator25' is in both '/Game/UnderwaterHouse/Enums/E_WallOut.E_WallOut' and '/Game/AtmosphericHouse/Enums/E_WallOut.E_WallOut'
[2025.04.04-23.04.52:382][439]LogEnum: Warning: Enum name collision: 'E_WallOut::NewEnumerator26' is in both '/Game/UnderwaterHouse/Enums/E_WallOut.E_WallOut' and '/Game/AtmosphericHouse/Enums/E_WallOut.E_WallOut'
[2025.04.04-23.04.52:382][439]LogEnum: Warning: Enum name collision: 'E_WallOut::NewEnumerator27' is in both '/Game/UnderwaterHouse/Enums/E_WallOut.E_WallOut' and '/Game/AtmosphericHouse/Enums/E_WallOut.E_WallOut'
[2025.04.04-23.04.52:382][439]LogEnum: Warning: Enum name collision: 'E_WallOut::NewEnumerator28' is in both '/Game/UnderwaterHouse/Enums/E_WallOut.E_WallOut' and '/Game/AtmosphericHouse/Enums/E_WallOut.E_WallOut'
[2025.04.04-23.04.52:382][439]LogEnum: Warning: Enum name collision: 'E_WallOut::NewEnumerator29' is in both '/Game/UnderwaterHouse/Enums/E_WallOut.E_WallOut' and '/Game/AtmosphericHouse/Enums/E_WallOut.E_WallOut'
[2025.04.04-23.04.52:383][439]LogEnum: Warning: Enum name collision: 'E_WallOut::NewEnumerator30' is in both '/Game/UnderwaterHouse/Enums/E_WallOut.E_WallOut' and '/Game/AtmosphericHouse/Enums/E_WallOut.E_WallOut'
[2025.04.04-23.04.52:383][439]LogEnum: Warning: Enum name collision: 'E_WallOut::NewEnumerator31' is in both '/Game/UnderwaterHouse/Enums/E_WallOut.E_WallOut' and '/Game/AtmosphericHouse/Enums/E_WallOut.E_WallOut'
[2025.04.04-23.04.52:383][439]LogEnum: Warning: Enum name collision: 'E_WallOut::NewEnumerator32' is in both '/Game/UnderwaterHouse/Enums/E_WallOut.E_WallOut' and '/Game/AtmosphericHouse/Enums/E_WallOut.E_WallOut'
[2025.04.04-23.04.52:383][439]LogEnum: Warning: Enum name collision: 'E_WallOut::NewEnumerator33' is in both '/Game/UnderwaterHouse/Enums/E_WallOut.E_WallOut' and '/Game/AtmosphericHouse/Enums/E_WallOut.E_WallOut'
[2025.04.04-23.04.52:383][439]LogEnum: Warning: Enum name collision: 'E_WallOut::NewEnumerator34' is in both '/Game/UnderwaterHouse/Enums/E_WallOut.E_WallOut' and '/Game/AtmosphericHouse/Enums/E_WallOut.E_WallOut'
[2025.04.04-23.04.52:383][439]LogEnum: Warning: Enum name collision: 'E_WallOut::NewEnumerator35' is in both '/Game/UnderwaterHouse/Enums/E_WallOut.E_WallOut' and '/Game/AtmosphericHouse/Enums/E_WallOut.E_WallOut'
[2025.04.04-23.04.52:383][439]LogEnum: Warning: Enum name collision: 'E_WallOut::NewEnumerator36' is in both '/Game/UnderwaterHouse/Enums/E_WallOut.E_WallOut' and '/Game/AtmosphericHouse/Enums/E_WallOut.E_WallOut'
[2025.04.04-23.04.52:383][439]LogEnum: Warning: Enum name collision: 'E_WallOut::NewEnumerator19' is in both '/Game/UnderwaterHouse/Enums/E_WallOut.E_WallOut' and '/Game/AtmosphericHouse/Enums/E_WallOut.E_WallOut'
[2025.04.04-23.04.52:383][439]LogEnum: Warning: Enum name collision: 'E_WallOut::NewEnumerator37' is in both '/Game/UnderwaterHouse/Enums/E_WallOut.E_WallOut' and '/Game/AtmosphericHouse/Enums/E_WallOut.E_WallOut'
[2025.04.04-23.04.52:383][439]LogEnum: Warning: Enum name collision: 'E_WallOut::NewEnumerator25' is in both '/Game/UnderwaterHouse/Enums/E_WallOut.E_WallOut' and '/Game/AtmosphericHouse/Enums/E_WallOut.E_WallOut'
[2025.04.04-23.04.52:383][439]LogEnum: Warning: Enum name collision: 'E_WallOut::NewEnumerator26' is in both '/Game/UnderwaterHouse/Enums/E_WallOut.E_WallOut' and '/Game/AtmosphericHouse/Enums/E_WallOut.E_WallOut'
[2025.04.04-23.04.52:383][439]LogEnum: Warning: Enum name collision: 'E_WallOut::NewEnumerator27' is in both '/Game/UnderwaterHouse/Enums/E_WallOut.E_WallOut' and '/Game/AtmosphericHouse/Enums/E_WallOut.E_WallOut'
[2025.04.04-23.04.52:383][439]LogEnum: Warning: Enum name collision: 'E_WallOut::NewEnumerator28' is in both '/Game/UnderwaterHouse/Enums/E_WallOut.E_WallOut' and '/Game/AtmosphericHouse/Enums/E_WallOut.E_WallOut'
[2025.04.04-23.04.52:383][439]LogEnum: Warning: Enum name collision: 'E_WallOut::NewEnumerator29' is in both '/Game/UnderwaterHouse/Enums/E_WallOut.E_WallOut' and '/Game/AtmosphericHouse/Enums/E_WallOut.E_WallOut'
[2025.04.04-23.04.52:383][439]LogEnum: Warning: Enum name collision: 'E_WallOut::NewEnumerator30' is in both '/Game/UnderwaterHouse/Enums/E_WallOut.E_WallOut' and '/Game/AtmosphericHouse/Enums/E_WallOut.E_WallOut'
[2025.04.04-23.04.52:383][439]LogEnum: Warning: Enum name collision: 'E_WallOut::NewEnumerator31' is in both '/Game/UnderwaterHouse/Enums/E_WallOut.E_WallOut' and '/Game/AtmosphericHouse/Enums/E_WallOut.E_WallOut'
[2025.04.04-23.04.52:383][439]LogEnum: Warning: Enum name collision: 'E_WallOut::NewEnumerator32' is in both '/Game/UnderwaterHouse/Enums/E_WallOut.E_WallOut' and '/Game/AtmosphericHouse/Enums/E_WallOut.E_WallOut'
[2025.04.04-23.04.52:383][439]LogEnum: Warning: Enum name collision: 'E_WallOut::NewEnumerator33' is in both '/Game/UnderwaterHouse/Enums/E_WallOut.E_WallOut' and '/Game/AtmosphericHouse/Enums/E_WallOut.E_WallOut'
[2025.04.04-23.04.52:383][439]LogEnum: Warning: Enum name collision: 'E_WallOut::NewEnumerator34' is in both '/Game/UnderwaterHouse/Enums/E_WallOut.E_WallOut' and '/Game/AtmosphericHouse/Enums/E_WallOut.E_WallOut'
[2025.04.04-23.04.52:383][439]LogEnum: Warning: Enum name collision: 'E_WallOut::NewEnumerator35' is in both '/Game/UnderwaterHouse/Enums/E_WallOut.E_WallOut' and '/Game/AtmosphericHouse/Enums/E_WallOut.E_WallOut'
[2025.04.04-23.04.52:383][439]LogEnum: Warning: Enum name collision: 'E_WallOut::NewEnumerator36' is in both '/Game/UnderwaterHouse/Enums/E_WallOut.E_WallOut' and '/Game/AtmosphericHouse/Enums/E_WallOut.E_WallOut'
[2025.04.04-23.04.52:383][439]LogEnum: Warning: Enum name collision: 'E_WallOut::NewEnumerator19' is in both '/Game/UnderwaterHouse/Enums/E_WallOut.E_WallOut' and '/Game/AtmosphericHouse/Enums/E_WallOut.E_WallOut'
[2025.04.04-23.04.52:383][439]LogEnum: Warning: Enum name collision: 'E_WallOut::NewEnumerator37' is in both '/Game/UnderwaterHouse/Enums/E_WallOut.E_WallOut' and '/Game/AtmosphericHouse/Enums/E_WallOut.E_WallOut'
[2025.04.04-23.04.53:213][439]LogNativeClassHierarchy: Verbose: Native class hierarchy updated for 'BlueprintGraph' in 0.0008 seconds. Added 126 classes and 0 folders.
[2025.04.04-23.04.54:424][439]LogSlate: Took 0.007719 seconds to synchronously load lazily loaded font '../../../Engine/Content/Slate/Fonts/Roboto-BoldCondensed.ttf' (158K)
[2025.04.04-23.04.54:609][440]LogSlate: Took 0.044341 seconds to synchronously load lazily loaded font '../../../Engine/Content/Slate/Fonts/Roboto-Italic.ttf' (157K)
[2025.04.04-23.07.11:842][262]LogUObjectHash: Compacting FUObjectHashTables data took   3.36ms
[2025.04.04-23.07.11:879][262]LogWorld: UWorld::CleanupWorld for World_0, bSessionEnded=true, bCleanupResources=true
[2025.04.04-23.07.11:879][262]LogSlate: InvalidateAllWidgets triggered.  All widgets were invalidated
[2025.04.04-23.07.11:976][262]LogSlate: Window 'EscapeTheBackrooms - Unreal Editor' being destroyed
[2025.04.04-23.07.12:089][262]LogBlueprintAssist: Asset closed PYINS_Level52Manager
[2025.04.04-23.07.12:092][263]Cmd: QUIT_EDITOR
[2025.04.04-23.07.12:092][263]LogCore: Engine exit requested (reason: UUnrealEdEngine::CloseEditor())
[2025.04.04-23.07.12:095][263]LogCore: Engine exit requested (reason: EngineExit() was called; note: exit was already requested)
[2025.04.04-23.07.12:103][263]LogAudio: Display: Beginning Audio Device Manager Shutdown (Module: AudioMixerXAudio2)...
[2025.04.04-23.07.12:103][263]LogAudio: Display: Destroying 1 Remaining Audio Device(s)...
[2025.04.04-23.07.12:103][263]LogAudio: Display: Audio Device unregistered from world 'Untitled_1'.
[2025.04.04-23.07.12:105][263]LogAudioMixer: FMixerPlatformXAudio2::StopAudioStream() called
[2025.04.04-23.07.12:107][263]LogAudioMixer: FMixerPlatformXAudio2::StopAudioStream() called
[2025.04.04-23.07.12:112][263]LogAudio: Display: Audio Device Manager Shutdown
[2025.04.04-23.07.12:117][263]LogWindowsTextInputMethodSystem: Display: IME system deactivated.
[2025.04.04-23.07.12:120][263]LogExit: Preparing to exit.
[2025.04.04-23.07.12:121][263]LogAutoSizeComments: Saved cache to C:/Program Files/Epic Games/UE_4.27/Engine/Plugins/Marketplace/AutoSizeComments/ASCCache/BE81413D4B2A357553DD24A65DAB0684.json took   1.14ms
[2025.04.04-23.07.12:123][263]LogBlueprintAssist: Saved node cache to ../../../../../../Users/Playeroth/Documents/EscapeTheBackrooms--Mods/MainMod/Plugins/BlueprintAssist/NodeSizeCache/BE81413D4B2A357553DD24A65DAB0684.json
[2025.04.04-23.07.12:152][263]LogUObjectHash: Compacting FUObjectHashTables data took   2.27ms
[2025.04.04-23.07.13:142][263]LogDemo: Cleaned up 0 splitscreen connections with owner deletion
[2025.04.04-23.07.13:160][263]LogWorld: UWorld::CleanupWorld for None, bSessionEnded=true, bCleanupResources=true
[2025.04.04-23.07.13:161][263]LogExit: Editor shut down
[2025.04.04-23.07.13:161][263]LogExit: Transaction tracking system shut down
[2025.04.04-23.07.13:470][263]LogExit: Object subsystem successfully closed.
[2025.04.04-23.07.13:486][263]LogShaderCompilers: Display: === FShaderJobCache stats ===
[2025.04.04-23.07.13:486][263]LogShaderCompilers: Display: Total job queries 0, among them cache hits 0 (0.00%)
[2025.04.04-23.07.13:486][263]LogShaderCompilers: Display: Tracking 0 distinct input hashes that result in 0 distinct outputs (0.00%)
[2025.04.04-23.07.13:486][263]LogShaderCompilers: Display: RAM used: 0.00 MB (0.00 GB) of 819.20 MB (0.80 GB) budget. Usage: 0.00%
[2025.04.04-23.07.13:486][263]LogShaderCompilers: Display: ================================================
[2025.04.04-23.07.13:505][263]LogShaderCompilers: Display: Shaders left to compile 0
[2025.04.04-23.07.13:584][263]LogModuleManager: Shutting down and abandoning module BlueprintGraph (892)
[2025.04.04-23.07.13:584][263]LogModuleManager: Shutting down and abandoning module HierarchicalLODOutliner (890)
[2025.04.04-23.07.13:584][263]LogModuleManager: Shutting down and abandoning module SceneOutliner (888)
[2025.04.04-23.07.13:585][263]LogModuleManager: Shutting down and abandoning module AddContentDialog (886)
[2025.04.04-23.07.13:586][263]LogModuleManager: Shutting down and abandoning module WidgetCarousel (885)
[2025.04.04-23.07.13:586][263]LogModuleManager: Shutting down and abandoning module EditorWidgets (882)
[2025.04.04-23.07.13:586][263]LogModuleManager: Shutting down and abandoning module StatsViewer (880)
[2025.04.04-23.07.13:586][263]LogModuleManager: Shutting down and abandoning module PIEPreviewDeviceProfileSelector (878)
[2025.04.04-23.07.13:587][263]LogModuleManager: Shutting down and abandoning module SequenceRecorderSections (876)
[2025.04.04-23.07.13:587][263]LogModuleManager: Shutting down and abandoning module AutomationWorker (874)
[2025.04.04-23.07.13:587][263]LogModuleManager: Shutting down and abandoning module NodeGraphAssistant (872)
[2025.04.04-23.07.13:587][263]LogModuleManager: Shutting down and abandoning module SteamVREditor (870)
[2025.04.04-23.07.13:587][263]LogModuleManager: Shutting down and abandoning module OculusMR (868)
[2025.04.04-23.07.13:587][263]LogModuleManager: Shutting down and abandoning module OpenXRInput (866)
[2025.04.04-23.07.13:588][263]LogModuleManager: Shutting down and abandoning module GooglePADEditor (864)
[2025.04.04-23.07.13:588][263]LogModuleManager: Shutting down and abandoning module AudioCaptureEditor (862)
[2025.04.04-23.07.13:588][263]LogModuleManager: Shutting down and abandoning module TakeRecorderSources (860)
[2025.04.04-23.07.13:589][263]LogModuleManager: Shutting down and abandoning module TakeRecorder (859)
[2025.04.04-23.07.13:590][263]LogModuleManager: Shutting down and abandoning module TakeTrackRecorders (856)
[2025.04.04-23.07.13:590][263]LogModuleManager: Shutting down and abandoning module TakesCore (854)
[2025.04.04-23.07.13:590][263]LogModuleManager: Shutting down and abandoning module PlanarCut (852)
[2025.04.04-23.07.13:591][263]LogModuleManager: Shutting down and abandoning module CharacterAI (850)
[2025.04.04-23.07.13:591][263]LogModuleManager: Shutting down and abandoning module WmfMediaFactory (848)
[2025.04.04-23.07.13:591][263]LogModuleManager: Shutting down and abandoning module WmfMediaEditor (846)
[2025.04.04-23.07.13:591][263]LogModuleManager: Shutting down and abandoning module WebMMediaFactory (844)
[2025.04.04-23.07.13:591][263]LogModuleManager: Shutting down and abandoning module WebMMediaEditor (842)
[2025.04.04-23.07.13:591][263]LogModuleManager: Shutting down and abandoning module WebMMedia (840)
[2025.04.04-23.07.13:591][263]LogModuleManager: Shutting down and abandoning module MediaPlayerEditor (838)
[2025.04.04-23.07.13:591][263]LogModuleManager: Shutting down and abandoning module MediaCompositingEditor (836)
[2025.04.04-23.07.13:592][263]LogModuleManager: Shutting down and abandoning module SequenceRecorder (835)
[2025.04.04-23.07.13:592][263]LogModuleManager: Shutting down and abandoning module OpenExrWrapper (832)
[2025.04.04-23.07.13:592][263]LogModuleManager: Shutting down and abandoning module ImgMediaFactory (830)
[2025.04.04-23.07.13:592][263]LogModuleManager: Shutting down and abandoning module ImgMediaEditor (828)
[2025.04.04-23.07.13:592][263]LogModuleManager: Shutting down and abandoning module AvfMediaFactory (826)
[2025.04.04-23.07.13:592][263]LogModuleManager: Shutting down and abandoning module AvfMediaEditor (824)
[2025.04.04-23.07.13:592][263]LogModuleManager: Shutting down and abandoning module AndroidMediaFactory (822)
[2025.04.04-23.07.13:592][263]LogModuleManager: Shutting down and abandoning module AndroidMediaEditor (820)
[2025.04.04-23.07.13:592][263]LogModuleManager: Shutting down and abandoning module TemplateSequenceEditor (818)
[2025.04.04-23.07.13:592][263]LogModuleManager: Shutting down and abandoning module MatineeToLevelSequence (816)
[2025.04.04-23.07.13:593][263]LogModuleManager: Shutting down and abandoning module LevelSequenceEditor (814)
[2025.04.04-23.07.13:594][263]LogModuleManager: Shutting down and abandoning module ActorSequenceEditor (812)
[2025.04.04-23.07.13:595][263]LogModuleManager: Shutting down and abandoning module MagicLeapMediaCodecFactory (810)
[2025.04.04-23.07.13:595][263]LogModuleManager: Shutting down and abandoning module MagicLeapMediaFactory (808)
[2025.04.04-23.07.13:595][263]LogModuleManager: Shutting down and abandoning module MagicLeapMediaEditor (806)
[2025.04.04-23.07.13:595][263]LogModuleManager: Shutting down and abandoning module TextureAlignMode (804)
[2025.04.04-23.07.13:595][263]LogModuleManager: Shutting down and abandoning module BspMode (802)
[2025.04.04-23.07.13:595][263]LogModuleManager: Shutting down and abandoning module GeometryMode (800)
[2025.04.04-23.07.13:595][263]LogModuleManager: Shutting down and abandoning module CameraShakePreviewer (798)
[2025.04.04-23.07.13:596][263]LogModuleManager: Shutting down and abandoning module SmartSnapping (796)
[2025.04.04-23.07.13:596][263]LogModuleManager: Shutting down and abandoning module SessionServices (794)
[2025.04.04-23.07.13:596][263]LogModuleManager: Shutting down and abandoning module MeshPaint (792)
[2025.04.04-23.07.13:597][263]LogModuleManager: Shutting down and abandoning module VirtualTexturingEditor (790)
[2025.04.04-23.07.13:597][263]LogModuleManager: Shutting down and abandoning module FoliageEdit (788)
[2025.04.04-23.07.13:598][263]LogModuleManager: Shutting down and abandoning module LandscapeEditor (786)
[2025.04.04-23.07.13:599][263]LogModuleManager: Shutting down and abandoning module MeshPaintMode (784)
[2025.04.04-23.07.13:599][263]LogModuleManager: Shutting down and abandoning module SceneDepthPickerMode (782)
[2025.04.04-23.07.13:599][263]LogModuleManager: Shutting down and abandoning module ActorPickerMode (780)
[2025.04.04-23.07.13:599][263]LogModuleManager: Shutting down and abandoning module PlacementMode (778)
[2025.04.04-23.07.13:599][263]LogModuleManager: Shutting down and abandoning module ViewportSnapping (776)
[2025.04.04-23.07.13:599][263]LogModuleManager: Shutting down and abandoning module ViewportInteraction (774)
[2025.04.04-23.07.13:599][263]LogModuleManager: Shutting down and abandoning module ClothPainter (772)
[2025.04.04-23.07.13:600][263]LogModuleManager: Shutting down and abandoning module SkeletalMeshEditor (771)
[2025.04.04-23.07.13:601][263]LogModuleManager: Shutting down and abandoning module LogVisualizer (768)
[2025.04.04-23.07.13:601][263]LogModuleManager: Shutting down and abandoning module IntroTutorials (766)
[2025.04.04-23.07.13:602][263]LogModuleManager: Shutting down and abandoning module GameProjectGeneration (765)
[2025.04.04-23.07.13:602][263]LogModuleManager: Shutting down and abandoning module LuminPlatformEditor (762)
[2025.04.04-23.07.13:602][263]LogModuleManager: Shutting down and abandoning module IOSPlatformEditor (760)
[2025.04.04-23.07.13:602][263]LogModuleManager: Shutting down and abandoning module AndroidPlatformEditor (758)
[2025.04.04-23.07.13:603][263]LogModuleManager: Shutting down and abandoning module AndroidDeviceDetection (757)
[2025.04.04-23.07.14:323][263]LogModuleManager: Shutting down and abandoning module WindowsPlatformEditor (754)
[2025.04.04-23.07.14:323][263]LogModuleManager: Shutting down and abandoning module LuminRuntimeSettings (752)
[2025.04.04-23.07.14:323][263]LogModuleManager: Shutting down and abandoning module IOSRuntimeSettings (750)
[2025.04.04-23.07.14:323][263]LogModuleManager: Shutting down and abandoning module AndroidRuntimeSettings (748)
[2025.04.04-23.07.14:324][263]LogModuleManager: Shutting down and abandoning module TraceInsights (746)
[2025.04.04-23.07.14:327][263]MemoryProfiler: Shutdown
[2025.04.04-23.07.14:327][263]NetworkingProfiler: Shutdown
[2025.04.04-23.07.14:327][263]LoadingProfiler: Shutdown
[2025.04.04-23.07.14:327][263]TimingProfiler: Shutdown
[2025.04.04-23.07.14:329][263]LogModuleManager: Shutting down and abandoning module TraceServices (745)
[2025.04.04-23.07.14:330][263]LogModuleManager: Shutting down and abandoning module EditorInteractiveToolsFramework (742)
[2025.04.04-23.07.14:330][263]LogModuleManager: Shutting down and abandoning module TimeManagementEditor (740)
[2025.04.04-23.07.14:330][263]LogModuleManager: Shutting down and abandoning module InputBindingEditor (738)
[2025.04.04-23.07.14:330][263]LogModuleManager: Shutting down and abandoning module MergeActors (736)
[2025.04.04-23.07.14:331][263]LogModuleManager: Shutting down and abandoning module LocalizationDashboard (734)
[2025.04.04-23.07.14:331][263]LogModuleManager: Shutting down and abandoning module LocalizationService (733)
[2025.04.04-23.07.14:331][263]LogModuleManager: Shutting down and abandoning module HardwareTargeting (730)
[2025.04.04-23.07.14:331][263]LogModuleManager: Shutting down and abandoning module DeviceProfileEditor (728)
[2025.04.04-23.07.14:331][263]LogModuleManager: Shutting down and abandoning module UndoHistory (726)
[2025.04.04-23.07.14:332][263]LogModuleManager: Shutting down and abandoning module XmlParser (724)
[2025.04.04-23.07.14:332][263]LogModuleManager: Shutting down and abandoning module Blutility (722)
[2025.04.04-23.07.14:332][263]LogModuleManager: Shutting down and abandoning module ProjectSettingsViewer (720)
[2025.04.04-23.07.14:332][263]LogModuleManager: Shutting down and abandoning module ProjectTargetPlatformEditor (719)
[2025.04.04-23.07.14:332][263]LogModuleManager: Shutting down and abandoning module EditorSettingsViewer (716)
[2025.04.04-23.07.14:332][263]LogModuleManager: Shutting down and abandoning module InternationalizationSettings (715)
[2025.04.04-23.07.14:332][263]LogModuleManager: Shutting down and abandoning module SettingsEditor (712)
[2025.04.04-23.07.14:333][263]LogModuleManager: Shutting down and abandoning module ProjectLauncher (710)
[2025.04.04-23.07.14:333][263]LogModuleManager: Shutting down and abandoning module SessionFrontend (708)
[2025.04.04-23.07.14:333][263]LogModuleManager: Shutting down and abandoning module ProfilerClient (706)
[2025.04.04-23.07.14:334][263]LogModuleManager: Shutting down and abandoning module DeviceManager (704)
[2025.04.04-23.07.14:334][263]LogModuleManager: Shutting down and abandoning module TargetDeviceServices (703)
[2025.04.04-23.07.14:367][263]LogModuleManager: Shutting down and abandoning module AutomationController (700)
[2025.04.04-23.07.14:368][263]LogModuleManager: Shutting down and abandoning module AutomationWindow (698)
[2025.04.04-23.07.14:368][263]LogModuleManager: Shutting down and abandoning module Layers (696)
[2025.04.04-23.07.14:369][263]LogModuleManager: Shutting down and abandoning module ComponentVisualizers (694)
[2025.04.04-23.07.14:369][263]LogModuleManager: Shutting down and abandoning module DetailCustomizations (692)
[2025.04.04-23.07.14:370][263]LogModuleManager: Shutting down and abandoning module PackagesDialog (690)
[2025.04.04-23.07.14:371][263]LogModuleManager: Shutting down and abandoning module AnimationBlueprintEditor (688)
[2025.04.04-23.07.14:371][263]LogModuleManager: Shutting down and abandoning module Persona (686)
[2025.04.04-23.07.14:372][263]LogModuleManager: Shutting down and abandoning module AdvancedPreviewScene (685)
[2025.04.04-23.07.14:372][263]LogModuleManager: Shutting down and abandoning module AnimGraph (683)
[2025.04.04-23.07.14:373][263]LogModuleManager: Shutting down and abandoning module Kismet (680)
[2025.04.04-23.07.14:387][263]LogModuleManager: Shutting down and abandoning module KismetWidgets (679)
[2025.04.04-23.07.14:387][263]LogModuleManager: Shutting down and abandoning module GraphEditor (676)
[2025.04.04-23.07.14:387][263]LogModuleManager: Shutting down and abandoning module StructViewer (674)
[2025.04.04-23.07.14:387][263]LogModuleManager: Shutting down and abandoning module ClassViewer (672)
[2025.04.04-23.07.14:387][263]LogModuleManager: Shutting down and abandoning module Toolbox (670)
[2025.04.04-23.07.14:387][263]LogModuleManager: Shutting down and abandoning module ModuleUI (668)
[2025.04.04-23.07.14:387][263]LogModuleManager: Shutting down and abandoning module OutputLog (666)
[2025.04.04-23.07.14:388][263]LogModuleManager: Shutting down and abandoning module GammaUI (664)
[2025.04.04-23.07.14:389][263]LogModuleManager: Shutting down and abandoning module Documentation (662)
[2025.04.04-23.07.14:389][263]LogModuleManager: Shutting down and abandoning module LiveCoding (660)
[2025.04.04-23.07.14:390][263]LogModuleManager: Shutting down and abandoning module LevelSequence (658)
[2025.04.04-23.07.14:390][263]LogModuleManager: Shutting down and abandoning module MovieSceneTracks (656)
[2025.04.04-23.07.14:390][263]LogModuleManager: Shutting down and abandoning module MovieScene (654)
[2025.04.04-23.07.14:391][263]LogModuleManager: Shutting down and abandoning module StreamingPauseRendering (652)
[2025.04.04-23.07.14:392][263]LogModuleManager: Shutting down and abandoning module LauncherPlatform (650)
[2025.04.04-23.07.14:392][263]LogModuleManager: Shutting down and abandoning module AnalyticsET (648)
[2025.04.04-23.07.14:392][263]LogModuleManager: Shutting down and abandoning module PortalServices (646)
[2025.04.04-23.07.14:392][263]LogModuleManager: Shutting down and abandoning module PortalRpc (644)
[2025.04.04-23.07.14:392][263]LogModuleManager: Shutting down and abandoning module MessagingRpc (642)
[2025.04.04-23.07.14:392][263]LogModuleManager: Shutting down and abandoning module AudioMixerXAudio2 (640)
[2025.04.04-23.07.14:392][263]LogModuleManager: Shutting down and abandoning module AudioMixerCore (639)
[2025.04.04-23.07.14:392][263]LogModuleManager: Shutting down and abandoning module AIModule (636)
[2025.04.04-23.07.14:392][263]LogModuleManager: Shutting down and abandoning module GameplayDebugger (635)
[2025.04.04-23.07.14:392][263]LogModuleManager: Shutting down and abandoning module AITestSuite (633)
[2025.04.04-23.07.14:392][263]LogModuleManager: Shutting down and abandoning module NavigationSystem (631)
[2025.04.04-23.07.14:392][263]LogModuleManager: Shutting down and abandoning module ImageWriteQueue (628)
[2025.04.04-23.07.14:398][263]LogModuleManager: Shutting down and abandoning module ProfilerService (626)
[2025.04.04-23.07.14:458][263]LogModuleManager: Shutting down and abandoning module TaskGraph (624)
[2025.04.04-23.07.14:459][263]LogModuleManager: Shutting down and abandoning module AudioSynesthesiaEditor (622)
[2025.04.04-23.07.14:459][263]LogModuleManager: Shutting down and abandoning module BlueprintAssist (620)
[2025.04.04-23.07.14:459][263]LogBlueprintAssist: Remove BlueprintAssist Root Object
[2025.04.04-23.07.14:459][263]LogBlueprintAssist: Unregistered BlueprintAssist Commands
[2025.04.04-23.07.14:460][263]LogBlueprintAssist: Shutdown BlueprintAssist Module
[2025.04.04-23.07.14:460][263]LogModuleManager: Shutting down and abandoning module OculusEditor (618)
[2025.04.04-23.07.14:462][263]LogModuleManager: Shutting down and abandoning module OculusInput (616)
[2025.04.04-23.07.14:462][263]LogModuleManager: Shutting down and abandoning module ContentBrowserFileDataSource (614)
[2025.04.04-23.07.14:462][263]LogModuleManager: Shutting down and abandoning module ContentBrowserClassDataSource (612)
[2025.04.04-23.07.14:462][263]LogModuleManager: Shutting down and abandoning module ContentBrowserAssetDataSource (610)
[2025.04.04-23.07.14:462][263]LogModuleManager: Shutting down and abandoning module CollectionManager (609)
[2025.04.04-23.07.14:463][263]LogModuleManager: Shutting down and abandoning module SynthesisEditor (606)
[2025.04.04-23.07.14:463][263]LogModuleManager: Shutting down and abandoning module Synthesis (604)
[2025.04.04-23.07.14:463][263]LogModuleManager: Shutting down and abandoning module ProceduralMeshComponentEditor (602)
[2025.04.04-23.07.14:464][263]LogModuleManager: Shutting down and abandoning module ProceduralMeshComponent (600)
[2025.04.04-23.07.14:464][263]LogModuleManager: Shutting down and abandoning module OpenXREditor (598)
[2025.04.04-23.07.14:464][263]LogModuleManager: Shutting down and abandoning module MobilePatchingUtils (596)
[2025.04.04-23.07.14:464][263]LogModuleManager: Shutting down and abandoning module GooglePAD (594)
[2025.04.04-23.07.14:464][263]LogModuleManager: Shutting down and abandoning module EditableMesh (592)
[2025.04.04-23.07.14:465][263]LogModuleManager: Shutting down and abandoning module CustomMeshComponent (590)
[2025.04.04-23.07.14:465][263]LogModuleManager: Shutting down and abandoning module CableComponent (588)
[2025.04.04-23.07.14:465][263]LogModuleManager: Shutting down and abandoning module AudioCapture (586)
[2025.04.04-23.07.14:465][263]LogModuleManager: Shutting down and abandoning module AudioCaptureRtAudio (585)
[2025.04.04-23.07.14:465][263]LogModuleManager: Shutting down and abandoning module AppleImageUtilsBlueprintSupport (582)
[2025.04.04-23.07.14:465][263]LogModuleManager: Shutting down and abandoning module AppleImageUtils (580)
[2025.04.04-23.07.14:465][263]LogModuleManager: Shutting down and abandoning module AssetTags (578)
[2025.04.04-23.07.14:465][263]LogModuleManager: Shutting down and abandoning module ArchVisCharacter (576)
[2025.04.04-23.07.14:465][263]LogModuleManager: Shutting down and abandoning module AndroidPermission (574)
[2025.04.04-23.07.14:465][263]LogModuleManager: Shutting down and abandoning module TakeSequencer (572)
[2025.04.04-23.07.14:465][263]LogModuleManager: Shutting down and abandoning module TakeMovieScene (570)
[2025.04.04-23.07.14:465][263]LogModuleManager: Shutting down and abandoning module ActorLayerUtilitiesEditor (568)
[2025.04.04-23.07.14:465][263]LogModuleManager: Shutting down and abandoning module ActorLayerUtilities (566)
[2025.04.04-23.07.14:465][263]LogModuleManager: Shutting down and abandoning module ScreenshotTools (564)
[2025.04.04-23.07.14:465][263]LogModuleManager: Shutting down and abandoning module OpenImageDenoise (562)
[2025.04.04-23.07.14:465][263]LogOpenImageDenoise: OIDN shutting down
[2025.04.04-23.07.14:465][263]LogModuleManager: Shutting down and abandoning module MotoSynthEditor (560)
[2025.04.04-23.07.14:465][263]LogModuleManager: Shutting down and abandoning module MotoSynth (558)
[2025.04.04-23.07.14:465][263]LogModuleManager: Shutting down and abandoning module MeshConversion (556)
[2025.04.04-23.07.14:465][263]LogModuleManager: Shutting down and abandoning module DynamicMesh (554)
[2025.04.04-23.07.14:466][263]LogModuleManager: Shutting down and abandoning module GeometryAlgorithms (552)
[2025.04.04-23.07.14:466][263]LogModuleManager: Shutting down and abandoning module GeometricObjects (550)
[2025.04.04-23.07.14:467][263]LogModuleManager: Shutting down and abandoning module GeometryCollectionTracks (546)
[2025.04.04-23.07.14:467][263]LogModuleManager: Shutting down and abandoning module GeometryCollectionSequencer (545)
[2025.04.04-23.07.14:467][263]LogModuleManager: Shutting down and abandoning module GeometryCollectionEditor (542)
[2025.04.04-23.07.14:467][263]LogModuleManager: Shutting down and abandoning module GeometryCacheTracks (540)
[2025.04.04-23.07.14:467][263]LogModuleManager: Shutting down and abandoning module GeometryCacheStreamer (538)
[2025.04.04-23.07.14:467][263]LogModuleManager: Shutting down and abandoning module GeometryCacheSequencer (536)
[2025.04.04-23.07.14:467][263]LogModuleManager: Shutting down and abandoning module ChaosSolverEditor (534)
[2025.04.04-23.07.14:467][263]LogModuleManager: Shutting down and abandoning module ChaosNiagara (532)
[2025.04.04-23.07.14:467][263]LogModuleManager: Shutting down and abandoning module FractureEditor (530)
[2025.04.04-23.07.14:468][263]LogModuleManager: Shutting down and abandoning module FieldSystemEngine (529)
[2025.04.04-23.07.14:468][263]LogModuleManager: Shutting down and abandoning module ChaosClothEditor (526)
[2025.04.04-23.07.14:468][263]LogModuleManager: Shutting down and abandoning module BackChannel (524)
[2025.04.04-23.07.14:468][263]LogModuleManager: Shutting down and abandoning module AutomationUtilsEditor (522)
[2025.04.04-23.07.14:468][263]LogModuleManager: Shutting down and abandoning module AutomationUtils (520)
[2025.04.04-23.07.14:468][263]LogModuleManager: Shutting down and abandoning module AlembicImporter (518)
[2025.04.04-23.07.14:468][263]LogModuleManager: Shutting down and abandoning module AlembicLibrary (517)
[2025.04.04-23.07.14:468][263]LogModuleManager: Shutting down and abandoning module GeometryCache (516)
[2025.04.04-23.07.14:468][263]LogModuleManager: Shutting down and abandoning module GeometryCacheEd (515)
[2025.04.04-23.07.14:468][263]LogModuleManager: Shutting down and abandoning module MediaCompositing (510)
[2025.04.04-23.07.14:468][263]LogModuleManager: Shutting down and abandoning module ImgMedia (508)
[2025.04.04-23.07.14:468][263]LogModuleManager: Shutting down and abandoning module TemplateSequence (506)
[2025.04.04-23.07.14:469][263]LogModuleManager: Shutting down and abandoning module MagicLeapSharedWorld (504)
[2025.04.04-23.07.14:469][263]LogModuleManager: Shutting down and abandoning module MagicLeapLightEstimation (502)
[2025.04.04-23.07.14:469][263]LogModuleManager: Shutting down and abandoning module MagicLeapHelperVulkan (500)
[2025.04.04-23.07.14:469][263]LogModuleManager: Shutting down and abandoning module MagicLeapHelperOpenGL (498)
[2025.04.04-23.07.14:469][263]LogModuleManager: Shutting down and abandoning module MagicLeapAudio (496)
[2025.04.04-23.07.14:469][263]LogModuleManager: Shutting down and abandoning module VariantManagerContentEditor (494)
[2025.04.04-23.07.14:469][263]LogModuleManager: Shutting down and abandoning module DatasmithContentEditor (492)
[2025.04.04-23.07.14:469][263]LogModuleManager: Shutting down and abandoning module VisualStudioSourceCodeAccess (490)
[2025.04.04-23.07.14:470][263]LogModuleManager: Shutting down and abandoning module VisualStudioCodeSourceCodeAccess (488)
[2025.04.04-23.07.14:470][263]LogModuleManager: Shutting down and abandoning module UObjectPlugin (486)
[2025.04.04-23.07.14:470][263]LogModuleManager: Shutting down and abandoning module SubversionSourceControl (484)
[2025.04.04-23.07.14:470][263]LogModuleManager: Shutting down and abandoning module PlasticSourceControl (482)
[2025.04.04-23.07.14:471][263]LogModuleManager: Shutting down and abandoning module PluginUtils (480)
[2025.04.04-23.07.14:471][263]LogModuleManager: Shutting down and abandoning module RiderSourceCodeAccess (478)
[2025.04.04-23.07.14:471][263]LogModuleManager: Shutting down and abandoning module PerforceSourceControl (476)
[2025.04.04-23.07.14:472][263]LogModuleManager: Shutting down and abandoning module GitSourceControl (474)
[2025.04.04-23.07.14:473][263]LogModuleManager: Shutting down and abandoning module SourceControl (473)
[2025.04.04-23.07.14:473][263]LogModuleManager: Shutting down and abandoning module CLionSourceCodeAccess (470)
[2025.04.04-23.07.14:473][263]LogModuleManager: Shutting down and abandoning module AutoSizeComments (468)
[2025.04.04-23.07.14:473][263]LogAutoSizeComments: Shutdown AutoSizeComments
[2025.04.04-23.07.14:474][263]LogModuleManager: Shutting down and abandoning module AnimationSharingEd (466)
[2025.04.04-23.07.14:474][263]LogModuleManager: Shutting down and abandoning module SpeedTreeImporter (464)
[2025.04.04-23.07.14:474][263]LogModuleManager: Shutting down and abandoning module MaterialAnalyzer (462)
[2025.04.04-23.07.14:474][263]LogModuleManager: Shutting down and abandoning module PluginBrowser (460)
[2025.04.04-23.07.14:475][263]LogModuleManager: Shutting down and abandoning module MobileLauncherProfileWizard (458)
[2025.04.04-23.07.14:476][263]LogModuleManager: Shutting down and abandoning module CryptoKeysOpenSSL (456)
[2025.04.04-23.07.14:476][263]LogModuleManager: Shutting down and abandoning module CryptoKeys (454)
[2025.04.04-23.07.14:476][263]LogModuleManager: Shutting down and abandoning module CurveEditorTools (452)
[2025.04.04-23.07.14:476][263]LogModuleManager: Shutting down and abandoning module NiagaraEditorWidgets (450)
[2025.04.04-23.07.14:478][263]LogModuleManager: Shutting down and abandoning module LiveLinkSequencer (448)
[2025.04.04-23.07.14:478][263]LogModuleManager: Shutting down and abandoning module LiveLinkMovieScene (446)
[2025.04.04-23.07.14:478][263]LogModuleManager: Shutting down and abandoning module LiveLinkGraphNode (444)
[2025.04.04-23.07.14:478][263]LogModuleManager: Shutting down and abandoning module LiveLinkEditor (442)
[2025.04.04-23.07.14:479][263]LogModuleManager: Shutting down and abandoning module LiveLinkComponents (440)
[2025.04.04-23.07.14:479][263]LogModuleManager: Shutting down and abandoning module LiveLink (438)
[2025.04.04-23.07.15:082][263]LogModuleManager: Shutting down and abandoning module OodleNetworkHandlerComponent (436)
[2025.04.04-23.07.15:082][263]LogModuleManager: Shutting down and abandoning module PaperTiledImporter (434)
[2025.04.04-23.07.15:082][263]LogModuleManager: Shutting down and abandoning module PaperSpriteSheetImporter (432)
[2025.04.04-23.07.15:082][263]LogModuleManager: Shutting down and abandoning module Paper2DEditor (430)
[2025.04.04-23.07.15:083][263]LogModuleManager: Shutting down and abandoning module LightPropagationVolumeEditor (428)
[2025.04.04-23.07.15:083][263]LogModuleManager: Shutting down and abandoning module MeshPaintingToolset (426)
[2025.04.04-23.07.15:083][263]LogModuleManager: Shutting down and abandoning module MeshPaintEditorMode (424)
[2025.04.04-23.07.15:084][263]LogModuleManager: Shutting down and abandoning module BlueprintFileUtils (422)
[2025.04.04-23.07.15:084][263]LogModuleManager: Shutting down and abandoning module EscapeTheBackrooms (420)
[2025.04.04-23.07.15:084][263]LogModuleManager: Shutting down and abandoning module SmoothSyncPlugin (418)
[2025.04.04-23.07.15:084][263]LogModuleManager: Shutting down and abandoning module AdvancedSessions (416)
[2025.04.04-23.07.15:084][263]LogModuleManager: Shutting down and abandoning module AdvancedSteamSessions (414)
[2025.04.04-23.07.15:084][263]LogModuleManager: Shutting down and abandoning module SteamShared (412)
[2025.04.04-23.07.15:084][263]LogSteamShared: Freeing the Steam Loaded Modules...
[2025.04.04-23.07.15:084][263]LogModuleManager: Shutting down and abandoning module SoundFields (410)
[2025.04.04-23.07.15:084][263]LogModuleManager: Shutting down and abandoning module PropertyAccessEditor (408)
[2025.04.04-23.07.15:085][263]LogModuleManager: Shutting down and abandoning module SignificanceManager (406)
[2025.04.04-23.07.15:085][263]LogModuleManager: Shutting down and abandoning module RuntimePhysXCooking (404)
[2025.04.04-23.07.15:085][263]LogModuleManager: Shutting down and abandoning module PhysXVehiclesEditor (402)
[2025.04.04-23.07.15:085][263]LogModuleManager: Shutting down and abandoning module LocationServicesBPLibrary (398)
[2025.04.04-23.07.15:085][263]LogModuleManager: Shutting down and abandoning module AudioSynesthesia (396)
[2025.04.04-23.07.15:085][263]LogModuleManager: Shutting down and abandoning module AudioSynesthesiaCore (394)
[2025.04.04-23.07.15:085][263]LogModuleManager: Shutting down and abandoning module PythonScriptPlugin (392)
[2025.04.04-23.07.15:085][263]LogModuleManager: Shutting down and abandoning module UdpMessaging (390)
[2025.04.04-23.07.15:187][263]LogModuleManager: Shutting down and abandoning module TcpMessaging (388)
[2025.04.04-23.07.15:288][263]LogModuleManager: Shutting down and abandoning module ImgMediaEngine (386)
[2025.04.04-23.07.15:288][263]LogModuleManager: Shutting down and abandoning module ActorSequence (384)
[2025.04.04-23.07.15:288][263]LogModuleManager: Shutting down and abandoning module MagicLeapARPin (382)
[2025.04.04-23.07.15:288][263]LogModuleManager: Shutting down and abandoning module MagicLeapHandMeshing (380)
[2025.04.04-23.07.15:288][263]LogModuleManager: Shutting down and abandoning module MagicLeapSecureStorage (378)
[2025.04.04-23.07.15:288][263]LogModuleManager: Shutting down and abandoning module MagicLeapPrivileges (376)
[2025.04.04-23.07.15:288][263]LogModuleManager: Shutting down and abandoning module MagicLeapPlanes (374)
[2025.04.04-23.07.15:288][263]LogMagicLeapPlanes: Planes tracker already destroyed.
[2025.04.04-23.07.15:288][263]LogModuleManager: Shutting down and abandoning module MagicLeapImageTracker (372)
[2025.04.04-23.07.15:288][263]LogModuleManager: Shutting down and abandoning module MagicLeapIdentity (370)
[2025.04.04-23.07.15:288][263]LogModuleManager: Shutting down and abandoning module MagicLeapHandTracking (368)
[2025.04.04-23.07.15:289][263]LogModuleManager: Shutting down and abandoning module MagicLeapEyeTracker (366)
[2025.04.04-23.07.15:289][263]LogModuleManager: Shutting down and abandoning module MagicLeapController (364)
[2025.04.04-23.07.15:289][263]LogModuleManager: Shutting down and abandoning module MagicLeapARPinImpl (362)
[2025.04.04-23.07.15:289][263]LogModuleManager: Shutting down and abandoning module MagicLeapAR (360)
[2025.04.04-23.07.15:289][263]LogModuleManager: Shutting down and abandoning module PropertyAccessNode (358)
[2025.04.04-23.07.15:289][263]LogModuleManager: Shutting down and abandoning module AnimationSharing (356)
[2025.04.04-23.07.15:289][263]LogModuleManager: Shutting down and abandoning module FacialAnimationEditor (354)
[2025.04.04-23.07.15:289][263]LogModuleManager: Shutting down and abandoning module FacialAnimation (352)
[2025.04.04-23.07.15:289][263]LogModuleManager: Shutting down and abandoning module GameplayTagsEditor (350)
[2025.04.04-23.07.15:289][263]LogModuleManager: Shutting down and abandoning module DataValidation (348)
[2025.04.04-23.07.15:289][263]LogModuleManager: Shutting down and abandoning module AssetManagerEditor (346)
[2025.04.04-23.07.15:290][263]LogModuleManager: Shutting down and abandoning module LevelEditor (345)
[2025.04.04-23.07.15:291][263]LogModuleManager: Shutting down and abandoning module PixelInspectorModule (344)
[2025.04.04-23.07.15:291][263]LogModuleManager: Shutting down and abandoning module CommonMenuExtensions (342)
[2025.04.04-23.07.15:291][263]LogModuleManager: Shutting down and abandoning module MainFrame (340)
[2025.04.04-23.07.15:292][263]LogModuleManager: Shutting down and abandoning module HotReload (339)
[2025.04.04-23.07.15:293][263]LogModuleManager: Shutting down and abandoning module ToolMenus (335)
[2025.04.04-23.07.15:293][263]LogModuleManager: Shutting down and abandoning module TreeMap (333)
[2025.04.04-23.07.15:293][263]LogModuleManager: Shutting down and abandoning module NiagaraAnimNotifies (330)
[2025.04.04-23.07.15:293][263]LogModuleManager: Shutting down and abandoning module Niagara (328)
[2025.04.04-23.07.15:294][263]LogModuleManager: Shutting down and abandoning module SignalProcessing (327)
[2025.04.04-23.07.15:294][263]LogModuleManager: Shutting down and abandoning module NiagaraEditor (325)
[2025.04.04-23.07.15:295][263]LogModuleManager: Shutting down and abandoning module ContentBrowser (324)
[2025.04.04-23.07.15:295][263]LogModuleManager: Shutting down and abandoning module ContentBrowserData (323)
[2025.04.04-23.07.15:295][263]LogModuleManager: Shutting down and abandoning module NiagaraCore (318)
[2025.04.04-23.07.15:295][263]LogModuleManager: Shutting down and abandoning module GameplayCameras (316)
[2025.04.04-23.07.15:295][263]LogModuleManager: Shutting down and abandoning module EnvironmentQueryEditor (314)
[2025.04.04-23.07.15:295][263]LogModuleManager: Shutting down and abandoning module Paper2D (312)
[2025.04.04-23.07.15:296][263]LogModuleManager: Shutting down and abandoning module LightPropagationVolumeRuntime (310)
[2025.04.04-23.07.15:296][263]LogModuleManager: Shutting down and abandoning module WindowsMoviePlayer (308)
[2025.04.04-23.07.15:297][263]LogModuleManager: Shutting down and abandoning module WebMMoviePlayer (306)
[2025.04.04-23.07.15:297][263]LogModuleManager: Shutting down and abandoning module NetworkReplayStreaming (304)
[2025.04.04-23.07.15:297][263]LogModuleManager: Shutting down and abandoning module PacketHandler (302)
[2025.04.04-23.07.15:297][263]LogModuleManager: Shutting down and abandoning module ClothingSystemEditor (300)
[2025.04.04-23.07.15:297][263]LogModuleManager: Shutting down and abandoning module ClothingSystemRuntimeNv (298)
[2025.04.04-23.07.15:298][263]LogModuleManager: Shutting down and abandoning module MediaAssets (296)
[2025.04.04-23.07.15:298][263]LogModuleManager: Shutting down and abandoning module Overlay (294)
[2025.04.04-23.07.15:298][263]LogModuleManager: Shutting down and abandoning module OverlayEditor (293)
[2025.04.04-23.07.15:298][263]LogModuleManager: Shutting down and abandoning module VREditor (290)
[2025.04.04-23.07.15:298][263]LogModuleManager: Shutting down and abandoning module StringTableEditor (288)
[2025.04.04-23.07.15:299][263]LogModuleManager: Shutting down and abandoning module GameplayTasksEditor (286)
[2025.04.04-23.07.15:299][263]LogModuleManager: Shutting down and abandoning module BehaviorTreeEditor (284)
[2025.04.04-23.07.15:299][263]LogModuleManager: Shutting down and abandoning module FunctionalTesting (282)
[2025.04.04-23.07.15:300][263]LogModuleManager: Shutting down and abandoning module CollisionAnalyzer (280)
[2025.04.04-23.07.15:300][263]LogModuleManager: Shutting down and abandoning module WorkspaceMenuStructure (279)
[2025.04.04-23.07.15:300][263]LogModuleManager: Shutting down and abandoning module UMG (276)
[2025.04.04-23.07.15:301][263]LogModuleManager: Shutting down and abandoning module UMGEditor (275)
[2025.04.04-23.07.15:301][263]LogModuleManager: Shutting down and abandoning module MessageLog (273)
[2025.04.04-23.07.15:301][263]LogModuleManager: Shutting down and abandoning module SlateReflector (268)
[2025.04.04-23.07.15:302][263]LogModuleManager: Shutting down and abandoning module Slate (266)
[2025.04.04-23.07.15:302][263]LogModuleManager: Shutting down and abandoning module SlateCore (264)
[2025.04.04-23.07.15:303][263]LogModuleManager: Shutting down and abandoning module LandscapeEditorUtilities (262)
[2025.04.04-23.07.15:303][263]LogModuleManager: Shutting down and abandoning module UnrealEd (260)
[2025.04.04-23.07.15:303][263]LogModuleManager: Shutting down and abandoning module MRMesh (258)
[2025.04.04-23.07.15:303][263]LogModuleManager: Shutting down and abandoning module SourceCodeAccess (256)
[2025.04.04-23.07.15:304][263]LogModuleManager: Shutting down and abandoning module HeadMountedDisplay (254)
[2025.04.04-23.07.15:304][263]LogModuleManager: Shutting down and abandoning module XAudio2 (252)
[2025.04.04-23.07.15:304][263]LogModuleManager: Shutting down and abandoning module Networking (250)
[2025.04.04-23.07.15:304][263]LogModuleManager: Shutting down and abandoning module Core (248)
[2025.04.04-23.07.15:304][263]LogModuleManager: Shutting down and abandoning module MaterialEditor (246)
[2025.04.04-23.07.15:304][263]LogModuleManager: Shutting down and abandoning module MovieSceneTools (244)
[2025.04.04-23.07.15:305][263]LogModuleManager: Shutting down and abandoning module CurveEditor (243)
[2025.04.04-23.07.15:306][263]LogModuleManager: Shutting down and abandoning module Sequencer (241)
[2025.04.04-23.07.15:307][263]LogModuleManager: Shutting down and abandoning module EditorStyle (240)
[2025.04.04-23.07.15:308][263]LogModuleManager: Shutting down and abandoning module KismetCompiler (236)
[2025.04.04-23.07.15:308][263]LogModuleManager: Shutting down and abandoning module MeshBuilder (234)
[2025.04.04-23.07.15:308][263]LogModuleManager: Shutting down and abandoning module MeshUtilities (232)
[2025.04.04-23.07.15:308][263]LogModuleManager: Shutting down and abandoning module MeshMergeUtilities (231)
[2025.04.04-23.07.15:309][263]LogModuleManager: Shutting down and abandoning module MeshReductionInterface (230)
[2025.04.04-23.07.15:309][263]LogModuleManager: Shutting down and abandoning module MeshBoneReduction (229)
[2025.04.04-23.07.15:309][263]LogModuleManager: Shutting down and abandoning module SkeletalMeshReduction (227)
[2025.04.04-23.07.15:309][263]LogModuleManager: Shutting down and abandoning module ProxyLODMeshReduction (225)
[2025.04.04-23.07.15:310][263]LogModuleManager: Shutting down and abandoning module QuadricMeshReduction (223)
[2025.04.04-23.07.15:310][263]LogModuleManager: Shutting down and abandoning module MaterialBaking (219)
[2025.04.04-23.07.15:310][263]LogModuleManager: Shutting down and abandoning module NullInstallBundleManager (214)
[2025.04.04-23.07.15:310][263]LogModuleManager: Shutting down and abandoning module DerivedDataCache (212)
[2025.04.04-23.07.15:311][263]LogModuleManager: Shutting down and abandoning module TargetPlatform (210)
[2025.04.04-23.07.15:311][263]LogModuleManager: Shutting down and abandoning module VulkanShaderFormat (209)
[2025.04.04-23.07.15:312][263]LogModuleManager: Shutting down and abandoning module ShaderFormatVectorVM (207)
[2025.04.04-23.07.15:312][263]LogModuleManager: Shutting down and abandoning module ShaderFormatOpenGL (205)
[2025.04.04-23.07.15:313][263]LogModuleManager: Shutting down and abandoning module ShaderFormatD3D (203)
[2025.04.04-23.07.15:313][263]LogModuleManager: Shutting down and abandoning module MetalShaderFormat (201)
[2025.04.04-23.07.15:313][263]LogModuleManager: Shutting down and abandoning module TextureFormatOodle (199)
[2025.04.04-23.07.15:314][263]LogModuleManager: Shutting down and abandoning module TextureFormatUncompressed (197)
[2025.04.04-23.07.15:314][263]LogModuleManager: Shutting down and abandoning module TextureFormatPVR (195)
[2025.04.04-23.07.15:314][263]LogModuleManager: Shutting down and abandoning module TextureFormatETC2 (193)
[2025.04.04-23.07.15:314][263]LogModuleManager: Shutting down and abandoning module TextureFormatDXT (191)
[2025.04.04-23.07.15:314][263]LogModuleManager: Shutting down and abandoning module TextureFormatIntelISPCTexComp (189)
[2025.04.04-23.07.15:314][263]LogModuleManager: Shutting down and abandoning module TextureFormatASTC (187)
[2025.04.04-23.07.15:314][263]LogModuleManager: Shutting down and abandoning module ImageWrapper (186)
[2025.04.04-23.07.15:314][263]LogModuleManager: Shutting down and abandoning module AudioFormatOpus (183)
[2025.04.04-23.07.15:314][263]LogModuleManager: Shutting down and abandoning module AudioFormatOgg (181)
[2025.04.04-23.07.15:314][263]LogModuleManager: Shutting down and abandoning module AudioFormatADPCM (179)
[2025.04.04-23.07.15:315][263]LogModuleManager: Shutting down and abandoning module WindowsServerTargetPlatform (177)
[2025.04.04-23.07.15:315][263]LogModuleManager: Shutting down and abandoning module WindowsClientTargetPlatform (175)
[2025.04.04-23.07.15:315][263]LogModuleManager: Shutting down and abandoning module WindowsTargetPlatform (173)
[2025.04.04-23.07.15:315][263]LogModuleManager: Shutting down and abandoning module WindowsNoEditorTargetPlatform (171)
[2025.04.04-23.07.15:315][263]LogModuleManager: Shutting down and abandoning module TVOSTargetPlatform (169)
[2025.04.04-23.07.15:315][263]LogModuleManager: Shutting down and abandoning module MacServerTargetPlatform (167)
[2025.04.04-23.07.15:315][263]LogModuleManager: Shutting down and abandoning module MacClientTargetPlatform (165)
[2025.04.04-23.07.15:315][263]LogModuleManager: Shutting down and abandoning module MacTargetPlatform (163)
[2025.04.04-23.07.15:315][263]LogModuleManager: Shutting down and abandoning module MacNoEditorTargetPlatform (161)
[2025.04.04-23.07.15:315][263]LogModuleManager: Shutting down and abandoning module LuminTargetPlatform (159)
[2025.04.04-23.07.15:316][263]LogModuleManager: Shutting down and abandoning module LinuxAArch64ServerTargetPlatform (157)
[2025.04.04-23.07.15:316][263]LogModuleManager: Shutting down and abandoning module LinuxAArch64ClientTargetPlatform (155)
[2025.04.04-23.07.15:316][263]LogModuleManager: Shutting down and abandoning module LinuxAArch64NoEditorTargetPlatform (153)
[2025.04.04-23.07.15:316][263]LogModuleManager: Shutting down and abandoning module LinuxServerTargetPlatform (151)
[2025.04.04-23.07.15:316][263]LogModuleManager: Shutting down and abandoning module LinuxClientTargetPlatform (149)
[2025.04.04-23.07.15:316][263]LogModuleManager: Shutting down and abandoning module LinuxNoEditorTargetPlatform (147)
[2025.04.04-23.07.15:316][263]LogModuleManager: Shutting down and abandoning module LinuxTargetPlatform (145)
[2025.04.04-23.07.15:316][263]LogModuleManager: Shutting down and abandoning module Messaging (143)
[2025.04.04-23.07.15:316][263]LogModuleManager: Shutting down and abandoning module IOSTargetPlatform (141)
[2025.04.04-23.07.15:317][263]LogModuleManager: Shutting down and abandoning module AndroidTargetPlatform (139)
[2025.04.04-23.07.15:319][263]LogModuleManager: Shutting down and abandoning module AllDesktopTargetPlatform (137)
[2025.04.04-23.07.15:319][263]LogModuleManager: Shutting down and abandoning module D3D11RHI (134)
[2025.04.04-23.07.15:319][263]LogModuleManager: Shutting down and abandoning module InputCore (132)
[2025.04.04-23.07.15:320][263]LogModuleManager: Shutting down and abandoning module Settings (130)
[2025.04.04-23.07.15:320][263]LogModuleManager: Shutting down and abandoning module DirectoryWatcher (128)
[2025.04.04-23.07.15:320][263]LogModuleManager: Shutting down and abandoning module PhysXCooking (126)
[2025.04.04-23.07.15:320][263]LogModuleManager: Shutting down and abandoning module Chaos (124)
[2025.04.04-23.07.15:320][263]LogModuleManager: Shutting down and abandoning module WindowsPlatformFeatures (122)
[2025.04.04-23.07.15:320][263]LogModuleManager: Shutting down and abandoning module GameplayMediaEncoder (121)
[2025.04.04-23.07.15:320][263]LogModuleManager: Shutting down and abandoning module AVEncoder (120)
[2025.04.04-23.07.15:321][263]LogModuleManager: Shutting down and abandoning module SteamVRInputDevice (116)
[2025.04.04-23.07.15:321][263]LogModuleManager: Shutting down and abandoning module SteamVRInput (114)
[2025.04.04-23.07.15:321][263]LogModuleManager: Shutting down and abandoning module SteamVR (112)
[2025.04.04-23.07.15:321][263]LogHMD: Freeing OpenVRDLLHandle.
[2025.04.04-23.07.15:321][263]LogModuleManager: Shutting down and abandoning module OculusHMD (110)
[2025.04.04-23.07.15:321][263]LogModuleManager: Shutting down and abandoning module OpenXRAR (108)
[2025.04.04-23.07.15:321][263]LogModuleManager: Shutting down and abandoning module AugmentedReality (107)
[2025.04.04-23.07.15:322][263]LogModuleManager: Shutting down and abandoning module OpenXRHandTracking (104)
[2025.04.04-23.07.15:322][263]LogSlate: Slate User Destroyed.  User Index 0, Is Virtual User: 0
[2025.04.04-23.07.15:322][263]LogModuleManager: Shutting down and abandoning module OpenXRHMD (103)
[2025.04.04-23.07.15:323][263]LogModuleManager: Shutting down and abandoning module OpenXREyeTracker (100)
[2025.04.04-23.07.15:323][263]LogModuleManager: Shutting down and abandoning module ExampleDeviceProfileSelector (98)
[2025.04.04-23.07.15:323][263]LogModuleManager: Shutting down and abandoning module ChunkDownloader (96)
[2025.04.04-23.07.15:323][263]LogModuleManager: Shutting down and abandoning module OnlineBlueprintSupport (94)
[2025.04.04-23.07.15:323][263]LogModuleManager: Shutting down and abandoning module OnlineSubsystem (90)
[2025.04.04-23.07.15:326][263]LogModuleManager: Shutting down and abandoning module XMPP (85)
[2025.04.04-23.07.15:327][263]LogModuleManager: Shutting down and abandoning module WebSockets (84)
[2025.04.04-23.07.15:349][263]LogModuleManager: Shutting down and abandoning module HTTP (81)
[2025.04.04-23.07.15:349][263]LogHttp: Display: Http module shutting down, but needs to wait on 1 outstanding Http requests:
[2025.04.04-23.07.15:350][263]LogHttp: Display: 	verb=[POST] url=[https://datarouter.ol.epicgames.com/datarouter/api/v1/public/data?SessionID=%7B82CA0D99-47A4-0BB3-0884-57A4071B6ED1%7D&AppID=UEEditor.Rocket.Release&AppVersion=4.27.2-18319896%2B%2B%2BUE4%2BRelease-4.27&UserID=ff34cec34635c2434a0cbe8ccdbd3a28%7C2eea84bf844543fbbb7d5cf485b735d0%7Cc84dd4ac-b030-4b4d-8068-60af0798f8bd&AppEnvironment=datacollector-binary&UploadType=eteventstream] refs=[1] status=Processing
[2025.04.04-23.07.15:350][263]LogHttp: Display: cleaning up 1 outstanding Http requests.
[2025.04.04-23.07.15:375][263]LogModuleManager: Shutting down and abandoning module SSL (80)
[2025.04.04-23.07.15:376][263]LogModuleManager: Shutting down and abandoning module ChaosCloth (76)
[2025.04.04-23.07.15:376][263]LogModuleManager: Shutting down and abandoning module WmfMedia (74)
[2025.04.04-23.07.15:377][263]LogModuleManager: Shutting down and abandoning module Media (73)
[2025.04.04-23.07.15:378][263]LogModuleManager: Shutting down and abandoning module MediaInfo (72)
[2025.04.04-23.07.15:378][263]LogModuleManager: Shutting down and abandoning module ExrReaderGpu (68)
[2025.04.04-23.07.15:380][263]LogModuleManager: Shutting down and abandoning module LauncherChunkInstaller (66)
[2025.04.04-23.07.15:380][263]LogModuleManager: Shutting down and abandoning module MLSDK (64)
[2025.04.04-23.07.15:380][263]LogModuleManager: Shutting down and abandoning module MagicLeap (62)
[2025.04.04-23.07.15:380][263]LogModuleManager: Shutting down and abandoning module VariantManagerContent (60)
[2025.04.04-23.07.15:380][263]LogModuleManager: Shutting down and abandoning module DatasmithContent (58)
[2025.04.04-23.07.15:380][263]LogModuleManager: Shutting down and abandoning module PixWinPlugin (56)
[2025.04.04-23.07.15:381][263]LogModuleManager: Shutting down and abandoning module NiagaraVertexFactories (54)
[2025.04.04-23.07.15:381][263]LogModuleManager: Shutting down and abandoning module NiagaraShader (52)
[2025.04.04-23.07.15:381][263]LogModuleManager: Shutting down and abandoning module AISupportModule (50)
[2025.04.04-23.07.15:381][263]LogModuleManager: Shutting down and abandoning module DesktopPlatform (48)
[2025.04.04-23.07.15:381][263]LogModuleManager: Shutting down and abandoning module PythonScriptPluginPreload (46)
[2025.04.04-23.07.15:381][263]LogModuleManager: Shutting down and abandoning module PlatformCryptoOpenSSL (44)
[2025.04.04-23.07.15:381][263]LogModuleManager: Shutting down and abandoning module PlatformCryptoTypes (42)
[2025.04.04-23.07.15:381][263]LogModuleManager: Shutting down and abandoning module PlatformCrypto (40)
[2025.04.04-23.07.15:381][263]LogModuleManager: Shutting down and abandoning module OodleDataCompressionFormat (38)
[2025.04.04-23.07.15:382][263]LogModuleManager: Shutting down and abandoning module XGEController (36)
[2025.04.04-23.07.15:382][263]LogXGEController: Cleaning working directory: C:/Users/Playeroth/AppData/Local/Temp/UnrealXGEWorkingDir/
[2025.04.04-23.07.15:382][263]LogModuleManager: Shutting down and abandoning module AnimationModifiers (34)
[2025.04.04-23.07.15:382][263]LogModuleManager: Shutting down and abandoning module AudioEditor (32)
[2025.04.04-23.07.15:383][263]LogModuleManager: Shutting down and abandoning module PropertyEditor (31)
[2025.04.04-23.07.15:383][263]LogModuleManager: Shutting down and abandoning module TextureCompressor (28)
[2025.04.04-23.07.15:383][263]LogModuleManager: Shutting down and abandoning module RenderCore (26)
[2025.04.04-23.07.15:383][263]LogModuleManager: Shutting down and abandoning module Landscape (24)
[2025.04.04-23.07.15:383][263]LogModuleManager: Shutting down and abandoning module SlateRHIRenderer (22)
[2025.04.04-23.07.15:384][263]LogModuleManager: Shutting down and abandoning module AnimGraphRuntime (20)
[2025.04.04-23.07.15:384][263]LogModuleManager: Shutting down and abandoning module Renderer (18)
[2025.04.04-23.07.15:385][263]LogModuleManager: Shutting down and abandoning module Engine (16)
[2025.04.04-23.07.15:385][263]LogModuleManager: Shutting down and abandoning module CoreUObject (14)
[2025.04.04-23.07.15:385][263]LogModuleManager: Shutting down and abandoning module NetworkFile (12)
[2025.04.04-23.07.15:385][263]LogModuleManager: Shutting down and abandoning module CookedIterativeFile (10)
[2025.04.04-23.07.15:385][263]LogModuleManager: Shutting down and abandoning module StreamingFile (8)
[2025.04.04-23.07.15:385][263]LogModuleManager: Shutting down and abandoning module SandboxFile (6)
[2025.04.04-23.07.15:385][263]LogModuleManager: Shutting down and abandoning module PakFile (4)
[2025.04.04-23.07.15:386][263]LogModuleManager: Shutting down and abandoning module RSA (3)
[2025.04.04-23.07.15:386][263]LogContentStreaming: Display: There are 1 unreleased StreamingManagers
[2025.04.04-23.07.15:404][263]LogD3D11RHI: Shutdown
[2025.04.04-23.07.15:404][263]LogD3D11RHI: CleanupD3DDevice
[2025.04.04-23.07.15:409][263]LogExit: Exiting.
[2025.04.04-23.07.15:420][263]Log file closed, 04/04/25 20:07:15
