Log file open, 04/02/25 15:33:10
LogWindows: Failed to load 'aqProf.dll' (GetLastError=126)
LogWindows: File 'aqProf.dll' does not exist
LogWindows: Failed to load 'VtuneApi.dll' (GetLastError=126)
LogWindows: File 'VtuneApi.dll' does not exist
LogWindows: Failed to load 'VtuneApi32e.dll' (GetLastError=126)
LogWindows: File 'VtuneApi32e.dll' does not exist
LogConsoleResponse: Display: Failed to find resolution value strings in scalability ini. Falling back to default.
LogConsoleResponse: Display: Failed to find resolution value strings in scalability ini. Falling back to default.
LogInit: Display: Running engine for game: EscapeTheBackrooms
LogPlatformFile: Not using cached read wrapper
LogTaskGraph: Started task graph with 5 named threads and 35 total threads with 3 sets of task threads.
LogStats: Stats thread started at 1.401100
LogICUInternationalization: ICU TimeZone Detection - Raw Offset: -3:00, Platform Override: ''
LogInit: Display: Loading text-based GConfig....
LogPluginManager: Mounting plugin BlueprintFileUtils
LogPluginManager: Mounting plugin MeshPainting
LogPluginManager: Mounting plugin XGEController
LogPluginManager: Mounting plugin AnimationSharing
LogPluginManager: Mounting plugin AssetManagerEditor
LogPluginManager: Mounting plugin OodleNetwork
LogPluginManager: Mounting plugin OodleData
LogPluginManager: Mounting plugin LiveLink
LogPluginManager: Mounting plugin CLionSourceCodeAccess
LogPluginManager: Mounting plugin Paper2D
LogPluginManager: Mounting plugin GitSourceControl
LogPluginManager: Mounting plugin KDevelopSourceCodeAccess
LogPluginManager: Mounting plugin CodeLiteSourceCodeAccess
LogPluginManager: Mounting plugin PixWinPlugin
LogPluginManager: Mounting plugin NullSourceCodeAccess
LogPluginManager: Mounting plugin PlasticSourceControl
LogPluginManager: Mounting plugin PluginUtils
LogPluginManager: Mounting plugin PerforceSourceControl
LogPluginManager: Mounting plugin PropertyAccessNode
LogPluginManager: Mounting plugin TextureFormatOodle
LogPluginManager: Mounting plugin CryptoKeys
LogPluginManager: Mounting plugin SubversionSourceControl
LogPluginManager: Mounting plugin UObjectPlugin
LogPluginManager: Mounting plugin RiderSourceCodeAccess
LogPluginManager: Mounting plugin CurveEditorTools
LogPluginManager: Mounting plugin DataValidation
LogPluginManager: Mounting plugin MacGraphicsSwitching
LogPluginManager: Mounting plugin MaterialAnalyzer
LogPluginManager: Mounting plugin GeometryMode
LogPluginManager: Mounting plugin FacialAnimation
LogPluginManager: Mounting plugin GameplayTagsEditor
LogPluginManager: Mounting plugin MobileLauncherProfileWizard
LogPluginManager: Mounting plugin SpeedTreeImporter
LogPluginManager: Mounting plugin PluginBrowser
LogPluginManager: Mounting plugin XCodeSourceCodeAccess
LogPluginManager: Mounting plugin VisualStudioCodeSourceCodeAccess
LogPluginManager: Mounting plugin VisualStudioSourceCodeAccess
LogPluginManager: Mounting plugin DatasmithContent
LogPluginManager: Mounting plugin LuminPlatformFeatures
LogPluginManager: Mounting plugin CameraShakePreviewer
LogPluginManager: Mounting plugin VariantManagerContent
LogPluginManager: Mounting plugin MagicLeap
LogPluginManager: Mounting plugin GameplayCameras
LogPluginManager: Mounting plugin MagicLeapLightEstimation
LogPluginManager: Mounting plugin MagicLeapPassableWorld
LogPluginManager: Mounting plugin MLSDK
LogPluginManager: Mounting plugin MagicLeapMedia
LogPluginManager: Mounting plugin EnvironmentQueryEditor
LogPluginManager: Mounting plugin AISupport
LogPluginManager: Mounting plugin BackChannel
LogPluginManager: Mounting plugin AlembicImporter
LogPluginManager: Mounting plugin AutomationUtils
LogPluginManager: Mounting plugin ChaosCloth
LogPluginManager: Mounting plugin ChaosClothEditor
LogPluginManager: Mounting plugin ChaosEditor
LogPluginManager: Mounting plugin ChaosNiagara
LogPluginManager: Mounting plugin ChaosSolverPlugin
LogPluginManager: Mounting plugin CharacterAI
LogPluginManager: Mounting plugin GeometryCollectionPlugin
LogPluginManager: Mounting plugin GeometryProcessing
LogPluginManager: Mounting plugin GeometryCache
LogPluginManager: Mounting plugin MotoSynth
LogPluginManager: Mounting plugin OpenImageDenoise
LogPluginManager: Mounting plugin PlanarCut
LogPluginManager: Mounting plugin PlatformCrypto
LogPluginManager: Mounting plugin ProxyLODPlugin
LogPluginManager: Mounting plugin PythonScriptPlugin
LogPluginManager: Mounting plugin SkeletalReduction
LogPluginManager: Mounting plugin TcpMessaging
LogPluginManager: Mounting plugin ActorSequence
LogPluginManager: Mounting plugin UdpMessaging
LogPluginManager: Mounting plugin LevelSequenceEditor
LogPluginManager: Mounting plugin MatineeToLevelSequence
LogPluginManager: Mounting plugin TemplateSequence
LogPluginManager: Mounting plugin AutoSizeComments
LogPluginManager: Mounting plugin Niagara
LogPluginManager: Mounting plugin AvfMedia
LogPluginManager: Mounting plugin AndroidMedia
LogPluginManager: Mounting plugin ImgMedia
LogPluginManager: Mounting plugin MediaCompositing
LogPluginManager: Mounting plugin MediaPlayerEditor
LogPluginManager: Mounting plugin WmfMedia
LogPluginManager: Mounting plugin WebMMedia
LogPluginManager: Mounting plugin ActorLayerUtilities
LogPluginManager: Mounting plugin AndroidMoviePlayer
LogPluginManager: Mounting plugin AndroidDeviceProfileSelector
LogPluginManager: Mounting plugin AndroidPermission
LogPluginManager: Mounting plugin AppleImageUtils
LogPluginManager: Mounting plugin AppleMoviePlayer
LogPluginManager: Mounting plugin ArchVisCharacter
LogPluginManager: Mounting plugin AssetTags
LogPluginManager: Mounting plugin AudioCapture
LogPluginManager: Mounting plugin AudioSynesthesia
LogPluginManager: Mounting plugin CableComponent
LogPluginManager: Mounting plugin ChunkDownloader
LogPluginManager: Mounting plugin CustomMeshComponent
LogPluginManager: Mounting plugin EditableMesh
LogPluginManager: Mounting plugin ExampleDeviceProfileSelector
LogPluginManager: Mounting plugin GoogleCloudMessaging
LogPluginManager: Mounting plugin GooglePAD
LogPluginManager: Mounting plugin LinuxDeviceProfileSelector
LogPluginManager: Mounting plugin IOSDeviceProfileSelector
LogPluginManager: Mounting plugin LocationServicesBPLibrary
LogPluginManager: Mounting plugin MobilePatchingUtils
LogPluginManager: Mounting plugin OpenXR
LogPluginManager: Mounting plugin OpenXREyeTracker
LogPluginManager: Mounting plugin OpenXRHandTracking
LogPluginManager: Mounting plugin PhysXVehicles
LogPluginManager: Mounting plugin PostSplashScreen
LogPluginManager: Mounting plugin ProceduralMeshComponent
LogPluginManager: Mounting plugin PropertyAccessEditor
LogPluginManager: Mounting plugin RuntimePhysXCooking
LogPluginManager: Mounting plugin SignificanceManager
LogPluginManager: Mounting plugin Takes
LogPluginManager: Mounting plugin SoundFields
LogPluginManager: Mounting plugin Synthesis
LogPluginManager: Mounting plugin WebMMoviePlayer
LogPluginManager: Mounting plugin WindowsMoviePlayer
LogPluginManager: Mounting plugin LauncherChunkInstaller
LogPluginManager: Mounting plugin OnlineSubsystemNull
LogPluginManager: Mounting plugin OnlineSubsystem
LogPluginManager: Mounting plugin OnlineSubsystemSteam
LogPluginManager: Mounting plugin OnlineSubsystemUtils
LogPluginManager: Mounting plugin ScreenshotTools
LogPluginManager: Mounting plugin LightPropagationVolume
LogPluginManager: Mounting plugin ContentBrowserAssetDataSource
LogPluginManager: Mounting plugin ContentBrowserClassDataSource
LogPluginManager: Mounting plugin ContentBrowserFileDataSource
LogPluginManager: Mounting plugin OculusVR
LogPluginManager: Mounting plugin SteamShared
LogPluginManager: Mounting plugin SteamVR
LogPluginManager: Mounting plugin OnlineSubsystemGooglePlay
LogPluginManager: Mounting plugin OnlineSubsystemIOS
LogPluginManager: Mounting plugin AdvancedSessions
LogPluginManager: Mounting plugin BlueprintAssist
LogPluginManager: Mounting plugin NodeGraphAssistant
LogPluginManager: Mounting plugin AdvancedSteamSessions
LogPluginManager: Mounting plugin SmoothSyncPlugin
PixWinPlugin: PIX capture plugin failed to initialize! Check that the process is launched from PIX.
LogInit: Using libcurl 7.55.1-DEV
LogInit:  - built for x86_64-pc-win32
LogInit:  - supports SSL with OpenSSL/1.1.1
LogInit:  - supports HTTP deflate (compression) using libz 1.2.8
LogInit:  - other features:
LogInit:      CURL_VERSION_SSL
LogInit:      CURL_VERSION_LIBZ
LogInit:      CURL_VERSION_IPV6
LogInit:      CURL_VERSION_ASYNCHDNS
LogInit:      CURL_VERSION_LARGEFILE
LogInit:      CURL_VERSION_IDN
LogInit:  CurlRequestOptions (configurable via config and command line):
LogInit:  - bVerifyPeer = true  - Libcurl will verify peer certificate
LogInit:  - bUseHttpProxy = false  - Libcurl will NOT use HTTP proxy
LogInit:  - bDontReuseConnections = false  - Libcurl will reuse connections
LogInit:  - MaxHostConnections = 16  - Libcurl will limit the number of connections to a host
LogInit:  - LocalHostAddr = Default
LogInit:  - BufferSize = 65536
LogOnline: OSS: Creating online subsystem instance for: NULL
LogInit: WinSock: version 1.1 (2.2), MaxSocks=32767, MaxUdp=65467
LogOnline: OSS: TryLoadSubsystemAndSetDefault: Loaded subsystem for module [NULL]
LogOculusPluginWrapper: OculusPlugin initialized successfully
LogHMD: Failed initializing OVRPlugin 1.59.0
LogInit: Build: ++UE4+Release-4.27-CL-18319896
LogInit: Engine Version: 4.27.2-18319896+++UE4+Release-4.27
LogInit: Compatible Engine Version: 4.27.0-17155196+++UE4+Release-4.27
LogInit: Net CL: 17155196
LogInit: OS: Windows 10 (Release 2009) (), CPU: Intel(R) Core(TM) i5-10400F CPU @ 2.90GHz, GPU: AMD Radeon RX 580 2048SP
LogInit: Compiled (64-bit): Nov 30 2021 07:12:08
LogInit: Compiled with Visual C++: 19.24.28315.00
LogInit: Build Configuration: Development
LogInit: Branch Name: ++UE4+Release-4.27
LogInit: Command Line: 
LogInit: Base Directory: C:/Program Files/Epic Games/UE_4.27/Engine/Binaries/Win64/
LogInit: Allocator: TBB
LogInit: Installed Engine Build: 1
LogDevObjectVersion: Number of dev versions registered: 29
LogDevObjectVersion:   Dev-Blueprints (B0D832E4-1F89-4F0D-ACCF-7EB736FD4AA2): 10
LogDevObjectVersion:   Dev-Build (E1C64328-A22C-4D53-A36C-8E866417BD8C): 0
LogDevObjectVersion:   Dev-Core (375EC13C-06E4-48FB-B500-84F0262A717E): 4
LogDevObjectVersion:   Dev-Editor (E4B068ED-F494-42E9-A231-DA0B2E46BB41): 40
LogDevObjectVersion:   Dev-Framework (CFFC743F-43B0-4480-9391-14DF171D2073): 37
LogDevObjectVersion:   Dev-Mobile (B02B49B5-BB20-44E9-A304-32B752E40360): 3
LogDevObjectVersion:   Dev-Networking (A4E4105C-59A1-49B5-A7C5-40C4547EDFEE): 0
LogDevObjectVersion:   Dev-Online (39C831C9-5AE6-47DC-9A44-9C173E1C8E7C): 0
LogDevObjectVersion:   Dev-Physics (78F01B33-EBEA-4F98-B9B4-84EACCB95AA2): 14
LogDevObjectVersion:   Dev-Platform (6631380F-2D4D-43E0-8009-CF276956A95A): 0
LogDevObjectVersion:   Dev-Rendering (12F88B9F-8875-4AFC-A67C-D90C383ABD29): 45
LogDevObjectVersion:   Dev-Sequencer (7B5AE74C-D270-4C10-A958-57980B212A5A): 13
LogDevObjectVersion:   Dev-VR (D7296918-1DD6-4BDD-9DE2-64A83CC13884): 3
LogDevObjectVersion:   Dev-LoadTimes (C2A15278-BFE7-4AFE-6C17-90FF531DF755): 1
LogDevObjectVersion:   Private-Geometry (6EACA3D4-40EC-4CC1-B786-8BED09428FC5): 3
LogDevObjectVersion:   Dev-AnimPhys (29E575DD-E0A3-4627-9D10-D276232CDCEA): 17
LogDevObjectVersion:   Dev-Anim (AF43A65D-7FD3-4947-9873-3E8ED9C1BB05): 15
LogDevObjectVersion:   Dev-ReflectionCapture (6B266CEC-1EC7-4B8F-A30B-E4D90942FC07): 1
LogDevObjectVersion:   Dev-Automation (0DF73D61-A23F-47EA-B727-89E90C41499A): 1
LogDevObjectVersion:   FortniteMain (601D1886-AC64-4F84-AA16-D3DE0DEAC7D6): 47
LogDevObjectVersion:   FortniteRelease (E7086368-6B23-4C58-8439-1B7016265E91): 1
LogDevObjectVersion:   Dev-Enterprise (9DFFBCD6-494F-0158-E221-12823C92A888): 10
LogDevObjectVersion:   Dev-Niagara (F2AED0AC-9AFE-416F-8664-AA7FFA26D6FC): 1
LogDevObjectVersion:   Dev-Destruction (174F1F0B-B4C6-45A5-B13F-2EE8D0FB917D): 10
LogDevObjectVersion:   Dev-Physics-Ext (35F94A83-E258-406C-A318-09F59610247C): 41
LogDevObjectVersion:   Dev-PhysicsMaterial-Chaos (B68FC16E-8B1B-42E2-B453-215C058844FE): 1
LogDevObjectVersion:   Dev-CineCamera (B2E18506-4273-CFC2-A54E-F4BB758BBA07): 1
LogDevObjectVersion:   Dev-VirtualProduction (64F58936-FD1B-42BA-BA96-7289D5D0FA4E): 1
LogDevObjectVersion:   Dev-MediaFramework (6F0ED827-A609-4895-9C91-998D90180EA4): 2
LogInit: Presizing for max 25165824 objects, including 0 objects not considered by GC, pre-allocating 0 bytes for permanent pool.
LogConfig: Applying CVar settings from Section [/Script/Engine.StreamingSettings] File [C:/Users/Playeroth/Documents/EscapeTheBackrooms--Mods/MainMod/Saved/Config/Windows/Engine.ini]
LogConfig: Setting CVar [[s.MinBulkDataSizeForAsyncLoading:131072]]
LogConfig: Setting CVar [[s.AsyncLoadingThreadEnabled:0]]
LogConfig: Setting CVar [[s.EventDrivenLoaderEnabled:1]]
LogConfig: Setting CVar [[s.WarnIfTimeLimitExceeded:0]]
LogConfig: Setting CVar [[s.TimeLimitExceededMultiplier:1.5]]
LogConfig: Setting CVar [[s.TimeLimitExceededMinTime:0.005]]
LogConfig: Setting CVar [[s.UseBackgroundLevelStreaming:1]]
LogConfig: Setting CVar [[s.PriorityAsyncLoadingExtraTime:15.0]]
LogConfig: Setting CVar [[s.LevelStreamingActorsUpdateTimeLimit:5.0]]
LogConfig: Setting CVar [[s.PriorityLevelStreamingActorsUpdateExtraTime:5.0]]
LogConfig: Setting CVar [[s.LevelStreamingComponentsRegistrationGranularity:10]]
LogConfig: Setting CVar [[s.UnregisterComponentsTimeLimit:1.0]]
LogConfig: Setting CVar [[s.LevelStreamingComponentsUnregistrationGranularity:5]]
LogConfig: Setting CVar [[s.FlushStreamingOnExit:1]]
LogInit: Object subsystem initialized
LogConfig: Setting CVar [[con.DebugEarlyDefault:1]]
LogConfig: Setting CVar [[r.setres:1280x720]]
[2025.04.02-18.33.11:556][  0]LogConfig: Setting CVar [[r.VSync:0]]
[2025.04.02-18.33.11:556][  0]LogConfig: Setting CVar [[r.RHICmdBypass:0]]
[2025.04.02-18.33.11:556][  0]LogConfig: Applying CVar settings from Section [/Script/Engine.RendererSettings] File [C:/Users/Playeroth/Documents/EscapeTheBackrooms--Mods/MainMod/Saved/Config/Windows/Engine.ini]
[2025.04.02-18.33.11:556][  0]LogConfig: Setting CVar [[r.GPUCrashDebugging:0]]
[2025.04.02-18.33.11:556][  0]LogConfig: Setting CVar [[r.DefaultFeature.AutoExposure.ExtendDefaultLuminanceRange:1]]
[2025.04.02-18.33.11:556][  0]LogConfig: Applying CVar settings from Section [/Script/Engine.RendererOverrideSettings] File [C:/Users/Playeroth/Documents/EscapeTheBackrooms--Mods/MainMod/Saved/Config/Windows/Engine.ini]
[2025.04.02-18.33.11:556][  0]LogConfig: Applying CVar settings from Section [/Script/Engine.StreamingSettings] File [C:/Users/Playeroth/Documents/EscapeTheBackrooms--Mods/MainMod/Saved/Config/Windows/Engine.ini]
[2025.04.02-18.33.11:556][  0]LogConfig: Setting CVar [[s.MinBulkDataSizeForAsyncLoading:131072]]
[2025.04.02-18.33.11:556][  0]LogConfig: Setting CVar [[s.AsyncLoadingThreadEnabled:0]]
[2025.04.02-18.33.11:556][  0]LogConfig: Setting CVar [[s.EventDrivenLoaderEnabled:1]]
[2025.04.02-18.33.11:556][  0]LogConfig: Setting CVar [[s.WarnIfTimeLimitExceeded:0]]
[2025.04.02-18.33.11:556][  0]LogConfig: Setting CVar [[s.TimeLimitExceededMultiplier:1.5]]
[2025.04.02-18.33.11:556][  0]LogConfig: Setting CVar [[s.TimeLimitExceededMinTime:0.005]]
[2025.04.02-18.33.11:556][  0]LogConfig: Setting CVar [[s.UseBackgroundLevelStreaming:1]]
[2025.04.02-18.33.11:556][  0]LogConfig: Setting CVar [[s.PriorityAsyncLoadingExtraTime:15.0]]
[2025.04.02-18.33.11:556][  0]LogConfig: Setting CVar [[s.LevelStreamingActorsUpdateTimeLimit:5.0]]
[2025.04.02-18.33.11:556][  0]LogConfig: Setting CVar [[s.PriorityLevelStreamingActorsUpdateExtraTime:5.0]]
[2025.04.02-18.33.11:556][  0]LogConfig: Setting CVar [[s.LevelStreamingComponentsRegistrationGranularity:10]]
[2025.04.02-18.33.11:556][  0]LogConfig: Setting CVar [[s.UnregisterComponentsTimeLimit:1.0]]
[2025.04.02-18.33.11:556][  0]LogConfig: Setting CVar [[s.LevelStreamingComponentsUnregistrationGranularity:5]]
[2025.04.02-18.33.11:557][  0]LogConfig: Setting CVar [[s.FlushStreamingOnExit:1]]
[2025.04.02-18.33.11:557][  0]LogConfig: Applying CVar settings from Section [/Script/Engine.GarbageCollectionSettings] File [C:/Users/Playeroth/Documents/EscapeTheBackrooms--Mods/MainMod/Saved/Config/Windows/Engine.ini]
[2025.04.02-18.33.11:557][  0]LogConfig: Setting CVar [[gc.MaxObjectsNotConsideredByGC:1]]
[2025.04.02-18.33.11:557][  0]LogConfig: Setting CVar [[gc.SizeOfPermanentObjectPool:0]]
[2025.04.02-18.33.11:557][  0]LogConfig: Setting CVar [[gc.FlushStreamingOnGC:0]]
[2025.04.02-18.33.11:557][  0]LogConfig: Setting CVar [[gc.NumRetriesBeforeForcingGC:10]]
[2025.04.02-18.33.11:557][  0]LogConfig: Setting CVar [[gc.AllowParallelGC:1]]
[2025.04.02-18.33.11:557][  0]LogConfig: Setting CVar [[gc.TimeBetweenPurgingPendingKillObjects:61.1]]
[2025.04.02-18.33.11:557][  0]LogConfig: Setting CVar [[gc.MaxObjectsInEditor:25165824]]
[2025.04.02-18.33.11:557][  0]LogConfig: Setting CVar [[gc.IncrementalBeginDestroyEnabled:1]]
[2025.04.02-18.33.11:557][  0]LogConfig: Setting CVar [[gc.CreateGCClusters:1]]
[2025.04.02-18.33.11:557][  0]LogConfig: Setting CVar [[gc.MinGCClusterSize:5]]
[2025.04.02-18.33.11:557][  0]LogConfig: Setting CVar [[gc.ActorClusteringEnabled:0]]
[2025.04.02-18.33.11:557][  0]LogConfig: Setting CVar [[gc.BlueprintClusteringEnabled:0]]
[2025.04.02-18.33.11:557][  0]LogConfig: Setting CVar [[gc.UseDisregardForGCOnDedicatedServers:0]]
[2025.04.02-18.33.11:557][  0]LogConfig: Setting CVar [[gc.MultithreadedDestructionEnabled:1]]
[2025.04.02-18.33.11:557][  0]LogConfig: Applying CVar settings from Section [/Script/Engine.NetworkSettings] File [C:/Users/Playeroth/Documents/EscapeTheBackrooms--Mods/MainMod/Saved/Config/Windows/Engine.ini]
[2025.04.02-18.33.11:557][  0]LogConfig: Applying CVar settings from Section [/Script/UnrealEd.CookerSettings] File [C:/Users/Playeroth/Documents/EscapeTheBackrooms--Mods/MainMod/Saved/Config/Windows/Engine.ini]
[2025.04.02-18.33.11:585][  0]LogConfig: Applying CVar settings from Section [ViewDistanceQuality@3] File [C:/Users/Playeroth/Documents/EscapeTheBackrooms--Mods/MainMod/Saved/Config/Windows/Scalability.ini]
[2025.04.02-18.33.11:585][  0]LogConfig: Setting CVar [[r.SkeletalMeshLODBias:0]]
[2025.04.02-18.33.11:585][  0]LogConfig: Setting CVar [[r.ViewDistanceScale:1.0]]
[2025.04.02-18.33.11:585][  0]LogConfig: Applying CVar settings from Section [AntiAliasingQuality@3] File [C:/Users/Playeroth/Documents/EscapeTheBackrooms--Mods/MainMod/Saved/Config/Windows/Scalability.ini]
[2025.04.02-18.33.11:585][  0]LogConfig: Setting CVar [[r.PostProcessAAQuality:4]]
[2025.04.02-18.33.11:585][  0]LogConfig: Applying CVar settings from Section [ShadowQuality@3] File [C:/Users/Playeroth/Documents/EscapeTheBackrooms--Mods/MainMod/Saved/Config/Windows/Scalability.ini]
[2025.04.02-18.33.11:585][  0]LogConfig: Setting CVar [[r.LightFunctionQuality:1]]
[2025.04.02-18.33.11:585][  0]LogConfig: Setting CVar [[r.ShadowQuality:5]]
[2025.04.02-18.33.11:585][  0]LogConfig: Setting CVar [[r.Shadow.CSM.MaxCascades:10]]
[2025.04.02-18.33.11:585][  0]LogConfig: Setting CVar [[r.Shadow.MaxResolution:2048]]
[2025.04.02-18.33.11:585][  0]LogConfig: Setting CVar [[r.Shadow.MaxCSMResolution:2048]]
[2025.04.02-18.33.11:585][  0]LogConfig: Setting CVar [[r.Shadow.RadiusThreshold:0.01]]
[2025.04.02-18.33.11:585][  0]LogConfig: Setting CVar [[r.Shadow.DistanceScale:1.0]]
[2025.04.02-18.33.11:585][  0]LogConfig: Setting CVar [[r.Shadow.CSM.TransitionScale:1.0]]
[2025.04.02-18.33.11:585][  0]LogConfig: Setting CVar [[r.Shadow.PreShadowResolutionFactor:1.0]]
[2025.04.02-18.33.11:585][  0]LogConfig: Setting CVar [[r.DistanceFieldShadowing:1]]
[2025.04.02-18.33.11:585][  0]LogConfig: Setting CVar [[r.DistanceFieldAO:1]]
[2025.04.02-18.33.11:585][  0]LogConfig: Setting CVar [[r.AOQuality:2]]
[2025.04.02-18.33.11:585][  0]LogConfig: Setting CVar [[r.VolumetricFog:1]]
[2025.04.02-18.33.11:585][  0]LogConfig: Setting CVar [[r.VolumetricFog.GridPixelSize:8]]
[2025.04.02-18.33.11:586][  0]LogConfig: Setting CVar [[r.VolumetricFog.GridSizeZ:128]]
[2025.04.02-18.33.11:586][  0]LogConfig: Setting CVar [[r.VolumetricFog.HistoryMissSupersampleCount:4]]
[2025.04.02-18.33.11:586][  0]LogConfig: Setting CVar [[r.LightMaxDrawDistanceScale:1]]
[2025.04.02-18.33.11:586][  0]LogConfig: Setting CVar [[r.CapsuleShadows:1]]
[2025.04.02-18.33.11:586][  0]LogConfig: Applying CVar settings from Section [PostProcessQuality@3] File [C:/Users/Playeroth/Documents/EscapeTheBackrooms--Mods/MainMod/Saved/Config/Windows/Scalability.ini]
[2025.04.02-18.33.11:586][  0]LogConfig: Setting CVar [[r.MotionBlurQuality:4]]
[2025.04.02-18.33.11:586][  0]LogConfig: Setting CVar [[r.AmbientOcclusionMipLevelFactor:0.4]]
[2025.04.02-18.33.11:586][  0]LogConfig: Setting CVar [[r.AmbientOcclusionMaxQuality:100]]
[2025.04.02-18.33.11:586][  0]LogConfig: Setting CVar [[r.AmbientOcclusionLevels:-1]]
[2025.04.02-18.33.11:586][  0]LogConfig: Setting CVar [[r.AmbientOcclusionRadiusScale:1.0]]
[2025.04.02-18.33.11:586][  0]LogConfig: Setting CVar [[r.DepthOfFieldQuality:2]]
[2025.04.02-18.33.11:586][  0]LogConfig: Setting CVar [[r.RenderTargetPoolMin:400]]
[2025.04.02-18.33.11:586][  0]LogConfig: Setting CVar [[r.LensFlareQuality:2]]
[2025.04.02-18.33.11:586][  0]LogConfig: Setting CVar [[r.SceneColorFringeQuality:1]]
[2025.04.02-18.33.11:586][  0]LogConfig: Setting CVar [[r.EyeAdaptationQuality:2]]
[2025.04.02-18.33.11:586][  0]LogConfig: Setting CVar [[r.BloomQuality:5]]
[2025.04.02-18.33.11:586][  0]LogConfig: Setting CVar [[r.FastBlurThreshold:100]]
[2025.04.02-18.33.11:586][  0]LogConfig: Setting CVar [[r.Upscale.Quality:3]]
[2025.04.02-18.33.11:586][  0]LogConfig: Setting CVar [[r.Tonemapper.GrainQuantization:1]]
[2025.04.02-18.33.11:586][  0]LogConfig: Setting CVar [[r.LightShaftQuality:1]]
[2025.04.02-18.33.11:586][  0]LogConfig: Setting CVar [[r.Filter.SizeScale:1]]
[2025.04.02-18.33.11:586][  0]LogConfig: Setting CVar [[r.Tonemapper.Quality:5]]
[2025.04.02-18.33.11:586][  0]LogConfig: Setting CVar [[r.DOF.Gather.AccumulatorQuality:1        ; higher gathering accumulator quality]]
[2025.04.02-18.33.11:586][  0]LogConfig: Setting CVar [[r.DOF.Gather.PostfilterMethod:1          ; Median3x3 postfilering method]]
[2025.04.02-18.33.11:586][  0]LogConfig: Setting CVar [[r.DOF.Gather.EnableBokehSettings:0       ; no bokeh simulation when gathering]]
[2025.04.02-18.33.11:586][  0]LogConfig: Setting CVar [[r.DOF.Gather.RingCount:4                 ; medium number of samples when gathering]]
[2025.04.02-18.33.11:586][  0]LogConfig: Setting CVar [[r.DOF.Scatter.ForegroundCompositing:1    ; additive foreground scattering]]
[2025.04.02-18.33.11:586][  0]LogConfig: Setting CVar [[r.DOF.Scatter.BackgroundCompositing:2    ; additive background scattering]]
[2025.04.02-18.33.11:586][  0]LogConfig: Setting CVar [[r.DOF.Scatter.EnableBokehSettings:1      ; bokeh simulation when scattering]]
[2025.04.02-18.33.11:586][  0]LogConfig: Setting CVar [[r.DOF.Scatter.MaxSpriteRatio:0.1         ; only a maximum of 10% of scattered bokeh]]
[2025.04.02-18.33.11:586][  0]LogConfig: Setting CVar [[r.DOF.Recombine.Quality:1                ; cheap slight out of focus]]
[2025.04.02-18.33.11:586][  0]LogConfig: Setting CVar [[r.DOF.Recombine.EnableBokehSettings:0    ; no bokeh simulation on slight out of focus]]
[2025.04.02-18.33.11:586][  0]LogConfig: Setting CVar [[r.DOF.TemporalAAQuality:1                ; more stable temporal accumulation]]
[2025.04.02-18.33.11:586][  0]LogConfig: Setting CVar [[r.DOF.Kernel.MaxForegroundRadius:0.025]]
[2025.04.02-18.33.11:586][  0]LogConfig: Setting CVar [[r.DOF.Kernel.MaxBackgroundRadius:0.025]]
[2025.04.02-18.33.11:586][  0]LogConfig: Applying CVar settings from Section [TextureQuality@3] File [C:/Users/Playeroth/Documents/EscapeTheBackrooms--Mods/MainMod/Saved/Config/Windows/Scalability.ini]
[2025.04.02-18.33.11:586][  0]LogConfig: Setting CVar [[r.Streaming.MipBias:0]]
[2025.04.02-18.33.11:586][  0]LogConfig: Setting CVar [[r.Streaming.AmortizeCPUToGPUCopy:0]]
[2025.04.02-18.33.11:586][  0]LogConfig: Setting CVar [[r.Streaming.MaxNumTexturesToStreamPerFrame:0]]
[2025.04.02-18.33.11:586][  0]LogConfig: Setting CVar [[r.Streaming.Boost:1]]
[2025.04.02-18.33.11:586][  0]LogConfig: Setting CVar [[r.MaxAnisotropy:8]]
[2025.04.02-18.33.11:586][  0]LogConfig: Setting CVar [[r.VT.MaxAnisotropy:8]]
[2025.04.02-18.33.11:586][  0]LogConfig: Setting CVar [[r.Streaming.LimitPoolSizeToVRAM:0]]
[2025.04.02-18.33.11:586][  0]LogConfig: Setting CVar [[r.Streaming.PoolSize:1000]]
[2025.04.02-18.33.11:586][  0]LogConfig: Setting CVar [[r.Streaming.MaxEffectiveScreenSize:0]]
[2025.04.02-18.33.11:586][  0]LogConfig: Applying CVar settings from Section [EffectsQuality@3] File [C:/Users/Playeroth/Documents/EscapeTheBackrooms--Mods/MainMod/Saved/Config/Windows/Scalability.ini]
[2025.04.02-18.33.11:586][  0]LogConfig: Setting CVar [[r.TranslucencyLightingVolumeDim:64]]
[2025.04.02-18.33.11:586][  0]LogConfig: Setting CVar [[r.RefractionQuality:2]]
[2025.04.02-18.33.11:586][  0]LogConfig: Setting CVar [[r.SSR.Quality:3]]
[2025.04.02-18.33.11:586][  0]LogConfig: Setting CVar [[r.SSR.HalfResSceneColor:0]]
[2025.04.02-18.33.11:586][  0]LogConfig: Setting CVar [[r.SceneColorFormat:4]]
[2025.04.02-18.33.11:586][  0]LogConfig: Setting CVar [[r.DetailMode:2]]
[2025.04.02-18.33.11:586][  0]LogConfig: Setting CVar [[r.TranslucencyVolumeBlur:1]]
[2025.04.02-18.33.11:586][  0]LogConfig: Setting CVar [[r.MaterialQualityLevel:1 ; High quality]]
[2025.04.02-18.33.11:586][  0]LogConfig: Setting CVar [[r.AnisotropicMaterials:1]]
[2025.04.02-18.33.11:586][  0]LogConfig: Setting CVar [[r.SSS.Scale:1]]
[2025.04.02-18.33.11:586][  0]LogConfig: Setting CVar [[r.SSS.SampleSet:2]]
[2025.04.02-18.33.11:586][  0]LogConfig: Setting CVar [[r.SSS.Quality:1]]
[2025.04.02-18.33.11:586][  0]LogConfig: Setting CVar [[r.SSS.HalfRes:0]]
[2025.04.02-18.33.11:586][  0]LogConfig: Setting CVar [[r.SSGI.Quality:3]]
[2025.04.02-18.33.11:586][  0]LogConfig: Setting CVar [[r.EmitterSpawnRateScale:1.0]]
[2025.04.02-18.33.11:586][  0]LogConfig: Setting CVar [[r.ParticleLightQuality:2]]
[2025.04.02-18.33.11:586][  0]LogConfig: Setting CVar [[r.SkyAtmosphere.AerialPerspectiveLUT.FastApplyOnOpaque:1 ; Always have FastSkyLUT 1 in this case to avoid wrong sky]]
[2025.04.02-18.33.11:586][  0]LogConfig: Setting CVar [[r.SkyAtmosphere.AerialPerspectiveLUT.SampleCountMaxPerSlice:4]]
[2025.04.02-18.33.11:586][  0]LogConfig: Setting CVar [[r.SkyAtmosphere.AerialPerspectiveLUT.DepthResolution:16.0]]
[2025.04.02-18.33.11:586][  0]LogConfig: Setting CVar [[r.SkyAtmosphere.FastSkyLUT:1]]
[2025.04.02-18.33.11:586][  0]LogConfig: Setting CVar [[r.SkyAtmosphere.FastSkyLUT.SampleCountMin:4.0]]
[2025.04.02-18.33.11:586][  0]LogConfig: Setting CVar [[r.SkyAtmosphere.FastSkyLUT.SampleCountMax:128.0]]
[2025.04.02-18.33.11:586][  0]LogConfig: Setting CVar [[r.SkyAtmosphere.SampleCountMin:4.0]]
[2025.04.02-18.33.11:586][  0]LogConfig: Setting CVar [[r.SkyAtmosphere.SampleCountMax:128.0]]
[2025.04.02-18.33.11:586][  0]LogConfig: Setting CVar [[r.SkyAtmosphere.TransmittanceLUT.UseSmallFormat:0]]
[2025.04.02-18.33.11:586][  0]LogConfig: Setting CVar [[r.SkyAtmosphere.TransmittanceLUT.SampleCount:10.0]]
[2025.04.02-18.33.11:586][  0]LogConfig: Setting CVar [[r.SkyAtmosphere.MultiScatteringLUT.SampleCount:15.0]]
[2025.04.02-18.33.11:586][  0]LogConfig: Setting CVar [[r.SkyLight.RealTimeReflectionCapture:1]]
[2025.04.02-18.33.11:586][  0]LogConfig: Applying CVar settings from Section [FoliageQuality@3] File [C:/Users/Playeroth/Documents/EscapeTheBackrooms--Mods/MainMod/Saved/Config/Windows/Scalability.ini]
[2025.04.02-18.33.11:586][  0]LogConfig: Setting CVar [[foliage.DensityScale:1.0]]
[2025.04.02-18.33.11:586][  0]LogConfig: Setting CVar [[grass.DensityScale:1.0]]
[2025.04.02-18.33.11:586][  0]LogConfig: Applying CVar settings from Section [ShadingQuality@3] File [C:/Users/Playeroth/Documents/EscapeTheBackrooms--Mods/MainMod/Saved/Config/Windows/Scalability.ini]
[2025.04.02-18.33.11:586][  0]LogConfig: Setting CVar [[r.HairStrands.SkyLighting.IntegrationType:2]]
[2025.04.02-18.33.11:586][  0]LogConfig: Setting CVar [[r.HairStrands.SkyAO.SampleCount:4]]
[2025.04.02-18.33.11:586][  0]LogConfig: Setting CVar [[r.HairStrands.Visibility.MSAA.SamplePerPixel:4]]
[2025.04.02-18.33.11:587][  0]LogInit: Selected Device Profile: [Windows]
[2025.04.02-18.33.11:588][  0]LogInit: Applying CVar settings loaded from the selected device profile: [Windows]
[2025.04.02-18.33.11:588][  0]LogHAL: Display: Platform has ~ 16 GB [17045495808 / 17179869184 / 16], which maps to Larger [LargestMinGB=32, LargerMinGB=12, DefaultMinGB=8, SmallerMinGB=6, SmallestMinGB=0)
[2025.04.02-18.33.11:588][  0]LogInit: Going up to parent DeviceProfile []
[2025.04.02-18.33.11:588][  0]LogConfig: Applying CVar settings from Section [ViewDistanceQuality@3] File [C:/Users/Playeroth/Documents/EscapeTheBackrooms--Mods/MainMod/Saved/Config/Windows/Scalability.ini]
[2025.04.02-18.33.11:588][  0]LogConfig: Setting CVar [[r.SkeletalMeshLODBias:0]]
[2025.04.02-18.33.11:588][  0]LogConfig: Setting CVar [[r.ViewDistanceScale:1.0]]
[2025.04.02-18.33.11:588][  0]LogConfig: Applying CVar settings from Section [AntiAliasingQuality@3] File [C:/Users/Playeroth/Documents/EscapeTheBackrooms--Mods/MainMod/Saved/Config/Windows/Scalability.ini]
[2025.04.02-18.33.11:588][  0]LogConfig: Setting CVar [[r.PostProcessAAQuality:4]]
[2025.04.02-18.33.11:588][  0]LogConfig: Applying CVar settings from Section [ShadowQuality@3] File [C:/Users/Playeroth/Documents/EscapeTheBackrooms--Mods/MainMod/Saved/Config/Windows/Scalability.ini]
[2025.04.02-18.33.11:589][  0]LogConfig: Setting CVar [[r.LightFunctionQuality:1]]
[2025.04.02-18.33.11:589][  0]LogConfig: Setting CVar [[r.ShadowQuality:5]]
[2025.04.02-18.33.11:589][  0]LogConfig: Setting CVar [[r.Shadow.CSM.MaxCascades:10]]
[2025.04.02-18.33.11:589][  0]LogConfig: Setting CVar [[r.Shadow.MaxResolution:2048]]
[2025.04.02-18.33.11:589][  0]LogConfig: Setting CVar [[r.Shadow.MaxCSMResolution:2048]]
[2025.04.02-18.33.11:589][  0]LogConfig: Setting CVar [[r.Shadow.RadiusThreshold:0.01]]
[2025.04.02-18.33.11:589][  0]LogConfig: Setting CVar [[r.Shadow.DistanceScale:1.0]]
[2025.04.02-18.33.11:589][  0]LogConfig: Setting CVar [[r.Shadow.CSM.TransitionScale:1.0]]
[2025.04.02-18.33.11:589][  0]LogConfig: Setting CVar [[r.Shadow.PreShadowResolutionFactor:1.0]]
[2025.04.02-18.33.11:589][  0]LogConfig: Setting CVar [[r.DistanceFieldShadowing:1]]
[2025.04.02-18.33.11:589][  0]LogConfig: Setting CVar [[r.DistanceFieldAO:1]]
[2025.04.02-18.33.11:589][  0]LogConfig: Setting CVar [[r.AOQuality:2]]
[2025.04.02-18.33.11:589][  0]LogConfig: Setting CVar [[r.VolumetricFog:1]]
[2025.04.02-18.33.11:589][  0]LogConfig: Setting CVar [[r.VolumetricFog.GridPixelSize:8]]
[2025.04.02-18.33.11:589][  0]LogConfig: Setting CVar [[r.VolumetricFog.GridSizeZ:128]]
[2025.04.02-18.33.11:589][  0]LogConfig: Setting CVar [[r.VolumetricFog.HistoryMissSupersampleCount:4]]
[2025.04.02-18.33.11:589][  0]LogConfig: Setting CVar [[r.LightMaxDrawDistanceScale:1]]
[2025.04.02-18.33.11:589][  0]LogConfig: Setting CVar [[r.CapsuleShadows:1]]
[2025.04.02-18.33.11:589][  0]LogConfig: Applying CVar settings from Section [PostProcessQuality@3] File [C:/Users/Playeroth/Documents/EscapeTheBackrooms--Mods/MainMod/Saved/Config/Windows/Scalability.ini]
[2025.04.02-18.33.11:589][  0]LogConfig: Setting CVar [[r.MotionBlurQuality:4]]
[2025.04.02-18.33.11:589][  0]LogConfig: Setting CVar [[r.AmbientOcclusionMipLevelFactor:0.4]]
[2025.04.02-18.33.11:589][  0]LogConfig: Setting CVar [[r.AmbientOcclusionMaxQuality:100]]
[2025.04.02-18.33.11:589][  0]LogConfig: Setting CVar [[r.AmbientOcclusionLevels:-1]]
[2025.04.02-18.33.11:589][  0]LogConfig: Setting CVar [[r.AmbientOcclusionRadiusScale:1.0]]
[2025.04.02-18.33.11:589][  0]LogConfig: Setting CVar [[r.DepthOfFieldQuality:2]]
[2025.04.02-18.33.11:589][  0]LogConfig: Setting CVar [[r.RenderTargetPoolMin:400]]
[2025.04.02-18.33.11:589][  0]LogConfig: Setting CVar [[r.LensFlareQuality:2]]
[2025.04.02-18.33.11:589][  0]LogConfig: Setting CVar [[r.SceneColorFringeQuality:1]]
[2025.04.02-18.33.11:589][  0]LogConfig: Setting CVar [[r.EyeAdaptationQuality:2]]
[2025.04.02-18.33.11:589][  0]LogConfig: Setting CVar [[r.BloomQuality:5]]
[2025.04.02-18.33.11:589][  0]LogConfig: Setting CVar [[r.FastBlurThreshold:100]]
[2025.04.02-18.33.11:589][  0]LogConfig: Setting CVar [[r.Upscale.Quality:3]]
[2025.04.02-18.33.11:589][  0]LogConfig: Setting CVar [[r.Tonemapper.GrainQuantization:1]]
[2025.04.02-18.33.11:589][  0]LogConfig: Setting CVar [[r.LightShaftQuality:1]]
[2025.04.02-18.33.11:589][  0]LogConfig: Setting CVar [[r.Filter.SizeScale:1]]
[2025.04.02-18.33.11:589][  0]LogConfig: Setting CVar [[r.Tonemapper.Quality:5]]
[2025.04.02-18.33.11:589][  0]LogConfig: Setting CVar [[r.DOF.Gather.AccumulatorQuality:1        ; higher gathering accumulator quality]]
[2025.04.02-18.33.11:589][  0]LogConfig: Setting CVar [[r.DOF.Gather.PostfilterMethod:1          ; Median3x3 postfilering method]]
[2025.04.02-18.33.11:589][  0]LogConfig: Setting CVar [[r.DOF.Gather.EnableBokehSettings:0       ; no bokeh simulation when gathering]]
[2025.04.02-18.33.11:589][  0]LogConfig: Setting CVar [[r.DOF.Gather.RingCount:4                 ; medium number of samples when gathering]]
[2025.04.02-18.33.11:589][  0]LogConfig: Setting CVar [[r.DOF.Scatter.ForegroundCompositing:1    ; additive foreground scattering]]
[2025.04.02-18.33.11:589][  0]LogConfig: Setting CVar [[r.DOF.Scatter.BackgroundCompositing:2    ; additive background scattering]]
[2025.04.02-18.33.11:589][  0]LogConfig: Setting CVar [[r.DOF.Scatter.EnableBokehSettings:1      ; bokeh simulation when scattering]]
[2025.04.02-18.33.11:589][  0]LogConfig: Setting CVar [[r.DOF.Scatter.MaxSpriteRatio:0.1         ; only a maximum of 10% of scattered bokeh]]
[2025.04.02-18.33.11:589][  0]LogConfig: Setting CVar [[r.DOF.Recombine.Quality:1                ; cheap slight out of focus]]
[2025.04.02-18.33.11:589][  0]LogConfig: Setting CVar [[r.DOF.Recombine.EnableBokehSettings:0    ; no bokeh simulation on slight out of focus]]
[2025.04.02-18.33.11:589][  0]LogConfig: Setting CVar [[r.DOF.TemporalAAQuality:1                ; more stable temporal accumulation]]
[2025.04.02-18.33.11:589][  0]LogConfig: Setting CVar [[r.DOF.Kernel.MaxForegroundRadius:0.025]]
[2025.04.02-18.33.11:589][  0]LogConfig: Setting CVar [[r.DOF.Kernel.MaxBackgroundRadius:0.025]]
[2025.04.02-18.33.11:589][  0]LogConfig: Applying CVar settings from Section [TextureQuality@3] File [C:/Users/Playeroth/Documents/EscapeTheBackrooms--Mods/MainMod/Saved/Config/Windows/Scalability.ini]
[2025.04.02-18.33.11:589][  0]LogConfig: Setting CVar [[r.Streaming.MipBias:0]]
[2025.04.02-18.33.11:589][  0]LogConfig: Setting CVar [[r.Streaming.AmortizeCPUToGPUCopy:0]]
[2025.04.02-18.33.11:589][  0]LogConfig: Setting CVar [[r.Streaming.MaxNumTexturesToStreamPerFrame:0]]
[2025.04.02-18.33.11:589][  0]LogConfig: Setting CVar [[r.Streaming.Boost:1]]
[2025.04.02-18.33.11:589][  0]LogConfig: Setting CVar [[r.MaxAnisotropy:8]]
[2025.04.02-18.33.11:589][  0]LogConfig: Setting CVar [[r.VT.MaxAnisotropy:8]]
[2025.04.02-18.33.11:589][  0]LogConfig: Setting CVar [[r.Streaming.LimitPoolSizeToVRAM:0]]
[2025.04.02-18.33.11:589][  0]LogConfig: Setting CVar [[r.Streaming.PoolSize:1000]]
[2025.04.02-18.33.11:589][  0]LogConfig: Setting CVar [[r.Streaming.MaxEffectiveScreenSize:0]]
[2025.04.02-18.33.11:589][  0]LogConfig: Applying CVar settings from Section [EffectsQuality@3] File [C:/Users/Playeroth/Documents/EscapeTheBackrooms--Mods/MainMod/Saved/Config/Windows/Scalability.ini]
[2025.04.02-18.33.11:589][  0]LogConfig: Setting CVar [[r.TranslucencyLightingVolumeDim:64]]
[2025.04.02-18.33.11:589][  0]LogConfig: Setting CVar [[r.RefractionQuality:2]]
[2025.04.02-18.33.11:589][  0]LogConfig: Setting CVar [[r.SSR.Quality:3]]
[2025.04.02-18.33.11:589][  0]LogConfig: Setting CVar [[r.SSR.HalfResSceneColor:0]]
[2025.04.02-18.33.11:589][  0]LogConfig: Setting CVar [[r.SceneColorFormat:4]]
[2025.04.02-18.33.11:589][  0]LogConfig: Setting CVar [[r.DetailMode:2]]
[2025.04.02-18.33.11:589][  0]LogConfig: Setting CVar [[r.TranslucencyVolumeBlur:1]]
[2025.04.02-18.33.11:589][  0]LogConfig: Setting CVar [[r.MaterialQualityLevel:1 ; High quality]]
[2025.04.02-18.33.11:589][  0]LogConfig: Setting CVar [[r.AnisotropicMaterials:1]]
[2025.04.02-18.33.11:589][  0]LogConfig: Setting CVar [[r.SSS.Scale:1]]
[2025.04.02-18.33.11:589][  0]LogConfig: Setting CVar [[r.SSS.SampleSet:2]]
[2025.04.02-18.33.11:589][  0]LogConfig: Setting CVar [[r.SSS.Quality:1]]
[2025.04.02-18.33.11:589][  0]LogConfig: Setting CVar [[r.SSS.HalfRes:0]]
[2025.04.02-18.33.11:589][  0]LogConfig: Setting CVar [[r.SSGI.Quality:3]]
[2025.04.02-18.33.11:589][  0]LogConfig: Setting CVar [[r.EmitterSpawnRateScale:1.0]]
[2025.04.02-18.33.11:589][  0]LogConfig: Setting CVar [[r.ParticleLightQuality:2]]
[2025.04.02-18.33.11:589][  0]LogConfig: Setting CVar [[r.SkyAtmosphere.AerialPerspectiveLUT.FastApplyOnOpaque:1 ; Always have FastSkyLUT 1 in this case to avoid wrong sky]]
[2025.04.02-18.33.11:589][  0]LogConfig: Setting CVar [[r.SkyAtmosphere.AerialPerspectiveLUT.SampleCountMaxPerSlice:4]]
[2025.04.02-18.33.11:589][  0]LogConfig: Setting CVar [[r.SkyAtmosphere.AerialPerspectiveLUT.DepthResolution:16.0]]
[2025.04.02-18.33.11:589][  0]LogConfig: Setting CVar [[r.SkyAtmosphere.FastSkyLUT:1]]
[2025.04.02-18.33.11:589][  0]LogConfig: Setting CVar [[r.SkyAtmosphere.FastSkyLUT.SampleCountMin:4.0]]
[2025.04.02-18.33.11:589][  0]LogConfig: Setting CVar [[r.SkyAtmosphere.FastSkyLUT.SampleCountMax:128.0]]
[2025.04.02-18.33.11:589][  0]LogConfig: Setting CVar [[r.SkyAtmosphere.SampleCountMin:4.0]]
[2025.04.02-18.33.11:589][  0]LogConfig: Setting CVar [[r.SkyAtmosphere.SampleCountMax:128.0]]
[2025.04.02-18.33.11:589][  0]LogConfig: Setting CVar [[r.SkyAtmosphere.TransmittanceLUT.UseSmallFormat:0]]
[2025.04.02-18.33.11:589][  0]LogConfig: Setting CVar [[r.SkyAtmosphere.TransmittanceLUT.SampleCount:10.0]]
[2025.04.02-18.33.11:589][  0]LogConfig: Setting CVar [[r.SkyAtmosphere.MultiScatteringLUT.SampleCount:15.0]]
[2025.04.02-18.33.11:589][  0]LogConfig: Setting CVar [[r.SkyLight.RealTimeReflectionCapture:1]]
[2025.04.02-18.33.11:589][  0]LogConfig: Applying CVar settings from Section [FoliageQuality@3] File [C:/Users/Playeroth/Documents/EscapeTheBackrooms--Mods/MainMod/Saved/Config/Windows/Scalability.ini]
[2025.04.02-18.33.11:589][  0]LogConfig: Setting CVar [[foliage.DensityScale:1.0]]
[2025.04.02-18.33.11:589][  0]LogConfig: Setting CVar [[grass.DensityScale:1.0]]
[2025.04.02-18.33.11:589][  0]LogConfig: Applying CVar settings from Section [ShadingQuality@3] File [C:/Users/Playeroth/Documents/EscapeTheBackrooms--Mods/MainMod/Saved/Config/Windows/Scalability.ini]
[2025.04.02-18.33.11:589][  0]LogConfig: Setting CVar [[r.HairStrands.SkyLighting.IntegrationType:2]]
[2025.04.02-18.33.11:589][  0]LogConfig: Setting CVar [[r.HairStrands.SkyAO.SampleCount:4]]
[2025.04.02-18.33.11:589][  0]LogConfig: Setting CVar [[r.HairStrands.Visibility.MSAA.SamplePerPixel:4]]
[2025.04.02-18.33.11:590][  0]LogConfig: Applying CVar settings from Section [Startup] File [../../../Engine/Config/ConsoleVariables.ini]
[2025.04.02-18.33.11:597][  0]LogConfig: Setting CVar [[net.UseAdaptiveNetUpdateFrequency:0]]
[2025.04.02-18.33.11:598][  0]LogConfig: Setting CVar [[p.chaos.AllowCreatePhysxBodies:1]]
[2025.04.02-18.33.11:598][  0]LogConfig: Setting CVar [[fx.SkipVectorVMBackendOptimizations:1]]
[2025.04.02-18.33.11:598][  0]LogConfig: Applying CVar settings from Section [ConsoleVariables] File [C:/Users/Playeroth/Documents/EscapeTheBackrooms--Mods/MainMod/Saved/Config/Windows/Engine.ini]
[2025.04.02-18.33.11:598][  0]LogConfig: Applying CVar settings from Section [ConsoleVariables] File [C:/Users/Playeroth/Documents/EscapeTheBackrooms--Mods/MainMod/Saved/Config/Windows/Editor.ini]
[2025.04.02-18.33.11:598][  0]LogInit: Computer: DESKTOP-PLAYER
[2025.04.02-18.33.11:598][  0]LogInit: User: Playeroth
[2025.04.02-18.33.11:598][  0]LogInit: CPU Page size=4096, Cores=6
[2025.04.02-18.33.11:598][  0]LogInit: High frequency timer resolution =10.000000 MHz
[2025.04.02-18.33.11:598][  0]LogMemory: Memory total: Physical=15.9GB (16GB approx)
[2025.04.02-18.33.11:599][  0]LogMemory: Platform Memory Stats for Windows
[2025.04.02-18.33.11:599][  0]LogMemory: Process Physical Memory: 150.41 MB used, 150.42 MB peak
[2025.04.02-18.33.11:599][  0]LogMemory: Process Virtual Memory: 131.83 MB used, 131.83 MB peak
[2025.04.02-18.33.11:599][  0]LogMemory: Physical Memory: 14515.65 MB used,  1740.20 MB free, 16255.85 MB total
[2025.04.02-18.33.11:599][  0]LogMemory: Virtual Memory: 134208008.00 MB used,  9718.25 MB free, 134217728.00 MB total
[2025.04.02-18.33.11:606][  0]LogWindows: WindowsPlatformFeatures enabled
[2025.04.02-18.33.12:894][  0]LogInit: Physics initialised using underlying interface: PhysX
[2025.04.02-18.33.12:897][  0]LogInit: Overriding language with editor language configuration option (en).
[2025.04.02-18.33.12:897][  0]LogInit: Overriding language with editor locale configuration option (en).
[2025.04.02-18.33.13:410][  0]LogInit: Setting process to per monitor DPI aware
[2025.04.02-18.33.13:474][  0]LogWindowsTextInputMethodSystem: Display: IME system deactivated.
[2025.04.02-18.33.13:532][  0]LogSlate: New Slate User Created.  User Index 0, Is Virtual User: 0
[2025.04.02-18.33.13:532][  0]LogSlate: Slate User Registered.  User Index 0, Is Virtual User: 0
[2025.04.02-18.33.16:058][  0]LogD3D11RHI: Loaded GFSDK_Aftermath_Lib.x64.dll
[2025.04.02-18.33.16:062][  0]LogHMD: Failed to initialize OpenVR with code 110
[2025.04.02-18.33.16:062][  0]LogD3D11RHI: D3D11 min allowed feature level: 11_0
[2025.04.02-18.33.16:062][  0]LogD3D11RHI: D3D11 max allowed feature level: 11_0
[2025.04.02-18.33.16:062][  0]LogD3D11RHI: D3D11 adapters:
[2025.04.02-18.33.16:143][  0]LogD3D11RHI:    0. 'AMD Radeon RX 580 2048SP' (Feature Level 11_0)
[2025.04.02-18.33.16:143][  0]LogD3D11RHI:       8170/0/8127 MB DedicatedVideo/DedicatedSystem/SharedSystem, Outputs:1, VendorId:0x1002
[2025.04.02-18.33.16:148][  0]LogD3D11RHI:    1. 'Microsoft Basic Render Driver' (Feature Level 11_0)
[2025.04.02-18.33.16:148][  0]LogD3D11RHI:       0/0/8127 MB DedicatedVideo/DedicatedSystem/SharedSystem, Outputs:0, VendorId:0x1414
[2025.04.02-18.33.16:148][  0]LogD3D11RHI: Chosen D3D11 Adapter:
[2025.04.02-18.33.16:148][  0]LogD3D11RHI:     Description : AMD Radeon RX 580 2048SP
[2025.04.02-18.33.16:148][  0]LogD3D11RHI:     VendorId    : 1002
[2025.04.02-18.33.16:148][  0]LogD3D11RHI:     DeviceId    : 6fdf
[2025.04.02-18.33.16:148][  0]LogD3D11RHI:     SubSysId    : b311002
[2025.04.02-18.33.16:148][  0]LogD3D11RHI:     Revision    : 00ef
[2025.04.02-18.33.16:148][  0]LogD3D11RHI:     DedicatedVideoMemory : 8567906304 bytes
[2025.04.02-18.33.16:148][  0]LogD3D11RHI:     DedicatedSystemMemory : 0 bytes
[2025.04.02-18.33.16:148][  0]LogD3D11RHI:     SharedSystemMemory : 8522747904 bytes
[2025.04.02-18.33.16:148][  0]LogD3D11RHI:     AdapterLuid : 0 62926
[2025.04.02-18.33.16:156][  0]LogD3D11RHI: Creating new Direct3DDevice
[2025.04.02-18.33.16:156][  0]LogD3D11RHI:     GPU DeviceId: 0x6fdf (for the marketing name, search the web for "GPU Device Id")
[2025.04.02-18.33.16:156][  0]LogWindows: EnumDisplayDevices:
[2025.04.02-18.33.16:157][  0]LogWindows:    0. 'AMD Radeon RX 580 2048SP' (P:1 D:1)
[2025.04.02-18.33.16:157][  0]LogWindows:    1. 'AMD Radeon RX 580 2048SP' (P:0 D:0)
[2025.04.02-18.33.16:157][  0]LogWindows:    2. 'AMD Radeon RX 580 2048SP' (P:0 D:0)
[2025.04.02-18.33.16:158][  0]LogWindows:    3. 'AMD Radeon RX 580 2048SP' (P:0 D:0)
[2025.04.02-18.33.16:158][  0]LogWindows:    4. 'AMD Radeon RX 580 2048SP' (P:0 D:0)
[2025.04.02-18.33.16:159][  0]LogWindows:    5. 'AMD Radeon RX 580 2048SP' (P:0 D:0)
[2025.04.02-18.33.16:159][  0]LogWindows:    6. 'AMD Radeon RX 580 2048SP' (P:0 D:0)
[2025.04.02-18.33.16:159][  0]LogWindows: DebugString: FoundDriverCount:7 
[2025.04.02-18.33.16:159][  0]LogD3D11RHI:     Adapter Name: AMD Radeon RX 580 2048SP
[2025.04.02-18.33.16:159][  0]LogD3D11RHI:   Driver Version: AMD Software: Adrenalin Edition 24.9.1 (internal:31.0.21921.1000, unified:31.0.21921.1000)
[2025.04.02-18.33.16:159][  0]LogD3D11RHI:      Driver Date: 8-19-2024
[2025.04.02-18.33.16:160][  0]LogRHI: Texture pool is 5182 MB (70% of 7402 MB)
[2025.04.02-18.33.16:292][  0]LogD3D11RHI: Creating D3DDevice with AMD AGS, using adapter:
[2025.04.02-18.33.16:292][  0]LogD3D11RHI:     Description : AMD Radeon RX 580 2048SP
[2025.04.02-18.33.16:292][  0]LogD3D11RHI:     VendorId    : 1002
[2025.04.02-18.33.16:292][  0]LogD3D11RHI:     DeviceId    : 6fdf
[2025.04.02-18.33.16:292][  0]LogD3D11RHI:     SubSysId    : b311002
[2025.04.02-18.33.16:293][  0]LogD3D11RHI:     Revision    : 00ef
[2025.04.02-18.33.16:293][  0]LogD3D11RHI:     DedicatedVideoMemory : 8567906304 bytes
[2025.04.02-18.33.16:293][  0]LogD3D11RHI:     DedicatedSystemMemory : 0 bytes
[2025.04.02-18.33.16:293][  0]LogD3D11RHI:     SharedSystemMemory : 8522747904 bytes
[2025.04.02-18.33.16:293][  0]LogD3D11RHI:     AdapterLuid : 0 62926
[2025.04.02-18.33.16:338][  0]LogD3D11RHI: Created device via AGS, feature level 11_0, supported extensions 1fffffbf.
[2025.04.02-18.33.16:338][  0]LogD3D11RHI: RHI has support for 64 bit atomics
[2025.04.02-18.33.16:338][  0]LogD3D11RHI: Async texture creation enabled
[2025.04.02-18.33.16:339][  0]LogD3D11RHI: Array index from any shader is supported
[2025.04.02-18.33.16:339][  0]LogD3D11RHI: HDR output is supported on display 0 (AMD Device: 0x0, Display: 0x0).
[2025.04.02-18.33.16:380][  0]LogD3D11RHI: GPU Timing Frequency: 25.000000 (Debug: 2 1)
[2025.04.02-18.33.17:294][  0]LogTargetPlatformManager: Display: Loaded TargetPlatform 'AllDesktop'
[2025.04.02-18.33.17:313][  0]LogTargetPlatformManager: Display: Loaded TargetPlatform 'Android'
[2025.04.02-18.33.17:313][  0]LogTargetPlatformManager: Display: Loaded TargetPlatform 'Android_ASTC'
[2025.04.02-18.33.17:313][  0]LogTargetPlatformManager: Display: Loaded TargetPlatform 'Android_DXT'
[2025.04.02-18.33.17:313][  0]LogTargetPlatformManager: Display: Loaded TargetPlatform 'Android_ETC2'
[2025.04.02-18.33.17:313][  0]LogTargetPlatformManager: Display: Loaded TargetPlatform 'AndroidClient'
[2025.04.02-18.33.17:313][  0]LogTargetPlatformManager: Display: Loaded TargetPlatform 'Android_ASTCClient'
[2025.04.02-18.33.17:313][  0]LogTargetPlatformManager: Display: Loaded TargetPlatform 'Android_DXTClient'
[2025.04.02-18.33.17:313][  0]LogTargetPlatformManager: Display: Loaded TargetPlatform 'Android_ETC2Client'
[2025.04.02-18.33.17:313][  0]LogTargetPlatformManager: Display: Loaded TargetPlatform 'Android_Multi'
[2025.04.02-18.33.17:313][  0]LogTargetPlatformManager: Display: Loaded TargetPlatform 'Android_MultiClient'
[2025.04.02-18.33.17:324][  0]LogTargetPlatformManager: Display: Loaded TargetPlatform 'IOSClient'
[2025.04.02-18.33.17:324][  0]LogTargetPlatformManager: Display: Loaded TargetPlatform 'IOS'
[2025.04.02-18.33.17:337][  0]LogTargetPlatformManager: Display: Loaded TargetPlatform 'Linux'
[2025.04.02-18.33.17:339][  0]LogTargetPlatformManager: Display: Loaded TargetPlatform 'LinuxNoEditor'
[2025.04.02-18.33.17:342][  0]LogTargetPlatformManager: Display: Loaded TargetPlatform 'LinuxClient'
[2025.04.02-18.33.17:344][  0]LogTargetPlatformManager: Display: Loaded TargetPlatform 'LinuxServer'
[2025.04.02-18.33.17:351][  0]LogTargetPlatformManager: Display: Loaded TargetPlatform 'LinuxAArch64NoEditor'
[2025.04.02-18.33.17:357][  0]LogTargetPlatformManager: Display: Loaded TargetPlatform 'LinuxAArch64Client'
[2025.04.02-18.33.17:362][  0]LogTargetPlatformManager: Display: Loaded TargetPlatform 'LinuxAArch64Server'
[2025.04.02-18.33.17:517][  0]LogTargetPlatformManager: Display: Loaded TargetPlatform 'Lumin'
[2025.04.02-18.33.17:517][  0]LogTargetPlatformManager: Display: Loaded TargetPlatform 'LuminClient'
[2025.04.02-18.33.17:547][  0]LogTargetPlatformManager: Display: Loaded TargetPlatform 'MacNoEditor'
[2025.04.02-18.33.17:550][  0]LogTargetPlatformManager: Display: Loaded TargetPlatform 'Mac'
[2025.04.02-18.33.17:553][  0]LogTargetPlatformManager: Display: Loaded TargetPlatform 'MacClient'
[2025.04.02-18.33.17:559][  0]LogTargetPlatformManager: Display: Loaded TargetPlatform 'MacServer'
[2025.04.02-18.33.17:569][  0]LogTargetPlatformManager: Display: Loaded TargetPlatform 'TVOSClient'
[2025.04.02-18.33.17:569][  0]LogTargetPlatformManager: Display: Loaded TargetPlatform 'TVOS'
[2025.04.02-18.33.17:581][  0]LogTargetPlatformManager: Display: Loaded TargetPlatform 'WindowsNoEditor'
[2025.04.02-18.33.17:588][  0]LogTargetPlatformManager: Display: Loaded TargetPlatform 'Windows'
[2025.04.02-18.33.17:595][  0]LogTargetPlatformManager: Display: Loaded TargetPlatform 'WindowsClient'
[2025.04.02-18.33.17:603][  0]LogTargetPlatformManager: Display: Loaded TargetPlatform 'WindowsServer'
[2025.04.02-18.33.17:603][  0]LogTargetPlatformManager: Display: Building Assets For Windows
[2025.04.02-18.33.18:059][  0]LogAudioDebug: Display: Lib vorbis DLL was dynamically loaded.
[2025.04.02-18.33.18:313][  0]LogTextureFormatOodle: Display: Oodle Texture 2.9.0 init RDO Off
[2025.04.02-18.33.18:640][  0]LogRendererCore: Ray tracing is disabled. Reason: r.RayTracing=0.
[2025.04.02-18.33.18:643][  0]LogShaderCompilers: Guid format shader working directory is -26 characters bigger than the processId version (../../../../../../Users/Playeroth/Documents/EscapeTheBackrooms--Mods/MainMod/Intermediate/Shaders/WorkingDirectory/6092/).
[2025.04.02-18.33.18:643][  0]LogShaderCompilers: Cleaned the shader compiler working directory 'C:/Users/Playeroth/AppData/Local/Temp/UnrealShaderWorkingDir/5783901945B28D01A41BF59E6470CDB4/'.
[2025.04.02-18.33.18:644][  0]LogXGEController: Cannot use XGE Controller as Incredibuild is not installed on this machine.
[2025.04.02-18.33.18:645][  0]LogShaderCompilers: Cannot use XGE Shader Compiler as Incredibuild is not installed on this machine.
[2025.04.02-18.33.18:645][  0]LogShaderCompilers: Display: Using Local Shader Compiler.
[2025.04.02-18.33.24:445][  0]LogDerivedDataCache: Display: Max Cache Size: 512 MB
[2025.04.02-18.33.24:563][  0]LogDerivedDataCache: Loaded boot cache 0.12s 94MB C:/Users/Playeroth/AppData/Local/UnrealEngine/4.27/DerivedDataCache/Boot.ddc.
[2025.04.02-18.33.24:563][  0]LogDerivedDataCache: Display: Loaded Boot cache: C:/Users/Playeroth/AppData/Local/UnrealEngine/4.27/DerivedDataCache/Boot.ddc
[2025.04.02-18.33.24:563][  0]LogDerivedDataCache: FDerivedDataBackendGraph:  Pak pak cache file ../../../../../../Users/Playeroth/Documents/EscapeTheBackrooms--Mods/MainMod/DerivedDataCache/DDC.ddp not found, will not use a pak cache.
[2025.04.02-18.33.24:563][  0]LogDerivedDataCache: Unable to find inner node Pak for hierarchical cache Hierarchy.
[2025.04.02-18.33.24:563][  0]LogDerivedDataCache: FDerivedDataBackendGraph:  CompressedPak pak cache file ../../../../../../Users/Playeroth/Documents/EscapeTheBackrooms--Mods/MainMod/DerivedDataCache/Compressed.ddp not found, will not use a pak cache.
[2025.04.02-18.33.24:563][  0]LogDerivedDataCache: Unable to find inner node CompressedPak for hierarchical cache Hierarchy.
[2025.04.02-18.33.24:596][  0]LogDerivedDataCache: Display: Pak cache opened for reading ../../../Engine/DerivedDataCache/Compressed.ddp.
[2025.04.02-18.33.24:596][  0]LogDerivedDataCache: FDerivedDataBackendGraph:  EnterprisePak pak cache file ../../../Enterprise/DerivedDataCache/Compressed.ddp not found, will not use a pak cache.
[2025.04.02-18.33.24:596][  0]LogDerivedDataCache: Unable to find inner node EnterprisePak for hierarchical cache Hierarchy.
[2025.04.02-18.33.24:674][  0]LogDerivedDataCache: Speed tests for C:/Users/Playeroth/AppData/Local/UnrealEngine/Common/DerivedDataCache took 0.08 seconds
[2025.04.02-18.33.24:674][  0]LogDerivedDataCache: Display: Performance to C:/Users/Playeroth/AppData/Local/UnrealEngine/Common/DerivedDataCache: Latency=0.23ms. RandomReadSpeed=13.08MBs, RandomWriteSpeed=210.46MBs. Assigned SpeedClass 'Local'
[2025.04.02-18.33.24:675][  0]LogDerivedDataCache: Using Local data cache path C:/Users/Playeroth/AppData/Local/UnrealEngine/Common/DerivedDataCache: Writable
[2025.04.02-18.33.24:675][  0]LogDerivedDataCache: Shared data cache path not found in *engine.ini, will not use an Shared cache.
[2025.04.02-18.33.24:675][  0]LogDerivedDataCache: Unable to find inner node Shared for hierarchical cache Hierarchy.
[2025.04.02-18.33.24:745][  0]LogSlate: Using FreeType 2.10.0
[2025.04.02-18.33.24:762][  0]LogSlate: SlateFontServices - WITH_FREETYPE: 1, WITH_HARFBUZZ: 1
[2025.04.02-18.33.24:809][  0]LogAssetRegistry: FAssetRegistry took 0.0057 seconds to start up
[2025.04.02-18.33.25:256][  0]LogCollisionProfile: Warning: ProfileRedirect (EntitiType : EntityType) - New Name ('EntityType') isn't found 
[2025.04.02-18.33.25:355][  0]LogInit: Selected Device Profile: [Windows]
[2025.04.02-18.33.25:356][  0]LogInit: Active device profile: [0000026B56235100][0000026B534373C0 49] Windows
[2025.04.02-18.33.25:356][  0]LogInit: Profiles: [0000026B56235100][0000026B534373C0 49] Windows, [0000026B56202400][0000026B5343F540 49] WindowsNoEditor, [0000026B56236200][0000026B534436C0 49] WindowsServer, [0000026B56201600][0000026B53447840 49] WindowsClient, [0000026B56235700][0000026B5344B9C0 49] IOS, [0000026B56202600][0000026B5344FB40 49] iPadAir, [0000026B56237C00][0000026B53452140 49] iPadAir2, [0000026B561B1400][0000026B5345A400 49] IPadPro, [0000026B561B1500][0000026B53456440 49] iPadAir3, [0000026B56203700][0000026B540285C0 49] iPadAir4, [0000026B561B2300][0000026B5402C740 49] iPadMini2, [0000026B56202E00][0000026B540308C0 49] iPadMini3, [0000026B561B2F00][0000026B54034A40 49] iPadMini4, [0000026B56201B00][0000026B5343AB80 49] iPadMini5, [0000026B561C5000][0000026B5403CDC0 49] iPhone6, [0000026B561C5100][0000026B54038E00 49] iPodTouch6, [0000026B56237900][0000026B54049080 49] iPhone7, [0000026B56236900][0000026B540410C0 49] iPodTouch7, [0000026B561B1000][0000026B5404D240 49] iPhone5S, [0000026B56236F00][0000026B540513C0 49] iPhone6Plus, [0000026B561B3600][0000026B54055540 49] iPhone6S, [0000026B56234C00][0000026B540596C0 49] iPhone6SPlus, [0000026B56235D00][0000026B5405D840 49] iPhone7Plus, [0000026B561C4800][0000026B540619C0 49] iPhoneSE, [0000026B56234400][0000026B54065B40 49] iPhone8, [0000026B561C4900][0000026B54068140 49] iPhone8Plus, [0000026B561C6E00][0000026B5406C2C0 49] iPhoneX, [0000026B561B1D00][0000026B54070440 49] iPhoneXS, [0000026B561C6700][0000026B540745C0 49] iPhoneXSMax, [0000026B561B1C00][0000026B54078740 49] iPhoneXR, [0000026B561C6800][0000026B5407C8C0 49] iPhone11, [0000026B561B0F00][0000026B54080A40 49] iPhone11Pro, [0000026B561C4B00][0000026B54084BC0 49] iPhone11ProMax, [0000026B561B0D00][0000026B54088D40 49] iPhoneSE2, [0000026B561C4E00][0000026B54044E80 49] iPhone12Mini, [0000026B56237800][0000026B5408CFC0 49] iPhone12, [0000026B561C7000][0000026B53881100 49] iPhone12Pro, [0000026B56237700][0000026B53891280 49] iPhone12ProMax, [0000026B561C5E00][0000026B53895400 49] iPadPro105, [0000026B56235300][0000026B53899580 49] iPadPro129, [0000026B561C7E00][0000026B5389D700 49] iPadPro97, [0000026B56235C00][0000026B538A1880 49] iPadPro2_129, [0000026B561C6000][0000026B538A5A00 49] iPad5, [0000026B56236300][0000026B538A9B80 49] iPad6, [0000026B561C7B00][0000026B538AC180 49] iPad7, [0000026B56235E00][0000026B538B0300 49] iPad8, [0000026B561C4A00][0000026B538B4480 49] iPadPro11, [0000026B56236600][0000026B538B8600 49] iPadPro2_11, [0000026B561C4F00][0000026B538BC780 49] iPadPro3_129, [0000026B56236800][0000026B538C0900 49] iPadPro4_129, [0000026B561C7C00][0000026B538C4A80 49] AppleTV, [0000026B56235A00][0000026B538C8C00 49] AppleTV4K, [0000026B561C6600][0000026B538CCD80 49] TVOS, [0000026B56236100][0000026B538D0F00 49] Mac, [0000026B561C6F00][0000026B5388D040 49] MacClient, [0000026B56236A00][0000026B538D5180 49] MacNoEditor, [0000026B561C6C00][0000026B538D92C0 49] MacServer, [0000026B56237000][0000026B538E1440 49] Linux, [0000026B561C4400][0000026B538E55C0 49] LinuxAArch64, [0000026B56234700][0000026B538E9740 49] LinuxNoEditor, [0000026B561C7700][0000026B538ED8C0 49] LinuxAArch64NoEditor, [0000026B56237B00][0000026B538F1A40 49] LinuxClient, [0000026B561C7400][0000026B538F5BC0 49] LinuxAArch64Client, [0000026B56237E00][0000026B538F81C0 49] LinuxServer, [0000026B561C4700][0000026B538FC340 49] LinuxAArch64Server, [0000026B56235F00][0000026B539084C0 49] Android, [0000026B561C6A00][0000026B53910640 49] Android_Low, [0000026B56236D00][0000026B539287C0 49] Android_Mid, [0000026B561C5F00][0000026B53948940 49] Android_High, [0000026B56236B00][0000026B53954AC0 49] Android_Default, [0000026B561C4100][0000026B53988C40 49] Android_Adreno4xx, [0000026B56234500][0000026B5398CDC0 49] Android_Adreno5xx_Low, [0000026B561C5400][0000026B53990F40 49] Android_Adreno5xx, [0000026B56237400][0000026B539950C0 49] Android_Adreno6xx, [0000026B561C6300][0000026B538DD200 49] Android_Adreno6xx_Vulkan, [0000026B56237D00][0000026B53999340 49] Android_Mali_T6xx, [0000026B561C4200][0000026B5399D480 49] Android_Mali_T7xx, [0000026B56237600][0000026B539A15C0 49] Android_Mali_T8xx, [0000026B561C7200][0000026B539A9740 49] Android_Mali_G71, [0000026B561B3100][0000026B539AD8C0 49] Android_Mali_G72, [0000026B56202C00][0000026B539B1A40 49] Android_Mali_G72_Vulkan, [0000026B561B2B00][0000026B539B5BC0 49] Android_Mali_G76, [0000026B56200500][0000026B539B81C0 49] Android_Mali_G76_Vulkan, [0000026B561B0C00][0000026B539BC340 49] Android_Mali_G77, [0000026B56200600][0000026B539C04C0 49] Android_Mali_G77_Vulkan, [0000026B561B2400][0000026B539C4640 49] Android_Mali_G78, [0000026B56200D00][0000026B539C87C0 49] Android_Mali_G78_Vulkan, [0000026B561B3D00][0000026B539CC940 49] Android_Mali_G710, [0000026B56202800][0000026B539D0AC0 49] Android_Mali_G710_Vulkan, [0000026B561B2A00][0000026B539D4C40 49] Android_Vulkan_SM5, [0000026B56201700][0000026B539D8DC0 49] Android_PowerVR_G6xxx, [0000026B561B0500][0000026B539DCF40 49] Android_PowerVR_GT7xxx, [0000026B56200200][0000026B539E10C0 49] Android_PowerVR_GE8xxx, [0000026B561B3B00][0000026B539E5240 49] Android_PowerVR_GM9xxx, [0000026B56201E00][0000026B539A5380 49] Android_PowerVR_GM9xxx_Vulkan, [0000026B561B1F00][0000026B539E94C0 49] Android_TegraK1, [0000026B56200A00][0000026B539ED600 49] Android_Unknown_Vulkan, [0000026B561B3900][0000026B539F1740 49] Lumin, [0000026B56201100][0000026B539F98C0 49] Lumin_Desktop, [0000026B561B2000][0000026B539FDA40 49] HoloLens, 
[2025.04.02-18.33.26:175][  0]LogMeshReduction: Using QuadricMeshReduction for automatic static mesh reduction
[2025.04.02-18.33.26:175][  0]LogMeshReduction: Using SimplygonMeshReduction for automatic skeletal mesh reduction
[2025.04.02-18.33.26:175][  0]LogMeshReduction: Using ProxyLODMeshReduction for automatic mesh merging
[2025.04.02-18.33.26:175][  0]LogMeshReduction: No distributed automatic mesh merging module available
[2025.04.02-18.33.26:175][  0]LogMeshMerging: No distributed automatic mesh merging module available
[2025.04.02-18.33.26:264][  0]LogNetVersion: EscapeTheBackrooms 1.0.0, NetCL: 17155196, EngineNetVer: 17, GameNetVer: 0 (Checksum: 3701509013)
[2025.04.02-18.33.27:602][  0]LogTexture: Default maximum texture size for cubemaps generated from long-lat sources has been changed from 512 to unlimited. In order to preserve old behaiour for '/Engine/MapTemplates/Sky/DaylightAmbientCubemap.DaylightAmbientCubemap', its maximum texture size has been explicitly set to 512.
[2025.04.02-18.33.27:724][  0]LogHMD: PokeAHoleMaterial loaded successfully
[2025.04.02-18.33.27:738][  0]LogUObjectArray: 17178 objects as part of root set at end of initial load.
[2025.04.02-18.33.27:738][  0]LogUObjectAllocator: 4302048 out of 0 bytes used by permanent object pool.
[2025.04.02-18.33.27:738][  0]LogUObjectArray: CloseDisregardForGC: 0/0 objects in disregard for GC pool
[2025.04.02-18.33.28:984][  0]LogPython: Using Python 3.7.7
[2025.04.02-18.33.30:221][  0]LogTcpMessaging: Initializing TcpMessaging bridge
[2025.04.02-18.33.30:237][  0]LogUdpMessaging: Initializing bridge on interface 0.0.0.0:0 to multicast group 230.0.0.1:6666.
[2025.04.02-18.33.30:377][  0]LogNiagaraDebuggerClient: Niagara Debugger Client Initialized | Session: 9419AAAE4B8B8285B5C961B98E5423DE | Instance: D8B202C042007BBDA402249DDBD2FFEC (DESKTOP-PLAYER-6092).
[2025.04.02-18.33.30:454][  0]LogSteamShared: Display: Loading Steam SDK 1.51
[2025.04.02-18.33.30:457][  0]LogSteamShared: Steam SDK Loaded!
[2025.04.02-18.33.31:604][  0]SourceControl: Source control is disabled
[2025.04.02-18.33.31:604][  0]SourceControl: Source control is disabled
[2025.04.02-18.33.31:605][  0]SourceControl: Source control is disabled
[2025.04.02-18.33.31:608][  0]SourceControl: Source control is disabled
[2025.04.02-18.33.31:615][  0]SourceControl: Source control is disabled
[2025.04.02-18.33.31:659][  0]LogUProjectInfo: Found projects:
[2025.04.02-18.33.31:812][  0]LogOpenImageDenoise: OIDN starting up
[2025.04.02-18.33.31:941][  0]LogAndroidPermission: UAndroidPermissionCallbackProxy::GetInstance
[2025.04.02-18.33.31:957][  0]LogAudioCaptureCore: Display: No Audio Capture implementations found. Audio input will be silent.
[2025.04.02-18.33.31:957][  0]LogAudioCaptureCore: Display: No Audio Capture implementations found. Audio input will be silent.
[2025.04.02-18.33.32:113][  0]LogCollectionManager: Loaded 0 collections in 0.001944 seconds
[2025.04.02-18.33.32:156][  0]LogFileCache: Scanning file cache for directory 'C:/Users/Playeroth/Documents/EscapeTheBackrooms--Mods/MainMod/Saved/Collections/' took 0.00s
[2025.04.02-18.33.32:156][  0]LogFileCache: Scanning file cache for directory 'C:/Users/Playeroth/Documents/EscapeTheBackrooms--Mods/MainMod/Content/Developers/Playeroth/Collections/' took 0.00s
[2025.04.02-18.33.32:156][  0]LogFileCache: Scanning file cache for directory 'C:/Users/Playeroth/Documents/EscapeTheBackrooms--Mods/MainMod/Content/Collections/' took 0.00s
[2025.04.02-18.33.32:156][  0]LogOcInput: OculusInput pre-init called
[2025.04.02-18.33.32:598][  0]LogBlueprintAssist: Blueprint Assist Startup Module
[2025.04.02-18.33.32:860][  0]LogClass: Display: BoolProperty FBPSteamGroupOfficer::bIsOwner is not initialized properly. Module:AdvancedSteamSessions File:Classes/SteamRequestGroupOfficersCallbackProxy.h
[2025.04.02-18.33.32:861][  0]LogClass: Display: IntProperty FBPSteamGroupInfo::numOnline is not initialized properly. Module:AdvancedSteamSessions File:Classes/AdvancedSteamFriendsLibrary.h
[2025.04.02-18.33.32:861][  0]LogClass: Display: IntProperty FBPSteamGroupInfo::numInGame is not initialized properly. Module:AdvancedSteamSessions File:Classes/AdvancedSteamFriendsLibrary.h
[2025.04.02-18.33.32:861][  0]LogClass: Display: IntProperty FBPSteamGroupInfo::numChatting is not initialized properly. Module:AdvancedSteamSessions File:Classes/AdvancedSteamFriendsLibrary.h
[2025.04.02-18.33.32:875][  0]LogClass: Display: StructProperty FBANodeData::CachedNodeSize is not initialized properly. Module:BlueprintAssist File:Public/BlueprintAssistSizeCache.h
[2025.04.02-18.33.32:875][  0]LogClass: Display: 5 Uninitialized script struct members found including 0 object properties
[2025.04.02-18.33.32:884][  0]LogEngine: Initializing Engine...
[2025.04.02-18.33.33:621][  0]LogHMD: Failed to enumerate extensions. Please check that you have a valid OpenXR runtime installed.
[2025.04.02-18.33.33:622][  0]LogHMD: Failed to initialize OpenVR with code 110
[2025.04.02-18.33.33:622][  0]LogMagicLeap: Warning: VR disabled because ZI is not enabled.  To enable, in the editor, Edit -> Project Settings -> Plugins -> Magic Leap Plugin -> Enable Zero Iteration
[2025.04.02-18.33.33:633][  0]LogStats: UGameplayTagsManager::InitializeManager -  0.006 s
[2025.04.02-18.33.34:120][  0]LogInit: Initializing FReadOnlyCVARCache
[2025.04.02-18.33.34:286][  0]LogAIModule: Creating AISystem for world Untitled
[2025.04.02-18.33.34:312][  0]LogAudio: Display: Initializing Audio Device Manager...
[2025.04.02-18.33.34:321][  0]LogAudio: Display: Loading Default Audio Settings Objects...
[2025.04.02-18.33.34:322][  0]LogAudio: Display: No default SoundConcurrencyObject specified (or failed to load).
[2025.04.02-18.33.34:330][  0]LogAudio: Display: Audio Device Manager Initialized
[2025.04.02-18.33.34:330][  0]LogAudio: Display: Creating Audio Device:                 Id: 1, Scope: Shared, Realtime: True
[2025.04.02-18.33.34:332][  0]LogAudioMixer: Display: Audio Mixer Platform Settings:
[2025.04.02-18.33.34:332][  0]LogAudioMixer: Display: 	Sample Rate:						  48000
[2025.04.02-18.33.34:332][  0]LogAudioMixer: Display: 	Callback Buffer Frame Size Requested: 256
[2025.04.02-18.33.34:332][  0]LogAudioMixer: Display: 	Callback Buffer Frame Size To Use:	  256
[2025.04.02-18.33.34:332][  0]LogAudioMixer: Display: 	Number of buffers to queue:			  7
[2025.04.02-18.33.34:332][  0]LogAudioMixer: Display: 	Max Channels (voices):				  32
[2025.04.02-18.33.34:332][  0]LogAudioMixer: Display: 	Number of Async Source Workers:		  0
[2025.04.02-18.33.34:333][  0]LogAudio: Display: AudioDevice MaxSources: 32
[2025.04.02-18.33.34:335][  0]LogAudio: Display: Audio Spatialization Plugin: None (built-in).
[2025.04.02-18.33.34:335][  0]LogAudio: Display: Audio Reverb Plugin: None (built-in).
[2025.04.02-18.33.34:335][  0]LogAudio: Display: Audio Occlusion Plugin: None (built-in).
[2025.04.02-18.33.34:336][  0]LogAudioMixer: Display: Initializing audio mixer.
[2025.04.02-18.33.34:363][  0]LogAudioMixer: Display: 0: FrontLeft
[2025.04.02-18.33.34:363][  0]LogAudioMixer: Display: 1: FrontRight
[2025.04.02-18.33.34:592][  0]LogAudioMixer: Display: Using Audio Device Alto-falantes (Realtek High Definition Audio)
[2025.04.02-18.33.34:595][  0]LogAudioMixer: Display: Initializing Sound Submixes...
[2025.04.02-18.33.34:599][  0]LogAudioMixer: Display: Creating Master Submix 'MasterSubmixDefault'
[2025.04.02-18.33.34:599][  0]LogAudioMixer: Display: Creating Master Submix 'MasterReverbSubmixDefault'
[2025.04.02-18.33.34:601][  0]LogAudioMixer: Display: Creating Master Submix 'MasterEQSubmixDefault'
[2025.04.02-18.33.34:601][  0]LogAudioMixer: FMixerPlatformXAudio2::StartAudioStream() called
[2025.04.02-18.33.34:601][  0]LogAudioMixer: Display: Output buffers initialized: Frames=256, Channels=2, Samples=512
[2025.04.02-18.33.34:764][  0]LogAudioMixer: Display: Starting AudioMixerPlatformInterface::RunInternal()
[2025.04.02-18.33.34:764][  0]LogAudioMixer: Display: FMixerPlatformXAudio2::SubmitBuffer() called for the first time
[2025.04.02-18.33.34:764][  0]LogInit: FAudioDevice initialized.
[2025.04.02-18.33.34:767][  0]LogAudioMixer: Display: Audio Buffer Underrun (starvation) detected.
[2025.04.02-18.33.34:767][  0]LogAudio: Display: Audio Device (ID: 1) registered with world 'Untitled'.
[2025.04.02-18.33.34:768][  0]LogNetVersion: Set ProjectVersion to 1.0.0.0. Version Checksum will be recalculated on next use.
[2025.04.02-18.33.34:809][  0]LogDerivedDataCache: Saved boot cache 0.04s 94MB C:/Users/Playeroth/AppData/Local/UnrealEngine/4.27/DerivedDataCache/Boot.ddc.
[2025.04.02-18.33.34:809][  0]LogInit: Texture streaming: Enabled
[2025.04.02-18.33.34:817][  0]LogAnalytics: Display: [UEEditor.Rocket.Release] APIServer = https://datarouter.ol.epicgames.com/. AppVersion = 4.27.2-18319896+++UE4+Release-4.27
[2025.04.02-18.33.34:820][  0]LogEngineSessionManager: EngineSessionManager initialized
[2025.04.02-18.33.34:820][  0]LogEditorSessionSummary: Verbose: Initializing EditorSessionSummaryWriter for editor session tracking
[2025.04.02-18.33.34:823][  0]LogEditorSessionSummary: EditorSessionSummaryWriter initialized
[2025.04.02-18.33.34:884][  0]LogInit: Transaction tracking system initialized
[2025.04.02-18.33.34:952][  0]BlueprintLog: New page: Editor Load
[2025.04.02-18.33.35:176][  0]LocalizationService: Localization service is disabled
[2025.04.02-18.33.35:237][  0]TimingProfiler: Initialize
[2025.04.02-18.33.35:238][  0]TimingProfiler: OnSessionChanged
[2025.04.02-18.33.35:238][  0]LoadingProfiler: Initialize
[2025.04.02-18.33.35:239][  0]LoadingProfiler: OnSessionChanged
[2025.04.02-18.33.35:239][  0]NetworkingProfiler: Initialize
[2025.04.02-18.33.35:239][  0]NetworkingProfiler: OnSessionChanged
[2025.04.02-18.33.35:239][  0]MemoryProfiler: Initialize
[2025.04.02-18.33.35:239][  0]MemoryProfiler: OnSessionChanged
[2025.04.02-18.33.35:607][  0]LogCook: Display: CookSettings for Memory: MemoryMaxUsedVirtual 0MiB, MemoryMaxUsedPhysical 16384MiB, MemoryMinFreeVirtual 0MiB, MemoryMinFreePhysical 1024MiB
[2025.04.02-18.33.35:607][  0]LogCook: Display: Mobile HDR setting 1
[2025.04.02-18.33.35:752][  0]LogBlueprintAssist: Registered BlueprintAssist Commands
[2025.04.02-18.33.35:755][  0]LogBlueprintAssist: Finished loaded BlueprintAssist Module
[2025.04.02-18.33.35:756][  0]LogAutoSizeComments: Startup AutoSizeComments
[2025.04.02-18.33.36:054][  0]LogFileCache: Scanning file cache for directory 'C:/Users/Playeroth/Documents/EscapeTheBackrooms--Mods/MainMod/Content/' took 0.26s
[2025.04.02-18.33.36:589][  0]LogInit: Display: Engine is initialized. Leaving FEngineLoop::Init()
[2025.04.02-18.33.36:593][  0]SourceControl: Source control is disabled
[2025.04.02-18.33.36:593][  0]LogUnrealEdMisc: Loading editor; pre map load, took 33.444
[2025.04.02-18.33.36:593][  0]Cmd: MAP LOAD FILE="../../../Engine/Content/Maps/Templates/Template_Default.umap" TEMPLATE=1 SHOWPROGRESS=1 FEATURELEVEL=3
[2025.04.02-18.33.36:593][  0]LightingResults: New page: Lighting Build
[2025.04.02-18.33.36:595][  0]LogWorld: UWorld::CleanupWorld for Untitled, bSessionEnded=true, bCleanupResources=true
[2025.04.02-18.33.36:596][  0]LogSlate: InvalidateAllWidgets triggered.  All widgets were invalidated
[2025.04.02-18.33.36:596][  0]MapCheck: New page: Map Check
[2025.04.02-18.33.36:596][  0]LightingResults: New page: Lighting Build
[2025.04.02-18.33.36:601][  0]LogAudio: Display: Audio Device unregistered from world 'None'.
[2025.04.02-18.33.36:604][  0]LogUObjectHash: Compacting FUObjectHashTables data took   0.82ms
[2025.04.02-18.33.36:668][  0]LogTexture: Display: Building textures: DeprecatedTextureEB9CBE3C423008B5E8E130901E171C89 (BGRA8, 128X128)
[2025.04.02-18.33.36:674][  0]LogAudio: Display: Audio Device (ID: 1) registered with world 'Untitled_1'.
[2025.04.02-18.33.36:676][  0]LogAIModule: Creating AISystem for world Untitled_1
[2025.04.02-18.33.36:695][  0]LogEditorServer: Finished looking for orphan Actors (0.000 secs)
[2025.04.02-18.33.36:707][  0]LogUObjectHash: Compacting FUObjectHashTables data took   0.89ms
[2025.04.02-18.33.36:707][  0]Cmd: MAP CHECKDEP NOCLEARLOG
[2025.04.02-18.33.36:708][  0]MapCheck: Map check complete: 0 Error(s), 0 Warning(s), took 0.171ms to complete.
[2025.04.02-18.33.36:708][  0]LogFileHelpers: Loading map 'Template_Default' took 0.114
[2025.04.02-18.33.36:748][  0]LogUnrealEdMisc: Total Editor Startup Time, took 33.599
[2025.04.02-18.33.36:919][  0]LogSlate: Updating window title bar state: overlay mode, drag disabled, window buttons hidden, title bar hidden
[2025.04.02-18.33.36:925][  0]LogSlate: Updating window title bar state: overlay mode, drag disabled, window buttons hidden, title bar hidden
[2025.04.02-18.33.36:932][  0]LogSlate: Updating window title bar state: overlay mode, drag disabled, window buttons hidden, title bar hidden
[2025.04.02-18.33.36:939][  0]LogSlate: Updating window title bar state: overlay mode, drag disabled, window buttons hidden, title bar hidden
[2025.04.02-18.33.36:983][  0]LogNativeClassHierarchy: Verbose: Native class hierarchy populated in 0.0094 seconds. Added 3860 classes and 956 folders.
[2025.04.02-18.33.36:993][  0]LogNativeClassHierarchy: Verbose: Native class hierarchy updated for 'WidgetCarousel' in 0.0003 seconds. Added 0 classes and 0 folders.
[2025.04.02-18.33.37:000][  0]LogNativeClassHierarchy: Verbose: Native class hierarchy updated for 'AddContentDialog' in 0.0003 seconds. Added 0 classes and 0 folders.
[2025.04.02-18.33.37:004][  0]LogNativeClassHierarchy: Verbose: Native class hierarchy updated for 'SceneOutliner' in 0.0003 seconds. Added 2 classes and 0 folders.
[2025.04.02-18.33.37:090][  0]LogSlate: Took 0.008650 seconds to synchronously load lazily loaded font '../../../Engine/Content/Slate/Fonts/Roboto-Regular.ttf' (155K)
[2025.04.02-18.33.37:100][  0]LogSlate: Took 0.008686 seconds to synchronously load lazily loaded font '../../../Engine/Content/Editor/Slate/Fonts/FontAwesome.ttf' (139K)
[2025.04.02-18.33.37:123][  0]LogSlate: Took 0.021203 seconds to synchronously load lazily loaded font '../../../Engine/Content/Slate/Fonts/Roboto-Bold.ttf' (160K)
[2025.04.02-18.33.37:311][  0]LogRenderer: Reallocating scene render targets to support 1208x560 Format 10 NumSamples 1 (Frame:1).
[2025.04.02-18.33.37:858][  0]LogSlate: Took 0.000193 seconds to synchronously load lazily loaded font '../../../Engine/Content/Slate/Fonts/Roboto-Light.ttf' (167K)
[2025.04.02-18.33.38:001][  0]LogNativeClassHierarchy: Verbose: Native class hierarchy updated for 'HierarchicalLODOutliner' in 0.0004 seconds. Added 0 classes and 0 folders.
[2025.04.02-18.33.38:001][  0]LogLoad: (Engine Initialization) Total time: 34.85 seconds
[2025.04.02-18.33.38:001][  0]LogLoad: (Engine Initialization) Total Blueprint compile time: 0.00 seconds
[2025.04.02-18.33.38:081][  0]LogContentStreaming: Texture pool size now 1000 MB
[2025.04.02-18.33.38:210][  2]LogAssetRegistry: Asset discovery search completed in 13.4022 seconds
[2025.04.02-18.33.38:300][  2]LogAutoSizeComments: Loaded auto size comments cache: C:/Program Files/Epic Games/UE_4.27/Engine/Plugins/Marketplace/AutoSizeComments/ASCCache/BE81413D4B2A357553DD24A65DAB0684.json
[2025.04.02-18.33.38:315][  2]LogBlueprintAssist: Loaded blueprint assist node size cache: ../../../../../../Users/Playeroth/Documents/EscapeTheBackrooms--Mods/MainMod/Plugins/BlueprintAssist/NodeSizeCache/BE81413D4B2A357553DD24A65DAB0684.json
[2025.04.02-18.33.38:318][  2]LogCollectionManager: Fixed up redirectors for 0 collections in 0.000004 seconds (updated 0 objects)
[2025.04.02-18.33.39:227][  6]LogSlate: Took 0.000212 seconds to synchronously load lazily loaded font '../../../Engine/Content/Slate/Fonts/Roboto-Light.ttf' (167K)
[2025.04.02-18.33.39:242][  6]LogAssetEditorSubsystem: Opening Asset editor for UserDefinedStruct /Game/Mods/PYModMenu/ModVersion.ModVersion
[2025.04.02-18.33.39:304][  6]LogBlueprintAssist: Asset opened ModVersion (UserDefinedStructureEditor)
[2025.04.02-18.35.49:602][818]LogAssetEditorSubsystem: Opening Asset editor for Blueprint /Game/Mods/PYInsanityMod/CustomSystems/BP_PYINS_CustomInteractable.BP_PYINS_CustomInteractable
[2025.04.02-18.35.49:618][818]LogBlueprintAssist: Asset opened BP_PYINS_CustomInteractable (BlueprintEditor)
[2025.04.02-18.35.51:820][818]LogBlueprintEditor: Perf: 2.2 total seconds to load all 10 blueprint libraries in project. Avoid references to content in blueprint libraries to shorten this time.
[2025.04.02-18.35.51:820][818]LogBlueprintEditor: Perf: 2.1 seconds loading: /Game/Mods/PYModMenu/Librarys/Actor_BPM_GlobalMacros
[2025.04.02-18.35.51:964][818]LogEnum: Warning: Enum name collision: 'E_Ceiling_3x3_broken::NewEnumerator19' is in both '/Game/ElectricalStation/AtmosphericHouse/Enums/E_Ceiling_3x3_broken.E_Ceiling_3x3_broken' and '/Game/AtmosphericHouse/Enums/E_Ceiling_3x3_broken.E_Ceiling_3x3_broken'
[2025.04.02-18.35.51:964][818]LogEnum: Warning: Enum name collision: 'E_Ceiling_3x3_broken::NewEnumerator25' is in both '/Game/ElectricalStation/AtmosphericHouse/Enums/E_Ceiling_3x3_broken.E_Ceiling_3x3_broken' and '/Game/AtmosphericHouse/Enums/E_Ceiling_3x3_broken.E_Ceiling_3x3_broken'
[2025.04.02-18.35.51:964][818]LogEnum: Warning: Enum name collision: 'E_Ceiling_3x3_broken::NewEnumerator54' is in both '/Game/ElectricalStation/AtmosphericHouse/Enums/E_Ceiling_3x3_broken.E_Ceiling_3x3_broken' and '/Game/AtmosphericHouse/Enums/E_Ceiling_3x3_broken.E_Ceiling_3x3_broken'
[2025.04.02-18.35.51:964][818]LogEnum: Warning: Enum name collision: 'E_Ceiling_3x3_broken::NewEnumerator19' is in both '/Game/ElectricalStation/AtmosphericHouse/Enums/E_Ceiling_3x3_broken.E_Ceiling_3x3_broken' and '/Game/AtmosphericHouse/Enums/E_Ceiling_3x3_broken.E_Ceiling_3x3_broken'
[2025.04.02-18.35.51:964][818]LogEnum: Warning: Enum name collision: 'E_Ceiling_3x3_broken::NewEnumerator25' is in both '/Game/ElectricalStation/AtmosphericHouse/Enums/E_Ceiling_3x3_broken.E_Ceiling_3x3_broken' and '/Game/AtmosphericHouse/Enums/E_Ceiling_3x3_broken.E_Ceiling_3x3_broken'
[2025.04.02-18.35.51:964][818]LogEnum: Warning: Enum name collision: 'E_Ceiling_3x3_broken::NewEnumerator54' is in both '/Game/ElectricalStation/AtmosphericHouse/Enums/E_Ceiling_3x3_broken.E_Ceiling_3x3_broken' and '/Game/AtmosphericHouse/Enums/E_Ceiling_3x3_broken.E_Ceiling_3x3_broken'
[2025.04.02-18.35.51:970][818]LogEnum: Warning: Enum name collision: 'E_Ceiling_6x6_broken::NewEnumerator19' is in both '/Game/ElectricalStation/AtmosphericHouse/Enums/E_Ceiling_6x6_broken.E_Ceiling_6x6_broken' and '/Game/AtmosphericHouse/Enums/E_Ceiling_6x6_broken.E_Ceiling_6x6_broken'
[2025.04.02-18.35.51:970][818]LogEnum: Warning: Enum name collision: 'E_Ceiling_6x6_broken::NewEnumerator25' is in both '/Game/ElectricalStation/AtmosphericHouse/Enums/E_Ceiling_6x6_broken.E_Ceiling_6x6_broken' and '/Game/AtmosphericHouse/Enums/E_Ceiling_6x6_broken.E_Ceiling_6x6_broken'
[2025.04.02-18.35.51:970][818]LogEnum: Warning: Enum name collision: 'E_Ceiling_6x6_broken::NewEnumerator19' is in both '/Game/ElectricalStation/AtmosphericHouse/Enums/E_Ceiling_6x6_broken.E_Ceiling_6x6_broken' and '/Game/AtmosphericHouse/Enums/E_Ceiling_6x6_broken.E_Ceiling_6x6_broken'
[2025.04.02-18.35.51:970][818]LogEnum: Warning: Enum name collision: 'E_Ceiling_6x6_broken::NewEnumerator25' is in both '/Game/ElectricalStation/AtmosphericHouse/Enums/E_Ceiling_6x6_broken.E_Ceiling_6x6_broken' and '/Game/AtmosphericHouse/Enums/E_Ceiling_6x6_broken.E_Ceiling_6x6_broken'
[2025.04.02-18.35.51:977][818]LogEnum: Warning: Enum name collision: 'E_Floors::NewEnumerator19' is in both '/Game/ElectricalStation/AtmosphericHouse/Enums/E_Floors.E_Floors' and '/Game/AtmosphericHouse/Enums/E_Floors.E_Floors'
[2025.04.02-18.35.51:977][818]LogEnum: Warning: Enum name collision: 'E_Floors::NewEnumerator25' is in both '/Game/ElectricalStation/AtmosphericHouse/Enums/E_Floors.E_Floors' and '/Game/AtmosphericHouse/Enums/E_Floors.E_Floors'
[2025.04.02-18.35.51:977][818]LogEnum: Warning: Enum name collision: 'E_Floors::NewEnumerator43' is in both '/Game/ElectricalStation/AtmosphericHouse/Enums/E_Floors.E_Floors' and '/Game/AtmosphericHouse/Enums/E_Floors.E_Floors'
[2025.04.02-18.35.51:977][818]LogEnum: Warning: Enum name collision: 'E_Floors::NewEnumerator44' is in both '/Game/ElectricalStation/AtmosphericHouse/Enums/E_Floors.E_Floors' and '/Game/AtmosphericHouse/Enums/E_Floors.E_Floors'
[2025.04.02-18.35.51:977][818]LogEnum: Warning: Enum name collision: 'E_Floors::NewEnumerator45' is in both '/Game/ElectricalStation/AtmosphericHouse/Enums/E_Floors.E_Floors' and '/Game/AtmosphericHouse/Enums/E_Floors.E_Floors'
[2025.04.02-18.35.51:977][818]LogEnum: Warning: Enum name collision: 'E_Floors::NewEnumerator46' is in both '/Game/ElectricalStation/AtmosphericHouse/Enums/E_Floors.E_Floors' and '/Game/AtmosphericHouse/Enums/E_Floors.E_Floors'
[2025.04.02-18.35.51:977][818]LogEnum: Warning: Enum name collision: 'E_Floors::NewEnumerator47' is in both '/Game/ElectricalStation/AtmosphericHouse/Enums/E_Floors.E_Floors' and '/Game/AtmosphericHouse/Enums/E_Floors.E_Floors'
[2025.04.02-18.35.51:977][818]LogEnum: Warning: Enum name collision: 'E_Floors::NewEnumerator48' is in both '/Game/ElectricalStation/AtmosphericHouse/Enums/E_Floors.E_Floors' and '/Game/AtmosphericHouse/Enums/E_Floors.E_Floors'
[2025.04.02-18.35.51:977][818]LogEnum: Warning: Enum name collision: 'E_Floors::NewEnumerator49' is in both '/Game/ElectricalStation/AtmosphericHouse/Enums/E_Floors.E_Floors' and '/Game/AtmosphericHouse/Enums/E_Floors.E_Floors'
[2025.04.02-18.35.51:977][818]LogEnum: Warning: Enum name collision: 'E_Floors::NewEnumerator50' is in both '/Game/ElectricalStation/AtmosphericHouse/Enums/E_Floors.E_Floors' and '/Game/AtmosphericHouse/Enums/E_Floors.E_Floors'
[2025.04.02-18.35.51:977][818]LogEnum: Warning: Enum name collision: 'E_Floors::NewEnumerator51' is in both '/Game/ElectricalStation/AtmosphericHouse/Enums/E_Floors.E_Floors' and '/Game/AtmosphericHouse/Enums/E_Floors.E_Floors'
[2025.04.02-18.35.51:977][818]LogEnum: Warning: Enum name collision: 'E_Floors::NewEnumerator19' is in both '/Game/ElectricalStation/AtmosphericHouse/Enums/E_Floors.E_Floors' and '/Game/AtmosphericHouse/Enums/E_Floors.E_Floors'
[2025.04.02-18.35.51:977][818]LogEnum: Warning: Enum name collision: 'E_Floors::NewEnumerator25' is in both '/Game/ElectricalStation/AtmosphericHouse/Enums/E_Floors.E_Floors' and '/Game/AtmosphericHouse/Enums/E_Floors.E_Floors'
[2025.04.02-18.35.51:977][818]LogEnum: Warning: Enum name collision: 'E_Floors::NewEnumerator43' is in both '/Game/ElectricalStation/AtmosphericHouse/Enums/E_Floors.E_Floors' and '/Game/AtmosphericHouse/Enums/E_Floors.E_Floors'
[2025.04.02-18.35.51:977][818]LogEnum: Warning: Enum name collision: 'E_Floors::NewEnumerator44' is in both '/Game/ElectricalStation/AtmosphericHouse/Enums/E_Floors.E_Floors' and '/Game/AtmosphericHouse/Enums/E_Floors.E_Floors'
[2025.04.02-18.35.51:977][818]LogEnum: Warning: Enum name collision: 'E_Floors::NewEnumerator45' is in both '/Game/ElectricalStation/AtmosphericHouse/Enums/E_Floors.E_Floors' and '/Game/AtmosphericHouse/Enums/E_Floors.E_Floors'
[2025.04.02-18.35.51:977][818]LogEnum: Warning: Enum name collision: 'E_Floors::NewEnumerator46' is in both '/Game/ElectricalStation/AtmosphericHouse/Enums/E_Floors.E_Floors' and '/Game/AtmosphericHouse/Enums/E_Floors.E_Floors'
[2025.04.02-18.35.51:977][818]LogEnum: Warning: Enum name collision: 'E_Floors::NewEnumerator47' is in both '/Game/ElectricalStation/AtmosphericHouse/Enums/E_Floors.E_Floors' and '/Game/AtmosphericHouse/Enums/E_Floors.E_Floors'
[2025.04.02-18.35.51:977][818]LogEnum: Warning: Enum name collision: 'E_Floors::NewEnumerator48' is in both '/Game/ElectricalStation/AtmosphericHouse/Enums/E_Floors.E_Floors' and '/Game/AtmosphericHouse/Enums/E_Floors.E_Floors'
[2025.04.02-18.35.51:977][818]LogEnum: Warning: Enum name collision: 'E_Floors::NewEnumerator49' is in both '/Game/ElectricalStation/AtmosphericHouse/Enums/E_Floors.E_Floors' and '/Game/AtmosphericHouse/Enums/E_Floors.E_Floors'
[2025.04.02-18.35.51:977][818]LogEnum: Warning: Enum name collision: 'E_Floors::NewEnumerator50' is in both '/Game/ElectricalStation/AtmosphericHouse/Enums/E_Floors.E_Floors' and '/Game/AtmosphericHouse/Enums/E_Floors.E_Floors'
[2025.04.02-18.35.51:977][818]LogEnum: Warning: Enum name collision: 'E_Floors::NewEnumerator51' is in both '/Game/ElectricalStation/AtmosphericHouse/Enums/E_Floors.E_Floors' and '/Game/AtmosphericHouse/Enums/E_Floors.E_Floors'
[2025.04.02-18.35.52:179][818]LogEnum: Warning: Enum name collision: 'E_Floors::NewEnumerator19' is in both '/Game/SuburbNeighborhoodHousePack/Enums/E_Floors.E_Floors' and '/Game/AtmosphericHouse/Enums/E_Floors.E_Floors'
[2025.04.02-18.35.52:179][818]LogEnum: Warning: Enum name collision: 'E_Floors::NewEnumerator25' is in both '/Game/SuburbNeighborhoodHousePack/Enums/E_Floors.E_Floors' and '/Game/AtmosphericHouse/Enums/E_Floors.E_Floors'
[2025.04.02-18.35.52:179][818]LogEnum: Warning: Enum name collision: 'E_Floors::NewEnumerator19' is in both '/Game/SuburbNeighborhoodHousePack/Enums/E_Floors.E_Floors' and '/Game/AtmosphericHouse/Enums/E_Floors.E_Floors'
[2025.04.02-18.35.52:179][818]LogEnum: Warning: Enum name collision: 'E_Floors::NewEnumerator25' is in both '/Game/SuburbNeighborhoodHousePack/Enums/E_Floors.E_Floors' and '/Game/AtmosphericHouse/Enums/E_Floors.E_Floors'
[2025.04.02-18.35.52:334][818]LogEnum: Warning: Enum name collision: 'E_Ceiling_3x3_broken::NewEnumerator19' is in both '/Game/UnderwaterHouse/Enums/E_Ceiling_3x3_broken.E_Ceiling_3x3_broken' and '/Game/AtmosphericHouse/Enums/E_Ceiling_3x3_broken.E_Ceiling_3x3_broken'
[2025.04.02-18.35.52:334][818]LogEnum: Warning: Enum name collision: 'E_Ceiling_3x3_broken::NewEnumerator25' is in both '/Game/UnderwaterHouse/Enums/E_Ceiling_3x3_broken.E_Ceiling_3x3_broken' and '/Game/AtmosphericHouse/Enums/E_Ceiling_3x3_broken.E_Ceiling_3x3_broken'
[2025.04.02-18.35.52:334][818]LogEnum: Warning: Enum name collision: 'E_Ceiling_3x3_broken::NewEnumerator54' is in both '/Game/UnderwaterHouse/Enums/E_Ceiling_3x3_broken.E_Ceiling_3x3_broken' and '/Game/AtmosphericHouse/Enums/E_Ceiling_3x3_broken.E_Ceiling_3x3_broken'
[2025.04.02-18.35.52:334][818]LogEnum: Warning: Enum name collision: 'E_Ceiling_3x3_broken::NewEnumerator19' is in both '/Game/UnderwaterHouse/Enums/E_Ceiling_3x3_broken.E_Ceiling_3x3_broken' and '/Game/AtmosphericHouse/Enums/E_Ceiling_3x3_broken.E_Ceiling_3x3_broken'
[2025.04.02-18.35.52:334][818]LogEnum: Warning: Enum name collision: 'E_Ceiling_3x3_broken::NewEnumerator25' is in both '/Game/UnderwaterHouse/Enums/E_Ceiling_3x3_broken.E_Ceiling_3x3_broken' and '/Game/AtmosphericHouse/Enums/E_Ceiling_3x3_broken.E_Ceiling_3x3_broken'
[2025.04.02-18.35.52:334][818]LogEnum: Warning: Enum name collision: 'E_Ceiling_3x3_broken::NewEnumerator54' is in both '/Game/UnderwaterHouse/Enums/E_Ceiling_3x3_broken.E_Ceiling_3x3_broken' and '/Game/AtmosphericHouse/Enums/E_Ceiling_3x3_broken.E_Ceiling_3x3_broken'
[2025.04.02-18.35.52:340][818]LogEnum: Warning: Enum name collision: 'E_Ceiling_6x6_broken::NewEnumerator19' is in both '/Game/UnderwaterHouse/Enums/E_Ceiling_6x6_broken.E_Ceiling_6x6_broken' and '/Game/AtmosphericHouse/Enums/E_Ceiling_6x6_broken.E_Ceiling_6x6_broken'
[2025.04.02-18.35.52:340][818]LogEnum: Warning: Enum name collision: 'E_Ceiling_6x6_broken::NewEnumerator25' is in both '/Game/UnderwaterHouse/Enums/E_Ceiling_6x6_broken.E_Ceiling_6x6_broken' and '/Game/AtmosphericHouse/Enums/E_Ceiling_6x6_broken.E_Ceiling_6x6_broken'
[2025.04.02-18.35.52:340][818]LogEnum: Warning: Enum name collision: 'E_Ceiling_6x6_broken::NewEnumerator19' is in both '/Game/UnderwaterHouse/Enums/E_Ceiling_6x6_broken.E_Ceiling_6x6_broken' and '/Game/AtmosphericHouse/Enums/E_Ceiling_6x6_broken.E_Ceiling_6x6_broken'
[2025.04.02-18.35.52:340][818]LogEnum: Warning: Enum name collision: 'E_Ceiling_6x6_broken::NewEnumerator25' is in both '/Game/UnderwaterHouse/Enums/E_Ceiling_6x6_broken.E_Ceiling_6x6_broken' and '/Game/AtmosphericHouse/Enums/E_Ceiling_6x6_broken.E_Ceiling_6x6_broken'
[2025.04.02-18.35.52:347][818]LogEnum: Warning: Enum name collision: 'E_Floors::NewEnumerator19' is in both '/Game/UnderwaterHouse/Enums/E_Floors.E_Floors' and '/Game/AtmosphericHouse/Enums/E_Floors.E_Floors'
[2025.04.02-18.35.52:347][818]LogEnum: Warning: Enum name collision: 'E_Floors::NewEnumerator25' is in both '/Game/UnderwaterHouse/Enums/E_Floors.E_Floors' and '/Game/AtmosphericHouse/Enums/E_Floors.E_Floors'
[2025.04.02-18.35.52:347][818]LogEnum: Warning: Enum name collision: 'E_Floors::NewEnumerator43' is in both '/Game/UnderwaterHouse/Enums/E_Floors.E_Floors' and '/Game/AtmosphericHouse/Enums/E_Floors.E_Floors'
[2025.04.02-18.35.52:347][818]LogEnum: Warning: Enum name collision: 'E_Floors::NewEnumerator44' is in both '/Game/UnderwaterHouse/Enums/E_Floors.E_Floors' and '/Game/AtmosphericHouse/Enums/E_Floors.E_Floors'
[2025.04.02-18.35.52:347][818]LogEnum: Warning: Enum name collision: 'E_Floors::NewEnumerator45' is in both '/Game/UnderwaterHouse/Enums/E_Floors.E_Floors' and '/Game/AtmosphericHouse/Enums/E_Floors.E_Floors'
[2025.04.02-18.35.52:347][818]LogEnum: Warning: Enum name collision: 'E_Floors::NewEnumerator46' is in both '/Game/UnderwaterHouse/Enums/E_Floors.E_Floors' and '/Game/AtmosphericHouse/Enums/E_Floors.E_Floors'
[2025.04.02-18.35.52:347][818]LogEnum: Warning: Enum name collision: 'E_Floors::NewEnumerator47' is in both '/Game/UnderwaterHouse/Enums/E_Floors.E_Floors' and '/Game/AtmosphericHouse/Enums/E_Floors.E_Floors'
[2025.04.02-18.35.52:347][818]LogEnum: Warning: Enum name collision: 'E_Floors::NewEnumerator48' is in both '/Game/UnderwaterHouse/Enums/E_Floors.E_Floors' and '/Game/AtmosphericHouse/Enums/E_Floors.E_Floors'
[2025.04.02-18.35.52:347][818]LogEnum: Warning: Enum name collision: 'E_Floors::NewEnumerator49' is in both '/Game/UnderwaterHouse/Enums/E_Floors.E_Floors' and '/Game/AtmosphericHouse/Enums/E_Floors.E_Floors'
[2025.04.02-18.35.52:347][818]LogEnum: Warning: Enum name collision: 'E_Floors::NewEnumerator50' is in both '/Game/UnderwaterHouse/Enums/E_Floors.E_Floors' and '/Game/AtmosphericHouse/Enums/E_Floors.E_Floors'
[2025.04.02-18.35.52:347][818]LogEnum: Warning: Enum name collision: 'E_Floors::NewEnumerator51' is in both '/Game/UnderwaterHouse/Enums/E_Floors.E_Floors' and '/Game/AtmosphericHouse/Enums/E_Floors.E_Floors'
[2025.04.02-18.35.52:347][818]LogEnum: Warning: Enum name collision: 'E_Floors::NewEnumerator19' is in both '/Game/UnderwaterHouse/Enums/E_Floors.E_Floors' and '/Game/AtmosphericHouse/Enums/E_Floors.E_Floors'
[2025.04.02-18.35.52:347][818]LogEnum: Warning: Enum name collision: 'E_Floors::NewEnumerator25' is in both '/Game/UnderwaterHouse/Enums/E_Floors.E_Floors' and '/Game/AtmosphericHouse/Enums/E_Floors.E_Floors'
[2025.04.02-18.35.52:347][818]LogEnum: Warning: Enum name collision: 'E_Floors::NewEnumerator43' is in both '/Game/UnderwaterHouse/Enums/E_Floors.E_Floors' and '/Game/AtmosphericHouse/Enums/E_Floors.E_Floors'
[2025.04.02-18.35.52:347][818]LogEnum: Warning: Enum name collision: 'E_Floors::NewEnumerator44' is in both '/Game/UnderwaterHouse/Enums/E_Floors.E_Floors' and '/Game/AtmosphericHouse/Enums/E_Floors.E_Floors'
[2025.04.02-18.35.52:347][818]LogEnum: Warning: Enum name collision: 'E_Floors::NewEnumerator45' is in both '/Game/UnderwaterHouse/Enums/E_Floors.E_Floors' and '/Game/AtmosphericHouse/Enums/E_Floors.E_Floors'
[2025.04.02-18.35.52:347][818]LogEnum: Warning: Enum name collision: 'E_Floors::NewEnumerator46' is in both '/Game/UnderwaterHouse/Enums/E_Floors.E_Floors' and '/Game/AtmosphericHouse/Enums/E_Floors.E_Floors'
[2025.04.02-18.35.52:347][818]LogEnum: Warning: Enum name collision: 'E_Floors::NewEnumerator47' is in both '/Game/UnderwaterHouse/Enums/E_Floors.E_Floors' and '/Game/AtmosphericHouse/Enums/E_Floors.E_Floors'
[2025.04.02-18.35.52:348][818]LogEnum: Warning: Enum name collision: 'E_Floors::NewEnumerator48' is in both '/Game/UnderwaterHouse/Enums/E_Floors.E_Floors' and '/Game/AtmosphericHouse/Enums/E_Floors.E_Floors'
[2025.04.02-18.35.52:348][818]LogEnum: Warning: Enum name collision: 'E_Floors::NewEnumerator49' is in both '/Game/UnderwaterHouse/Enums/E_Floors.E_Floors' and '/Game/AtmosphericHouse/Enums/E_Floors.E_Floors'
[2025.04.02-18.35.52:348][818]LogEnum: Warning: Enum name collision: 'E_Floors::NewEnumerator50' is in both '/Game/UnderwaterHouse/Enums/E_Floors.E_Floors' and '/Game/AtmosphericHouse/Enums/E_Floors.E_Floors'
[2025.04.02-18.35.52:348][818]LogEnum: Warning: Enum name collision: 'E_Floors::NewEnumerator51' is in both '/Game/UnderwaterHouse/Enums/E_Floors.E_Floors' and '/Game/AtmosphericHouse/Enums/E_Floors.E_Floors'
[2025.04.02-18.35.52:354][818]LogEnum: Warning: Enum name collision: 'E_WallIn::NewEnumerator19' is in both '/Game/UnderwaterHouse/Enums/E_WallIn.E_WallIn' and '/Game/AtmosphericHouse/Enums/E_WallIn.E_WallIn'
[2025.04.02-18.35.52:354][818]LogEnum: Warning: Enum name collision: 'E_WallIn::NewEnumerator25' is in both '/Game/UnderwaterHouse/Enums/E_WallIn.E_WallIn' and '/Game/AtmosphericHouse/Enums/E_WallIn.E_WallIn'
[2025.04.02-18.35.52:354][818]LogEnum: Warning: Enum name collision: 'E_WallIn::NewEnumerator26' is in both '/Game/UnderwaterHouse/Enums/E_WallIn.E_WallIn' and '/Game/AtmosphericHouse/Enums/E_WallIn.E_WallIn'
[2025.04.02-18.35.52:354][818]LogEnum: Warning: Enum name collision: 'E_WallIn::NewEnumerator27' is in both '/Game/UnderwaterHouse/Enums/E_WallIn.E_WallIn' and '/Game/AtmosphericHouse/Enums/E_WallIn.E_WallIn'
[2025.04.02-18.35.52:354][818]LogEnum: Warning: Enum name collision: 'E_WallIn::NewEnumerator28' is in both '/Game/UnderwaterHouse/Enums/E_WallIn.E_WallIn' and '/Game/AtmosphericHouse/Enums/E_WallIn.E_WallIn'
[2025.04.02-18.35.52:354][818]LogEnum: Warning: Enum name collision: 'E_WallIn::NewEnumerator29' is in both '/Game/UnderwaterHouse/Enums/E_WallIn.E_WallIn' and '/Game/AtmosphericHouse/Enums/E_WallIn.E_WallIn'
[2025.04.02-18.35.52:355][818]LogEnum: Warning: Enum name collision: 'E_WallIn::NewEnumerator30' is in both '/Game/UnderwaterHouse/Enums/E_WallIn.E_WallIn' and '/Game/AtmosphericHouse/Enums/E_WallIn.E_WallIn'
[2025.04.02-18.35.52:355][818]LogEnum: Warning: Enum name collision: 'E_WallIn::NewEnumerator31' is in both '/Game/UnderwaterHouse/Enums/E_WallIn.E_WallIn' and '/Game/AtmosphericHouse/Enums/E_WallIn.E_WallIn'
[2025.04.02-18.35.52:355][818]LogEnum: Warning: Enum name collision: 'E_WallIn::NewEnumerator32' is in both '/Game/UnderwaterHouse/Enums/E_WallIn.E_WallIn' and '/Game/AtmosphericHouse/Enums/E_WallIn.E_WallIn'
[2025.04.02-18.35.52:355][818]LogEnum: Warning: Enum name collision: 'E_WallIn::NewEnumerator33' is in both '/Game/UnderwaterHouse/Enums/E_WallIn.E_WallIn' and '/Game/AtmosphericHouse/Enums/E_WallIn.E_WallIn'
[2025.04.02-18.35.52:355][818]LogEnum: Warning: Enum name collision: 'E_WallIn::NewEnumerator34' is in both '/Game/UnderwaterHouse/Enums/E_WallIn.E_WallIn' and '/Game/AtmosphericHouse/Enums/E_WallIn.E_WallIn'
[2025.04.02-18.35.52:355][818]LogEnum: Warning: Enum name collision: 'E_WallIn::NewEnumerator35' is in both '/Game/UnderwaterHouse/Enums/E_WallIn.E_WallIn' and '/Game/AtmosphericHouse/Enums/E_WallIn.E_WallIn'
[2025.04.02-18.35.52:355][818]LogEnum: Warning: Enum name collision: 'E_WallIn::NewEnumerator36' is in both '/Game/UnderwaterHouse/Enums/E_WallIn.E_WallIn' and '/Game/AtmosphericHouse/Enums/E_WallIn.E_WallIn'
[2025.04.02-18.35.52:355][818]LogEnum: Warning: Enum name collision: 'E_WallIn::NewEnumerator37' is in both '/Game/UnderwaterHouse/Enums/E_WallIn.E_WallIn' and '/Game/AtmosphericHouse/Enums/E_WallIn.E_WallIn'
[2025.04.02-18.35.52:355][818]LogEnum: Warning: Enum name collision: 'E_WallIn::NewEnumerator38' is in both '/Game/UnderwaterHouse/Enums/E_WallIn.E_WallIn' and '/Game/AtmosphericHouse/Enums/E_WallIn.E_WallIn'
[2025.04.02-18.35.52:355][818]LogEnum: Warning: Enum name collision: 'E_WallIn::NewEnumerator39' is in both '/Game/UnderwaterHouse/Enums/E_WallIn.E_WallIn' and '/Game/AtmosphericHouse/Enums/E_WallIn.E_WallIn'
[2025.04.02-18.35.52:355][818]LogEnum: Warning: Enum name collision: 'E_WallIn::NewEnumerator40' is in both '/Game/UnderwaterHouse/Enums/E_WallIn.E_WallIn' and '/Game/AtmosphericHouse/Enums/E_WallIn.E_WallIn'
[2025.04.02-18.35.52:355][818]LogEnum: Warning: Enum name collision: 'E_WallIn::NewEnumerator41' is in both '/Game/UnderwaterHouse/Enums/E_WallIn.E_WallIn' and '/Game/AtmosphericHouse/Enums/E_WallIn.E_WallIn'
[2025.04.02-18.35.52:355][818]LogEnum: Warning: Enum name collision: 'E_WallIn::NewEnumerator42' is in both '/Game/UnderwaterHouse/Enums/E_WallIn.E_WallIn' and '/Game/AtmosphericHouse/Enums/E_WallIn.E_WallIn'
[2025.04.02-18.35.52:355][818]LogEnum: Warning: Enum name collision: 'E_WallIn::NewEnumerator19' is in both '/Game/UnderwaterHouse/Enums/E_WallIn.E_WallIn' and '/Game/AtmosphericHouse/Enums/E_WallIn.E_WallIn'
[2025.04.02-18.35.52:355][818]LogEnum: Warning: Enum name collision: 'E_WallIn::NewEnumerator25' is in both '/Game/UnderwaterHouse/Enums/E_WallIn.E_WallIn' and '/Game/AtmosphericHouse/Enums/E_WallIn.E_WallIn'
[2025.04.02-18.35.52:355][818]LogEnum: Warning: Enum name collision: 'E_WallIn::NewEnumerator26' is in both '/Game/UnderwaterHouse/Enums/E_WallIn.E_WallIn' and '/Game/AtmosphericHouse/Enums/E_WallIn.E_WallIn'
[2025.04.02-18.35.52:355][818]LogEnum: Warning: Enum name collision: 'E_WallIn::NewEnumerator27' is in both '/Game/UnderwaterHouse/Enums/E_WallIn.E_WallIn' and '/Game/AtmosphericHouse/Enums/E_WallIn.E_WallIn'
[2025.04.02-18.35.52:355][818]LogEnum: Warning: Enum name collision: 'E_WallIn::NewEnumerator28' is in both '/Game/UnderwaterHouse/Enums/E_WallIn.E_WallIn' and '/Game/AtmosphericHouse/Enums/E_WallIn.E_WallIn'
[2025.04.02-18.35.52:355][818]LogEnum: Warning: Enum name collision: 'E_WallIn::NewEnumerator29' is in both '/Game/UnderwaterHouse/Enums/E_WallIn.E_WallIn' and '/Game/AtmosphericHouse/Enums/E_WallIn.E_WallIn'
[2025.04.02-18.35.52:355][818]LogEnum: Warning: Enum name collision: 'E_WallIn::NewEnumerator30' is in both '/Game/UnderwaterHouse/Enums/E_WallIn.E_WallIn' and '/Game/AtmosphericHouse/Enums/E_WallIn.E_WallIn'
[2025.04.02-18.35.52:355][818]LogEnum: Warning: Enum name collision: 'E_WallIn::NewEnumerator31' is in both '/Game/UnderwaterHouse/Enums/E_WallIn.E_WallIn' and '/Game/AtmosphericHouse/Enums/E_WallIn.E_WallIn'
[2025.04.02-18.35.52:355][818]LogEnum: Warning: Enum name collision: 'E_WallIn::NewEnumerator32' is in both '/Game/UnderwaterHouse/Enums/E_WallIn.E_WallIn' and '/Game/AtmosphericHouse/Enums/E_WallIn.E_WallIn'
[2025.04.02-18.35.52:355][818]LogEnum: Warning: Enum name collision: 'E_WallIn::NewEnumerator33' is in both '/Game/UnderwaterHouse/Enums/E_WallIn.E_WallIn' and '/Game/AtmosphericHouse/Enums/E_WallIn.E_WallIn'
[2025.04.02-18.35.52:355][818]LogEnum: Warning: Enum name collision: 'E_WallIn::NewEnumerator34' is in both '/Game/UnderwaterHouse/Enums/E_WallIn.E_WallIn' and '/Game/AtmosphericHouse/Enums/E_WallIn.E_WallIn'
[2025.04.02-18.35.52:355][818]LogEnum: Warning: Enum name collision: 'E_WallIn::NewEnumerator35' is in both '/Game/UnderwaterHouse/Enums/E_WallIn.E_WallIn' and '/Game/AtmosphericHouse/Enums/E_WallIn.E_WallIn'
[2025.04.02-18.35.52:355][818]LogEnum: Warning: Enum name collision: 'E_WallIn::NewEnumerator36' is in both '/Game/UnderwaterHouse/Enums/E_WallIn.E_WallIn' and '/Game/AtmosphericHouse/Enums/E_WallIn.E_WallIn'
[2025.04.02-18.35.52:355][818]LogEnum: Warning: Enum name collision: 'E_WallIn::NewEnumerator37' is in both '/Game/UnderwaterHouse/Enums/E_WallIn.E_WallIn' and '/Game/AtmosphericHouse/Enums/E_WallIn.E_WallIn'
[2025.04.02-18.35.52:355][818]LogEnum: Warning: Enum name collision: 'E_WallIn::NewEnumerator38' is in both '/Game/UnderwaterHouse/Enums/E_WallIn.E_WallIn' and '/Game/AtmosphericHouse/Enums/E_WallIn.E_WallIn'
[2025.04.02-18.35.52:355][818]LogEnum: Warning: Enum name collision: 'E_WallIn::NewEnumerator39' is in both '/Game/UnderwaterHouse/Enums/E_WallIn.E_WallIn' and '/Game/AtmosphericHouse/Enums/E_WallIn.E_WallIn'
[2025.04.02-18.35.52:355][818]LogEnum: Warning: Enum name collision: 'E_WallIn::NewEnumerator40' is in both '/Game/UnderwaterHouse/Enums/E_WallIn.E_WallIn' and '/Game/AtmosphericHouse/Enums/E_WallIn.E_WallIn'
[2025.04.02-18.35.52:355][818]LogEnum: Warning: Enum name collision: 'E_WallIn::NewEnumerator41' is in both '/Game/UnderwaterHouse/Enums/E_WallIn.E_WallIn' and '/Game/AtmosphericHouse/Enums/E_WallIn.E_WallIn'
[2025.04.02-18.35.52:355][818]LogEnum: Warning: Enum name collision: 'E_WallIn::NewEnumerator42' is in both '/Game/UnderwaterHouse/Enums/E_WallIn.E_WallIn' and '/Game/AtmosphericHouse/Enums/E_WallIn.E_WallIn'
[2025.04.02-18.35.52:361][818]LogEnum: Warning: Enum name collision: 'E_WallOut::NewEnumerator25' is in both '/Game/UnderwaterHouse/Enums/E_WallOut.E_WallOut' and '/Game/AtmosphericHouse/Enums/E_WallOut.E_WallOut'
[2025.04.02-18.35.52:361][818]LogEnum: Warning: Enum name collision: 'E_WallOut::NewEnumerator26' is in both '/Game/UnderwaterHouse/Enums/E_WallOut.E_WallOut' and '/Game/AtmosphericHouse/Enums/E_WallOut.E_WallOut'
[2025.04.02-18.35.52:361][818]LogEnum: Warning: Enum name collision: 'E_WallOut::NewEnumerator27' is in both '/Game/UnderwaterHouse/Enums/E_WallOut.E_WallOut' and '/Game/AtmosphericHouse/Enums/E_WallOut.E_WallOut'
[2025.04.02-18.35.52:361][818]LogEnum: Warning: Enum name collision: 'E_WallOut::NewEnumerator28' is in both '/Game/UnderwaterHouse/Enums/E_WallOut.E_WallOut' and '/Game/AtmosphericHouse/Enums/E_WallOut.E_WallOut'
[2025.04.02-18.35.52:361][818]LogEnum: Warning: Enum name collision: 'E_WallOut::NewEnumerator29' is in both '/Game/UnderwaterHouse/Enums/E_WallOut.E_WallOut' and '/Game/AtmosphericHouse/Enums/E_WallOut.E_WallOut'
[2025.04.02-18.35.52:361][818]LogEnum: Warning: Enum name collision: 'E_WallOut::NewEnumerator30' is in both '/Game/UnderwaterHouse/Enums/E_WallOut.E_WallOut' and '/Game/AtmosphericHouse/Enums/E_WallOut.E_WallOut'
[2025.04.02-18.35.52:361][818]LogEnum: Warning: Enum name collision: 'E_WallOut::NewEnumerator31' is in both '/Game/UnderwaterHouse/Enums/E_WallOut.E_WallOut' and '/Game/AtmosphericHouse/Enums/E_WallOut.E_WallOut'
[2025.04.02-18.35.52:361][818]LogEnum: Warning: Enum name collision: 'E_WallOut::NewEnumerator32' is in both '/Game/UnderwaterHouse/Enums/E_WallOut.E_WallOut' and '/Game/AtmosphericHouse/Enums/E_WallOut.E_WallOut'
[2025.04.02-18.35.52:361][818]LogEnum: Warning: Enum name collision: 'E_WallOut::NewEnumerator33' is in both '/Game/UnderwaterHouse/Enums/E_WallOut.E_WallOut' and '/Game/AtmosphericHouse/Enums/E_WallOut.E_WallOut'
[2025.04.02-18.35.52:361][818]LogEnum: Warning: Enum name collision: 'E_WallOut::NewEnumerator34' is in both '/Game/UnderwaterHouse/Enums/E_WallOut.E_WallOut' and '/Game/AtmosphericHouse/Enums/E_WallOut.E_WallOut'
[2025.04.02-18.35.52:361][818]LogEnum: Warning: Enum name collision: 'E_WallOut::NewEnumerator35' is in both '/Game/UnderwaterHouse/Enums/E_WallOut.E_WallOut' and '/Game/AtmosphericHouse/Enums/E_WallOut.E_WallOut'
[2025.04.02-18.35.52:361][818]LogEnum: Warning: Enum name collision: 'E_WallOut::NewEnumerator36' is in both '/Game/UnderwaterHouse/Enums/E_WallOut.E_WallOut' and '/Game/AtmosphericHouse/Enums/E_WallOut.E_WallOut'
[2025.04.02-18.35.52:361][818]LogEnum: Warning: Enum name collision: 'E_WallOut::NewEnumerator19' is in both '/Game/UnderwaterHouse/Enums/E_WallOut.E_WallOut' and '/Game/AtmosphericHouse/Enums/E_WallOut.E_WallOut'
[2025.04.02-18.35.52:361][818]LogEnum: Warning: Enum name collision: 'E_WallOut::NewEnumerator37' is in both '/Game/UnderwaterHouse/Enums/E_WallOut.E_WallOut' and '/Game/AtmosphericHouse/Enums/E_WallOut.E_WallOut'
[2025.04.02-18.35.52:361][818]LogEnum: Warning: Enum name collision: 'E_WallOut::NewEnumerator25' is in both '/Game/UnderwaterHouse/Enums/E_WallOut.E_WallOut' and '/Game/AtmosphericHouse/Enums/E_WallOut.E_WallOut'
[2025.04.02-18.35.52:362][818]LogEnum: Warning: Enum name collision: 'E_WallOut::NewEnumerator26' is in both '/Game/UnderwaterHouse/Enums/E_WallOut.E_WallOut' and '/Game/AtmosphericHouse/Enums/E_WallOut.E_WallOut'
[2025.04.02-18.35.52:362][818]LogEnum: Warning: Enum name collision: 'E_WallOut::NewEnumerator27' is in both '/Game/UnderwaterHouse/Enums/E_WallOut.E_WallOut' and '/Game/AtmosphericHouse/Enums/E_WallOut.E_WallOut'
[2025.04.02-18.35.52:362][818]LogEnum: Warning: Enum name collision: 'E_WallOut::NewEnumerator28' is in both '/Game/UnderwaterHouse/Enums/E_WallOut.E_WallOut' and '/Game/AtmosphericHouse/Enums/E_WallOut.E_WallOut'
[2025.04.02-18.35.52:362][818]LogEnum: Warning: Enum name collision: 'E_WallOut::NewEnumerator29' is in both '/Game/UnderwaterHouse/Enums/E_WallOut.E_WallOut' and '/Game/AtmosphericHouse/Enums/E_WallOut.E_WallOut'
[2025.04.02-18.35.52:362][818]LogEnum: Warning: Enum name collision: 'E_WallOut::NewEnumerator30' is in both '/Game/UnderwaterHouse/Enums/E_WallOut.E_WallOut' and '/Game/AtmosphericHouse/Enums/E_WallOut.E_WallOut'
[2025.04.02-18.35.52:362][818]LogEnum: Warning: Enum name collision: 'E_WallOut::NewEnumerator31' is in both '/Game/UnderwaterHouse/Enums/E_WallOut.E_WallOut' and '/Game/AtmosphericHouse/Enums/E_WallOut.E_WallOut'
[2025.04.02-18.35.52:362][818]LogEnum: Warning: Enum name collision: 'E_WallOut::NewEnumerator32' is in both '/Game/UnderwaterHouse/Enums/E_WallOut.E_WallOut' and '/Game/AtmosphericHouse/Enums/E_WallOut.E_WallOut'
[2025.04.02-18.35.52:362][818]LogEnum: Warning: Enum name collision: 'E_WallOut::NewEnumerator33' is in both '/Game/UnderwaterHouse/Enums/E_WallOut.E_WallOut' and '/Game/AtmosphericHouse/Enums/E_WallOut.E_WallOut'
[2025.04.02-18.35.52:362][818]LogEnum: Warning: Enum name collision: 'E_WallOut::NewEnumerator34' is in both '/Game/UnderwaterHouse/Enums/E_WallOut.E_WallOut' and '/Game/AtmosphericHouse/Enums/E_WallOut.E_WallOut'
[2025.04.02-18.35.52:362][818]LogEnum: Warning: Enum name collision: 'E_WallOut::NewEnumerator35' is in both '/Game/UnderwaterHouse/Enums/E_WallOut.E_WallOut' and '/Game/AtmosphericHouse/Enums/E_WallOut.E_WallOut'
[2025.04.02-18.35.52:362][818]LogEnum: Warning: Enum name collision: 'E_WallOut::NewEnumerator36' is in both '/Game/UnderwaterHouse/Enums/E_WallOut.E_WallOut' and '/Game/AtmosphericHouse/Enums/E_WallOut.E_WallOut'
[2025.04.02-18.35.52:362][818]LogEnum: Warning: Enum name collision: 'E_WallOut::NewEnumerator19' is in both '/Game/UnderwaterHouse/Enums/E_WallOut.E_WallOut' and '/Game/AtmosphericHouse/Enums/E_WallOut.E_WallOut'
[2025.04.02-18.35.52:362][818]LogEnum: Warning: Enum name collision: 'E_WallOut::NewEnumerator37' is in both '/Game/UnderwaterHouse/Enums/E_WallOut.E_WallOut' and '/Game/AtmosphericHouse/Enums/E_WallOut.E_WallOut'
[2025.04.02-18.35.52:477][818]LogNativeClassHierarchy: Verbose: Native class hierarchy updated for 'BlueprintGraph' in 0.0005 seconds. Added 126 classes and 0 folders.
[2025.04.02-18.35.53:606][818]LogSlate: Took 0.011388 seconds to synchronously load lazily loaded font '../../../Engine/Content/Slate/Fonts/Roboto-BoldCondensed.ttf' (158K)
[2025.04.02-18.35.53:717][819]LogSlate: Took 0.007639 seconds to synchronously load lazily loaded font '../../../Engine/Content/Slate/Fonts/Roboto-Italic.ttf' (157K)
[2025.04.02-18.36.03:862][  2]LogEditorClassViewer: Warning: Class /Engine/Tutorial/InWorldBlueprintEditing/TutorialAssets/IWBE_Blutility.IWBE_Blutility_C has parent /Script/Blutility.PlacedEditorUtilityBase, but this parent is not found. The Class will not be shown in ClassViewer.
[2025.04.02-18.36.03:863][  2]LogEditorClassViewer: Warning: Class /Game/Mods/PYModMenu/BASE_BPManagers.PLACEHOLDER-CLASS___BP_MainManager_C_0 has parent None, but this parent is not found. The Class will not be shown in ClassViewer.
[2025.04.02-18.36.03:863][  2]LogEditorClassViewer: Warning: Class /Game/Mods/PYModMenu/Managers/_BP_MainManager.PLACEHOLDER-CLASS__STYLE_BaseStyles_C_0 has parent None, but this parent is not found. The Class will not be shown in ClassViewer.
[2025.04.02-18.36.03:863][  2]LogEditorClassViewer: Warning: Class /Game/Mods/PYModMenu/Managers/_BP_MainManager.PLACEHOLDER-CLASS__ModMenu_C_1 has parent None, but this parent is not found. The Class will not be shown in ClassViewer.
[2025.04.02-18.36.03:863][  2]LogEditorClassViewer: Warning: Class /Game/Mods/PYModMenu/Managers/_BP_MainManager.PLACEHOLDER-CLASS__PY_MainBP_C_2 has parent None, but this parent is not found. The Class will not be shown in ClassViewer.
[2025.04.02-18.36.03:863][  2]LogEditorClassViewer: Warning: Class /Game/Mods/PYModMenu/Managers/_BP_MainManager.PLACEHOLDER-CLASS__BP_PlayerTabManager_C_3 has parent None, but this parent is not found. The Class will not be shown in ClassViewer.
[2025.04.02-18.36.03:863][  2]LogEditorClassViewer: Warning: Class /Game/Mods/PYModMenu/Managers/_BP_MainManager.PLACEHOLDER-CLASS__BP_GlobalVariables_C_4 has parent None, but this parent is not found. The Class will not be shown in ClassViewer.
[2025.04.02-18.36.03:863][  2]LogEditorClassViewer: Warning: Class /Game/Mods/PYModMenu/Managers/_BP_MainManager.PLACEHOLDER-CLASS__BP_MenuTabManager_C_5 has parent None, but this parent is not found. The Class will not be shown in ClassViewer.
[2025.04.02-18.36.03:863][  2]LogEditorClassViewer: Warning: Class /Game/Mods/PYModMenu/Managers/_BP_MainManager.PLACEHOLDER-CLASS__BP_WBPViewerManager_C_6 has parent None, but this parent is not found. The Class will not be shown in ClassViewer.
[2025.04.02-18.36.03:863][  2]LogEditorClassViewer: Warning: Class /Game/Mods/PYModMenu/Managers/_BP_MainManager.PLACEHOLDER-CLASS__BP_GameTabManager_C_7 has parent None, but this parent is not found. The Class will not be shown in ClassViewer.
[2025.04.02-18.36.03:863][  2]LogEditorClassViewer: Warning: Class /Game/Mods/PYModMenu/Managers/_BP_MainManager.PLACEHOLDER-CLASS__BP_SaveSystemManager_C_8 has parent None, but this parent is not found. The Class will not be shown in ClassViewer.
[2025.04.02-18.36.03:863][  2]LogEditorClassViewer: Warning: Class /Game/Mods/PYModMenu/Managers/_BP_MainManager.PLACEHOLDER-CLASS__BP_MonsterTabManager_C_9 has parent None, but this parent is not found. The Class will not be shown in ClassViewer.
[2025.04.02-18.36.03:863][  2]LogEditorClassViewer: Warning: Class /Game/Mods/PYModMenu/Managers/_BP_MainManager.PLACEHOLDER-CLASS__BP_SpecialTabManager_C_10 has parent None, but this parent is not found. The Class will not be shown in ClassViewer.
[2025.04.02-18.36.03:863][  2]LogEditorClassViewer: Warning: Class /Game/Mods/PYModMenu/Managers/_BP_MainManager.PLACEHOLDER-CLASS__BP_SubViewerTabManager_C_11 has parent None, but this parent is not found. The Class will not be shown in ClassViewer.
[2025.04.02-18.36.03:863][  2]LogEditorClassViewer: Warning: Class /Game/Mods/PYModMenu/BP_GlobalVariables.PLACEHOLDER-CLASS__BPCharacter_Demo_C_0 has parent None, but this parent is not found. The Class will not be shown in ClassViewer.
[2025.04.02-18.36.03:863][  2]LogEditorClassViewer: Warning: Class /Game/Mods/PYModMenu/BP_GlobalVariables.PLACEHOLDER-CLASS__WBP_ModTabHolder_C_1 has parent None, but this parent is not found. The Class will not be shown in ClassViewer.
[2025.04.02-18.36.03:863][  2]LogEditorClassViewer: Warning: Class /Game/Mods/PYModMenu/BP_GlobalVariables.PLACEHOLDER-CLASS__OBJ_SelectedEntity_C_2 has parent None, but this parent is not found. The Class will not be shown in ClassViewer.
[2025.04.02-18.36.03:863][  2]LogEditorClassViewer: Warning: Class /Game/Mods/PYModMenu/BP_GlobalVariables.PLACEHOLDER-CLASS__Base_EntityList_C_3 has parent None, but this parent is not found. The Class will not be shown in ClassViewer.
[2025.04.02-18.36.03:863][  2]LogEditorClassViewer: Warning: Class /Game/Mods/PYModMenu/WidgetsRelated/Base_Widgets/Base_EntityList.PLACEHOLDER-CLASS___BP_MainManager_C_0 has parent None, but this parent is not found. The Class will not be shown in ClassViewer.
[2025.04.02-18.36.03:863][  2]LogEditorClassViewer: Warning: Class /Game/Modes/MP_GameMode.PLACEHOLDER-CLASS__BPCharacter_Demo_C_0 has parent None, but this parent is not found. The Class will not be shown in ClassViewer.
[2025.04.02-18.36.03:863][  2]LogEditorClassViewer: Warning: Class /Game/Mods/PYModMenu/WidgetsRelated/Datas/Base_Datas.PLACEHOLDER-CLASS___BP_MainManager_C_0 has parent None, but this parent is not found. The Class will not be shown in ClassViewer.
[2025.04.02-18.36.03:863][  2]LogEditorClassViewer: Warning: Class /Game/Mods/PYModMenu/Managers/BP_GameTabManager.PLACEHOLDER-CLASS__ActorData_C_0 has parent None, but this parent is not found. The Class will not be shown in ClassViewer.
[2025.04.02-18.36.03:863][  2]LogEditorClassViewer: Warning: Class /Game/Mods/PYModMenu/Managers/BP_GameTabManager.PLACEHOLDER-CLASS__MP_GameMode_C_1 has parent None, but this parent is not found. The Class will not be shown in ClassViewer.
[2025.04.02-18.36.03:863][  2]LogEditorClassViewer: Warning: Class /Game/Mods/PYModMenu/Managers/BP_GameTabManager.PLACEHOLDER-CLASS__Base_GM_C_2 has parent None, but this parent is not found. The Class will not be shown in ClassViewer.
[2025.04.02-18.36.03:863][  2]LogEditorClassViewer: Warning: Class /Game/Mods/PYModMenu/Managers/BP_GameTabManager.PLACEHOLDER-CLASS__Lobby_PlayerController_C_3 has parent None, but this parent is not found. The Class will not be shown in ClassViewer.
[2025.04.02-18.36.03:863][  2]LogEditorClassViewer: Warning: Class /Game/Mods/PYModMenu/Managers/BP_GameTabManager.PLACEHOLDER-CLASS__MapData_C_4 has parent None, but this parent is not found. The Class will not be shown in ClassViewer.
[2025.04.02-18.36.03:863][  2]LogEditorClassViewer: Warning: Class /Game/Mods/PYModMenu/Managers/BP_GameTabManager.PLACEHOLDER-CLASS__WBP_MapListView_C_5 has parent None, but this parent is not found. The Class will not be shown in ClassViewer.
[2025.04.02-18.36.03:863][  2]LogEditorClassViewer: Warning: Class /Game/Mods/PYModMenu/Managers/BP_GameTabManager.PLACEHOLDER-CLASS__WBP_MapTravelButton_C_6 has parent None, but this parent is not found. The Class will not be shown in ClassViewer.
[2025.04.02-18.36.03:863][  2]LogEditorClassViewer: Warning: Class /Game/Mods/PYModMenu/Managers/BP_GameTabManager.PLACEHOLDER-CLASS__WBP_ActorListView_C_7 has parent None, but this parent is not found. The Class will not be shown in ClassViewer.
[2025.04.02-18.36.03:863][  2]LogEditorClassViewer: Warning: Class /Game/Mods/PYModMenu/Managers/BP_GameTabManager.PLACEHOLDER-CLASS__WBP_ActorSpawnButton_C_8 has parent None, but this parent is not found. The Class will not be shown in ClassViewer.
[2025.04.02-18.36.03:863][  2]LogEditorClassViewer: Warning: Class /Game/Mods/PYModMenu/Managers/BP_GameTabManager.PLACEHOLDER-CLASS__MainBase_DynamicWidget_C_9 has parent None, but this parent is not found. The Class will not be shown in ClassViewer.
[2025.04.02-18.36.03:863][  2]LogEditorClassViewer: Warning: Class /Game/Mods/PYModMenu/WidgetsRelated/Datas/ActorData.PLACEHOLDER-CLASS__WBP_ActorSpawnButton_C_0 has parent None, but this parent is not found. The Class will not be shown in ClassViewer.
[2025.04.02-18.36.03:863][  2]LogEditorClassViewer: Warning: Class /Game/Mods/PYModMenu/WidgetsRelated/Datas/ActorData.PLACEHOLDER-CLASS__BP_GlobalVariables_C_1 has parent None, but this parent is not found. The Class will not be shown in ClassViewer.
[2025.04.02-18.36.03:863][  2]LogEditorClassViewer: Warning: Class /Game/Mods/PYModMenu/Managers/BP_MonsterTabManager.PLACEHOLDER-CLASS__WBP_MonsterTab_C_0 has parent None, but this parent is not found. The Class will not be shown in ClassViewer.
[2025.04.02-18.36.03:863][  2]LogEditorClassViewer: Warning: Class /Game/Mods/PYModMenu/Managers/BP_MonsterTabManager.PLACEHOLDER-CLASS__PY_MonsterAliveCheck_C_1 has parent None, but this parent is not found. The Class will not be shown in ClassViewer.
[2025.04.02-18.36.03:863][  2]LogEditorClassViewer: Warning: Class /Game/Mods/PYModMenu/Checks/MonsterCheckState/PY_MonsterAliveCheck.PLACEHOLDER-CLASS__WBP_MonsterTab_C_0 has parent None, but this parent is not found. The Class will not be shown in ClassViewer.
[2025.04.02-18.36.03:863][  2]LogEditorClassViewer: Warning: Class /Game/Mods/PYModMenu/Checks/MonsterCheckState/PY_MonsterAliveCheck.PLACEHOLDER-CLASS__MonsterListSelection_C_1 has parent None, but this parent is not found. The Class will not be shown in ClassViewer.
[2025.04.02-18.36.03:863][  2]LogEditorClassViewer: Warning: Class /Game/Mods/PYModMenu/Checks/MonsterCheckState/PY_MonsterAliveCheck.PLACEHOLDER-CLASS___BP_MainManager_C_2 has parent None, but this parent is not found. The Class will not be shown in ClassViewer.
[2025.04.02-18.36.03:863][  2]LogEditorClassViewer: Warning: Class /Game/Entity/DeathMoth/FemaleMoth/BP_Moth.PLACEHOLDER-CLASS__BPCharacter_Demo_C_0 has parent None, but this parent is not found. The Class will not be shown in ClassViewer.
[2025.04.02-18.36.03:863][  2]LogEditorClassViewer: Warning: Class /Game/Mods/PYModMenu/PY_MainBP.PLACEHOLDER-CLASS__ModMenu_C_0 has parent None, but this parent is not found. The Class will not be shown in ClassViewer.
[2025.04.02-18.36.03:863][  2]LogEditorClassViewer: Warning: Class /Game/Mods/PYModMenu/PY_MainBP.PLACEHOLDER-CLASS__Base_EntityList_C_1 has parent None, but this parent is not found. The Class will not be shown in ClassViewer.
[2025.04.02-18.36.03:863][  2]LogEditorClassViewer: Warning: Class /Game/Mods/PYModMenu/PY_MainBP.PLACEHOLDER-CLASS__PYIcon_C_2 has parent None, but this parent is not found. The Class will not be shown in ClassViewer.
[2025.04.02-18.36.03:863][  2]LogEditorClassViewer: Warning: Class /Game/Mods/PYModMenu/PY_MainBP.PLACEHOLDER-CLASS__WBP_MonsterTab_C_3 has parent None, but this parent is not found. The Class will not be shown in ClassViewer.
[2025.04.02-18.36.03:863][  2]LogEditorClassViewer: Warning: Class /Game/Mods/PYModMenu/PY_MainBP.PLACEHOLDER-CLASS__BP_ClientMainMod_C_4 has parent None, but this parent is not found. The Class will not be shown in ClassViewer.
[2025.04.02-18.36.03:863][  2]LogEditorClassViewer: Warning: Class /Game/Mods/PYModMenu/PY_MainBP.PLACEHOLDER-CLASS___BP_MainManager_C_5 has parent None, but this parent is not found. The Class will not be shown in ClassViewer.
[2025.04.02-18.36.03:863][  2]LogEditorClassViewer: Warning: Class /Game/Mods/PYModMenu/PY_MainBP.PLACEHOLDER-CLASS__BP_SaveSystemManager_C_6 has parent None, but this parent is not found. The Class will not be shown in ClassViewer.
[2025.04.02-18.36.03:863][  2]LogEditorClassViewer: Warning: Class /Game/Mods/PYModMenu/PY_MainBP.PLACEHOLDER-CLASS__BP_GlobalVariables_C_7 has parent None, but this parent is not found. The Class will not be shown in ClassViewer.
[2025.04.02-18.36.03:864][  2]LogEditorClassViewer: Warning: Class /Game/Mods/PYModMenu/PY_MainBP.PLACEHOLDER-CLASS__STYLE_BaseStyles_C_8 has parent None, but this parent is not found. The Class will not be shown in ClassViewer.
[2025.04.02-18.36.03:864][  2]LogEditorClassViewer: Warning: Class /Game/Mods/PYModMenu/BP_ClientMainMod.PLACEHOLDER-CLASS__PY_MainBP_C_0 has parent None, but this parent is not found. The Class will not be shown in ClassViewer.
[2025.04.02-18.36.03:864][  2]LogEditorClassViewer: Warning: Class /Game/Mods/PYModMenu/Managers/BP_SaveSystemManager.PLACEHOLDER-CLASS__OB_PYMM_Saves_C_0 has parent None, but this parent is not found. The Class will not be shown in ClassViewer.
[2025.04.02-18.36.03:864][  2]LogEditorClassViewer: Warning: Class /Game/Mods/PYModMenu/EntityStruct/S_SelectedEntities.PLACEHOLDER-CLASS__Base_EntityList_C_0 has parent None, but this parent is not found. The Class will not be shown in ClassViewer.
[2025.04.02-18.36.03:864][  2]LogEditorClassViewer: Warning: Class /Game/Mods/PYModMenu/EntityStruct/S_SelectedEntities.PLACEHOLDER-CLASS__BPCharacter_Demo_C_1 has parent None, but this parent is not found. The Class will not be shown in ClassViewer.
[2025.04.02-18.36.03:864][  2]LogEditorClassViewer: Warning: Class /Game/Mods/PYModMenu/OBJ_Widgets/STYLE_BaseStyles.PLACEHOLDER-CLASS__STYLE_MonsterTabStyle_C_0 has parent None, but this parent is not found. The Class will not be shown in ClassViewer.
[2025.04.02-18.36.03:864][  2]LogEditorClassViewer: Warning: Class /Game/Mods/PYModMenu/WidgetsRelated/WBP_BaseTabs.PLACEHOLDER-CLASS__STYLE_BaseStyles_C_0 has parent None, but this parent is not found. The Class will not be shown in ClassViewer.
[2025.04.02-18.36.03:864][  2]LogEditorClassViewer: Warning: Class /Game/Mods/PYModMenu/WidgetsRelated/WBP_BaseTabs.PLACEHOLDER-CLASS___BP_MainManager_C_1 has parent None, but this parent is not found. The Class will not be shown in ClassViewer.
[2025.04.02-18.36.03:864][  2]LogEditorClassViewer: Warning: Class /Game/Mods/PYModMenu/Managers/BP_PlayerTabManager.PLACEHOLDER-CLASS__PlayerListSelection_C_0 has parent None, but this parent is not found. The Class will not be shown in ClassViewer.
[2025.04.02-18.36.03:864][  2]LogEditorClassViewer: Warning: Class /Game/Mods/PYModMenu/Managers/BP_PlayerTabManager.PLACEHOLDER-CLASS__BP_GlobalVariables_C_1 has parent None, but this parent is not found. The Class will not be shown in ClassViewer.
[2025.04.02-18.36.03:864][  2]LogEditorClassViewer: Warning: Class /Game/Mods/PYModMenu/Managers/BP_PlayerTabManager.PLACEHOLDER-CLASS__MP_PS_C_2 has parent None, but this parent is not found. The Class will not be shown in ClassViewer.
[2025.04.02-18.36.03:864][  2]LogEditorClassViewer: Warning: Class /Game/Mods/PYModMenu/Managers/BP_PlayerTabManager.PLACEHOLDER-CLASS__OBJ_SelectedEntity_C_3 has parent None, but this parent is not found. The Class will not be shown in ClassViewer.
[2025.04.02-18.36.03:864][  2]LogEditorClassViewer: Warning: Class /Game/Mods/PYModMenu/Managers/BP_PlayerTabManager.PLACEHOLDER-CLASS__BPCharacter_Demo_C_4 has parent None, but this parent is not found. The Class will not be shown in ClassViewer.
[2025.04.02-18.36.03:864][  2]LogEditorClassViewer: Warning: Class /Game/Mods/PYModMenu/Managers/BP_PlayerTabManager.PLACEHOLDER-CLASS__BP_Spectator_C_5 has parent None, but this parent is not found. The Class will not be shown in ClassViewer.
[2025.04.02-18.36.03:864][  2]LogEditorClassViewer: Warning: Class /Game/Mods/PYModMenu/Managers/BP_PlayerTabManager.PLACEHOLDER-CLASS__PY_PlayerAlive_C_6 has parent None, but this parent is not found. The Class will not be shown in ClassViewer.
[2025.04.02-18.36.03:864][  2]LogEditorClassViewer: Warning: Class /Game/Mods/PYModMenu/Managers/BP_PlayerTabManager.PLACEHOLDER-CLASS__PY_PlayerExistence_C_7 has parent None, but this parent is not found. The Class will not be shown in ClassViewer.
[2025.04.02-18.36.03:864][  2]LogEditorClassViewer: Warning: Class /Game/Mods/PYModMenu/Checks/PlayerStateCheck/PlayerComp.PLACEHOLDER-CLASS__PY_MainBP_C_0 has parent None, but this parent is not found. The Class will not be shown in ClassViewer.
[2025.04.02-18.36.03:864][  2]LogEditorClassViewer: Warning: Class /Game/Mods/PYModMenu/Checks/PlayerStateCheck/PlayerComp.PLACEHOLDER-CLASS__BP_PlayerTabManager_C_1 has parent None, but this parent is not found. The Class will not be shown in ClassViewer.
[2025.04.02-18.36.03:864][  2]LogEditorClassViewer: Warning: Class /Game/Mods/PYModMenu/Checks/PlayerStateCheck/PY_PlayerAlive.PLACEHOLDER-CLASS__PlayerListSelection_C_0 has parent None, but this parent is not found. The Class will not be shown in ClassViewer.
[2025.04.02-18.36.03:864][  2]LogEditorClassViewer: Warning: Class /Game/Mods/PYModMenu/WidgetsRelated/Base_Widgets/MainBase_DynamicWidget.PLACEHOLDER-CLASS__STYLE_BaseStyles_C_0 has parent None, but this parent is not found. The Class will not be shown in ClassViewer.
[2025.04.02-18.36.03:864][  2]LogEditorClassViewer: Warning: Class /Game/Mods/PYModMenu/WidgetsRelated/Base_Widgets/MainBase_DynamicWidget.PLACEHOLDER-CLASS___BP_MainManager_C_1 has parent None, but this parent is not found. The Class will not be shown in ClassViewer.
[2025.04.02-18.36.03:864][  2]LogEditorClassViewer: Warning: Class /Game/Mods/PYModMenu/WidgetsRelated/TabsRelated/Player/PlayerListSelection.PLACEHOLDER-CLASS__WBP_SelectButton_C_0 has parent None, but this parent is not found. The Class will not be shown in ClassViewer.
[2025.04.02-18.36.03:864][  2]LogEditorClassViewer: Warning: Class /Game/Mods/PYModMenu/WidgetsRelated/TabsRelated/Player/PlayerListSelection.PLACEHOLDER-CLASS__WBP_Text_C_1 has parent None, but this parent is not found. The Class will not be shown in ClassViewer.
[2025.04.02-18.36.03:864][  2]LogEditorClassViewer: Warning: Class /Game/Mods/PYModMenu/WidgetsRelated/TabsRelated/Player/PlayerListSelection.PLACEHOLDER-CLASS__BP_PlayerTabManager_C_2 has parent None, but this parent is not found. The Class will not be shown in ClassViewer.
[2025.04.02-18.36.03:864][  2]LogEditorClassViewer: Warning: Class /Game/Mods/PYModMenu/WidgetsRelated/TabsRelated/Player/PlayerListSelection.PLACEHOLDER-CLASS__BASE_Button_C_3 has parent None, but this parent is not found. The Class will not be shown in ClassViewer.
[2025.04.02-18.36.03:864][  2]LogEditorClassViewer: Warning: Class /Game/Mods/PYModMenu/WidgetsRelated/ModMenu.PLACEHOLDER-CLASS__PY_MainBP_C_0 has parent None, but this parent is not found. The Class will not be shown in ClassViewer.
[2025.04.02-18.36.03:864][  2]LogEditorClassViewer: Warning: Class /Game/Mods/PYModMenu/WidgetsRelated/ModMenu.PLACEHOLDER-CLASS__PlayerListSelection_C_1 has parent None, but this parent is not found. The Class will not be shown in ClassViewer.
[2025.04.02-18.36.03:864][  2]LogEditorClassViewer: Warning: Class /Game/Mods/PYModMenu/WidgetsRelated/ModMenu.PLACEHOLDER-CLASS__DynamicScrollVertical_C_2 has parent None, but this parent is not found. The Class will not be shown in ClassViewer.
[2025.04.02-18.36.03:864][  2]LogEditorClassViewer: Warning: Class /Game/Mods/PYModMenu/WidgetsRelated/ModMenu.PLACEHOLDER-CLASS__MonsterSpawnsButton_C_3 has parent None, but this parent is not found. The Class will not be shown in ClassViewer.
[2025.04.02-18.36.03:864][  2]LogEditorClassViewer: Warning: Class /Game/Mods/PYModMenu/WidgetsRelated/ModMenu.PLACEHOLDER-CLASS__WBP_ModTabHolder_C_4 has parent None, but this parent is not found. The Class will not be shown in ClassViewer.
[2025.04.02-18.36.03:864][  2]LogEditorClassViewer: Warning: Class /Game/Mods/PYModMenu/WidgetsRelated/DynamicWidgets/DynamicScrollVertical.PLACEHOLDER-CLASS__ModMenu_C_0 has parent None, but this parent is not found. The Class will not be shown in ClassViewer.
[2025.04.02-18.36.03:864][  2]LogEditorClassViewer: Warning: Class /Game/Mods/PYModMenu/WidgetsRelated/Base_Widgets/Base_ButtonOnList.PLACEHOLDER-CLASS__ActorData_C_0 has parent None, but this parent is not found. The Class will not be shown in ClassViewer.
[2025.04.02-18.36.03:864][  2]LogEditorClassViewer: Warning: Class /Game/Mods/PYModMenu/WidgetsRelated/Base_Widgets/Base_ButtonOnList.PLACEHOLDER-CLASS__MapData_C_1 has parent None, but this parent is not found. The Class will not be shown in ClassViewer.
[2025.04.02-18.36.03:864][  2]LogEditorClassViewer: Warning: Class /Game/Mods/PYModMenu/WidgetsRelated/Base_Widgets/Base_ButtonOnList.PLACEHOLDER-CLASS__ComponentsDatas_C_2 has parent None, but this parent is not found. The Class will not be shown in ClassViewer.
[2025.04.02-18.36.03:864][  2]LogEditorClassViewer: Warning: Class /Game/Mods/PYModMenu/WidgetsRelated/Datas/MapData.PLACEHOLDER-CLASS__Lobby_PlayerController_C_0 has parent None, but this parent is not found. The Class will not be shown in ClassViewer.
[2025.04.02-18.36.03:864][  2]LogEditorClassViewer: Warning: Class /Game/Mods/PYModMenu/WidgetsRelated/Datas/MapData.PLACEHOLDER-CLASS__Base_GM_C_1 has parent None, but this parent is not found. The Class will not be shown in ClassViewer.
[2025.04.02-18.36.03:864][  2]LogEditorClassViewer: Warning: Class /Game/Mods/PYModMenu/WidgetsRelated/Datas/MapData.PLACEHOLDER-CLASS__MP_GameMode_C_2 has parent None, but this parent is not found. The Class will not be shown in ClassViewer.
[2025.04.02-18.36.03:864][  2]LogEditorClassViewer: Warning: Class /Game/Mods/PYModMenu/WidgetsRelated/Datas/MapData.PLACEHOLDER-CLASS__BP_GameTabManager_C_3 has parent None, but this parent is not found. The Class will not be shown in ClassViewer.
[2025.04.02-18.36.03:864][  2]LogEditorClassViewer: Warning: Class /Game/Mods/PYModMenu/WidgetsRelated/DynamicWidgets/Dynamic_ListViews/WBP_BaseListView.PLACEHOLDER-CLASS__Base_Datas_C_0 has parent None, but this parent is not found. The Class will not be shown in ClassViewer.
[2025.04.02-18.36.03:864][  2]LogEditorClassViewer: Warning: Class /Game/Mods/PYModMenu/WidgetsRelated/TabsRelated/GAMETab/WBP_ActorSpawnButton.PLACEHOLDER-CLASS__ActorData_C_0 has parent None, but this parent is not found. The Class will not be shown in ClassViewer.
[2025.04.02-18.36.03:864][  2]LogEditorClassViewer: Warning: Class /Game/Mods/PYModMenu/WidgetsRelated/WBP_ModTabHolder.PLACEHOLDER-CLASS__WBP_ButtonScalable_C_0 has parent None, but this parent is not found. The Class will not be shown in ClassViewer.
[2025.04.02-18.36.03:864][  2]LogEditorClassViewer: Warning: Class /Game/Mods/PYModMenu/WidgetsRelated/WBP_ModTabHolder.PLACEHOLDER-CLASS__WBP_GameTab_C_1 has parent None, but this parent is not found. The Class will not be shown in ClassViewer.
[2025.04.02-18.36.03:864][  2]LogEditorClassViewer: Warning: Class /Game/Mods/PYModMenu/WidgetsRelated/WBP_ModTabHolder.PLACEHOLDER-CLASS__WBP_MenuTab_C_2 has parent None, but this parent is not found. The Class will not be shown in ClassViewer.
[2025.04.02-18.36.03:864][  2]LogEditorClassViewer: Warning: Class /Game/Mods/PYModMenu/WidgetsRelated/WBP_ModTabHolder.PLACEHOLDER-CLASS__WBP_MonsterTab_C_3 has parent None, but this parent is not found. The Class will not be shown in ClassViewer.
[2025.04.02-18.36.03:864][  2]LogEditorClassViewer: Warning: Class /Game/Mods/PYModMenu/WidgetsRelated/WBP_ModTabHolder.PLACEHOLDER-CLASS__WBP_PlayerTab_C_4 has parent None, but this parent is not found. The Class will not be shown in ClassViewer.
[2025.04.02-18.36.03:864][  2]LogEditorClassViewer: Warning: Class /Game/Mods/PYModMenu/WidgetsRelated/WBP_ModTabHolder.PLACEHOLDER-CLASS__WBP_SpecialTab_C_5 has parent None, but this parent is not found. The Class will not be shown in ClassViewer.
[2025.04.02-18.36.03:864][  2]LogEditorClassViewer: Warning: Class /Game/Mods/PYModMenu/WidgetsRelated/WBP_ModTabHolder.PLACEHOLDER-CLASS__ModMenu_C_6 has parent None, but this parent is not found. The Class will not be shown in ClassViewer.
[2025.04.02-18.36.03:864][  2]LogEditorClassViewer: Warning: Class /Game/Mods/PYModMenu/WidgetsRelated/WBP_ModTabHolder.PLACEHOLDER-CLASS__BASE_Button_C_7 has parent None, but this parent is not found. The Class will not be shown in ClassViewer.
[2025.04.02-18.36.03:864][  2]LogEditorClassViewer: Warning: Class /Game/Mods/PYModMenu/WidgetsRelated/TabsRelated/GAMETab/WBP_MapTravelButton.PLACEHOLDER-CLASS__MapData_C_0 has parent None, but this parent is not found. The Class will not be shown in ClassViewer.
[2025.04.02-18.36.03:864][  2]LogEditorClassViewer: Warning: Class /Game/Mods/PYModMenu/WidgetsRelated/WBP_GameTab.PLACEHOLDER-CLASS__WBP_Text_C_0 has parent None, but this parent is not found. The Class will not be shown in ClassViewer.
[2025.04.02-18.36.03:864][  2]LogEditorClassViewer: Warning: Class /Game/Mods/PYModMenu/WidgetsRelated/WBP_GameTab.PLACEHOLDER-CLASS__Info_WBP_C_1 has parent None, but this parent is not found. The Class will not be shown in ClassViewer.
[2025.04.02-18.36.03:864][  2]LogEditorClassViewer: Warning: Class /Game/Mods/PYModMenu/WidgetsRelated/WBP_GameTab.PLACEHOLDER-CLASS__WBP_ActorListView_C_2 has parent None, but this parent is not found. The Class will not be shown in ClassViewer.
[2025.04.02-18.36.03:864][  2]LogEditorClassViewer: Warning: Class /Game/Mods/PYModMenu/WidgetsRelated/WBP_GameTab.PLACEHOLDER-CLASS__WBP_ButtonScalable_C_3 has parent None, but this parent is not found. The Class will not be shown in ClassViewer.
[2025.04.02-18.36.03:864][  2]LogEditorClassViewer: Warning: Class /Game/Mods/PYModMenu/WidgetsRelated/WBP_GameTab.PLACEHOLDER-CLASS__WBP_MapListView_C_4 has parent None, but this parent is not found. The Class will not be shown in ClassViewer.
[2025.04.02-18.36.03:864][  2]LogEditorClassViewer: Warning: Class /Game/Mods/PYModMenu/WidgetsRelated/WBP_GameTab.PLACEHOLDER-CLASS__MP_GameMode_C_5 has parent None, but this parent is not found. The Class will not be shown in ClassViewer.
[2025.04.02-18.36.03:864][  2]LogEditorClassViewer: Warning: Class /Game/Mods/PYModMenu/WidgetsRelated/WBP_GameTab.PLACEHOLDER-CLASS__BP_GameTabManager_C_6 has parent None, but this parent is not found. The Class will not be shown in ClassViewer.
[2025.04.02-18.36.03:864][  2]LogEditorClassViewer: Warning: Class /Game/Mods/PYModMenu/WidgetsRelated/WBP_GameTab.PLACEHOLDER-CLASS__BASE_Button_C_7 has parent None, but this parent is not found. The Class will not be shown in ClassViewer.
[2025.04.02-18.36.03:864][  2]LogEditorClassViewer: Warning: Class /Game/Mods/PYModMenu/OBJ_Widgets/OBJ_BaseValues.PLACEHOLDER-CLASS__STYLE_BaseStyles_C_0 has parent None, but this parent is not found. The Class will not be shown in ClassViewer.
[2025.04.02-18.36.03:864][  2]LogEditorClassViewer: Warning: Class /Game/Mods/PYModMenu/WidgetsRelated/WBP_MenuTab.PLACEHOLDER-CLASS__Info_WBP_C_0 has parent None, but this parent is not found. The Class will not be shown in ClassViewer.
[2025.04.02-18.36.03:864][  2]LogEditorClassViewer: Warning: Class /Game/Mods/PYModMenu/WidgetsRelated/WBP_MenuTab.PLACEHOLDER-CLASS__WBP_Text_C_1 has parent None, but this parent is not found. The Class will not be shown in ClassViewer.
[2025.04.02-18.36.03:864][  2]LogEditorClassViewer: Warning: Class /Game/Mods/PYModMenu/WidgetsRelated/WBP_MenuTab.PLACEHOLDER-CLASS__BP_MenuTabManager_C_2 has parent None, but this parent is not found. The Class will not be shown in ClassViewer.
[2025.04.02-18.36.03:864][  2]LogEditorClassViewer: Warning: Class /Game/Mods/PYModMenu/WidgetsRelated/TabsRelated/MonsterTab/MonsterSpawnsButton.PLACEHOLDER-CLASS__PY_MainBP_C_0 has parent None, but this parent is not found. The Class will not be shown in ClassViewer.
[2025.04.02-18.36.03:864][  2]LogEditorClassViewer: Warning: Class /Game/Mods/PYModMenu/WidgetsRelated/TabsRelated/MonsterTab/MonsterSpawnsButton.PLACEHOLDER-CLASS__WBP_MonsterTab_C_1 has parent None, but this parent is not found. The Class will not be shown in ClassViewer.
[2025.04.02-18.36.03:864][  2]LogEditorClassViewer: Warning: Class /Game/Mods/PYModMenu/WidgetsRelated/WBP_MonsterTab.PLACEHOLDER-CLASS__Info_WBP_C_0 has parent None, but this parent is not found. The Class will not be shown in ClassViewer.
[2025.04.02-18.36.03:864][  2]LogEditorClassViewer: Warning: Class /Game/Mods/PYModMenu/WidgetsRelated/WBP_MonsterTab.PLACEHOLDER-CLASS__WBP_ButtonText_C_1 has parent None, but this parent is not found. The Class will not be shown in ClassViewer.
[2025.04.02-18.36.03:864][  2]LogEditorClassViewer: Warning: Class /Game/Mods/PYModMenu/WidgetsRelated/WBP_MonsterTab.PLACEHOLDER-CLASS__DynamicScrollVertical_C_2 has parent None, but this parent is not found. The Class will not be shown in ClassViewer.
[2025.04.02-18.36.03:864][  2]LogEditorClassViewer: Warning: Class /Game/Mods/PYModMenu/WidgetsRelated/WBP_MonsterTab.PLACEHOLDER-CLASS__PY_MainBP_C_3 has parent None, but this parent is not found. The Class will not be shown in ClassViewer.
[2025.04.02-18.36.03:864][  2]LogEditorClassViewer: Warning: Class /Game/Mods/PYModMenu/WidgetsRelated/WBP_MonsterTab.PLACEHOLDER-CLASS__ModMenu_C_4 has parent None, but this parent is not found. The Class will not be shown in ClassViewer.
[2025.04.02-18.36.03:865][  2]LogEditorClassViewer: Warning: Class /Game/Mods/PYModMenu/WidgetsRelated/WBP_MonsterTab.PLACEHOLDER-CLASS__MonsterSpawnsButton_C_5 has parent None, but this parent is not found. The Class will not be shown in ClassViewer.
[2025.04.02-18.36.03:865][  2]LogEditorClassViewer: Warning: Class /Game/Mods/PYModMenu/WidgetsRelated/WBP_MonsterTab.PLACEHOLDER-CLASS__MonsterListSelection_C_6 has parent None, but this parent is not found. The Class will not be shown in ClassViewer.
[2025.04.02-18.36.03:865][  2]LogEditorClassViewer: Warning: Class /Game/Mods/PYModMenu/WidgetsRelated/WBP_MonsterTab.PLACEHOLDER-CLASS__BP_MonsterTabManager_C_7 has parent None, but this parent is not found. The Class will not be shown in ClassViewer.
[2025.04.02-18.36.03:865][  2]LogEditorClassViewer: Warning: Class /Game/Mods/PYModMenu/WidgetsRelated/WBP_MonsterTab.PLACEHOLDER-CLASS__BASE_Button_C_8 has parent None, but this parent is not found. The Class will not be shown in ClassViewer.
[2025.04.02-18.36.03:865][  2]LogEditorClassViewer: Warning: Class /Game/Mods/PYModMenu/WidgetsRelated/WBP_MonsterTab.PLACEHOLDER-CLASS__PlayerListSelection_C_9 has parent None, but this parent is not found. The Class will not be shown in ClassViewer.
[2025.04.02-18.36.03:865][  2]LogEditorClassViewer: Warning: Class /Game/Mods/PYModMenu/WidgetsRelated/WBP_MonsterTab.PLACEHOLDER-CLASS__BPCharacter_Demo_C_10 has parent None, but this parent is not found. The Class will not be shown in ClassViewer.
[2025.04.02-18.36.03:865][  2]LogEditorClassViewer: Warning: Class /Game/Mods/PYModMenu/WidgetsRelated/WBP_MonsterTab.PLACEHOLDER-CLASS__BP_Windows_C_11 has parent None, but this parent is not found. The Class will not be shown in ClassViewer.
[2025.04.02-18.36.03:865][  2]LogEditorClassViewer: Warning: Class /Game/Mods/PYModMenu/WidgetsRelated/WBP_MonsterTab.PLACEHOLDER-CLASS__BP_BoneThief_C_12 has parent None, but this parent is not found. The Class will not be shown in ClassViewer.
[2025.04.02-18.36.03:865][  2]LogEditorClassViewer: Warning: Class /Game/Mods/PYModMenu/WidgetsRelated/WBP_MonsterTab.PLACEHOLDER-CLASS__BP_HydroPlague_C_13 has parent None, but this parent is not found. The Class will not be shown in ClassViewer.
[2025.04.02-18.36.03:865][  2]LogEditorClassViewer: Warning: Class /Game/Mods/PYModMenu/WidgetsRelated/TabsRelated/MonsterTab/MonsterListSelection.PLACEHOLDER-CLASS__WBP_MonsterTab_C_0 has parent None, but this parent is not found. The Class will not be shown in ClassViewer.
[2025.04.02-18.36.03:865][  2]LogEditorClassViewer: Warning: Class /Game/Mods/PYModMenu/WidgetsRelated/WBP_PlayerTab.PLACEHOLDER-CLASS__WBP_ButtonText_C_0 has parent None, but this parent is not found. The Class will not be shown in ClassViewer.
[2025.04.02-18.36.03:865][  2]LogEditorClassViewer: Warning: Class /Game/Mods/PYModMenu/WidgetsRelated/WBP_PlayerTab.PLACEHOLDER-CLASS__WBP_SpinBoxText_C_1 has parent None, but this parent is not found. The Class will not be shown in ClassViewer.
[2025.04.02-18.36.03:865][  2]LogEditorClassViewer: Warning: Class /Game/Mods/PYModMenu/WidgetsRelated/WBP_PlayerTab.PLACEHOLDER-CLASS__WBP_Text_C_2 has parent None, but this parent is not found. The Class will not be shown in ClassViewer.
[2025.04.02-18.36.03:865][  2]LogEditorClassViewer: Warning: Class /Game/Mods/PYModMenu/WidgetsRelated/WBP_PlayerTab.PLACEHOLDER-CLASS__Info_WBP_C_3 has parent None, but this parent is not found. The Class will not be shown in ClassViewer.
[2025.04.02-18.36.03:865][  2]LogEditorClassViewer: Warning: Class /Game/Mods/PYModMenu/WidgetsRelated/WBP_PlayerTab.PLACEHOLDER-CLASS__BP_PlayerTabManager_C_4 has parent None, but this parent is not found. The Class will not be shown in ClassViewer.
[2025.04.02-18.36.03:865][  2]LogEditorClassViewer: Warning: Class /Game/Mods/PYModMenu/WidgetsRelated/WBP_PlayerTab.PLACEHOLDER-CLASS__BASE_Button_C_5 has parent None, but this parent is not found. The Class will not be shown in ClassViewer.
[2025.04.02-18.36.03:865][  2]LogEditorClassViewer: Warning: Class /Game/Mods/PYModMenu/WidgetsRelated/WBP_PlayerTab.PLACEHOLDER-CLASS__BPCharacter_Demo_C_6 has parent None, but this parent is not found. The Class will not be shown in ClassViewer.
[2025.04.02-18.36.03:865][  2]LogEditorClassViewer: Warning: Class /Game/Mods/PYModMenu/Checks/PlayerStateCheck/PY_PlayerExistence.PLACEHOLDER-CLASS__PlayerListSelection_C_0 has parent None, but this parent is not found. The Class will not be shown in ClassViewer.
[2025.04.02-18.36.03:865][  2]LogEditorClassViewer: Warning: Class /Game/Mods/PYModMenu/WidgetsRelated/PYIcon.PLACEHOLDER-CLASS__PY_MainBP_C_0 has parent None, but this parent is not found. The Class will not be shown in ClassViewer.
[2025.04.02-18.36.03:865][  2]LogEditorClassViewer: Warning: Class /Game/Mods/PYModMenu/WidgetsRelated/TabsRelated/Viewer/WBP_Viewer.PLACEHOLDER-CLASS__WBP_ButtonScalable_C_0 has parent None, but this parent is not found. The Class will not be shown in ClassViewer.
[2025.04.02-18.36.03:865][  2]LogEditorClassViewer: Warning: Class /Game/Mods/PYModMenu/WidgetsRelated/TabsRelated/Viewer/WBP_Viewer.PLACEHOLDER-CLASS__WBP_Text_C_1 has parent None, but this parent is not found. The Class will not be shown in ClassViewer.
[2025.04.02-18.36.03:865][  2]LogEditorClassViewer: Warning: Class /Game/Mods/PYModMenu/WidgetsRelated/TabsRelated/Viewer/WBP_Viewer.PLACEHOLDER-CLASS__Info_WBP_C_2 has parent None, but this parent is not found. The Class will not be shown in ClassViewer.
[2025.04.02-18.36.03:865][  2]LogEditorClassViewer: Warning: Class /Game/Mods/PYModMenu/WidgetsRelated/TabsRelated/Viewer/WBP_Viewer.PLACEHOLDER-CLASS__WBP_SpinBox3Values_C_3 has parent None, but this parent is not found. The Class will not be shown in ClassViewer.
[2025.04.02-18.36.03:865][  2]LogEditorClassViewer: Warning: Class /Game/Mods/PYModMenu/WidgetsRelated/TabsRelated/Viewer/WBP_Viewer.PLACEHOLDER-CLASS__BPCharacter_Demo_C_4 has parent None, but this parent is not found. The Class will not be shown in ClassViewer.
[2025.04.02-18.36.03:865][  2]LogEditorClassViewer: Warning: Class /Game/Mods/PYModMenu/WidgetsRelated/TabsRelated/Viewer/WBP_Viewer.PLACEHOLDER-CLASS__WBP_ComponentSimpleText_C_5 has parent None, but this parent is not found. The Class will not be shown in ClassViewer.
[2025.04.02-18.36.03:865][  2]LogEditorClassViewer: Warning: Class /Game/Mods/PYModMenu/WidgetsRelated/TabsRelated/Viewer/WBP_Viewer.PLACEHOLDER-CLASS__BASE_Button_C_6 has parent None, but this parent is not found. The Class will not be shown in ClassViewer.
[2025.04.02-18.36.03:865][  2]LogEditorClassViewer: Warning: Class /Game/Mods/PYModMenu/WidgetsRelated/WBP_SpecialTab.PLACEHOLDER-CLASS__WBP_ButtonScalable_C_0 has parent None, but this parent is not found. The Class will not be shown in ClassViewer.
[2025.04.02-18.36.03:865][  2]LogEditorClassViewer: Warning: Class /Game/Mods/PYModMenu/WidgetsRelated/WBP_SpecialTab.PLACEHOLDER-CLASS__WBP_Viewer_C_1 has parent None, but this parent is not found. The Class will not be shown in ClassViewer.
[2025.04.02-18.36.03:865][  2]LogEditorClassViewer: Warning: Class /Game/Mods/PYModMenu/WidgetsRelated/WBP_SpecialTab.PLACEHOLDER-CLASS__BASE_Button_C_2 has parent None, but this parent is not found. The Class will not be shown in ClassViewer.
[2025.04.02-18.36.03:865][  2]LogEditorClassViewer: Warning: Class /Game/Mods/PYModMenu/CheckMod.PLACEHOLDER-CLASS__PY_MainBP_C_0 has parent None, but this parent is not found. The Class will not be shown in ClassViewer.
[2025.04.02-18.36.03:865][  2]LogEditorClassViewer: Warning: Class /Game/Mods/PYModMenu/CheckMod.PLACEHOLDER-CLASS__WBP_MonsterTab_C_1 has parent None, but this parent is not found. The Class will not be shown in ClassViewer.
[2025.04.02-18.36.12:227][905]LogUObjectHash: Compacting FUObjectHashTables data took   3.71ms
[2025.04.02-18.36.13:618][ 54]LogSlate: Window 'Asset Report' being destroyed
[2025.04.02-18.36.47:382][ 54]LogSlate: Window 'Message' being destroyed
[2025.04.02-18.36.47:389][ 54]Message dialog closed, result: Yes, title: Message, text: C:/Users/Playeroth/Documents/EscapeTheBackrooms--Mods/Test/Content/Mods/ClientButton/ does not appear to be a game Content folder. Migrated content will only work properly if placed in a Content folder. Would you like to place your content here anyway?
[2025.04.02-18.36.47:419][ 54]AssetTools: New page: Content migration completed successfully!
[2025.04.02-18.36.47:420][ 54]AssetTools: /Game/Mods/PYInsanityMod/CustomSystems/BP_PYINS_CustomInteractable
[2025.04.02-18.36.47:420][ 54]AssetTools: /Game/Interactables/BP_188_Elevator_Button
[2025.04.02-18.36.47:420][ 54]AssetTools: /Game/Geometry/Cube
[2025.04.02-18.37.28:304][597]LogUObjectHash: Compacting FUObjectHashTables data took   2.06ms
[2025.04.02-18.37.29:477][730]LogSlate: Window 'Asset Report' being destroyed
[2025.04.02-18.37.32:282][730]AssetTools: New page: Content migration completed successfully!
[2025.04.02-18.37.32:282][730]AssetTools: /Game/Mods/PYInsanityMod/CustomSystems/BP_PYINS_CustomInteractable
[2025.04.02-18.37.32:282][730]AssetTools: /Game/Interactables/BP_188_Elevator_Button
[2025.04.02-18.37.32:282][730]AssetTools: /Game/Geometry/Cube
[2025.04.02-18.43.55:285][519]BlueprintLog: New page: Compile BP_PYINS_CustomInteractable
[2025.04.02-18.43.55:327][519]LogUObjectHash: Compacting FUObjectHashTables data took   2.88ms
[2025.04.02-18.43.55:396][519]LogSavePackage: Moving '../../../../../../Users/Playeroth/Documents/EscapeTheBackrooms--Mods/MainMod/Saved/BP_PYINS_CustomInteractableE459F74945FCF9A756E4F69537E7E4D6.tmp' to '../../../../../../Users/Playeroth/Documents/EscapeTheBackrooms--Mods/MainMod/Content/Mods/PYInsanityMod/CustomSystems/BP_PYINS_CustomInteractable.uasset'
[2025.04.02-18.43.55:420][519]AssetCheck: New page: Asset Save: BP_PYINS_CustomInteractable
[2025.04.02-18.43.55:420][519]LogContentValidation: Display: Validating Blueprint /Game/Mods/PYInsanityMod/CustomSystems/BP_PYINS_CustomInteractable.BP_PYINS_CustomInteractable
[2025.04.02-18.43.55:705][545]LogSavePackage: Moving '../../../../../../Users/Playeroth/Documents/EscapeTheBackrooms--Mods/MainMod/Saved/BP_PYINS_CustomInteractableF632810C4562D5206C07D5B466AC6798.tmp' to '../../../../../../Users/Playeroth/Documents/EscapeTheBackrooms--Mods/MainMod/Content/Mods/PYInsanityMod/CustomSystems/BP_PYINS_CustomInteractable.uasset'
[2025.04.02-18.43.55:722][545]AssetCheck: New page: Asset Save: BP_PYINS_CustomInteractable
[2025.04.02-18.43.55:722][545]LogContentValidation: Display: Validating Blueprint /Game/Mods/PYInsanityMod/CustomSystems/BP_PYINS_CustomInteractable.BP_PYINS_CustomInteractable
[2025.04.02-18.44.05:920][736]BlueprintLog: New page: Compile BP_PYINS_CustomInteractable
[2025.04.02-18.44.05:963][736]LogUObjectHash: Compacting FUObjectHashTables data took   2.91ms
[2025.04.02-18.44.06:030][736]LogSavePackage: Moving '../../../../../../Users/Playeroth/Documents/EscapeTheBackrooms--Mods/MainMod/Saved/BP_PYINS_CustomInteractableD34F9EB14F0DBDCD4A9D6DBC89ECCF33.tmp' to '../../../../../../Users/Playeroth/Documents/EscapeTheBackrooms--Mods/MainMod/Content/Mods/PYInsanityMod/CustomSystems/BP_PYINS_CustomInteractable.uasset'
[2025.04.02-18.44.06:047][736]AssetCheck: New page: Asset Save: BP_PYINS_CustomInteractable
[2025.04.02-18.44.06:047][736]LogContentValidation: Display: Validating Blueprint /Game/Mods/PYInsanityMod/CustomSystems/BP_PYINS_CustomInteractable.BP_PYINS_CustomInteractable
[2025.04.02-18.44.06:281][752]LogSavePackage: Moving '../../../../../../Users/Playeroth/Documents/EscapeTheBackrooms--Mods/MainMod/Saved/BP_PYINS_CustomInteractable2E1E8644435F7322EEC675A561188495.tmp' to '../../../../../../Users/Playeroth/Documents/EscapeTheBackrooms--Mods/MainMod/Content/Mods/PYInsanityMod/CustomSystems/BP_PYINS_CustomInteractable.uasset'
[2025.04.02-18.44.06:300][752]AssetCheck: New page: Asset Save: BP_PYINS_CustomInteractable
[2025.04.02-18.44.06:300][752]LogContentValidation: Display: Validating Blueprint /Game/Mods/PYInsanityMod/CustomSystems/BP_PYINS_CustomInteractable.BP_PYINS_CustomInteractable
[2025.04.02-18.44.09:482][125]LogBlueprintAssist: Asset closed ModVersion
[2025.04.02-18.44.09:834][166]LogWorld: UWorld::CleanupWorld for World_0, bSessionEnded=true, bCleanupResources=true
[2025.04.02-18.44.09:834][166]LogSlate: InvalidateAllWidgets triggered.  All widgets were invalidated
[2025.04.02-18.44.09:890][166]LogBlueprintAssist: Asset closed BP_PYINS_CustomInteractable
[2025.04.02-18.44.10:265][208]LogUObjectHash: Compacting FUObjectHashTables data took   2.67ms
[2025.04.02-18.44.10:325][208]LogSlate: Window 'EscapeTheBackrooms - Unreal Editor' being destroyed
[2025.04.02-18.44.10:445][209]Cmd: QUIT_EDITOR
[2025.04.02-18.44.10:445][209]LogCore: Engine exit requested (reason: UUnrealEdEngine::CloseEditor())
[2025.04.02-18.44.10:448][209]LogCore: Engine exit requested (reason: EngineExit() was called; note: exit was already requested)
[2025.04.02-18.44.10:450][209]LogAudio: Display: Beginning Audio Device Manager Shutdown (Module: AudioMixerXAudio2)...
[2025.04.02-18.44.10:450][209]LogAudio: Display: Destroying 1 Remaining Audio Device(s)...
[2025.04.02-18.44.10:450][209]LogAudio: Display: Audio Device unregistered from world 'Untitled_1'.
[2025.04.02-18.44.10:450][209]LogAudioMixer: FMixerPlatformXAudio2::StopAudioStream() called
[2025.04.02-18.44.10:451][209]LogAudioMixer: FMixerPlatformXAudio2::StopAudioStream() called
[2025.04.02-18.44.10:455][209]LogAudio: Display: Audio Device Manager Shutdown
[2025.04.02-18.44.10:459][209]LogWindowsTextInputMethodSystem: Display: IME system deactivated.
[2025.04.02-18.44.10:463][209]LogExit: Preparing to exit.
[2025.04.02-18.44.10:464][209]LogAutoSizeComments: Saved cache to C:/Program Files/Epic Games/UE_4.27/Engine/Plugins/Marketplace/AutoSizeComments/ASCCache/BE81413D4B2A357553DD24A65DAB0684.json took   1.13ms
[2025.04.02-18.44.10:467][209]LogBlueprintAssist: Saved node cache to ../../../../../../Users/Playeroth/Documents/EscapeTheBackrooms--Mods/MainMod/Plugins/BlueprintAssist/NodeSizeCache/BE81413D4B2A357553DD24A65DAB0684.json
[2025.04.02-18.44.10:590][209]LogUObjectHash: Compacting FUObjectHashTables data took   2.56ms
[2025.04.02-18.44.10:789][209]LogWorld: UWorld::CleanupWorld for World_1, bSessionEnded=true, bCleanupResources=true
[2025.04.02-18.44.10:869][209]LogDemo: Cleaned up 0 splitscreen connections with owner deletion
[2025.04.02-18.44.10:875][209]LogWorld: UWorld::CleanupWorld for None, bSessionEnded=true, bCleanupResources=true
[2025.04.02-18.44.10:875][209]LogExit: Editor shut down
[2025.04.02-18.44.10:876][209]LogExit: Transaction tracking system shut down
[2025.04.02-18.44.11:189][209]LogExit: Object subsystem successfully closed.
[2025.04.02-18.44.11:208][209]LogShaderCompilers: Display: === FShaderJobCache stats ===
[2025.04.02-18.44.11:208][209]LogShaderCompilers: Display: Total job queries 0, among them cache hits 0 (0.00%)
[2025.04.02-18.44.11:208][209]LogShaderCompilers: Display: Tracking 0 distinct input hashes that result in 0 distinct outputs (0.00%)
[2025.04.02-18.44.11:208][209]LogShaderCompilers: Display: RAM used: 0.00 MB (0.00 GB) of 819.20 MB (0.80 GB) budget. Usage: 0.00%
[2025.04.02-18.44.11:208][209]LogShaderCompilers: Display: ================================================
[2025.04.02-18.44.11:220][209]LogShaderCompilers: Display: Shaders left to compile 0
[2025.04.02-18.44.11:247][209]LogModuleManager: Shutting down and abandoning module BlueprintGraph (892)
[2025.04.02-18.44.11:247][209]LogModuleManager: Shutting down and abandoning module HierarchicalLODOutliner (890)
[2025.04.02-18.44.11:247][209]LogModuleManager: Shutting down and abandoning module SceneOutliner (888)
[2025.04.02-18.44.11:247][209]LogModuleManager: Shutting down and abandoning module AddContentDialog (886)
[2025.04.02-18.44.11:247][209]LogModuleManager: Shutting down and abandoning module WidgetCarousel (885)
[2025.04.02-18.44.11:247][209]LogModuleManager: Shutting down and abandoning module EditorWidgets (882)
[2025.04.02-18.44.11:247][209]LogModuleManager: Shutting down and abandoning module StatsViewer (880)
[2025.04.02-18.44.11:247][209]LogModuleManager: Shutting down and abandoning module PIEPreviewDeviceProfileSelector (878)
[2025.04.02-18.44.11:247][209]LogModuleManager: Shutting down and abandoning module SequenceRecorderSections (876)
[2025.04.02-18.44.11:247][209]LogModuleManager: Shutting down and abandoning module AutomationWorker (874)
[2025.04.02-18.44.11:247][209]LogModuleManager: Shutting down and abandoning module NodeGraphAssistant (872)
[2025.04.02-18.44.11:247][209]LogModuleManager: Shutting down and abandoning module SteamVREditor (870)
[2025.04.02-18.44.11:247][209]LogModuleManager: Shutting down and abandoning module OculusMR (868)
[2025.04.02-18.44.11:247][209]LogModuleManager: Shutting down and abandoning module TakeRecorderSources (866)
[2025.04.02-18.44.11:247][209]LogModuleManager: Shutting down and abandoning module TakeRecorder (865)
[2025.04.02-18.44.11:247][209]LogModuleManager: Shutting down and abandoning module TakeTrackRecorders (862)
[2025.04.02-18.44.11:248][209]LogModuleManager: Shutting down and abandoning module TakesCore (860)
[2025.04.02-18.44.11:248][209]LogModuleManager: Shutting down and abandoning module OpenXRInput (858)
[2025.04.02-18.44.11:248][209]LogModuleManager: Shutting down and abandoning module GooglePADEditor (856)
[2025.04.02-18.44.11:248][209]LogModuleManager: Shutting down and abandoning module AudioCaptureEditor (854)
[2025.04.02-18.44.11:248][209]LogModuleManager: Shutting down and abandoning module WebMMediaFactory (852)
[2025.04.02-18.44.11:248][209]LogModuleManager: Shutting down and abandoning module WebMMediaEditor (850)
[2025.04.02-18.44.11:248][209]LogModuleManager: Shutting down and abandoning module WebMMedia (848)
[2025.04.02-18.44.11:248][209]LogModuleManager: Shutting down and abandoning module WmfMediaFactory (846)
[2025.04.02-18.44.11:248][209]LogModuleManager: Shutting down and abandoning module WmfMediaEditor (844)
[2025.04.02-18.44.11:248][209]LogModuleManager: Shutting down and abandoning module MediaPlayerEditor (842)
[2025.04.02-18.44.11:248][209]LogModuleManager: Shutting down and abandoning module MediaCompositingEditor (840)
[2025.04.02-18.44.11:248][209]LogModuleManager: Shutting down and abandoning module SequenceRecorder (839)
[2025.04.02-18.44.11:248][209]LogModuleManager: Shutting down and abandoning module OpenExrWrapper (836)
[2025.04.02-18.44.11:248][209]LogModuleManager: Shutting down and abandoning module ImgMediaFactory (834)
[2025.04.02-18.44.11:248][209]LogModuleManager: Shutting down and abandoning module ImgMediaEditor (832)
[2025.04.02-18.44.11:248][209]LogModuleManager: Shutting down and abandoning module AndroidMediaFactory (830)
[2025.04.02-18.44.11:248][209]LogModuleManager: Shutting down and abandoning module AndroidMediaEditor (828)
[2025.04.02-18.44.11:248][209]LogModuleManager: Shutting down and abandoning module AvfMediaFactory (826)
[2025.04.02-18.44.11:248][209]LogModuleManager: Shutting down and abandoning module AvfMediaEditor (824)
[2025.04.02-18.44.11:248][209]LogModuleManager: Shutting down and abandoning module TemplateSequenceEditor (822)
[2025.04.02-18.44.11:248][209]LogModuleManager: Shutting down and abandoning module MatineeToLevelSequence (820)
[2025.04.02-18.44.11:248][209]LogModuleManager: Shutting down and abandoning module LevelSequenceEditor (818)
[2025.04.02-18.44.11:248][209]LogModuleManager: Shutting down and abandoning module ActorSequenceEditor (816)
[2025.04.02-18.44.11:248][209]LogModuleManager: Shutting down and abandoning module PlanarCut (814)
[2025.04.02-18.44.11:248][209]LogModuleManager: Shutting down and abandoning module CharacterAI (812)
[2025.04.02-18.44.11:248][209]LogModuleManager: Shutting down and abandoning module MagicLeapMediaCodecFactory (810)
[2025.04.02-18.44.11:248][209]LogModuleManager: Shutting down and abandoning module MagicLeapMediaFactory (808)
[2025.04.02-18.44.11:248][209]LogModuleManager: Shutting down and abandoning module MagicLeapMediaEditor (806)
[2025.04.02-18.44.11:248][209]LogModuleManager: Shutting down and abandoning module CameraShakePreviewer (804)
[2025.04.02-18.44.11:248][209]LogModuleManager: Shutting down and abandoning module TextureAlignMode (802)
[2025.04.02-18.44.11:248][209]LogModuleManager: Shutting down and abandoning module BspMode (800)
[2025.04.02-18.44.11:248][209]LogModuleManager: Shutting down and abandoning module GeometryMode (798)
[2025.04.02-18.44.11:248][209]LogModuleManager: Shutting down and abandoning module SmartSnapping (796)
[2025.04.02-18.44.11:248][209]LogModuleManager: Shutting down and abandoning module SessionServices (794)
[2025.04.02-18.44.11:248][209]LogModuleManager: Shutting down and abandoning module MeshPaint (792)
[2025.04.02-18.44.11:248][209]LogModuleManager: Shutting down and abandoning module VirtualTexturingEditor (790)
[2025.04.02-18.44.11:248][209]LogModuleManager: Shutting down and abandoning module FoliageEdit (788)
[2025.04.02-18.44.11:248][209]LogModuleManager: Shutting down and abandoning module LandscapeEditor (786)
[2025.04.02-18.44.11:248][209]LogModuleManager: Shutting down and abandoning module MeshPaintMode (784)
[2025.04.02-18.44.11:249][209]LogModuleManager: Shutting down and abandoning module SceneDepthPickerMode (782)
[2025.04.02-18.44.11:249][209]LogModuleManager: Shutting down and abandoning module ActorPickerMode (780)
[2025.04.02-18.44.11:249][209]LogModuleManager: Shutting down and abandoning module PlacementMode (778)
[2025.04.02-18.44.11:249][209]LogModuleManager: Shutting down and abandoning module ViewportSnapping (776)
[2025.04.02-18.44.11:249][209]LogModuleManager: Shutting down and abandoning module ViewportInteraction (774)
[2025.04.02-18.44.11:249][209]LogModuleManager: Shutting down and abandoning module ClothPainter (772)
[2025.04.02-18.44.11:249][209]LogModuleManager: Shutting down and abandoning module SkeletalMeshEditor (771)
[2025.04.02-18.44.11:249][209]LogModuleManager: Shutting down and abandoning module LogVisualizer (768)
[2025.04.02-18.44.11:249][209]LogModuleManager: Shutting down and abandoning module IntroTutorials (766)
[2025.04.02-18.44.11:249][209]LogModuleManager: Shutting down and abandoning module GameProjectGeneration (765)
[2025.04.02-18.44.11:249][209]LogModuleManager: Shutting down and abandoning module LuminPlatformEditor (762)
[2025.04.02-18.44.11:249][209]LogModuleManager: Shutting down and abandoning module IOSPlatformEditor (760)
[2025.04.02-18.44.11:249][209]LogModuleManager: Shutting down and abandoning module AndroidPlatformEditor (758)
[2025.04.02-18.44.11:249][209]LogModuleManager: Shutting down and abandoning module AndroidDeviceDetection (757)
[2025.04.02-18.44.11:634][209]LogModuleManager: Shutting down and abandoning module WindowsPlatformEditor (754)
[2025.04.02-18.44.11:634][209]LogModuleManager: Shutting down and abandoning module LuminRuntimeSettings (752)
[2025.04.02-18.44.11:634][209]LogModuleManager: Shutting down and abandoning module IOSRuntimeSettings (750)
[2025.04.02-18.44.11:634][209]LogModuleManager: Shutting down and abandoning module AndroidRuntimeSettings (748)
[2025.04.02-18.44.11:634][209]LogModuleManager: Shutting down and abandoning module TraceInsights (746)
[2025.04.02-18.44.11:634][209]MemoryProfiler: Shutdown
[2025.04.02-18.44.11:634][209]NetworkingProfiler: Shutdown
[2025.04.02-18.44.11:634][209]LoadingProfiler: Shutdown
[2025.04.02-18.44.11:634][209]TimingProfiler: Shutdown
[2025.04.02-18.44.11:634][209]LogModuleManager: Shutting down and abandoning module TraceServices (745)
[2025.04.02-18.44.11:634][209]LogModuleManager: Shutting down and abandoning module EditorInteractiveToolsFramework (742)
[2025.04.02-18.44.11:634][209]LogModuleManager: Shutting down and abandoning module TimeManagementEditor (740)
[2025.04.02-18.44.11:634][209]LogModuleManager: Shutting down and abandoning module InputBindingEditor (738)
[2025.04.02-18.44.11:634][209]LogModuleManager: Shutting down and abandoning module MergeActors (736)
[2025.04.02-18.44.11:634][209]LogModuleManager: Shutting down and abandoning module LocalizationDashboard (734)
[2025.04.02-18.44.11:634][209]LogModuleManager: Shutting down and abandoning module LocalizationService (733)
[2025.04.02-18.44.11:634][209]LogModuleManager: Shutting down and abandoning module HardwareTargeting (730)
[2025.04.02-18.44.11:634][209]LogModuleManager: Shutting down and abandoning module DeviceProfileEditor (728)
[2025.04.02-18.44.11:634][209]LogModuleManager: Shutting down and abandoning module UndoHistory (726)
[2025.04.02-18.44.11:634][209]LogModuleManager: Shutting down and abandoning module XmlParser (724)
[2025.04.02-18.44.11:634][209]LogModuleManager: Shutting down and abandoning module Blutility (722)
[2025.04.02-18.44.11:634][209]LogModuleManager: Shutting down and abandoning module ProjectSettingsViewer (720)
[2025.04.02-18.44.11:634][209]LogModuleManager: Shutting down and abandoning module ProjectTargetPlatformEditor (719)
[2025.04.02-18.44.11:634][209]LogModuleManager: Shutting down and abandoning module EditorSettingsViewer (716)
[2025.04.02-18.44.11:634][209]LogModuleManager: Shutting down and abandoning module InternationalizationSettings (715)
[2025.04.02-18.44.11:634][209]LogModuleManager: Shutting down and abandoning module SettingsEditor (712)
[2025.04.02-18.44.11:634][209]LogModuleManager: Shutting down and abandoning module ProjectLauncher (710)
[2025.04.02-18.44.11:634][209]LogModuleManager: Shutting down and abandoning module SessionFrontend (708)
[2025.04.02-18.44.11:634][209]LogModuleManager: Shutting down and abandoning module ProfilerClient (706)
[2025.04.02-18.44.11:634][209]LogModuleManager: Shutting down and abandoning module DeviceManager (704)
[2025.04.02-18.44.11:634][209]LogModuleManager: Shutting down and abandoning module TargetDeviceServices (703)
[2025.04.02-18.44.11:666][209]LogModuleManager: Shutting down and abandoning module AutomationController (700)
[2025.04.02-18.44.11:666][209]LogModuleManager: Shutting down and abandoning module AutomationWindow (698)
[2025.04.02-18.44.11:666][209]LogModuleManager: Shutting down and abandoning module Layers (696)
[2025.04.02-18.44.11:666][209]LogModuleManager: Shutting down and abandoning module ComponentVisualizers (694)
[2025.04.02-18.44.11:666][209]LogModuleManager: Shutting down and abandoning module DetailCustomizations (692)
[2025.04.02-18.44.11:666][209]LogModuleManager: Shutting down and abandoning module PackagesDialog (690)
[2025.04.02-18.44.11:666][209]LogModuleManager: Shutting down and abandoning module AnimationBlueprintEditor (688)
[2025.04.02-18.44.11:666][209]LogModuleManager: Shutting down and abandoning module Persona (686)
[2025.04.02-18.44.11:666][209]LogModuleManager: Shutting down and abandoning module AdvancedPreviewScene (685)
[2025.04.02-18.44.11:666][209]LogModuleManager: Shutting down and abandoning module AnimGraph (683)
[2025.04.02-18.44.11:666][209]LogModuleManager: Shutting down and abandoning module Kismet (680)
[2025.04.02-18.44.11:673][209]LogModuleManager: Shutting down and abandoning module KismetWidgets (679)
[2025.04.02-18.44.11:673][209]LogModuleManager: Shutting down and abandoning module GraphEditor (676)
[2025.04.02-18.44.11:673][209]LogModuleManager: Shutting down and abandoning module StructViewer (674)
[2025.04.02-18.44.11:673][209]LogModuleManager: Shutting down and abandoning module ClassViewer (672)
[2025.04.02-18.44.11:674][209]LogModuleManager: Shutting down and abandoning module Toolbox (670)
[2025.04.02-18.44.11:674][209]LogModuleManager: Shutting down and abandoning module ModuleUI (668)
[2025.04.02-18.44.11:674][209]LogModuleManager: Shutting down and abandoning module OutputLog (666)
[2025.04.02-18.44.11:675][209]LogModuleManager: Shutting down and abandoning module GammaUI (664)
[2025.04.02-18.44.11:675][209]LogModuleManager: Shutting down and abandoning module Documentation (662)
[2025.04.02-18.44.11:675][209]LogModuleManager: Shutting down and abandoning module LiveCoding (660)
[2025.04.02-18.44.11:675][209]LogModuleManager: Shutting down and abandoning module LevelSequence (658)
[2025.04.02-18.44.11:675][209]LogModuleManager: Shutting down and abandoning module MovieSceneTracks (656)
[2025.04.02-18.44.11:675][209]LogModuleManager: Shutting down and abandoning module MovieScene (654)
[2025.04.02-18.44.11:675][209]LogModuleManager: Shutting down and abandoning module StreamingPauseRendering (652)
[2025.04.02-18.44.11:675][209]LogModuleManager: Shutting down and abandoning module LauncherPlatform (650)
[2025.04.02-18.44.11:675][209]LogModuleManager: Shutting down and abandoning module AnalyticsET (648)
[2025.04.02-18.44.11:675][209]LogModuleManager: Shutting down and abandoning module PortalServices (646)
[2025.04.02-18.44.11:675][209]LogModuleManager: Shutting down and abandoning module PortalRpc (644)
[2025.04.02-18.44.11:675][209]LogModuleManager: Shutting down and abandoning module MessagingRpc (642)
[2025.04.02-18.44.11:675][209]LogModuleManager: Shutting down and abandoning module AudioMixerXAudio2 (640)
[2025.04.02-18.44.11:675][209]LogModuleManager: Shutting down and abandoning module AudioMixerCore (639)
[2025.04.02-18.44.11:675][209]LogModuleManager: Shutting down and abandoning module AIModule (636)
[2025.04.02-18.44.11:675][209]LogModuleManager: Shutting down and abandoning module GameplayDebugger (635)
[2025.04.02-18.44.11:675][209]LogModuleManager: Shutting down and abandoning module AITestSuite (633)
[2025.04.02-18.44.11:675][209]LogModuleManager: Shutting down and abandoning module NavigationSystem (631)
[2025.04.02-18.44.11:675][209]LogModuleManager: Shutting down and abandoning module ImageWriteQueue (628)
[2025.04.02-18.44.11:679][209]LogModuleManager: Shutting down and abandoning module ProfilerService (626)
[2025.04.02-18.44.11:927][209]LogModuleManager: Shutting down and abandoning module TaskGraph (624)
[2025.04.02-18.44.11:928][209]LogModuleManager: Shutting down and abandoning module AudioSynesthesiaEditor (622)
[2025.04.02-18.44.11:928][209]LogModuleManager: Shutting down and abandoning module BlueprintAssist (620)
[2025.04.02-18.44.11:928][209]LogBlueprintAssist: Remove BlueprintAssist Root Object
[2025.04.02-18.44.11:928][209]LogBlueprintAssist: Unregistered BlueprintAssist Commands
[2025.04.02-18.44.11:928][209]LogBlueprintAssist: Shutdown BlueprintAssist Module
[2025.04.02-18.44.11:928][209]LogModuleManager: Shutting down and abandoning module OculusEditor (618)
[2025.04.02-18.44.11:928][209]LogModuleManager: Shutting down and abandoning module OculusInput (616)
[2025.04.02-18.44.11:928][209]LogModuleManager: Shutting down and abandoning module ContentBrowserFileDataSource (614)
[2025.04.02-18.44.11:928][209]LogModuleManager: Shutting down and abandoning module ContentBrowserClassDataSource (612)
[2025.04.02-18.44.11:928][209]LogModuleManager: Shutting down and abandoning module ContentBrowserAssetDataSource (610)
[2025.04.02-18.44.11:928][209]LogModuleManager: Shutting down and abandoning module CollectionManager (609)
[2025.04.02-18.44.11:929][209]LogModuleManager: Shutting down and abandoning module LightPropagationVolumeEditor (606)
[2025.04.02-18.44.11:929][209]LogModuleManager: Shutting down and abandoning module ScreenshotTools (604)
[2025.04.02-18.44.11:929][209]LogModuleManager: Shutting down and abandoning module SynthesisEditor (600)
[2025.04.02-18.44.11:929][209]LogModuleManager: Shutting down and abandoning module Synthesis (598)
[2025.04.02-18.44.11:929][209]LogModuleManager: Shutting down and abandoning module TakeSequencer (596)
[2025.04.02-18.44.11:929][209]LogModuleManager: Shutting down and abandoning module TakeMovieScene (594)
[2025.04.02-18.44.11:929][209]LogModuleManager: Shutting down and abandoning module ProceduralMeshComponentEditor (592)
[2025.04.02-18.44.11:929][209]LogModuleManager: Shutting down and abandoning module ProceduralMeshComponent (590)
[2025.04.02-18.44.11:929][209]LogModuleManager: Shutting down and abandoning module OpenXREditor (588)
[2025.04.02-18.44.11:929][209]LogModuleManager: Shutting down and abandoning module MobilePatchingUtils (586)
[2025.04.02-18.44.11:929][209]LogModuleManager: Shutting down and abandoning module GooglePAD (584)
[2025.04.02-18.44.11:929][209]LogModuleManager: Shutting down and abandoning module EditableMesh (582)
[2025.04.02-18.44.11:929][209]LogModuleManager: Shutting down and abandoning module CustomMeshComponent (580)
[2025.04.02-18.44.11:929][209]LogModuleManager: Shutting down and abandoning module CableComponent (578)
[2025.04.02-18.44.11:929][209]LogModuleManager: Shutting down and abandoning module AudioCapture (576)
[2025.04.02-18.44.11:929][209]LogModuleManager: Shutting down and abandoning module AudioCaptureRtAudio (575)
[2025.04.02-18.44.11:929][209]LogModuleManager: Shutting down and abandoning module AssetTags (572)
[2025.04.02-18.44.11:929][209]LogModuleManager: Shutting down and abandoning module ArchVisCharacter (570)
[2025.04.02-18.44.11:929][209]LogModuleManager: Shutting down and abandoning module AppleImageUtilsBlueprintSupport (568)
[2025.04.02-18.44.11:929][209]LogModuleManager: Shutting down and abandoning module AppleImageUtils (566)
[2025.04.02-18.44.11:929][209]LogModuleManager: Shutting down and abandoning module AndroidPermission (564)
[2025.04.02-18.44.11:929][209]LogModuleManager: Shutting down and abandoning module ActorLayerUtilitiesEditor (562)
[2025.04.02-18.44.11:929][209]LogModuleManager: Shutting down and abandoning module ActorLayerUtilities (560)
[2025.04.02-18.44.11:929][209]LogModuleManager: Shutting down and abandoning module MediaCompositing (558)
[2025.04.02-18.44.11:929][209]LogModuleManager: Shutting down and abandoning module ImgMedia (556)
[2025.04.02-18.44.11:929][209]LogModuleManager: Shutting down and abandoning module NiagaraEditorWidgets (554)
[2025.04.02-18.44.11:929][209]LogModuleManager: Shutting down and abandoning module AutoSizeComments (552)
[2025.04.02-18.44.11:929][209]LogAutoSizeComments: Shutdown AutoSizeComments
[2025.04.02-18.44.11:929][209]LogModuleManager: Shutting down and abandoning module TemplateSequence (550)
[2025.04.02-18.44.11:929][209]LogModuleManager: Shutting down and abandoning module OpenImageDenoise (548)
[2025.04.02-18.44.11:929][209]LogOpenImageDenoise: OIDN shutting down
[2025.04.02-18.44.11:929][209]LogModuleManager: Shutting down and abandoning module MotoSynthEditor (546)
[2025.04.02-18.44.11:929][209]LogModuleManager: Shutting down and abandoning module MotoSynth (544)
[2025.04.02-18.44.11:929][209]LogModuleManager: Shutting down and abandoning module GeometryCacheTracks (542)
[2025.04.02-18.44.11:929][209]LogModuleManager: Shutting down and abandoning module GeometryCacheStreamer (540)
[2025.04.02-18.44.11:929][209]LogModuleManager: Shutting down and abandoning module GeometryCacheSequencer (538)
[2025.04.02-18.44.11:929][209]LogModuleManager: Shutting down and abandoning module MeshConversion (536)
[2025.04.02-18.44.11:929][209]LogModuleManager: Shutting down and abandoning module DynamicMesh (534)
[2025.04.02-18.44.11:929][209]LogModuleManager: Shutting down and abandoning module GeometryAlgorithms (532)
[2025.04.02-18.44.11:929][209]LogModuleManager: Shutting down and abandoning module GeometricObjects (530)
[2025.04.02-18.44.11:929][209]LogModuleManager: Shutting down and abandoning module GeometryCollectionTracks (528)
[2025.04.02-18.44.11:929][209]LogModuleManager: Shutting down and abandoning module GeometryCollectionSequencer (527)
[2025.04.02-18.44.11:929][209]LogModuleManager: Shutting down and abandoning module GeometryCollectionEditor (524)
[2025.04.02-18.44.11:929][209]LogModuleManager: Shutting down and abandoning module ChaosSolverEditor (522)
[2025.04.02-18.44.11:929][209]LogModuleManager: Shutting down and abandoning module ChaosNiagara (520)
[2025.04.02-18.44.11:929][209]LogModuleManager: Shutting down and abandoning module FractureEditor (518)
[2025.04.02-18.44.11:929][209]LogModuleManager: Shutting down and abandoning module FieldSystemEngine (517)
[2025.04.02-18.44.11:929][209]LogModuleManager: Shutting down and abandoning module ChaosClothEditor (514)
[2025.04.02-18.44.11:929][209]LogModuleManager: Shutting down and abandoning module AutomationUtilsEditor (512)
[2025.04.02-18.44.11:929][209]LogModuleManager: Shutting down and abandoning module AutomationUtils (510)
[2025.04.02-18.44.11:929][209]LogModuleManager: Shutting down and abandoning module AlembicImporter (508)
[2025.04.02-18.44.11:929][209]LogModuleManager: Shutting down and abandoning module AlembicLibrary (507)
[2025.04.02-18.44.11:929][209]LogModuleManager: Shutting down and abandoning module GeometryCache (506)
[2025.04.02-18.44.11:929][209]LogModuleManager: Shutting down and abandoning module GeometryCacheEd (505)
[2025.04.02-18.44.11:930][209]LogModuleManager: Shutting down and abandoning module BackChannel (500)
[2025.04.02-18.44.11:930][209]LogModuleManager: Shutting down and abandoning module MagicLeapSharedWorld (498)
[2025.04.02-18.44.11:930][209]LogModuleManager: Shutting down and abandoning module MagicLeapLightEstimation (496)
[2025.04.02-18.44.11:930][209]LogModuleManager: Shutting down and abandoning module MagicLeapHelperVulkan (494)
[2025.04.02-18.44.11:930][209]LogModuleManager: Shutting down and abandoning module MagicLeapHelperOpenGL (492)
[2025.04.02-18.44.11:930][209]LogModuleManager: Shutting down and abandoning module MagicLeapAudio (490)
[2025.04.02-18.44.11:930][209]LogModuleManager: Shutting down and abandoning module VariantManagerContentEditor (488)
[2025.04.02-18.44.11:930][209]LogModuleManager: Shutting down and abandoning module DatasmithContentEditor (486)
[2025.04.02-18.44.11:930][209]LogModuleManager: Shutting down and abandoning module VisualStudioSourceCodeAccess (484)
[2025.04.02-18.44.11:930][209]LogModuleManager: Shutting down and abandoning module VisualStudioCodeSourceCodeAccess (482)
[2025.04.02-18.44.11:930][209]LogModuleManager: Shutting down and abandoning module PluginBrowser (480)
[2025.04.02-18.44.11:930][209]LogModuleManager: Shutting down and abandoning module SpeedTreeImporter (478)
[2025.04.02-18.44.11:930][209]LogModuleManager: Shutting down and abandoning module MobileLauncherProfileWizard (476)
[2025.04.02-18.44.11:930][209]LogModuleManager: Shutting down and abandoning module MaterialAnalyzer (474)
[2025.04.02-18.44.11:930][209]LogModuleManager: Shutting down and abandoning module CurveEditorTools (472)
[2025.04.02-18.44.11:930][209]LogModuleManager: Shutting down and abandoning module RiderSourceCodeAccess (470)
[2025.04.02-18.44.11:930][209]LogModuleManager: Shutting down and abandoning module UObjectPlugin (468)
[2025.04.02-18.44.11:930][209]LogModuleManager: Shutting down and abandoning module SubversionSourceControl (466)
[2025.04.02-18.44.11:930][209]LogModuleManager: Shutting down and abandoning module CryptoKeysOpenSSL (464)
[2025.04.02-18.44.11:930][209]LogModuleManager: Shutting down and abandoning module CryptoKeys (462)
[2025.04.02-18.44.11:930][209]LogModuleManager: Shutting down and abandoning module PerforceSourceControl (460)
[2025.04.02-18.44.11:930][209]LogModuleManager: Shutting down and abandoning module PluginUtils (458)
[2025.04.02-18.44.11:930][209]LogModuleManager: Shutting down and abandoning module PlasticSourceControl (456)
[2025.04.02-18.44.11:930][209]LogModuleManager: Shutting down and abandoning module GitSourceControl (454)
[2025.04.02-18.44.11:930][209]LogModuleManager: Shutting down and abandoning module SourceControl (453)
[2025.04.02-18.44.11:930][209]LogModuleManager: Shutting down and abandoning module PaperTiledImporter (450)
[2025.04.02-18.44.11:930][209]LogModuleManager: Shutting down and abandoning module PaperSpriteSheetImporter (448)
[2025.04.02-18.44.11:930][209]LogModuleManager: Shutting down and abandoning module Paper2DEditor (446)
[2025.04.02-18.44.11:930][209]LogModuleManager: Shutting down and abandoning module CLionSourceCodeAccess (444)
[2025.04.02-18.44.11:930][209]LogModuleManager: Shutting down and abandoning module LiveLinkSequencer (442)
[2025.04.02-18.44.11:930][209]LogModuleManager: Shutting down and abandoning module LiveLinkMovieScene (440)
[2025.04.02-18.44.11:930][209]LogModuleManager: Shutting down and abandoning module LiveLinkGraphNode (438)
[2025.04.02-18.44.11:930][209]LogModuleManager: Shutting down and abandoning module LiveLinkEditor (436)
[2025.04.02-18.44.11:930][209]LogModuleManager: Shutting down and abandoning module LiveLinkComponents (434)
[2025.04.02-18.44.11:930][209]LogModuleManager: Shutting down and abandoning module LiveLink (432)
[2025.04.02-18.44.12:864][209]LogModuleManager: Shutting down and abandoning module OodleNetworkHandlerComponent (430)
[2025.04.02-18.44.12:864][209]LogModuleManager: Shutting down and abandoning module AnimationSharingEd (428)
[2025.04.02-18.44.12:864][209]LogModuleManager: Shutting down and abandoning module MeshPaintingToolset (426)
[2025.04.02-18.44.12:864][209]LogModuleManager: Shutting down and abandoning module MeshPaintEditorMode (424)
[2025.04.02-18.44.12:864][209]LogModuleManager: Shutting down and abandoning module BlueprintFileUtils (422)
[2025.04.02-18.44.12:864][209]LogModuleManager: Shutting down and abandoning module EscapeTheBackrooms (420)
[2025.04.02-18.44.12:864][209]LogModuleManager: Shutting down and abandoning module SmoothSyncPlugin (418)
[2025.04.02-18.44.12:864][209]LogModuleManager: Shutting down and abandoning module AdvancedSteamSessions (416)
[2025.04.02-18.44.12:864][209]LogModuleManager: Shutting down and abandoning module AdvancedSessions (414)
[2025.04.02-18.44.12:864][209]LogModuleManager: Shutting down and abandoning module SteamShared (412)
[2025.04.02-18.44.12:864][209]LogSteamShared: Freeing the Steam Loaded Modules...
[2025.04.02-18.44.12:867][209]LogModuleManager: Shutting down and abandoning module LightPropagationVolumeRuntime (410)
[2025.04.02-18.44.12:867][209]LogModuleManager: Shutting down and abandoning module SoundFields (408)
[2025.04.02-18.44.12:867][209]LogModuleManager: Shutting down and abandoning module SignificanceManager (406)
[2025.04.02-18.44.12:867][209]LogModuleManager: Shutting down and abandoning module RuntimePhysXCooking (404)
[2025.04.02-18.44.12:867][209]LogModuleManager: Shutting down and abandoning module PropertyAccessEditor (402)
[2025.04.02-18.44.12:867][209]LogModuleManager: Shutting down and abandoning module PhysXVehiclesEditor (400)
[2025.04.02-18.44.12:867][209]LogModuleManager: Shutting down and abandoning module LocationServicesBPLibrary (396)
[2025.04.02-18.44.12:867][209]LogModuleManager: Shutting down and abandoning module AudioSynesthesia (394)
[2025.04.02-18.44.12:867][209]LogModuleManager: Shutting down and abandoning module AudioSynesthesiaCore (392)
[2025.04.02-18.44.12:867][209]LogModuleManager: Shutting down and abandoning module ImgMediaEngine (390)
[2025.04.02-18.44.12:867][209]LogModuleManager: Shutting down and abandoning module NiagaraAnimNotifies (388)
[2025.04.02-18.44.12:867][209]LogModuleManager: Shutting down and abandoning module Niagara (386)
[2025.04.02-18.44.12:867][209]LogModuleManager: Shutting down and abandoning module SignalProcessing (385)
[2025.04.02-18.44.12:867][209]LogModuleManager: Shutting down and abandoning module NiagaraEditor (383)
[2025.04.02-18.44.12:867][209]LogModuleManager: Shutting down and abandoning module NiagaraCore (380)
[2025.04.02-18.44.12:867][209]LogModuleManager: Shutting down and abandoning module UdpMessaging (378)
[2025.04.02-18.44.12:969][209]LogModuleManager: Shutting down and abandoning module ActorSequence (376)
[2025.04.02-18.44.12:969][209]LogModuleManager: Shutting down and abandoning module TcpMessaging (374)
[2025.04.02-18.44.13:069][209]LogModuleManager: Shutting down and abandoning module PythonScriptPlugin (372)
[2025.04.02-18.44.13:069][209]LogModuleManager: Shutting down and abandoning module EnvironmentQueryEditor (370)
[2025.04.02-18.44.13:069][209]LogModuleManager: Shutting down and abandoning module MagicLeapARPin (368)
[2025.04.02-18.44.13:069][209]LogModuleManager: Shutting down and abandoning module GameplayCameras (366)
[2025.04.02-18.44.13:069][209]LogModuleManager: Shutting down and abandoning module MagicLeapHandMeshing (364)
[2025.04.02-18.44.13:069][209]LogModuleManager: Shutting down and abandoning module MagicLeapSecureStorage (362)
[2025.04.02-18.44.13:069][209]LogModuleManager: Shutting down and abandoning module MagicLeapPrivileges (360)
[2025.04.02-18.44.13:069][209]LogModuleManager: Shutting down and abandoning module MagicLeapPlanes (358)
[2025.04.02-18.44.13:069][209]LogMagicLeapPlanes: Planes tracker already destroyed.
[2025.04.02-18.44.13:069][209]LogModuleManager: Shutting down and abandoning module MagicLeapImageTracker (356)
[2025.04.02-18.44.13:069][209]LogModuleManager: Shutting down and abandoning module MagicLeapIdentity (354)
[2025.04.02-18.44.13:069][209]LogModuleManager: Shutting down and abandoning module MagicLeapHandTracking (352)
[2025.04.02-18.44.13:069][209]LogModuleManager: Shutting down and abandoning module MagicLeapEyeTracker (350)
[2025.04.02-18.44.13:069][209]LogModuleManager: Shutting down and abandoning module MagicLeapController (348)
[2025.04.02-18.44.13:069][209]LogModuleManager: Shutting down and abandoning module MagicLeapARPinImpl (346)
[2025.04.02-18.44.13:069][209]LogModuleManager: Shutting down and abandoning module MagicLeapAR (344)
[2025.04.02-18.44.13:069][209]LogModuleManager: Shutting down and abandoning module GameplayTagsEditor (342)
[2025.04.02-18.44.13:069][209]LogModuleManager: Shutting down and abandoning module FacialAnimationEditor (340)
[2025.04.02-18.44.13:069][209]LogModuleManager: Shutting down and abandoning module FacialAnimation (338)
[2025.04.02-18.44.13:069][209]LogModuleManager: Shutting down and abandoning module DataValidation (336)
[2025.04.02-18.44.13:069][209]LogModuleManager: Shutting down and abandoning module PropertyAccessNode (334)
[2025.04.02-18.44.13:069][209]LogModuleManager: Shutting down and abandoning module Paper2D (332)
[2025.04.02-18.44.13:069][209]LogModuleManager: Shutting down and abandoning module AssetManagerEditor (330)
[2025.04.02-18.44.13:069][209]LogModuleManager: Shutting down and abandoning module LevelEditor (329)
[2025.04.02-18.44.13:070][209]LogModuleManager: Shutting down and abandoning module PixelInspectorModule (328)
[2025.04.02-18.44.13:070][209]LogModuleManager: Shutting down and abandoning module CommonMenuExtensions (326)
[2025.04.02-18.44.13:070][209]LogModuleManager: Shutting down and abandoning module MainFrame (324)
[2025.04.02-18.44.13:070][209]LogModuleManager: Shutting down and abandoning module HotReload (323)
[2025.04.02-18.44.13:071][209]LogModuleManager: Shutting down and abandoning module ToolMenus (319)
[2025.04.02-18.44.13:071][209]LogModuleManager: Shutting down and abandoning module ContentBrowser (317)
[2025.04.02-18.44.13:071][209]LogModuleManager: Shutting down and abandoning module ContentBrowserData (316)
[2025.04.02-18.44.13:071][209]LogModuleManager: Shutting down and abandoning module TreeMap (313)
[2025.04.02-18.44.13:071][209]LogModuleManager: Shutting down and abandoning module AnimationSharing (310)
[2025.04.02-18.44.13:071][209]LogModuleManager: Shutting down and abandoning module WindowsMoviePlayer (308)
[2025.04.02-18.44.13:072][209]LogModuleManager: Shutting down and abandoning module WebMMoviePlayer (306)
[2025.04.02-18.44.13:072][209]LogModuleManager: Shutting down and abandoning module NetworkReplayStreaming (304)
[2025.04.02-18.44.13:072][209]LogModuleManager: Shutting down and abandoning module PacketHandler (302)
[2025.04.02-18.44.13:072][209]LogModuleManager: Shutting down and abandoning module ClothingSystemEditor (300)
[2025.04.02-18.44.13:072][209]LogModuleManager: Shutting down and abandoning module ClothingSystemRuntimeNv (298)
[2025.04.02-18.44.13:073][209]LogModuleManager: Shutting down and abandoning module MediaAssets (296)
[2025.04.02-18.44.13:073][209]LogModuleManager: Shutting down and abandoning module Overlay (294)
[2025.04.02-18.44.13:073][209]LogModuleManager: Shutting down and abandoning module OverlayEditor (293)
[2025.04.02-18.44.13:073][209]LogModuleManager: Shutting down and abandoning module VREditor (290)
[2025.04.02-18.44.13:073][209]LogModuleManager: Shutting down and abandoning module StringTableEditor (288)
[2025.04.02-18.44.13:073][209]LogModuleManager: Shutting down and abandoning module GameplayTasksEditor (286)
[2025.04.02-18.44.13:073][209]LogModuleManager: Shutting down and abandoning module BehaviorTreeEditor (284)
[2025.04.02-18.44.13:073][209]LogModuleManager: Shutting down and abandoning module FunctionalTesting (282)
[2025.04.02-18.44.13:073][209]LogModuleManager: Shutting down and abandoning module CollisionAnalyzer (280)
[2025.04.02-18.44.13:073][209]LogModuleManager: Shutting down and abandoning module WorkspaceMenuStructure (279)
[2025.04.02-18.44.13:073][209]LogModuleManager: Shutting down and abandoning module UMG (276)
[2025.04.02-18.44.13:073][209]LogModuleManager: Shutting down and abandoning module UMGEditor (275)
[2025.04.02-18.44.13:073][209]LogModuleManager: Shutting down and abandoning module MessageLog (273)
[2025.04.02-18.44.13:073][209]LogModuleManager: Shutting down and abandoning module SlateReflector (268)
[2025.04.02-18.44.13:073][209]LogModuleManager: Shutting down and abandoning module Slate (266)
[2025.04.02-18.44.13:073][209]LogModuleManager: Shutting down and abandoning module SlateCore (264)
[2025.04.02-18.44.13:074][209]LogModuleManager: Shutting down and abandoning module LandscapeEditorUtilities (262)
[2025.04.02-18.44.13:074][209]LogModuleManager: Shutting down and abandoning module UnrealEd (260)
[2025.04.02-18.44.13:074][209]LogModuleManager: Shutting down and abandoning module MRMesh (258)
[2025.04.02-18.44.13:074][209]LogModuleManager: Shutting down and abandoning module SourceCodeAccess (256)
[2025.04.02-18.44.13:074][209]LogModuleManager: Shutting down and abandoning module HeadMountedDisplay (254)
[2025.04.02-18.44.13:074][209]LogModuleManager: Shutting down and abandoning module XAudio2 (252)
[2025.04.02-18.44.13:074][209]LogModuleManager: Shutting down and abandoning module Networking (250)
[2025.04.02-18.44.13:074][209]LogModuleManager: Shutting down and abandoning module Core (248)
[2025.04.02-18.44.13:074][209]LogModuleManager: Shutting down and abandoning module MaterialEditor (246)
[2025.04.02-18.44.13:074][209]LogModuleManager: Shutting down and abandoning module MovieSceneTools (244)
[2025.04.02-18.44.13:074][209]LogModuleManager: Shutting down and abandoning module CurveEditor (243)
[2025.04.02-18.44.13:074][209]LogModuleManager: Shutting down and abandoning module Sequencer (241)
[2025.04.02-18.44.13:074][209]LogModuleManager: Shutting down and abandoning module EditorStyle (240)
[2025.04.02-18.44.13:075][209]LogModuleManager: Shutting down and abandoning module KismetCompiler (236)
[2025.04.02-18.44.13:075][209]LogModuleManager: Shutting down and abandoning module MeshBuilder (234)
[2025.04.02-18.44.13:075][209]LogModuleManager: Shutting down and abandoning module MeshUtilities (232)
[2025.04.02-18.44.13:075][209]LogModuleManager: Shutting down and abandoning module MeshMergeUtilities (231)
[2025.04.02-18.44.13:075][209]LogModuleManager: Shutting down and abandoning module MeshReductionInterface (230)
[2025.04.02-18.44.13:075][209]LogModuleManager: Shutting down and abandoning module MeshBoneReduction (229)
[2025.04.02-18.44.13:075][209]LogModuleManager: Shutting down and abandoning module SkeletalMeshReduction (227)
[2025.04.02-18.44.13:075][209]LogModuleManager: Shutting down and abandoning module ProxyLODMeshReduction (225)
[2025.04.02-18.44.13:075][209]LogModuleManager: Shutting down and abandoning module QuadricMeshReduction (223)
[2025.04.02-18.44.13:075][209]LogModuleManager: Shutting down and abandoning module MaterialBaking (219)
[2025.04.02-18.44.13:075][209]LogModuleManager: Shutting down and abandoning module NullInstallBundleManager (214)
[2025.04.02-18.44.13:075][209]LogModuleManager: Shutting down and abandoning module DerivedDataCache (212)
[2025.04.02-18.44.13:075][209]LogModuleManager: Shutting down and abandoning module TargetPlatform (210)
[2025.04.02-18.44.13:075][209]LogModuleManager: Shutting down and abandoning module VulkanShaderFormat (209)
[2025.04.02-18.44.13:075][209]LogModuleManager: Shutting down and abandoning module ShaderFormatVectorVM (207)
[2025.04.02-18.44.13:075][209]LogModuleManager: Shutting down and abandoning module ShaderFormatOpenGL (205)
[2025.04.02-18.44.13:076][209]LogModuleManager: Shutting down and abandoning module ShaderFormatD3D (203)
[2025.04.02-18.44.13:076][209]LogModuleManager: Shutting down and abandoning module MetalShaderFormat (201)
[2025.04.02-18.44.13:076][209]LogModuleManager: Shutting down and abandoning module TextureFormatOodle (199)
[2025.04.02-18.44.13:076][209]LogModuleManager: Shutting down and abandoning module TextureFormatUncompressed (197)
[2025.04.02-18.44.13:076][209]LogModuleManager: Shutting down and abandoning module TextureFormatPVR (195)
[2025.04.02-18.44.13:076][209]LogModuleManager: Shutting down and abandoning module TextureFormatETC2 (193)
[2025.04.02-18.44.13:076][209]LogModuleManager: Shutting down and abandoning module TextureFormatDXT (191)
[2025.04.02-18.44.13:076][209]LogModuleManager: Shutting down and abandoning module TextureFormatIntelISPCTexComp (189)
[2025.04.02-18.44.13:076][209]LogModuleManager: Shutting down and abandoning module TextureFormatASTC (187)
[2025.04.02-18.44.13:076][209]LogModuleManager: Shutting down and abandoning module ImageWrapper (186)
[2025.04.02-18.44.13:076][209]LogModuleManager: Shutting down and abandoning module AudioFormatOpus (183)
[2025.04.02-18.44.13:076][209]LogModuleManager: Shutting down and abandoning module AudioFormatOgg (181)
[2025.04.02-18.44.13:076][209]LogModuleManager: Shutting down and abandoning module AudioFormatADPCM (179)
[2025.04.02-18.44.13:076][209]LogModuleManager: Shutting down and abandoning module WindowsServerTargetPlatform (177)
[2025.04.02-18.44.13:076][209]LogModuleManager: Shutting down and abandoning module WindowsClientTargetPlatform (175)
[2025.04.02-18.44.13:076][209]LogModuleManager: Shutting down and abandoning module WindowsTargetPlatform (173)
[2025.04.02-18.44.13:076][209]LogModuleManager: Shutting down and abandoning module WindowsNoEditorTargetPlatform (171)
[2025.04.02-18.44.13:076][209]LogModuleManager: Shutting down and abandoning module TVOSTargetPlatform (169)
[2025.04.02-18.44.13:077][209]LogModuleManager: Shutting down and abandoning module MacServerTargetPlatform (167)
[2025.04.02-18.44.13:077][209]LogModuleManager: Shutting down and abandoning module MacClientTargetPlatform (165)
[2025.04.02-18.44.13:077][209]LogModuleManager: Shutting down and abandoning module MacTargetPlatform (163)
[2025.04.02-18.44.13:077][209]LogModuleManager: Shutting down and abandoning module MacNoEditorTargetPlatform (161)
[2025.04.02-18.44.13:077][209]LogModuleManager: Shutting down and abandoning module LuminTargetPlatform (159)
[2025.04.02-18.44.13:078][209]LogModuleManager: Shutting down and abandoning module LinuxAArch64ServerTargetPlatform (157)
[2025.04.02-18.44.13:078][209]LogModuleManager: Shutting down and abandoning module LinuxAArch64ClientTargetPlatform (155)
[2025.04.02-18.44.13:078][209]LogModuleManager: Shutting down and abandoning module LinuxAArch64NoEditorTargetPlatform (153)
[2025.04.02-18.44.13:078][209]LogModuleManager: Shutting down and abandoning module LinuxServerTargetPlatform (151)
[2025.04.02-18.44.13:078][209]LogModuleManager: Shutting down and abandoning module LinuxClientTargetPlatform (149)
[2025.04.02-18.44.13:078][209]LogModuleManager: Shutting down and abandoning module LinuxNoEditorTargetPlatform (147)
[2025.04.02-18.44.13:078][209]LogModuleManager: Shutting down and abandoning module LinuxTargetPlatform (145)
[2025.04.02-18.44.13:078][209]LogModuleManager: Shutting down and abandoning module Messaging (143)
[2025.04.02-18.44.13:078][209]LogModuleManager: Shutting down and abandoning module IOSTargetPlatform (141)
[2025.04.02-18.44.13:079][209]LogModuleManager: Shutting down and abandoning module AndroidTargetPlatform (139)
[2025.04.02-18.44.13:082][209]LogModuleManager: Shutting down and abandoning module AllDesktopTargetPlatform (137)
[2025.04.02-18.44.13:082][209]LogModuleManager: Shutting down and abandoning module D3D11RHI (134)
[2025.04.02-18.44.13:082][209]LogModuleManager: Shutting down and abandoning module InputCore (132)
[2025.04.02-18.44.13:082][209]LogModuleManager: Shutting down and abandoning module Settings (130)
[2025.04.02-18.44.13:082][209]LogModuleManager: Shutting down and abandoning module DirectoryWatcher (128)
[2025.04.02-18.44.13:082][209]LogModuleManager: Shutting down and abandoning module PhysXCooking (126)
[2025.04.02-18.44.13:082][209]LogModuleManager: Shutting down and abandoning module Chaos (124)
[2025.04.02-18.44.13:082][209]LogModuleManager: Shutting down and abandoning module WindowsPlatformFeatures (122)
[2025.04.02-18.44.13:082][209]LogModuleManager: Shutting down and abandoning module GameplayMediaEncoder (121)
[2025.04.02-18.44.13:082][209]LogModuleManager: Shutting down and abandoning module AVEncoder (120)
[2025.04.02-18.44.13:082][209]LogModuleManager: Shutting down and abandoning module SteamVRInputDevice (116)
[2025.04.02-18.44.13:082][209]LogModuleManager: Shutting down and abandoning module SteamVRInput (114)
[2025.04.02-18.44.13:082][209]LogModuleManager: Shutting down and abandoning module SteamVR (112)
[2025.04.02-18.44.13:082][209]LogHMD: Freeing OpenVRDLLHandle.
[2025.04.02-18.44.13:082][209]LogModuleManager: Shutting down and abandoning module OculusHMD (110)
[2025.04.02-18.44.13:082][209]LogModuleManager: Shutting down and abandoning module OnlineBlueprintSupport (108)
[2025.04.02-18.44.13:082][209]LogModuleManager: Shutting down and abandoning module OnlineSubsystem (104)
[2025.04.02-18.44.13:084][209]LogModuleManager: Shutting down and abandoning module XMPP (99)
[2025.04.02-18.44.13:084][209]LogModuleManager: Shutting down and abandoning module WebSockets (98)
[2025.04.02-18.44.13:109][209]LogModuleManager: Shutting down and abandoning module HTTP (95)
[2025.04.02-18.44.13:109][209]LogHttp: Display: Http module shutting down, but needs to wait on 1 outstanding Http requests:
[2025.04.02-18.44.13:109][209]LogHttp: Display: 	verb=[POST] url=[https://datarouter.ol.epicgames.com/datarouter/api/v1/public/data?SessionID=%7BDB4FBDC3-477D-BD92-7E74-4989FEF7678B%7D&AppID=UEEditor.Rocket.Release&AppVersion=4.27.2-18319896%2B%2B%2BUE4%2BRelease-4.27&UserID=ff34cec34635c2434a0cbe8ccdbd3a28%7C2eea84bf844543fbbb7d5cf485b735d0%7Cc84dd4ac-b030-4b4d-8068-60af0798f8bd&AppEnvironment=datacollector-binary&UploadType=eteventstream] refs=[1] status=Processing
[2025.04.02-18.44.13:109][209]LogHttp: Display: cleaning up 1 outstanding Http requests.
[2025.04.02-18.44.13:123][209]LogModuleManager: Shutting down and abandoning module SSL (94)
[2025.04.02-18.44.13:124][209]LogModuleManager: Shutting down and abandoning module LauncherChunkInstaller (90)
[2025.04.02-18.44.13:124][209]LogModuleManager: Shutting down and abandoning module OpenXRHandTracking (88)
[2025.04.02-18.44.13:125][209]LogSlate: Slate User Destroyed.  User Index 0, Is Virtual User: 0
[2025.04.02-18.44.13:125][209]LogModuleManager: Shutting down and abandoning module OpenXREyeTracker (86)
[2025.04.02-18.44.13:125][209]LogModuleManager: Shutting down and abandoning module OpenXRAR (84)
[2025.04.02-18.44.13:125][209]LogModuleManager: Shutting down and abandoning module AugmentedReality (83)
[2025.04.02-18.44.13:125][209]LogModuleManager: Shutting down and abandoning module OpenXRHMD (80)
[2025.04.02-18.44.13:125][209]LogModuleManager: Shutting down and abandoning module ExampleDeviceProfileSelector (78)
[2025.04.02-18.44.13:125][209]LogModuleManager: Shutting down and abandoning module ChunkDownloader (76)
[2025.04.02-18.44.13:125][209]LogModuleManager: Shutting down and abandoning module WmfMedia (74)
[2025.04.02-18.44.13:128][209]LogModuleManager: Shutting down and abandoning module Media (73)
[2025.04.02-18.44.13:129][209]LogModuleManager: Shutting down and abandoning module MediaInfo (72)
[2025.04.02-18.44.13:129][209]LogModuleManager: Shutting down and abandoning module ExrReaderGpu (68)
[2025.04.02-18.44.13:129][209]LogModuleManager: Shutting down and abandoning module NiagaraVertexFactories (66)
[2025.04.02-18.44.13:129][209]LogModuleManager: Shutting down and abandoning module NiagaraShader (64)
[2025.04.02-18.44.13:129][209]LogModuleManager: Shutting down and abandoning module ChaosCloth (62)
[2025.04.02-18.44.13:129][209]LogModuleManager: Shutting down and abandoning module AISupportModule (60)
[2025.04.02-18.44.13:129][209]LogModuleManager: Shutting down and abandoning module MLSDK (58)
[2025.04.02-18.44.13:129][209]LogModuleManager: Shutting down and abandoning module MagicLeap (56)
[2025.04.02-18.44.13:129][209]LogModuleManager: Shutting down and abandoning module VariantManagerContent (54)
[2025.04.02-18.44.13:130][209]LogModuleManager: Shutting down and abandoning module DatasmithContent (52)
[2025.04.02-18.44.13:130][209]LogModuleManager: Shutting down and abandoning module PixWinPlugin (50)
[2025.04.02-18.44.13:130][209]LogModuleManager: Shutting down and abandoning module DesktopPlatform (48)
[2025.04.02-18.44.13:130][209]LogModuleManager: Shutting down and abandoning module PythonScriptPluginPreload (46)
[2025.04.02-18.44.13:130][209]LogModuleManager: Shutting down and abandoning module PlatformCryptoOpenSSL (44)
[2025.04.02-18.44.13:130][209]LogModuleManager: Shutting down and abandoning module PlatformCryptoTypes (42)
[2025.04.02-18.44.13:130][209]LogModuleManager: Shutting down and abandoning module PlatformCrypto (40)
[2025.04.02-18.44.13:130][209]LogModuleManager: Shutting down and abandoning module OodleDataCompressionFormat (38)
[2025.04.02-18.44.13:130][209]LogModuleManager: Shutting down and abandoning module XGEController (36)
[2025.04.02-18.44.13:130][209]LogXGEController: Cleaning working directory: C:/Users/Playeroth/AppData/Local/Temp/UnrealXGEWorkingDir/
[2025.04.02-18.44.13:130][209]LogModuleManager: Shutting down and abandoning module AnimationModifiers (34)
[2025.04.02-18.44.13:130][209]LogModuleManager: Shutting down and abandoning module AudioEditor (32)
[2025.04.02-18.44.13:131][209]LogModuleManager: Shutting down and abandoning module PropertyEditor (31)
[2025.04.02-18.44.13:131][209]LogModuleManager: Shutting down and abandoning module TextureCompressor (28)
[2025.04.02-18.44.13:131][209]LogModuleManager: Shutting down and abandoning module RenderCore (26)
[2025.04.02-18.44.13:131][209]LogModuleManager: Shutting down and abandoning module Landscape (24)
[2025.04.02-18.44.13:131][209]LogModuleManager: Shutting down and abandoning module SlateRHIRenderer (22)
[2025.04.02-18.44.13:132][209]LogModuleManager: Shutting down and abandoning module AnimGraphRuntime (20)
[2025.04.02-18.44.13:132][209]LogModuleManager: Shutting down and abandoning module Renderer (18)
[2025.04.02-18.44.13:132][209]LogModuleManager: Shutting down and abandoning module Engine (16)
[2025.04.02-18.44.13:132][209]LogModuleManager: Shutting down and abandoning module CoreUObject (14)
[2025.04.02-18.44.13:132][209]LogModuleManager: Shutting down and abandoning module NetworkFile (12)
[2025.04.02-18.44.13:132][209]LogModuleManager: Shutting down and abandoning module CookedIterativeFile (10)
[2025.04.02-18.44.13:132][209]LogModuleManager: Shutting down and abandoning module StreamingFile (8)
[2025.04.02-18.44.13:132][209]LogModuleManager: Shutting down and abandoning module SandboxFile (6)
[2025.04.02-18.44.13:132][209]LogModuleManager: Shutting down and abandoning module PakFile (4)
[2025.04.02-18.44.13:132][209]LogModuleManager: Shutting down and abandoning module RSA (3)
[2025.04.02-18.44.13:132][209]LogContentStreaming: Display: There are 1 unreleased StreamingManagers
[2025.04.02-18.44.13:149][209]LogD3D11RHI: Shutdown
[2025.04.02-18.44.13:149][209]LogD3D11RHI: CleanupD3DDevice
[2025.04.02-18.44.13:153][209]LogExit: Exiting.
[2025.04.02-18.44.13:168][209]Log file closed, 04/02/25 15:44:13
