Log file open, 04/15/25 17:13:56
LogWindows: Failed to load 'aqProf.dll' (GetLastError=126)
LogWindows: File 'aqProf.dll' does not exist
LogWindows: Failed to load 'VtuneApi.dll' (GetLastError=126)
LogWindows: File 'VtuneApi.dll' does not exist
LogWindows: Failed to load 'VtuneApi32e.dll' (GetLastError=126)
LogWindows: File 'VtuneApi32e.dll' does not exist
LogConsoleResponse: Display: Failed to find resolution value strings in scalability ini. Falling back to default.
LogConsoleResponse: Display: Failed to find resolution value strings in scalability ini. Falling back to default.
LogInit: Display: Running engine for game: EscapeTheBackrooms
LogPlatformFile: Not using cached read wrapper
LogTaskGraph: Started task graph with 5 named threads and 35 total threads with 3 sets of task threads.
LogStats: Stats thread started at 0.203624
LogICUInternationalization: ICU TimeZone Detection - Raw Offset: -3:00, Platform Override: ''
LogInit: Display: Loading text-based GConfig....
LogPluginManager: Mounting plugin MeshPainting
LogPluginManager: Mounting plugin XGEController
LogPluginManager: Mounting plugin Paper2D
LogPluginManager: Mounting plugin LiveLink
LogPluginManager: Mounting plugin AISupport
LogPluginManager: Mounting plugin EnvironmentQueryEditor
LogPluginManager: Mounting plugin LightPropagationVolume
LogPluginManager: Mounting plugin GameplayCameras
LogPluginManager: Mounting plugin CameraShakePreviewer
LogPluginManager: Mounting plugin OodleData
LogPluginManager: Mounting plugin OodleNetwork
LogPluginManager: Mounting plugin DatasmithContent
LogPluginManager: Mounting plugin VariantManagerContent
LogPluginManager: Mounting plugin AnimationSharing
LogPluginManager: Mounting plugin CLionSourceCodeAccess
LogPluginManager: Mounting plugin CodeLiteSourceCodeAccess
LogPluginManager: Mounting plugin GitSourceControl
LogPluginManager: Mounting plugin KDevelopSourceCodeAccess
LogPluginManager: Mounting plugin PerforceSourceControl
LogPluginManager: Mounting plugin PixWinPlugin
LogPluginManager: Mounting plugin NullSourceCodeAccess
LogPluginManager: Mounting plugin PropertyAccessNode
LogPluginManager: Mounting plugin RiderSourceCodeAccess
LogPluginManager: Mounting plugin SubversionSourceControl
LogPluginManager: Mounting plugin TextureFormatOodle
LogPluginManager: Mounting plugin UObjectPlugin
LogPluginManager: Mounting plugin VisualStudioSourceCodeAccess
LogPluginManager: Mounting plugin VisualStudioCodeSourceCodeAccess
LogPluginManager: Mounting plugin XCodeSourceCodeAccess
LogPluginManager: Mounting plugin AssetManagerEditor
LogPluginManager: Mounting plugin Niagara
LogPluginManager: Mounting plugin PluginUtils
LogPluginManager: Mounting plugin PlasticSourceControl
LogPluginManager: Mounting plugin AlembicImporter
LogPluginManager: Mounting plugin CryptoKeys
LogPluginManager: Mounting plugin AutomationUtils
LogPluginManager: Mounting plugin DataValidation
LogPluginManager: Mounting plugin BackChannel
LogPluginManager: Mounting plugin FacialAnimation
LogPluginManager: Mounting plugin GameplayTagsEditor
LogPluginManager: Mounting plugin CurveEditorTools
LogPluginManager: Mounting plugin GeometryMode
LogPluginManager: Mounting plugin ChaosCloth
LogPluginManager: Mounting plugin MagicLeap
LogPluginManager: Mounting plugin ChaosClothEditor
LogPluginManager: Mounting plugin LuminPlatformFeatures
LogPluginManager: Mounting plugin ChaosEditor
LogPluginManager: Mounting plugin ChaosNiagara
LogPluginManager: Mounting plugin ChaosSolverPlugin
LogPluginManager: Mounting plugin CharacterAI
LogPluginManager: Mounting plugin MagicLeapLightEstimation
LogPluginManager: Mounting plugin MagicLeapMedia
LogPluginManager: Mounting plugin MagicLeapPassableWorld
LogPluginManager: Mounting plugin MLSDK
LogPluginManager: Mounting plugin GeometryCache
LogPluginManager: Mounting plugin MacGraphicsSwitching
LogPluginManager: Mounting plugin GeometryCollectionPlugin
LogPluginManager: Mounting plugin MaterialAnalyzer
LogPluginManager: Mounting plugin MobileLauncherProfileWizard
LogPluginManager: Mounting plugin PluginBrowser
LogPluginManager: Mounting plugin SpeedTreeImporter
LogPluginManager: Mounting plugin GeometryProcessing
LogPluginManager: Mounting plugin OpenImageDenoise
LogPluginManager: Mounting plugin MotoSynth
LogPluginManager: Mounting plugin PlanarCut
LogPluginManager: Mounting plugin ProxyLODPlugin
LogPluginManager: Mounting plugin PlatformCrypto
LogPluginManager: Mounting plugin PythonScriptPlugin
LogPluginManager: Mounting plugin AndroidMedia
LogPluginManager: Mounting plugin AvfMedia
LogPluginManager: Mounting plugin ImgMedia
LogPluginManager: Mounting plugin SkeletalReduction
LogPluginManager: Mounting plugin MediaCompositing
LogPluginManager: Mounting plugin MediaPlayerEditor
LogPluginManager: Mounting plugin WebMMedia
LogPluginManager: Mounting plugin WmfMedia
LogPluginManager: Mounting plugin TcpMessaging
LogPluginManager: Mounting plugin UdpMessaging
LogPluginManager: Mounting plugin ActorSequence
LogPluginManager: Mounting plugin LevelSequenceEditor
LogPluginManager: Mounting plugin MatineeToLevelSequence
LogPluginManager: Mounting plugin TemplateSequence
LogPluginManager: Mounting plugin OnlineSubsystem
LogPluginManager: Mounting plugin OnlineSubsystemNull
LogPluginManager: Mounting plugin OnlineSubsystemUtils
LogPluginManager: Mounting plugin LauncherChunkInstaller
LogPluginManager: Mounting plugin AndroidDeviceProfileSelector
LogPluginManager: Mounting plugin ActorLayerUtilities
LogPluginManager: Mounting plugin AndroidMoviePlayer
LogPluginManager: Mounting plugin AndroidPermission
LogPluginManager: Mounting plugin AppleImageUtils
LogPluginManager: Mounting plugin ArchVisCharacter
LogPluginManager: Mounting plugin AppleMoviePlayer
LogPluginManager: Mounting plugin AssetTags
LogPluginManager: Mounting plugin AudioCapture
LogPluginManager: Mounting plugin AudioSynesthesia
LogPluginManager: Mounting plugin CableComponent
LogPluginManager: Mounting plugin ChunkDownloader
LogPluginManager: Mounting plugin CustomMeshComponent
LogPluginManager: Mounting plugin ExampleDeviceProfileSelector
LogPluginManager: Mounting plugin EditableMesh
LogPluginManager: Mounting plugin GoogleCloudMessaging
LogPluginManager: Mounting plugin GooglePAD
LogPluginManager: Mounting plugin ScreenshotTools
LogPluginManager: Mounting plugin Takes
LogPluginManager: Mounting plugin IOSDeviceProfileSelector
LogPluginManager: Mounting plugin LinuxDeviceProfileSelector
LogPluginManager: Mounting plugin LocationServicesBPLibrary
LogPluginManager: Mounting plugin MobilePatchingUtils
LogPluginManager: Mounting plugin OpenXRHandTracking
LogPluginManager: Mounting plugin OpenXR
LogPluginManager: Mounting plugin OpenXREyeTracker
LogPluginManager: Mounting plugin ProceduralMeshComponent
LogPluginManager: Mounting plugin PhysXVehicles
LogPluginManager: Mounting plugin PostSplashScreen
LogPluginManager: Mounting plugin PropertyAccessEditor
LogPluginManager: Mounting plugin RuntimePhysXCooking
LogPluginManager: Mounting plugin SignificanceManager
LogPluginManager: Mounting plugin SoundFields
LogPluginManager: Mounting plugin Synthesis
LogPluginManager: Mounting plugin WebMMoviePlayer
LogPluginManager: Mounting plugin WindowsMoviePlayer
LogPluginManager: Mounting plugin ContentBrowserAssetDataSource
LogPluginManager: Mounting plugin ContentBrowserFileDataSource
LogPluginManager: Mounting plugin ContentBrowserClassDataSource
LogPluginManager: Mounting plugin OnlineSubsystemGooglePlay
LogPluginManager: Mounting plugin OnlineSubsystemIOS
LogPluginManager: Mounting plugin OculusVR
LogPluginManager: Mounting plugin SteamVR
PixWinPlugin: PIX capture plugin failed to initialize! Check that the process is launched from PIX.
LogLuminAPIImpl: Warning: MLSDK not found.  This likely means the MLSDK environment variable is not set.
LogInit: Using libcurl 7.55.1-DEV
LogInit:  - built for x86_64-pc-win32
LogInit:  - supports SSL with OpenSSL/1.1.1
LogInit:  - supports HTTP deflate (compression) using libz 1.2.8
LogInit:  - other features:
LogInit:      CURL_VERSION_SSL
LogInit:      CURL_VERSION_LIBZ
LogInit:      CURL_VERSION_IPV6
LogInit:      CURL_VERSION_ASYNCHDNS
LogInit:      CURL_VERSION_LARGEFILE
LogInit:      CURL_VERSION_IDN
LogInit:  CurlRequestOptions (configurable via config and command line):
LogInit:  - bVerifyPeer = true  - Libcurl will verify peer certificate
LogInit:  - bUseHttpProxy = false  - Libcurl will NOT use HTTP proxy
LogInit:  - bDontReuseConnections = false  - Libcurl will reuse connections
LogInit:  - MaxHostConnections = 16  - Libcurl will limit the number of connections to a host
LogInit:  - LocalHostAddr = Default
LogInit:  - BufferSize = 65536
LogOnline: OSS: Creating online subsystem instance for: NULL
LogInit: WinSock: version 1.1 (2.2), MaxSocks=32767, MaxUdp=65467
LogOnline: OSS: TryLoadSubsystemAndSetDefault: Loaded subsystem for module [NULL]
LogOculusPluginWrapper: OculusPlugin initialized successfully
LogHMD: Failed initializing OVRPlugin 1.59.0
LogInit: Build: ++UE4+Release-4.27-CL-18319896
LogInit: Engine Version: 4.27.2-18319896+++UE4+Release-4.27
LogInit: Compatible Engine Version: 4.27.0-17155196+++UE4+Release-4.27
LogInit: Net CL: 17155196
LogInit: OS: Windows 10 (Release 2009) (), CPU: Intel(R) Core(TM) i5-10400F CPU @ 2.90GHz, GPU: AMD Radeon RX 580 2048SP
LogInit: Compiled (64-bit): Nov 30 2021 07:12:08
LogInit: Compiled with Visual C++: 19.24.28315.00
LogInit: Build Configuration: Development
LogInit: Branch Name: ++UE4+Release-4.27
LogInit: Command Line: 
LogInit: Base Directory: C:/Program Files/Epic Games/UE_4.27/Engine/Binaries/Win64/
LogInit: Allocator: TBB
LogInit: Installed Engine Build: 1
LogDevObjectVersion: Number of dev versions registered: 29
LogDevObjectVersion:   Dev-Blueprints (B0D832E4-1F89-4F0D-ACCF-7EB736FD4AA2): 10
LogDevObjectVersion:   Dev-Build (E1C64328-A22C-4D53-A36C-8E866417BD8C): 0
LogDevObjectVersion:   Dev-Core (375EC13C-06E4-48FB-B500-84F0262A717E): 4
LogDevObjectVersion:   Dev-Editor (E4B068ED-F494-42E9-A231-DA0B2E46BB41): 40
LogDevObjectVersion:   Dev-Framework (CFFC743F-43B0-4480-9391-14DF171D2073): 37
LogDevObjectVersion:   Dev-Mobile (B02B49B5-BB20-44E9-A304-32B752E40360): 3
LogDevObjectVersion:   Dev-Networking (A4E4105C-59A1-49B5-A7C5-40C4547EDFEE): 0
LogDevObjectVersion:   Dev-Online (39C831C9-5AE6-47DC-9A44-9C173E1C8E7C): 0
LogDevObjectVersion:   Dev-Physics (78F01B33-EBEA-4F98-B9B4-84EACCB95AA2): 14
LogDevObjectVersion:   Dev-Platform (6631380F-2D4D-43E0-8009-CF276956A95A): 0
LogDevObjectVersion:   Dev-Rendering (12F88B9F-8875-4AFC-A67C-D90C383ABD29): 45
LogDevObjectVersion:   Dev-Sequencer (7B5AE74C-D270-4C10-A958-57980B212A5A): 13
LogDevObjectVersion:   Dev-VR (D7296918-1DD6-4BDD-9DE2-64A83CC13884): 3
LogDevObjectVersion:   Dev-LoadTimes (C2A15278-BFE7-4AFE-6C17-90FF531DF755): 1
LogDevObjectVersion:   Private-Geometry (6EACA3D4-40EC-4CC1-B786-8BED09428FC5): 3
LogDevObjectVersion:   Dev-AnimPhys (29E575DD-E0A3-4627-9D10-D276232CDCEA): 17
LogDevObjectVersion:   Dev-Anim (AF43A65D-7FD3-4947-9873-3E8ED9C1BB05): 15
LogDevObjectVersion:   Dev-ReflectionCapture (6B266CEC-1EC7-4B8F-A30B-E4D90942FC07): 1
LogDevObjectVersion:   Dev-Automation (0DF73D61-A23F-47EA-B727-89E90C41499A): 1
LogDevObjectVersion:   FortniteMain (601D1886-AC64-4F84-AA16-D3DE0DEAC7D6): 47
LogDevObjectVersion:   FortniteRelease (E7086368-6B23-4C58-8439-1B7016265E91): 1
LogDevObjectVersion:   Dev-Enterprise (9DFFBCD6-494F-0158-E221-12823C92A888): 10
LogDevObjectVersion:   Dev-Niagara (F2AED0AC-9AFE-416F-8664-AA7FFA26D6FC): 1
LogDevObjectVersion:   Dev-Destruction (174F1F0B-B4C6-45A5-B13F-2EE8D0FB917D): 10
LogDevObjectVersion:   Dev-Physics-Ext (35F94A83-E258-406C-A318-09F59610247C): 41
LogDevObjectVersion:   Dev-PhysicsMaterial-Chaos (B68FC16E-8B1B-42E2-B453-215C058844FE): 1
LogDevObjectVersion:   Dev-CineCamera (B2E18506-4273-CFC2-A54E-F4BB758BBA07): 1
LogDevObjectVersion:   Dev-VirtualProduction (64F58936-FD1B-42BA-BA96-7289D5D0FA4E): 1
LogDevObjectVersion:   Dev-MediaFramework (6F0ED827-A609-4895-9C91-998D90180EA4): 2
LogInit: Presizing for max 25165824 objects, including 0 objects not considered by GC, pre-allocating 0 bytes for permanent pool.
LogConfig: Applying CVar settings from Section [/Script/Engine.StreamingSettings] File [C:/Users/Playeroth/Documents/EscapeTheBackrooms--Mods/ETBModTemplate/Saved/Config/Windows/Engine.ini]
LogConfig: Setting CVar [[s.MinBulkDataSizeForAsyncLoading:131072]]
LogConfig: Setting CVar [[s.AsyncLoadingThreadEnabled:0]]
LogConfig: Setting CVar [[s.EventDrivenLoaderEnabled:1]]
LogConfig: Setting CVar [[s.WarnIfTimeLimitExceeded:0]]
LogConfig: Setting CVar [[s.TimeLimitExceededMultiplier:1.5]]
LogConfig: Setting CVar [[s.TimeLimitExceededMinTime:0.005]]
LogConfig: Setting CVar [[s.UseBackgroundLevelStreaming:1]]
LogConfig: Setting CVar [[s.PriorityAsyncLoadingExtraTime:15.0]]
LogConfig: Setting CVar [[s.LevelStreamingActorsUpdateTimeLimit:5.0]]
LogConfig: Setting CVar [[s.PriorityLevelStreamingActorsUpdateExtraTime:5.0]]
LogConfig: Setting CVar [[s.LevelStreamingComponentsRegistrationGranularity:10]]
LogConfig: Setting CVar [[s.UnregisterComponentsTimeLimit:1.0]]
LogConfig: Setting CVar [[s.LevelStreamingComponentsUnregistrationGranularity:5]]
LogConfig: Setting CVar [[s.FlushStreamingOnExit:1]]
LogInit: Object subsystem initialized
LogConfig: Setting CVar [[con.DebugEarlyDefault:1]]
LogConfig: Setting CVar [[r.setres:1280x720]]
[2025.04.15-20.13.57:448][  0]LogConfig: Setting CVar [[r.VSync:0]]
[2025.04.15-20.13.57:448][  0]LogConfig: Setting CVar [[r.RHICmdBypass:0]]
[2025.04.15-20.13.57:448][  0]LogConfig: Applying CVar settings from Section [/Script/Engine.RendererSettings] File [C:/Users/Playeroth/Documents/EscapeTheBackrooms--Mods/ETBModTemplate/Saved/Config/Windows/Engine.ini]
[2025.04.15-20.13.57:448][  0]LogConfig: Setting CVar [[r.GPUCrashDebugging:0]]
[2025.04.15-20.13.57:448][  0]LogConfig: Setting CVar [[r.DefaultFeature.AutoExposure.ExtendDefaultLuminanceRange:1]]
[2025.04.15-20.13.57:448][  0]LogConfig: Applying CVar settings from Section [/Script/Engine.RendererOverrideSettings] File [C:/Users/Playeroth/Documents/EscapeTheBackrooms--Mods/ETBModTemplate/Saved/Config/Windows/Engine.ini]
[2025.04.15-20.13.57:448][  0]LogConfig: Applying CVar settings from Section [/Script/Engine.StreamingSettings] File [C:/Users/Playeroth/Documents/EscapeTheBackrooms--Mods/ETBModTemplate/Saved/Config/Windows/Engine.ini]
[2025.04.15-20.13.57:448][  0]LogConfig: Setting CVar [[s.MinBulkDataSizeForAsyncLoading:131072]]
[2025.04.15-20.13.57:448][  0]LogConfig: Setting CVar [[s.AsyncLoadingThreadEnabled:0]]
[2025.04.15-20.13.57:448][  0]LogConfig: Setting CVar [[s.EventDrivenLoaderEnabled:1]]
[2025.04.15-20.13.57:448][  0]LogConfig: Setting CVar [[s.WarnIfTimeLimitExceeded:0]]
[2025.04.15-20.13.57:448][  0]LogConfig: Setting CVar [[s.TimeLimitExceededMultiplier:1.5]]
[2025.04.15-20.13.57:448][  0]LogConfig: Setting CVar [[s.TimeLimitExceededMinTime:0.005]]
[2025.04.15-20.13.57:448][  0]LogConfig: Setting CVar [[s.UseBackgroundLevelStreaming:1]]
[2025.04.15-20.13.57:448][  0]LogConfig: Setting CVar [[s.PriorityAsyncLoadingExtraTime:15.0]]
[2025.04.15-20.13.57:448][  0]LogConfig: Setting CVar [[s.LevelStreamingActorsUpdateTimeLimit:5.0]]
[2025.04.15-20.13.57:448][  0]LogConfig: Setting CVar [[s.PriorityLevelStreamingActorsUpdateExtraTime:5.0]]
[2025.04.15-20.13.57:448][  0]LogConfig: Setting CVar [[s.LevelStreamingComponentsRegistrationGranularity:10]]
[2025.04.15-20.13.57:448][  0]LogConfig: Setting CVar [[s.UnregisterComponentsTimeLimit:1.0]]
[2025.04.15-20.13.57:448][  0]LogConfig: Setting CVar [[s.LevelStreamingComponentsUnregistrationGranularity:5]]
[2025.04.15-20.13.57:448][  0]LogConfig: Setting CVar [[s.FlushStreamingOnExit:1]]
[2025.04.15-20.13.57:448][  0]LogConfig: Applying CVar settings from Section [/Script/Engine.GarbageCollectionSettings] File [C:/Users/Playeroth/Documents/EscapeTheBackrooms--Mods/ETBModTemplate/Saved/Config/Windows/Engine.ini]
[2025.04.15-20.13.57:448][  0]LogConfig: Setting CVar [[gc.MaxObjectsNotConsideredByGC:1]]
[2025.04.15-20.13.57:448][  0]LogConfig: Setting CVar [[gc.SizeOfPermanentObjectPool:0]]
[2025.04.15-20.13.57:448][  0]LogConfig: Setting CVar [[gc.FlushStreamingOnGC:0]]
[2025.04.15-20.13.57:448][  0]LogConfig: Setting CVar [[gc.NumRetriesBeforeForcingGC:10]]
[2025.04.15-20.13.57:448][  0]LogConfig: Setting CVar [[gc.AllowParallelGC:1]]
[2025.04.15-20.13.57:448][  0]LogConfig: Setting CVar [[gc.TimeBetweenPurgingPendingKillObjects:61.1]]
[2025.04.15-20.13.57:448][  0]LogConfig: Setting CVar [[gc.MaxObjectsInEditor:25165824]]
[2025.04.15-20.13.57:448][  0]LogConfig: Setting CVar [[gc.IncrementalBeginDestroyEnabled:1]]
[2025.04.15-20.13.57:448][  0]LogConfig: Setting CVar [[gc.CreateGCClusters:1]]
[2025.04.15-20.13.57:448][  0]LogConfig: Setting CVar [[gc.MinGCClusterSize:5]]
[2025.04.15-20.13.57:448][  0]LogConfig: Setting CVar [[gc.ActorClusteringEnabled:0]]
[2025.04.15-20.13.57:448][  0]LogConfig: Setting CVar [[gc.BlueprintClusteringEnabled:0]]
[2025.04.15-20.13.57:448][  0]LogConfig: Setting CVar [[gc.UseDisregardForGCOnDedicatedServers:0]]
[2025.04.15-20.13.57:448][  0]LogConfig: Setting CVar [[gc.MultithreadedDestructionEnabled:1]]
[2025.04.15-20.13.57:448][  0]LogConfig: Applying CVar settings from Section [/Script/Engine.NetworkSettings] File [C:/Users/Playeroth/Documents/EscapeTheBackrooms--Mods/ETBModTemplate/Saved/Config/Windows/Engine.ini]
[2025.04.15-20.13.57:449][  0]LogConfig: Applying CVar settings from Section [/Script/UnrealEd.CookerSettings] File [C:/Users/Playeroth/Documents/EscapeTheBackrooms--Mods/ETBModTemplate/Saved/Config/Windows/Engine.ini]
[2025.04.15-20.13.57:463][  0]LogConfig: Applying CVar settings from Section [ViewDistanceQuality@3] File [C:/Users/Playeroth/Documents/EscapeTheBackrooms--Mods/ETBModTemplate/Saved/Config/Windows/Scalability.ini]
[2025.04.15-20.13.57:463][  0]LogConfig: Setting CVar [[r.SkeletalMeshLODBias:0]]
[2025.04.15-20.13.57:463][  0]LogConfig: Setting CVar [[r.ViewDistanceScale:1.0]]
[2025.04.15-20.13.57:463][  0]LogConfig: Applying CVar settings from Section [AntiAliasingQuality@3] File [C:/Users/Playeroth/Documents/EscapeTheBackrooms--Mods/ETBModTemplate/Saved/Config/Windows/Scalability.ini]
[2025.04.15-20.13.57:463][  0]LogConfig: Setting CVar [[r.PostProcessAAQuality:4]]
[2025.04.15-20.13.57:463][  0]LogConfig: Applying CVar settings from Section [ShadowQuality@3] File [C:/Users/Playeroth/Documents/EscapeTheBackrooms--Mods/ETBModTemplate/Saved/Config/Windows/Scalability.ini]
[2025.04.15-20.13.57:463][  0]LogConfig: Setting CVar [[r.LightFunctionQuality:1]]
[2025.04.15-20.13.57:463][  0]LogConfig: Setting CVar [[r.ShadowQuality:5]]
[2025.04.15-20.13.57:463][  0]LogConfig: Setting CVar [[r.Shadow.CSM.MaxCascades:10]]
[2025.04.15-20.13.57:463][  0]LogConfig: Setting CVar [[r.Shadow.MaxResolution:2048]]
[2025.04.15-20.13.57:463][  0]LogConfig: Setting CVar [[r.Shadow.MaxCSMResolution:2048]]
[2025.04.15-20.13.57:463][  0]LogConfig: Setting CVar [[r.Shadow.RadiusThreshold:0.01]]
[2025.04.15-20.13.57:463][  0]LogConfig: Setting CVar [[r.Shadow.DistanceScale:1.0]]
[2025.04.15-20.13.57:463][  0]LogConfig: Setting CVar [[r.Shadow.CSM.TransitionScale:1.0]]
[2025.04.15-20.13.57:463][  0]LogConfig: Setting CVar [[r.Shadow.PreShadowResolutionFactor:1.0]]
[2025.04.15-20.13.57:463][  0]LogConfig: Setting CVar [[r.DistanceFieldShadowing:1]]
[2025.04.15-20.13.57:463][  0]LogConfig: Setting CVar [[r.DistanceFieldAO:1]]
[2025.04.15-20.13.57:463][  0]LogConfig: Setting CVar [[r.AOQuality:2]]
[2025.04.15-20.13.57:463][  0]LogConfig: Setting CVar [[r.VolumetricFog:1]]
[2025.04.15-20.13.57:463][  0]LogConfig: Setting CVar [[r.VolumetricFog.GridPixelSize:8]]
[2025.04.15-20.13.57:463][  0]LogConfig: Setting CVar [[r.VolumetricFog.GridSizeZ:128]]
[2025.04.15-20.13.57:463][  0]LogConfig: Setting CVar [[r.VolumetricFog.HistoryMissSupersampleCount:4]]
[2025.04.15-20.13.57:463][  0]LogConfig: Setting CVar [[r.LightMaxDrawDistanceScale:1]]
[2025.04.15-20.13.57:463][  0]LogConfig: Setting CVar [[r.CapsuleShadows:1]]
[2025.04.15-20.13.57:463][  0]LogConfig: Applying CVar settings from Section [PostProcessQuality@3] File [C:/Users/Playeroth/Documents/EscapeTheBackrooms--Mods/ETBModTemplate/Saved/Config/Windows/Scalability.ini]
[2025.04.15-20.13.57:463][  0]LogConfig: Setting CVar [[r.MotionBlurQuality:4]]
[2025.04.15-20.13.57:463][  0]LogConfig: Setting CVar [[r.AmbientOcclusionMipLevelFactor:0.4]]
[2025.04.15-20.13.57:463][  0]LogConfig: Setting CVar [[r.AmbientOcclusionMaxQuality:100]]
[2025.04.15-20.13.57:463][  0]LogConfig: Setting CVar [[r.AmbientOcclusionLevels:-1]]
[2025.04.15-20.13.57:463][  0]LogConfig: Setting CVar [[r.AmbientOcclusionRadiusScale:1.0]]
[2025.04.15-20.13.57:463][  0]LogConfig: Setting CVar [[r.DepthOfFieldQuality:2]]
[2025.04.15-20.13.57:463][  0]LogConfig: Setting CVar [[r.RenderTargetPoolMin:400]]
[2025.04.15-20.13.57:463][  0]LogConfig: Setting CVar [[r.LensFlareQuality:2]]
[2025.04.15-20.13.57:463][  0]LogConfig: Setting CVar [[r.SceneColorFringeQuality:1]]
[2025.04.15-20.13.57:463][  0]LogConfig: Setting CVar [[r.EyeAdaptationQuality:2]]
[2025.04.15-20.13.57:463][  0]LogConfig: Setting CVar [[r.BloomQuality:5]]
[2025.04.15-20.13.57:463][  0]LogConfig: Setting CVar [[r.FastBlurThreshold:100]]
[2025.04.15-20.13.57:463][  0]LogConfig: Setting CVar [[r.Upscale.Quality:3]]
[2025.04.15-20.13.57:463][  0]LogConfig: Setting CVar [[r.Tonemapper.GrainQuantization:1]]
[2025.04.15-20.13.57:463][  0]LogConfig: Setting CVar [[r.LightShaftQuality:1]]
[2025.04.15-20.13.57:463][  0]LogConfig: Setting CVar [[r.Filter.SizeScale:1]]
[2025.04.15-20.13.57:463][  0]LogConfig: Setting CVar [[r.Tonemapper.Quality:5]]
[2025.04.15-20.13.57:463][  0]LogConfig: Setting CVar [[r.DOF.Gather.AccumulatorQuality:1        ; higher gathering accumulator quality]]
[2025.04.15-20.13.57:463][  0]LogConfig: Setting CVar [[r.DOF.Gather.PostfilterMethod:1          ; Median3x3 postfilering method]]
[2025.04.15-20.13.57:463][  0]LogConfig: Setting CVar [[r.DOF.Gather.EnableBokehSettings:0       ; no bokeh simulation when gathering]]
[2025.04.15-20.13.57:463][  0]LogConfig: Setting CVar [[r.DOF.Gather.RingCount:4                 ; medium number of samples when gathering]]
[2025.04.15-20.13.57:463][  0]LogConfig: Setting CVar [[r.DOF.Scatter.ForegroundCompositing:1    ; additive foreground scattering]]
[2025.04.15-20.13.57:463][  0]LogConfig: Setting CVar [[r.DOF.Scatter.BackgroundCompositing:2    ; additive background scattering]]
[2025.04.15-20.13.57:463][  0]LogConfig: Setting CVar [[r.DOF.Scatter.EnableBokehSettings:1      ; bokeh simulation when scattering]]
[2025.04.15-20.13.57:463][  0]LogConfig: Setting CVar [[r.DOF.Scatter.MaxSpriteRatio:0.1         ; only a maximum of 10% of scattered bokeh]]
[2025.04.15-20.13.57:463][  0]LogConfig: Setting CVar [[r.DOF.Recombine.Quality:1                ; cheap slight out of focus]]
[2025.04.15-20.13.57:464][  0]LogConfig: Setting CVar [[r.DOF.Recombine.EnableBokehSettings:0    ; no bokeh simulation on slight out of focus]]
[2025.04.15-20.13.57:464][  0]LogConfig: Setting CVar [[r.DOF.TemporalAAQuality:1                ; more stable temporal accumulation]]
[2025.04.15-20.13.57:464][  0]LogConfig: Setting CVar [[r.DOF.Kernel.MaxForegroundRadius:0.025]]
[2025.04.15-20.13.57:464][  0]LogConfig: Setting CVar [[r.DOF.Kernel.MaxBackgroundRadius:0.025]]
[2025.04.15-20.13.57:464][  0]LogConfig: Applying CVar settings from Section [TextureQuality@3] File [C:/Users/Playeroth/Documents/EscapeTheBackrooms--Mods/ETBModTemplate/Saved/Config/Windows/Scalability.ini]
[2025.04.15-20.13.57:464][  0]LogConfig: Setting CVar [[r.Streaming.MipBias:0]]
[2025.04.15-20.13.57:464][  0]LogConfig: Setting CVar [[r.Streaming.AmortizeCPUToGPUCopy:0]]
[2025.04.15-20.13.57:464][  0]LogConfig: Setting CVar [[r.Streaming.MaxNumTexturesToStreamPerFrame:0]]
[2025.04.15-20.13.57:464][  0]LogConfig: Setting CVar [[r.Streaming.Boost:1]]
[2025.04.15-20.13.57:464][  0]LogConfig: Setting CVar [[r.MaxAnisotropy:8]]
[2025.04.15-20.13.57:464][  0]LogConfig: Setting CVar [[r.VT.MaxAnisotropy:8]]
[2025.04.15-20.13.57:464][  0]LogConfig: Setting CVar [[r.Streaming.LimitPoolSizeToVRAM:0]]
[2025.04.15-20.13.57:464][  0]LogConfig: Setting CVar [[r.Streaming.PoolSize:1000]]
[2025.04.15-20.13.57:464][  0]LogConfig: Setting CVar [[r.Streaming.MaxEffectiveScreenSize:0]]
[2025.04.15-20.13.57:464][  0]LogConfig: Applying CVar settings from Section [EffectsQuality@3] File [C:/Users/Playeroth/Documents/EscapeTheBackrooms--Mods/ETBModTemplate/Saved/Config/Windows/Scalability.ini]
[2025.04.15-20.13.57:464][  0]LogConfig: Setting CVar [[r.TranslucencyLightingVolumeDim:64]]
[2025.04.15-20.13.57:464][  0]LogConfig: Setting CVar [[r.RefractionQuality:2]]
[2025.04.15-20.13.57:464][  0]LogConfig: Setting CVar [[r.SSR.Quality:3]]
[2025.04.15-20.13.57:464][  0]LogConfig: Setting CVar [[r.SSR.HalfResSceneColor:0]]
[2025.04.15-20.13.57:464][  0]LogConfig: Setting CVar [[r.SceneColorFormat:4]]
[2025.04.15-20.13.57:464][  0]LogConfig: Setting CVar [[r.DetailMode:2]]
[2025.04.15-20.13.57:464][  0]LogConfig: Setting CVar [[r.TranslucencyVolumeBlur:1]]
[2025.04.15-20.13.57:464][  0]LogConfig: Setting CVar [[r.MaterialQualityLevel:1 ; High quality]]
[2025.04.15-20.13.57:464][  0]LogConfig: Setting CVar [[r.AnisotropicMaterials:1]]
[2025.04.15-20.13.57:464][  0]LogConfig: Setting CVar [[r.SSS.Scale:1]]
[2025.04.15-20.13.57:464][  0]LogConfig: Setting CVar [[r.SSS.SampleSet:2]]
[2025.04.15-20.13.57:464][  0]LogConfig: Setting CVar [[r.SSS.Quality:1]]
[2025.04.15-20.13.57:464][  0]LogConfig: Setting CVar [[r.SSS.HalfRes:0]]
[2025.04.15-20.13.57:464][  0]LogConfig: Setting CVar [[r.SSGI.Quality:3]]
[2025.04.15-20.13.57:464][  0]LogConfig: Setting CVar [[r.EmitterSpawnRateScale:1.0]]
[2025.04.15-20.13.57:464][  0]LogConfig: Setting CVar [[r.ParticleLightQuality:2]]
[2025.04.15-20.13.57:464][  0]LogConfig: Setting CVar [[r.SkyAtmosphere.AerialPerspectiveLUT.FastApplyOnOpaque:1 ; Always have FastSkyLUT 1 in this case to avoid wrong sky]]
[2025.04.15-20.13.57:464][  0]LogConfig: Setting CVar [[r.SkyAtmosphere.AerialPerspectiveLUT.SampleCountMaxPerSlice:4]]
[2025.04.15-20.13.57:464][  0]LogConfig: Setting CVar [[r.SkyAtmosphere.AerialPerspectiveLUT.DepthResolution:16.0]]
[2025.04.15-20.13.57:464][  0]LogConfig: Setting CVar [[r.SkyAtmosphere.FastSkyLUT:1]]
[2025.04.15-20.13.57:464][  0]LogConfig: Setting CVar [[r.SkyAtmosphere.FastSkyLUT.SampleCountMin:4.0]]
[2025.04.15-20.13.57:464][  0]LogConfig: Setting CVar [[r.SkyAtmosphere.FastSkyLUT.SampleCountMax:128.0]]
[2025.04.15-20.13.57:464][  0]LogConfig: Setting CVar [[r.SkyAtmosphere.SampleCountMin:4.0]]
[2025.04.15-20.13.57:464][  0]LogConfig: Setting CVar [[r.SkyAtmosphere.SampleCountMax:128.0]]
[2025.04.15-20.13.57:464][  0]LogConfig: Setting CVar [[r.SkyAtmosphere.TransmittanceLUT.UseSmallFormat:0]]
[2025.04.15-20.13.57:464][  0]LogConfig: Setting CVar [[r.SkyAtmosphere.TransmittanceLUT.SampleCount:10.0]]
[2025.04.15-20.13.57:464][  0]LogConfig: Setting CVar [[r.SkyAtmosphere.MultiScatteringLUT.SampleCount:15.0]]
[2025.04.15-20.13.57:464][  0]LogConfig: Setting CVar [[r.SkyLight.RealTimeReflectionCapture:1]]
[2025.04.15-20.13.57:464][  0]LogConfig: Applying CVar settings from Section [FoliageQuality@3] File [C:/Users/Playeroth/Documents/EscapeTheBackrooms--Mods/ETBModTemplate/Saved/Config/Windows/Scalability.ini]
[2025.04.15-20.13.57:464][  0]LogConfig: Setting CVar [[foliage.DensityScale:1.0]]
[2025.04.15-20.13.57:464][  0]LogConfig: Setting CVar [[grass.DensityScale:1.0]]
[2025.04.15-20.13.57:464][  0]LogConfig: Applying CVar settings from Section [ShadingQuality@3] File [C:/Users/Playeroth/Documents/EscapeTheBackrooms--Mods/ETBModTemplate/Saved/Config/Windows/Scalability.ini]
[2025.04.15-20.13.57:464][  0]LogConfig: Setting CVar [[r.HairStrands.SkyLighting.IntegrationType:2]]
[2025.04.15-20.13.57:464][  0]LogConfig: Setting CVar [[r.HairStrands.SkyAO.SampleCount:4]]
[2025.04.15-20.13.57:464][  0]LogConfig: Setting CVar [[r.HairStrands.Visibility.MSAA.SamplePerPixel:4]]
[2025.04.15-20.13.57:465][  0]LogInit: Selected Device Profile: [Windows]
[2025.04.15-20.13.57:465][  0]LogInit: Applying CVar settings loaded from the selected device profile: [Windows]
[2025.04.15-20.13.57:466][  0]LogHAL: Display: Platform has ~ 16 GB [17045495808 / 17179869184 / 16], which maps to Larger [LargestMinGB=32, LargerMinGB=12, DefaultMinGB=8, SmallerMinGB=6, SmallestMinGB=0)
[2025.04.15-20.13.57:466][  0]LogInit: Going up to parent DeviceProfile []
[2025.04.15-20.13.57:466][  0]LogConfig: Applying CVar settings from Section [ViewDistanceQuality@3] File [C:/Users/Playeroth/Documents/EscapeTheBackrooms--Mods/ETBModTemplate/Saved/Config/Windows/Scalability.ini]
[2025.04.15-20.13.57:466][  0]LogConfig: Setting CVar [[r.SkeletalMeshLODBias:0]]
[2025.04.15-20.13.57:466][  0]LogConfig: Setting CVar [[r.ViewDistanceScale:1.0]]
[2025.04.15-20.13.57:466][  0]LogConfig: Applying CVar settings from Section [AntiAliasingQuality@3] File [C:/Users/Playeroth/Documents/EscapeTheBackrooms--Mods/ETBModTemplate/Saved/Config/Windows/Scalability.ini]
[2025.04.15-20.13.57:466][  0]LogConfig: Setting CVar [[r.PostProcessAAQuality:4]]
[2025.04.15-20.13.57:466][  0]LogConfig: Applying CVar settings from Section [ShadowQuality@3] File [C:/Users/Playeroth/Documents/EscapeTheBackrooms--Mods/ETBModTemplate/Saved/Config/Windows/Scalability.ini]
[2025.04.15-20.13.57:466][  0]LogConfig: Setting CVar [[r.LightFunctionQuality:1]]
[2025.04.15-20.13.57:466][  0]LogConfig: Setting CVar [[r.ShadowQuality:5]]
[2025.04.15-20.13.57:466][  0]LogConfig: Setting CVar [[r.Shadow.CSM.MaxCascades:10]]
[2025.04.15-20.13.57:466][  0]LogConfig: Setting CVar [[r.Shadow.MaxResolution:2048]]
[2025.04.15-20.13.57:466][  0]LogConfig: Setting CVar [[r.Shadow.MaxCSMResolution:2048]]
[2025.04.15-20.13.57:466][  0]LogConfig: Setting CVar [[r.Shadow.RadiusThreshold:0.01]]
[2025.04.15-20.13.57:466][  0]LogConfig: Setting CVar [[r.Shadow.DistanceScale:1.0]]
[2025.04.15-20.13.57:466][  0]LogConfig: Setting CVar [[r.Shadow.CSM.TransitionScale:1.0]]
[2025.04.15-20.13.57:466][  0]LogConfig: Setting CVar [[r.Shadow.PreShadowResolutionFactor:1.0]]
[2025.04.15-20.13.57:466][  0]LogConfig: Setting CVar [[r.DistanceFieldShadowing:1]]
[2025.04.15-20.13.57:466][  0]LogConfig: Setting CVar [[r.DistanceFieldAO:1]]
[2025.04.15-20.13.57:466][  0]LogConfig: Setting CVar [[r.AOQuality:2]]
[2025.04.15-20.13.57:466][  0]LogConfig: Setting CVar [[r.VolumetricFog:1]]
[2025.04.15-20.13.57:466][  0]LogConfig: Setting CVar [[r.VolumetricFog.GridPixelSize:8]]
[2025.04.15-20.13.57:466][  0]LogConfig: Setting CVar [[r.VolumetricFog.GridSizeZ:128]]
[2025.04.15-20.13.57:466][  0]LogConfig: Setting CVar [[r.VolumetricFog.HistoryMissSupersampleCount:4]]
[2025.04.15-20.13.57:466][  0]LogConfig: Setting CVar [[r.LightMaxDrawDistanceScale:1]]
[2025.04.15-20.13.57:466][  0]LogConfig: Setting CVar [[r.CapsuleShadows:1]]
[2025.04.15-20.13.57:466][  0]LogConfig: Applying CVar settings from Section [PostProcessQuality@3] File [C:/Users/Playeroth/Documents/EscapeTheBackrooms--Mods/ETBModTemplate/Saved/Config/Windows/Scalability.ini]
[2025.04.15-20.13.57:466][  0]LogConfig: Setting CVar [[r.MotionBlurQuality:4]]
[2025.04.15-20.13.57:466][  0]LogConfig: Setting CVar [[r.AmbientOcclusionMipLevelFactor:0.4]]
[2025.04.15-20.13.57:466][  0]LogConfig: Setting CVar [[r.AmbientOcclusionMaxQuality:100]]
[2025.04.15-20.13.57:466][  0]LogConfig: Setting CVar [[r.AmbientOcclusionLevels:-1]]
[2025.04.15-20.13.57:466][  0]LogConfig: Setting CVar [[r.AmbientOcclusionRadiusScale:1.0]]
[2025.04.15-20.13.57:466][  0]LogConfig: Setting CVar [[r.DepthOfFieldQuality:2]]
[2025.04.15-20.13.57:466][  0]LogConfig: Setting CVar [[r.RenderTargetPoolMin:400]]
[2025.04.15-20.13.57:466][  0]LogConfig: Setting CVar [[r.LensFlareQuality:2]]
[2025.04.15-20.13.57:466][  0]LogConfig: Setting CVar [[r.SceneColorFringeQuality:1]]
[2025.04.15-20.13.57:466][  0]LogConfig: Setting CVar [[r.EyeAdaptationQuality:2]]
[2025.04.15-20.13.57:466][  0]LogConfig: Setting CVar [[r.BloomQuality:5]]
[2025.04.15-20.13.57:466][  0]LogConfig: Setting CVar [[r.FastBlurThreshold:100]]
[2025.04.15-20.13.57:466][  0]LogConfig: Setting CVar [[r.Upscale.Quality:3]]
[2025.04.15-20.13.57:466][  0]LogConfig: Setting CVar [[r.Tonemapper.GrainQuantization:1]]
[2025.04.15-20.13.57:466][  0]LogConfig: Setting CVar [[r.LightShaftQuality:1]]
[2025.04.15-20.13.57:466][  0]LogConfig: Setting CVar [[r.Filter.SizeScale:1]]
[2025.04.15-20.13.57:466][  0]LogConfig: Setting CVar [[r.Tonemapper.Quality:5]]
[2025.04.15-20.13.57:466][  0]LogConfig: Setting CVar [[r.DOF.Gather.AccumulatorQuality:1        ; higher gathering accumulator quality]]
[2025.04.15-20.13.57:466][  0]LogConfig: Setting CVar [[r.DOF.Gather.PostfilterMethod:1          ; Median3x3 postfilering method]]
[2025.04.15-20.13.57:466][  0]LogConfig: Setting CVar [[r.DOF.Gather.EnableBokehSettings:0       ; no bokeh simulation when gathering]]
[2025.04.15-20.13.57:466][  0]LogConfig: Setting CVar [[r.DOF.Gather.RingCount:4                 ; medium number of samples when gathering]]
[2025.04.15-20.13.57:466][  0]LogConfig: Setting CVar [[r.DOF.Scatter.ForegroundCompositing:1    ; additive foreground scattering]]
[2025.04.15-20.13.57:466][  0]LogConfig: Setting CVar [[r.DOF.Scatter.BackgroundCompositing:2    ; additive background scattering]]
[2025.04.15-20.13.57:466][  0]LogConfig: Setting CVar [[r.DOF.Scatter.EnableBokehSettings:1      ; bokeh simulation when scattering]]
[2025.04.15-20.13.57:466][  0]LogConfig: Setting CVar [[r.DOF.Scatter.MaxSpriteRatio:0.1         ; only a maximum of 10% of scattered bokeh]]
[2025.04.15-20.13.57:466][  0]LogConfig: Setting CVar [[r.DOF.Recombine.Quality:1                ; cheap slight out of focus]]
[2025.04.15-20.13.57:466][  0]LogConfig: Setting CVar [[r.DOF.Recombine.EnableBokehSettings:0    ; no bokeh simulation on slight out of focus]]
[2025.04.15-20.13.57:466][  0]LogConfig: Setting CVar [[r.DOF.TemporalAAQuality:1                ; more stable temporal accumulation]]
[2025.04.15-20.13.57:466][  0]LogConfig: Setting CVar [[r.DOF.Kernel.MaxForegroundRadius:0.025]]
[2025.04.15-20.13.57:466][  0]LogConfig: Setting CVar [[r.DOF.Kernel.MaxBackgroundRadius:0.025]]
[2025.04.15-20.13.57:466][  0]LogConfig: Applying CVar settings from Section [TextureQuality@3] File [C:/Users/Playeroth/Documents/EscapeTheBackrooms--Mods/ETBModTemplate/Saved/Config/Windows/Scalability.ini]
[2025.04.15-20.13.57:466][  0]LogConfig: Setting CVar [[r.Streaming.MipBias:0]]
[2025.04.15-20.13.57:466][  0]LogConfig: Setting CVar [[r.Streaming.AmortizeCPUToGPUCopy:0]]
[2025.04.15-20.13.57:466][  0]LogConfig: Setting CVar [[r.Streaming.MaxNumTexturesToStreamPerFrame:0]]
[2025.04.15-20.13.57:466][  0]LogConfig: Setting CVar [[r.Streaming.Boost:1]]
[2025.04.15-20.13.57:466][  0]LogConfig: Setting CVar [[r.MaxAnisotropy:8]]
[2025.04.15-20.13.57:466][  0]LogConfig: Setting CVar [[r.VT.MaxAnisotropy:8]]
[2025.04.15-20.13.57:466][  0]LogConfig: Setting CVar [[r.Streaming.LimitPoolSizeToVRAM:0]]
[2025.04.15-20.13.57:466][  0]LogConfig: Setting CVar [[r.Streaming.PoolSize:1000]]
[2025.04.15-20.13.57:466][  0]LogConfig: Setting CVar [[r.Streaming.MaxEffectiveScreenSize:0]]
[2025.04.15-20.13.57:467][  0]LogConfig: Applying CVar settings from Section [EffectsQuality@3] File [C:/Users/Playeroth/Documents/EscapeTheBackrooms--Mods/ETBModTemplate/Saved/Config/Windows/Scalability.ini]
[2025.04.15-20.13.57:467][  0]LogConfig: Setting CVar [[r.TranslucencyLightingVolumeDim:64]]
[2025.04.15-20.13.57:467][  0]LogConfig: Setting CVar [[r.RefractionQuality:2]]
[2025.04.15-20.13.57:467][  0]LogConfig: Setting CVar [[r.SSR.Quality:3]]
[2025.04.15-20.13.57:467][  0]LogConfig: Setting CVar [[r.SSR.HalfResSceneColor:0]]
[2025.04.15-20.13.57:467][  0]LogConfig: Setting CVar [[r.SceneColorFormat:4]]
[2025.04.15-20.13.57:467][  0]LogConfig: Setting CVar [[r.DetailMode:2]]
[2025.04.15-20.13.57:467][  0]LogConfig: Setting CVar [[r.TranslucencyVolumeBlur:1]]
[2025.04.15-20.13.57:467][  0]LogConfig: Setting CVar [[r.MaterialQualityLevel:1 ; High quality]]
[2025.04.15-20.13.57:467][  0]LogConfig: Setting CVar [[r.AnisotropicMaterials:1]]
[2025.04.15-20.13.57:467][  0]LogConfig: Setting CVar [[r.SSS.Scale:1]]
[2025.04.15-20.13.57:467][  0]LogConfig: Setting CVar [[r.SSS.SampleSet:2]]
[2025.04.15-20.13.57:467][  0]LogConfig: Setting CVar [[r.SSS.Quality:1]]
[2025.04.15-20.13.57:467][  0]LogConfig: Setting CVar [[r.SSS.HalfRes:0]]
[2025.04.15-20.13.57:467][  0]LogConfig: Setting CVar [[r.SSGI.Quality:3]]
[2025.04.15-20.13.57:467][  0]LogConfig: Setting CVar [[r.EmitterSpawnRateScale:1.0]]
[2025.04.15-20.13.57:467][  0]LogConfig: Setting CVar [[r.ParticleLightQuality:2]]
[2025.04.15-20.13.57:467][  0]LogConfig: Setting CVar [[r.SkyAtmosphere.AerialPerspectiveLUT.FastApplyOnOpaque:1 ; Always have FastSkyLUT 1 in this case to avoid wrong sky]]
[2025.04.15-20.13.57:467][  0]LogConfig: Setting CVar [[r.SkyAtmosphere.AerialPerspectiveLUT.SampleCountMaxPerSlice:4]]
[2025.04.15-20.13.57:467][  0]LogConfig: Setting CVar [[r.SkyAtmosphere.AerialPerspectiveLUT.DepthResolution:16.0]]
[2025.04.15-20.13.57:467][  0]LogConfig: Setting CVar [[r.SkyAtmosphere.FastSkyLUT:1]]
[2025.04.15-20.13.57:467][  0]LogConfig: Setting CVar [[r.SkyAtmosphere.FastSkyLUT.SampleCountMin:4.0]]
[2025.04.15-20.13.57:467][  0]LogConfig: Setting CVar [[r.SkyAtmosphere.FastSkyLUT.SampleCountMax:128.0]]
[2025.04.15-20.13.57:467][  0]LogConfig: Setting CVar [[r.SkyAtmosphere.SampleCountMin:4.0]]
[2025.04.15-20.13.57:467][  0]LogConfig: Setting CVar [[r.SkyAtmosphere.SampleCountMax:128.0]]
[2025.04.15-20.13.57:467][  0]LogConfig: Setting CVar [[r.SkyAtmosphere.TransmittanceLUT.UseSmallFormat:0]]
[2025.04.15-20.13.57:467][  0]LogConfig: Setting CVar [[r.SkyAtmosphere.TransmittanceLUT.SampleCount:10.0]]
[2025.04.15-20.13.57:467][  0]LogConfig: Setting CVar [[r.SkyAtmosphere.MultiScatteringLUT.SampleCount:15.0]]
[2025.04.15-20.13.57:467][  0]LogConfig: Setting CVar [[r.SkyLight.RealTimeReflectionCapture:1]]
[2025.04.15-20.13.57:467][  0]LogConfig: Applying CVar settings from Section [FoliageQuality@3] File [C:/Users/Playeroth/Documents/EscapeTheBackrooms--Mods/ETBModTemplate/Saved/Config/Windows/Scalability.ini]
[2025.04.15-20.13.57:467][  0]LogConfig: Setting CVar [[foliage.DensityScale:1.0]]
[2025.04.15-20.13.57:467][  0]LogConfig: Setting CVar [[grass.DensityScale:1.0]]
[2025.04.15-20.13.57:467][  0]LogConfig: Applying CVar settings from Section [ShadingQuality@3] File [C:/Users/Playeroth/Documents/EscapeTheBackrooms--Mods/ETBModTemplate/Saved/Config/Windows/Scalability.ini]
[2025.04.15-20.13.57:467][  0]LogConfig: Setting CVar [[r.HairStrands.SkyLighting.IntegrationType:2]]
[2025.04.15-20.13.57:467][  0]LogConfig: Setting CVar [[r.HairStrands.SkyAO.SampleCount:4]]
[2025.04.15-20.13.57:467][  0]LogConfig: Setting CVar [[r.HairStrands.Visibility.MSAA.SamplePerPixel:4]]
[2025.04.15-20.13.57:467][  0]LogConfig: Applying CVar settings from Section [Startup] File [../../../Engine/Config/ConsoleVariables.ini]
[2025.04.15-20.13.57:468][  0]LogConfig: Setting CVar [[net.UseAdaptiveNetUpdateFrequency:0]]
[2025.04.15-20.13.57:468][  0]LogConfig: Setting CVar [[p.chaos.AllowCreatePhysxBodies:1]]
[2025.04.15-20.13.57:468][  0]LogConfig: Setting CVar [[fx.SkipVectorVMBackendOptimizations:1]]
[2025.04.15-20.13.57:468][  0]LogConfig: Applying CVar settings from Section [ConsoleVariables] File [C:/Users/Playeroth/Documents/EscapeTheBackrooms--Mods/ETBModTemplate/Saved/Config/Windows/Engine.ini]
[2025.04.15-20.13.57:468][  0]LogConfig: Applying CVar settings from Section [ConsoleVariables] File [C:/Users/Playeroth/Documents/EscapeTheBackrooms--Mods/ETBModTemplate/Saved/Config/Windows/Editor.ini]
[2025.04.15-20.13.57:470][  0]LogInit: Computer: DESKTOP-PLAYER
[2025.04.15-20.13.57:470][  0]LogInit: User: Playeroth
[2025.04.15-20.13.57:470][  0]LogInit: CPU Page size=4096, Cores=6
[2025.04.15-20.13.57:470][  0]LogInit: High frequency timer resolution =10.000000 MHz
[2025.04.15-20.13.57:471][  0]LogMemory: Memory total: Physical=15.9GB (16GB approx)
[2025.04.15-20.13.57:471][  0]LogMemory: Platform Memory Stats for Windows
[2025.04.15-20.13.57:471][  0]LogMemory: Process Physical Memory: 145.27 MB used, 145.27 MB peak
[2025.04.15-20.13.57:471][  0]LogMemory: Process Virtual Memory: 131.90 MB used, 131.90 MB peak
[2025.04.15-20.13.57:471][  0]LogMemory: Physical Memory: 12640.89 MB used,  3614.96 MB free, 16255.85 MB total
[2025.04.15-20.13.57:471][  0]LogMemory: Virtual Memory: 134206624.00 MB used,  11102.18 MB free, 134217728.00 MB total
[2025.04.15-20.13.57:477][  0]LogWindows: WindowsPlatformFeatures enabled
[2025.04.15-20.13.57:789][  0]LogInit: Physics initialised using underlying interface: PhysX
[2025.04.15-20.13.57:793][  0]LogInit: Overriding language with editor language configuration option (en).
[2025.04.15-20.13.57:793][  0]LogInit: Overriding language with editor locale configuration option (en).
[2025.04.15-20.13.58:210][  0]LogInit: Setting process to per monitor DPI aware
[2025.04.15-20.13.58:240][  0]LogWindowsTextInputMethodSystem: Display: IME system deactivated.
[2025.04.15-20.13.58:304][  0]LogSlate: New Slate User Created.  User Index 0, Is Virtual User: 0
[2025.04.15-20.13.58:304][  0]LogSlate: Slate User Registered.  User Index 0, Is Virtual User: 0
[2025.04.15-20.14.01:356][  0]LogD3D11RHI: Loaded GFSDK_Aftermath_Lib.x64.dll
[2025.04.15-20.14.01:359][  0]LogHMD: Failed to initialize OpenVR with code 110
[2025.04.15-20.14.01:359][  0]LogD3D11RHI: D3D11 min allowed feature level: 11_0
[2025.04.15-20.14.01:359][  0]LogD3D11RHI: D3D11 max allowed feature level: 11_0
[2025.04.15-20.14.01:359][  0]LogD3D11RHI: D3D11 adapters:
[2025.04.15-20.14.01:427][  0]LogD3D11RHI:    0. 'AMD Radeon RX 580 2048SP' (Feature Level 11_0)
[2025.04.15-20.14.01:427][  0]LogD3D11RHI:       8170/0/8127 MB DedicatedVideo/DedicatedSystem/SharedSystem, Outputs:1, VendorId:0x1002
[2025.04.15-20.14.01:433][  0]LogD3D11RHI:    1. 'Microsoft Basic Render Driver' (Feature Level 11_0)
[2025.04.15-20.14.01:433][  0]LogD3D11RHI:       0/0/8127 MB DedicatedVideo/DedicatedSystem/SharedSystem, Outputs:0, VendorId:0x1414
[2025.04.15-20.14.01:433][  0]LogD3D11RHI: Chosen D3D11 Adapter:
[2025.04.15-20.14.01:433][  0]LogD3D11RHI:     Description : AMD Radeon RX 580 2048SP
[2025.04.15-20.14.01:433][  0]LogD3D11RHI:     VendorId    : 1002
[2025.04.15-20.14.01:433][  0]LogD3D11RHI:     DeviceId    : 6fdf
[2025.04.15-20.14.01:433][  0]LogD3D11RHI:     SubSysId    : b311002
[2025.04.15-20.14.01:433][  0]LogD3D11RHI:     Revision    : 00ef
[2025.04.15-20.14.01:433][  0]LogD3D11RHI:     DedicatedVideoMemory : 8567906304 bytes
[2025.04.15-20.14.01:433][  0]LogD3D11RHI:     DedicatedSystemMemory : 0 bytes
[2025.04.15-20.14.01:433][  0]LogD3D11RHI:     SharedSystemMemory : 8522747904 bytes
[2025.04.15-20.14.01:433][  0]LogD3D11RHI:     AdapterLuid : 0 60967
[2025.04.15-20.14.01:439][  0]LogD3D11RHI: Creating new Direct3DDevice
[2025.04.15-20.14.01:439][  0]LogD3D11RHI:     GPU DeviceId: 0x6fdf (for the marketing name, search the web for "GPU Device Id")
[2025.04.15-20.14.01:439][  0]LogWindows: EnumDisplayDevices:
[2025.04.15-20.14.01:439][  0]LogWindows:    0. 'AMD Radeon RX 580 2048SP' (P:1 D:1)
[2025.04.15-20.14.01:439][  0]LogWindows:    1. 'AMD Radeon RX 580 2048SP' (P:0 D:0)
[2025.04.15-20.14.01:440][  0]LogWindows:    2. 'AMD Radeon RX 580 2048SP' (P:0 D:0)
[2025.04.15-20.14.01:440][  0]LogWindows:    3. 'AMD Radeon RX 580 2048SP' (P:0 D:0)
[2025.04.15-20.14.01:440][  0]LogWindows:    4. 'AMD Radeon RX 580 2048SP' (P:0 D:0)
[2025.04.15-20.14.01:441][  0]LogWindows:    5. 'AMD Radeon RX 580 2048SP' (P:0 D:0)
[2025.04.15-20.14.01:441][  0]LogWindows:    6. 'AMD Radeon RX 580 2048SP' (P:0 D:0)
[2025.04.15-20.14.01:441][  0]LogWindows: DebugString: FoundDriverCount:7 
[2025.04.15-20.14.01:441][  0]LogD3D11RHI:     Adapter Name: AMD Radeon RX 580 2048SP
[2025.04.15-20.14.01:441][  0]LogD3D11RHI:   Driver Version: AMD Software: Adrenalin Edition 24.9.1 (internal:31.0.21921.1000, unified:31.0.21921.1000)
[2025.04.15-20.14.01:441][  0]LogD3D11RHI:      Driver Date: 8-19-2024
[2025.04.15-20.14.01:441][  0]LogRHI: Texture pool is 5182 MB (70% of 7402 MB)
[2025.04.15-20.14.01:468][  0]LogD3D11RHI: Creating D3DDevice with AMD AGS, using adapter:
[2025.04.15-20.14.01:468][  0]LogD3D11RHI:     Description : AMD Radeon RX 580 2048SP
[2025.04.15-20.14.01:468][  0]LogD3D11RHI:     VendorId    : 1002
[2025.04.15-20.14.01:468][  0]LogD3D11RHI:     DeviceId    : 6fdf
[2025.04.15-20.14.01:468][  0]LogD3D11RHI:     SubSysId    : b311002
[2025.04.15-20.14.01:468][  0]LogD3D11RHI:     Revision    : 00ef
[2025.04.15-20.14.01:468][  0]LogD3D11RHI:     DedicatedVideoMemory : 8567906304 bytes
[2025.04.15-20.14.01:468][  0]LogD3D11RHI:     DedicatedSystemMemory : 0 bytes
[2025.04.15-20.14.01:468][  0]LogD3D11RHI:     SharedSystemMemory : 8522747904 bytes
[2025.04.15-20.14.01:468][  0]LogD3D11RHI:     AdapterLuid : 0 60967
[2025.04.15-20.14.01:514][  0]LogD3D11RHI: Created device via AGS, feature level 11_0, supported extensions 1fffffbf.
[2025.04.15-20.14.01:514][  0]LogD3D11RHI: RHI has support for 64 bit atomics
[2025.04.15-20.14.01:514][  0]LogD3D11RHI: Async texture creation enabled
[2025.04.15-20.14.01:514][  0]LogD3D11RHI: Array index from any shader is supported
[2025.04.15-20.14.01:514][  0]LogD3D11RHI: HDR output is supported on display 0 (AMD Device: 0x0, Display: 0x0).
[2025.04.15-20.14.01:552][  0]LogD3D11RHI: GPU Timing Frequency: 25.000000 (Debug: 2 1)
[2025.04.15-20.14.01:818][  0]LogTargetPlatformManager: Display: Loaded TargetPlatform 'AllDesktop'
[2025.04.15-20.14.01:838][  0]LogTargetPlatformManager: Display: Loaded TargetPlatform 'Android'
[2025.04.15-20.14.01:838][  0]LogTargetPlatformManager: Display: Loaded TargetPlatform 'Android_ASTC'
[2025.04.15-20.14.01:838][  0]LogTargetPlatformManager: Display: Loaded TargetPlatform 'Android_DXT'
[2025.04.15-20.14.01:838][  0]LogTargetPlatformManager: Display: Loaded TargetPlatform 'Android_ETC2'
[2025.04.15-20.14.01:838][  0]LogTargetPlatformManager: Display: Loaded TargetPlatform 'AndroidClient'
[2025.04.15-20.14.01:838][  0]LogTargetPlatformManager: Display: Loaded TargetPlatform 'Android_ASTCClient'
[2025.04.15-20.14.01:839][  0]LogTargetPlatformManager: Display: Loaded TargetPlatform 'Android_DXTClient'
[2025.04.15-20.14.01:839][  0]LogTargetPlatformManager: Display: Loaded TargetPlatform 'Android_ETC2Client'
[2025.04.15-20.14.01:839][  0]LogTargetPlatformManager: Display: Loaded TargetPlatform 'Android_Multi'
[2025.04.15-20.14.01:839][  0]LogTargetPlatformManager: Display: Loaded TargetPlatform 'Android_MultiClient'
[2025.04.15-20.14.01:860][  0]LogTargetPlatformManager: Display: Loaded TargetPlatform 'IOSClient'
[2025.04.15-20.14.01:860][  0]LogTargetPlatformManager: Display: Loaded TargetPlatform 'IOS'
[2025.04.15-20.14.01:885][  0]LogTargetPlatformManager: Display: Loaded TargetPlatform 'Linux'
[2025.04.15-20.14.01:890][  0]LogTargetPlatformManager: Display: Loaded TargetPlatform 'LinuxNoEditor'
[2025.04.15-20.14.01:896][  0]LogTargetPlatformManager: Display: Loaded TargetPlatform 'LinuxClient'
[2025.04.15-20.14.01:902][  0]LogTargetPlatformManager: Display: Loaded TargetPlatform 'LinuxServer'
[2025.04.15-20.14.01:920][  0]LogTargetPlatformManager: Display: Loaded TargetPlatform 'LinuxAArch64NoEditor'
[2025.04.15-20.14.01:925][  0]LogTargetPlatformManager: Display: Loaded TargetPlatform 'LinuxAArch64Client'
[2025.04.15-20.14.01:931][  0]LogTargetPlatformManager: Display: Loaded TargetPlatform 'LinuxAArch64Server'
[2025.04.15-20.14.01:964][  0]LogTargetPlatformManager: Display: Loaded TargetPlatform 'Lumin'
[2025.04.15-20.14.01:964][  0]LogTargetPlatformManager: Display: Loaded TargetPlatform 'LuminClient'
[2025.04.15-20.14.01:985][  0]LogTargetPlatformManager: Display: Loaded TargetPlatform 'MacNoEditor'
[2025.04.15-20.14.01:991][  0]LogTargetPlatformManager: Display: Loaded TargetPlatform 'Mac'
[2025.04.15-20.14.01:996][  0]LogTargetPlatformManager: Display: Loaded TargetPlatform 'MacClient'
[2025.04.15-20.14.02:001][  0]LogTargetPlatformManager: Display: Loaded TargetPlatform 'MacServer'
[2025.04.15-20.14.02:009][  0]LogTargetPlatformManager: Display: Loaded TargetPlatform 'TVOSClient'
[2025.04.15-20.14.02:009][  0]LogTargetPlatformManager: Display: Loaded TargetPlatform 'TVOS'
[2025.04.15-20.14.02:020][  0]LogTargetPlatformManager: Display: Loaded TargetPlatform 'WindowsNoEditor'
[2025.04.15-20.14.02:026][  0]LogTargetPlatformManager: Display: Loaded TargetPlatform 'Windows'
[2025.04.15-20.14.02:031][  0]LogTargetPlatformManager: Display: Loaded TargetPlatform 'WindowsClient'
[2025.04.15-20.14.02:036][  0]LogTargetPlatformManager: Display: Loaded TargetPlatform 'WindowsServer'
[2025.04.15-20.14.02:037][  0]LogTargetPlatformManager: Display: Building Assets For Windows
[2025.04.15-20.14.02:116][  0]LogAudioDebug: Display: Lib vorbis DLL was dynamically loaded.
[2025.04.15-20.14.02:225][  0]LogTextureFormatOodle: Display: Oodle Texture 2.9.0 init RDO Off
[2025.04.15-20.14.02:365][  0]LogRendererCore: Ray tracing is disabled. Reason: r.RayTracing=0.
[2025.04.15-20.14.02:367][  0]LogShaderCompilers: Guid format shader working directory is -34 characters bigger than the processId version (../../../../../../Users/Playeroth/Documents/EscapeTheBackrooms--Mods/ETBModTemplate/Intermediate/Shaders/WorkingDirectory/15316/).
[2025.04.15-20.14.02:367][  0]LogShaderCompilers: Cleaned the shader compiler working directory 'C:/Users/Playeroth/AppData/Local/Temp/UnrealShaderWorkingDir/225DEB7A41A16611C99E73842438668A/'.
[2025.04.15-20.14.02:368][  0]LogXGEController: Cannot use XGE Controller as Incredibuild is not installed on this machine.
[2025.04.15-20.14.02:368][  0]LogShaderCompilers: Cannot use XGE Shader Compiler as Incredibuild is not installed on this machine.
[2025.04.15-20.14.02:368][  0]LogShaderCompilers: Display: Using Local Shader Compiler.
[2025.04.15-20.14.07:505][  0]LogDerivedDataCache: Display: Max Cache Size: 512 MB
[2025.04.15-20.14.07:628][  0]LogDerivedDataCache: Loaded boot cache 0.12s 94MB C:/Users/Playeroth/AppData/Local/UnrealEngine/4.27/DerivedDataCache/Boot.ddc.
[2025.04.15-20.14.07:628][  0]LogDerivedDataCache: Display: Loaded Boot cache: C:/Users/Playeroth/AppData/Local/UnrealEngine/4.27/DerivedDataCache/Boot.ddc
[2025.04.15-20.14.07:628][  0]LogDerivedDataCache: FDerivedDataBackendGraph:  Pak pak cache file ../../../../../../Users/Playeroth/Documents/EscapeTheBackrooms--Mods/ETBModTemplate/DerivedDataCache/DDC.ddp not found, will not use a pak cache.
[2025.04.15-20.14.07:628][  0]LogDerivedDataCache: Unable to find inner node Pak for hierarchical cache Hierarchy.
[2025.04.15-20.14.07:628][  0]LogDerivedDataCache: FDerivedDataBackendGraph:  CompressedPak pak cache file ../../../../../../Users/Playeroth/Documents/EscapeTheBackrooms--Mods/ETBModTemplate/DerivedDataCache/Compressed.ddp not found, will not use a pak cache.
[2025.04.15-20.14.07:628][  0]LogDerivedDataCache: Unable to find inner node CompressedPak for hierarchical cache Hierarchy.
[2025.04.15-20.14.07:663][  0]LogDerivedDataCache: Display: Pak cache opened for reading ../../../Engine/DerivedDataCache/Compressed.ddp.
[2025.04.15-20.14.07:663][  0]LogDerivedDataCache: FDerivedDataBackendGraph:  EnterprisePak pak cache file ../../../Enterprise/DerivedDataCache/Compressed.ddp not found, will not use a pak cache.
[2025.04.15-20.14.07:663][  0]LogDerivedDataCache: Unable to find inner node EnterprisePak for hierarchical cache Hierarchy.
[2025.04.15-20.14.07:736][  0]LogDerivedDataCache: Speed tests for C:/Users/Playeroth/AppData/Local/UnrealEngine/Common/DerivedDataCache took 0.07 seconds
[2025.04.15-20.14.07:736][  0]LogDerivedDataCache: Display: Performance to C:/Users/Playeroth/AppData/Local/UnrealEngine/Common/DerivedDataCache: Latency=0.11ms. RandomReadSpeed=13.91MBs, RandomWriteSpeed=190.46MBs. Assigned SpeedClass 'Local'
[2025.04.15-20.14.07:737][  0]LogDerivedDataCache: Using Local data cache path C:/Users/Playeroth/AppData/Local/UnrealEngine/Common/DerivedDataCache: Writable
[2025.04.15-20.14.07:737][  0]LogDerivedDataCache: Shared data cache path not found in *engine.ini, will not use an Shared cache.
[2025.04.15-20.14.07:737][  0]LogDerivedDataCache: Unable to find inner node Shared for hierarchical cache Hierarchy.
[2025.04.15-20.14.07:796][  0]LogSlate: Using FreeType 2.10.0
[2025.04.15-20.14.07:819][  0]LogSlate: SlateFontServices - WITH_FREETYPE: 1, WITH_HARFBUZZ: 1
[2025.04.15-20.14.07:859][  0]LogAssetRegistry: FAssetRegistry took 0.0054 seconds to start up
[2025.04.15-20.14.08:422][  0]LogInit: Selected Device Profile: [Windows]
[2025.04.15-20.14.08:422][  0]LogInit: Active device profile: [0000016F4CAE8F00][0000016F4C4ADAC0 49] Windows
[2025.04.15-20.14.08:422][  0]LogInit: Profiles: [0000016F4CAE8F00][0000016F4C4ADAC0 49] Windows, [0000016F4CABA400][0000016F4C4B40C0 49] WindowsNoEditor, [0000016F4CAE9F00][0000016F4C4B8240 49] WindowsServer, [0000016F4CAB9600][0000016F4C4BC3C0 49] WindowsClient, [0000016F4CAE9000][0000016F4C4C0540 49] IOS, [0000016F4CABBA00][0000016F4C4C46C0 49] iPadAir, [0000016F4CAEB300][0000016F4C4C8840 49] iPadAir2, [0000016F4CA55300][0000016F4C4CCA80 49] IPadPro, [0000016F4CA55400][0000016F4C4B0AC0 49] iPadAir3, [0000016F4CAB8B00][0000016F4C4D0C00 49] iPadAir4, [0000016F4CA56100][0000016F4C4D4D40 49] iPadMini2, [0000016F4CABB400][0000016F4C4DCEC0 49] iPadMini3, [0000016F4CA56C00][0000016F4C4E1040 49] iPadMini4, [0000016F4CABA700][0000016F4C4E51C0 49] iPadMini5, [0000016F4CA70E00][0000016F4C4ED480 49] iPhone6, [0000016F4CA70F00][0000016F4C4E94C0 49] iPodTouch6, [0000016F4CAEB700][0000016F4C4F5780 49] iPhone7, [0000016F4CAEA800][0000016F4C4F17C0 49] iPodTouch7, [0000016F4CA54C00][0000016F4C4F9940 49] iPhone5S, [0000016F4CAE9300][0000016F4C4FDAC0 49] iPhone6Plus, [0000016F4CAE8600][0000016F4C5000C0 49] iPhone6S, [0000016F4CA71300][0000016F4C504240 49] iPhone6SPlus, [0000016F4CAE8B00][0000016F4C5083C0 49] iPhone7Plus, [0000016F4CA71600][0000016F4C50C540 49] iPhoneSE, [0000016F4CAE8A00][0000016F4C5106C0 49] iPhone8, [0000016F4CA71200][0000016F4C514840 49] iPhone8Plus, [0000016F4CA56B00][0000016F4C5189C0 49] iPhoneX, [0000016F4CA70C00][0000016F4C51CB40 49] iPhoneXS, [0000016F4CA57A00][0000016F4C4D8C80 49] iPhoneXSMax, [0000016F4CA73800][0000016F4C520DC0 49] iPhoneXR, [0000016F4CA54D00][0000016F4C524F00 49] iPhone11, [0000016F4CA72600][0000016F4C52D080 49] iPhone11Pro, [0000016F4CA56900][0000016F4C531200 49] iPhone11ProMax, [0000016F4CA70200][0000016F4C535380 49] iPhoneSE2, [0000016F4CA54B00][0000016F4C539500 49] iPhone12Mini, [0000016F4CA72A00][0000016F4C53D680 49] iPhone12, [0000016F4CA56E00][0000016F4C541800 49] iPhone12Pro, [0000016F4CA70A00][0000016F4C545980 49] iPhone12ProMax, [0000016F4CA57200][0000016F4C549B00 49] iPadPro105, [0000016F4CA73600][0000016F4C54C100 49] iPadPro129, [0000016F4CA56000][0000016F4C550280 49] iPadPro97, [0000016F4CA72000][0000016F4C554400 49] iPadPro2_129, [0000016F4CA56400][0000016F4C558580 49] iPad5, [0000016F4CA71400][0000016F4C55C700 49] iPad6, [0000016F4CA55000][0000016F4C560880 49] iPad7, [0000016F4CA71700][0000016F4C564A00 49] iPad8, [0000016F4CA57C00][0000016F4C568B80 49] iPadPro11, [0000016F4CA71800][0000016F4C56CD00 49] iPadPro2_11, [0000016F4CA54600][0000016F4C528E40 49] iPadPro3_129, [0000016F4CA70D00][0000016F4D580F80 49] iPadPro4_129, [0000016F4CA57100][0000016F4D5850C0 49] AppleTV, [0000016F4CA70800][0000016F4D58D240 49] AppleTV4K, [0000016F4CA54500][0000016F4D5913C0 49] TVOS, [0000016F4CA70500][0000016F4D595540 49] Mac, [0000016F4CA54700][0000016F4D5996C0 49] MacClient, [0000016F4CA71500][0000016F4D59D840 49] MacNoEditor, [0000016F4CA55500][0000016F4D5A19C0 49] MacServer, [0000016F4CA72E00][0000016F4D5A5B40 49] Linux, [0000016F4CA54400][0000016F4D5A8140 49] LinuxAArch64, [0000016F4CA71E00][0000016F4D5AC2C0 49] LinuxNoEditor, [0000016F4CA55C00][0000016F4D5B0440 49] LinuxAArch64NoEditor, [0000016F4CA72900][0000016F4D5B45C0 49] LinuxClient, [0000016F4CA56D00][0000016F4D5B8740 49] LinuxAArch64Client, [0000016F4CA70100][0000016F4D5BC8C0 49] LinuxServer, [0000016F4CA55E00][0000016F4D5C0A40 49] LinuxAArch64Server, [0000016F4CA70B00][0000016F4D5C4BC0 49] Android, [0000016F4CA55A00][0000016F4D5C8D40 49] Android_Low, [0000016F4CA72F00][0000016F4D5CCEC0 49] Android_Mid, [0000016F4CA55100][0000016F4D589000 49] Android_High, [0000016F4CA73000][0000016F4D5D1140 49] Android_Default, [0000016F4CA55700][0000016F4D605280 49] Android_Adreno4xx, [0000016F4CA71900][0000016F4D60D3C0 49] Android_Adreno5xx_Low, [0000016F4CA54A00][0000016F4D615540 49] Android_Adreno5xx, [0000016F4CA73400][0000016F4D6196C0 49] Android_Adreno6xx, [0000016F4CA54E00][0000016F4D61D840 49] Android_Adreno6xx_Vulkan, [0000016F4CA73100][0000016F4D6219C0 49] Android_Mali_T6xx, [0000016F4CAEAF00][0000016F4D625B40 49] Android_Mali_T7xx, [0000016F4CAB8800][0000016F4D628140 49] Android_Mali_T8xx, [0000016F4CAE9200][0000016F4D62C2C0 49] Android_Mali_G71, [0000016F4CAB8E00][0000016F4D630440 49] Android_Mali_G72, [0000016F4CAE9100][0000016F4D6345C0 49] Android_Mali_G72_Vulkan, [0000016F4CABA500][0000016F4D638740 49] Android_Mali_G76, [0000016F4CAE9500][0000016F4D63C8C0 49] Android_Mali_G76_Vulkan, [0000016F4CABA000][0000016F4D640A40 49] Android_Mali_G77, [0000016F4CAEBF00][0000016F4D644BC0 49] Android_Mali_G77_Vulkan, [0000016F4CAB9D00][0000016F4D648D40 49] Android_Mali_G78, [0000016F4CAE8300][0000016F4D64CEC0 49] Android_Mali_G78_Vulkan, [0000016F4CAB8400][0000016F4D651040 49] Android_Mali_G710, [0000016F4CAEB600][0000016F4D611180 49] Android_Mali_G710_Vulkan, [0000016F4CABB100][0000016F4D6552C0 49] Android_Vulkan_SM5, [0000016F4CAE8900][0000016F4D659400 49] Android_PowerVR_G6xxx, [0000016F4CAB8A00][0000016F4D65D540 49] Android_PowerVR_GT7xxx, [0000016F4CAE8D00][0000016F4D6656C0 49] Android_PowerVR_GE8xxx, [0000016F4CABBB00][0000016F4D669840 49] Android_PowerVR_GM9xxx, [0000016F4CAEA300][0000016F4D66D9C0 49] Android_PowerVR_GM9xxx_Vulkan, [0000016F4CAB9200][0000016F4D671B40 49] Android_TegraK1, [0000016F4CAEAA00][0000016F4D674140 49] Android_Unknown_Vulkan, [0000016F4CABB000][0000016F4D6782C0 49] Lumin, [0000016F4CAE9C00][0000016F4D67C440 49] Lumin_Desktop, [0000016F4CABAE00][0000016F4D6805C0 49] HoloLens, 
[2025.04.15-20.14.08:825][  0]LogMeshReduction: Using QuadricMeshReduction for automatic static mesh reduction
[2025.04.15-20.14.08:825][  0]LogMeshReduction: Using SimplygonMeshReduction for automatic skeletal mesh reduction
[2025.04.15-20.14.08:825][  0]LogMeshReduction: Using ProxyLODMeshReduction for automatic mesh merging
[2025.04.15-20.14.08:825][  0]LogMeshReduction: No distributed automatic mesh merging module available
[2025.04.15-20.14.08:826][  0]LogMeshMerging: No distributed automatic mesh merging module available
[2025.04.15-20.14.08:891][  0]LogNetVersion: EscapeTheBackrooms 1.0.0, NetCL: 17155196, EngineNetVer: 17, GameNetVer: 0 (Checksum: 3701509013)
[2025.04.15-20.14.10:061][  0]LogTexture: Default maximum texture size for cubemaps generated from long-lat sources has been changed from 512 to unlimited. In order to preserve old behaiour for '/Engine/MapTemplates/Sky/DaylightAmbientCubemap.DaylightAmbientCubemap', its maximum texture size has been explicitly set to 512.
[2025.04.15-20.14.10:212][  0]LogHMD: PokeAHoleMaterial loaded successfully
[2025.04.15-20.14.10:231][  0]LogUObjectArray: 17178 objects as part of root set at end of initial load.
[2025.04.15-20.14.10:231][  0]LogUObjectAllocator: 4302048 out of 0 bytes used by permanent object pool.
[2025.04.15-20.14.10:231][  0]LogUObjectArray: CloseDisregardForGC: 0/0 objects in disregard for GC pool
[2025.04.15-20.14.11:469][  0]LogNiagaraDebuggerClient: Niagara Debugger Client Initialized | Session: A5D3976C4FD05C5BA548FC961A36D805 | Instance: 6ABE200E4B481F32AD00A2B2F972C5BE (DESKTOP-PLAYER-15316).
[2025.04.15-20.14.11:906][  0]LogPython: Using Python 3.7.7
[2025.04.15-20.14.12:795][  0]LogTcpMessaging: Initializing TcpMessaging bridge
[2025.04.15-20.14.12:818][  0]LogUdpMessaging: Initializing bridge on interface 0.0.0.0:0 to multicast group 230.0.0.1:6666.
[2025.04.15-20.14.13:126][  0]SourceControl: Source control is disabled
[2025.04.15-20.14.13:127][  0]SourceControl: Source control is disabled
[2025.04.15-20.14.13:137][  0]SourceControl: Source control is disabled
[2025.04.15-20.14.13:159][  0]SourceControl: Source control is disabled
[2025.04.15-20.14.13:168][  0]LogUProjectInfo: Found projects:
[2025.04.15-20.14.13:208][  0]SourceControl: Source control is disabled
[2025.04.15-20.14.13:558][  0]LogOpenImageDenoise: OIDN starting up
[2025.04.15-20.14.13:622][  0]LogAndroidPermission: UAndroidPermissionCallbackProxy::GetInstance
[2025.04.15-20.14.13:661][  0]LogAudioCaptureCore: Display: No Audio Capture implementations found. Audio input will be silent.
[2025.04.15-20.14.13:661][  0]LogAudioCaptureCore: Display: No Audio Capture implementations found. Audio input will be silent.
[2025.04.15-20.14.13:845][  0]LogCollectionManager: Loaded 0 collections in 0.001837 seconds
[2025.04.15-20.14.13:886][  0]LogFileCache: Scanning file cache for directory 'C:/Users/Playeroth/Documents/EscapeTheBackrooms--Mods/ETBModTemplate/Saved/Collections/' took 0.00s
[2025.04.15-20.14.13:886][  0]LogFileCache: Scanning file cache for directory 'C:/Users/Playeroth/Documents/EscapeTheBackrooms--Mods/ETBModTemplate/Content/Developers/Playeroth/Collections/' took 0.00s
[2025.04.15-20.14.13:886][  0]LogFileCache: Scanning file cache for directory 'C:/Users/Playeroth/Documents/EscapeTheBackrooms--Mods/ETBModTemplate/Content/Collections/' took 0.00s
[2025.04.15-20.14.13:886][  0]LogOcInput: OculusInput pre-init called
[2025.04.15-20.14.14:219][  0]LogEngine: Initializing Engine...
[2025.04.15-20.14.14:344][  0]LogHMD: Failed to enumerate extensions. Please check that you have a valid OpenXR runtime installed.
[2025.04.15-20.14.14:344][  0]LogHMD: Failed to initialize OpenVR with code 110
[2025.04.15-20.14.14:344][  0]LogMagicLeap: Warning: VR disabled because ZI is not enabled.  To enable, in the editor, Edit -> Project Settings -> Plugins -> Magic Leap Plugin -> Enable Zero Iteration
[2025.04.15-20.14.14:349][  0]LogStats: UGameplayTagsManager::InitializeManager -  0.001 s
[2025.04.15-20.14.14:487][  0]LogInit: Initializing FReadOnlyCVARCache
[2025.04.15-20.14.14:546][  0]LogAIModule: Creating AISystem for world Untitled
[2025.04.15-20.14.14:558][  0]LogAudio: Display: Initializing Audio Device Manager...
[2025.04.15-20.14.14:563][  0]LogAudio: Display: Loading Default Audio Settings Objects...
[2025.04.15-20.14.14:563][  0]LogAudio: Display: No default SoundConcurrencyObject specified (or failed to load).
[2025.04.15-20.14.14:566][  0]LogAudio: Display: Audio Device Manager Initialized
[2025.04.15-20.14.14:566][  0]LogAudio: Display: Creating Audio Device:                 Id: 1, Scope: Shared, Realtime: True
[2025.04.15-20.14.14:566][  0]LogAudioMixer: Display: Audio Mixer Platform Settings:
[2025.04.15-20.14.14:566][  0]LogAudioMixer: Display: 	Sample Rate:						  48000
[2025.04.15-20.14.14:566][  0]LogAudioMixer: Display: 	Callback Buffer Frame Size Requested: 1024
[2025.04.15-20.14.14:566][  0]LogAudioMixer: Display: 	Callback Buffer Frame Size To Use:	  1024
[2025.04.15-20.14.14:566][  0]LogAudioMixer: Display: 	Number of buffers to queue:			  2
[2025.04.15-20.14.14:566][  0]LogAudioMixer: Display: 	Max Channels (voices):				  32
[2025.04.15-20.14.14:567][  0]LogAudioMixer: Display: 	Number of Async Source Workers:		  0
[2025.04.15-20.14.14:567][  0]LogAudio: Display: AudioDevice MaxSources: 32
[2025.04.15-20.14.14:568][  0]LogAudio: Display: Audio Spatialization Plugin: None (built-in).
[2025.04.15-20.14.14:568][  0]LogAudio: Display: Audio Reverb Plugin: None (built-in).
[2025.04.15-20.14.14:568][  0]LogAudio: Display: Audio Occlusion Plugin: None (built-in).
[2025.04.15-20.14.14:568][  0]LogAudioMixer: Display: Initializing audio mixer.
[2025.04.15-20.14.14:591][  0]LogAudioMixer: Display: 0: FrontLeft
[2025.04.15-20.14.14:591][  0]LogAudioMixer: Display: 1: FrontRight
[2025.04.15-20.14.14:612][  0]LogAudioMixer: Display: Using Audio Device Alto-falantes (Realtek High Definition Audio)
[2025.04.15-20.14.14:614][  0]LogAudioMixer: Display: Initializing Sound Submixes...
[2025.04.15-20.14.14:616][  0]LogAudioMixer: Display: Creating Master Submix 'MasterSubmixDefault'
[2025.04.15-20.14.14:617][  0]LogAudioMixer: Display: Creating Master Submix 'MasterReverbSubmixDefault'
[2025.04.15-20.14.14:619][  0]LogAudioMixer: Display: Creating Master Submix 'MasterEQSubmixDefault'
[2025.04.15-20.14.14:620][  0]LogAudioMixer: FMixerPlatformXAudio2::StartAudioStream() called
[2025.04.15-20.14.14:620][  0]LogAudioMixer: Display: Output buffers initialized: Frames=1024, Channels=2, Samples=2048
[2025.04.15-20.14.14:621][  0]LogAudioMixer: Display: Starting AudioMixerPlatformInterface::RunInternal()
[2025.04.15-20.14.14:621][  0]LogAudioMixer: Display: FMixerPlatformXAudio2::SubmitBuffer() called for the first time
[2025.04.15-20.14.14:621][  0]LogInit: FAudioDevice initialized.
[2025.04.15-20.14.14:623][  0]LogAudio: Display: Audio Device (ID: 1) registered with world 'Untitled'.
[2025.04.15-20.14.14:623][  0]LogNetVersion: Set ProjectVersion to 1.0.0.0. Version Checksum will be recalculated on next use.
[2025.04.15-20.14.14:671][  0]LogDerivedDataCache: Saved boot cache 0.05s 94MB C:/Users/Playeroth/AppData/Local/UnrealEngine/4.27/DerivedDataCache/Boot.ddc.
[2025.04.15-20.14.14:672][  0]LogInit: Texture streaming: Enabled
[2025.04.15-20.14.14:689][  0]LogAnalytics: Display: [UEEditor.Rocket.Release] APIServer = https://datarouter.ol.epicgames.com/. AppVersion = 4.27.2-18319896+++UE4+Release-4.27
[2025.04.15-20.14.14:694][  0]LogEngineSessionManager: EngineSessionManager initialized
[2025.04.15-20.14.14:694][  0]LogEditorSessionSummary: Verbose: Initializing EditorSessionSummaryWriter for editor session tracking
[2025.04.15-20.14.14:697][  0]LogEditorSessionSummary: EditorSessionSummaryWriter initialized
[2025.04.15-20.14.14:896][  0]LogInit: Transaction tracking system initialized
[2025.04.15-20.14.14:938][  0]BlueprintLog: New page: Editor Load
[2025.04.15-20.14.15:090][  0]LocalizationService: Localization service is disabled
[2025.04.15-20.14.15:146][  0]TimingProfiler: Initialize
[2025.04.15-20.14.15:147][  0]TimingProfiler: OnSessionChanged
[2025.04.15-20.14.15:148][  0]LoadingProfiler: Initialize
[2025.04.15-20.14.15:148][  0]LoadingProfiler: OnSessionChanged
[2025.04.15-20.14.15:148][  0]NetworkingProfiler: Initialize
[2025.04.15-20.14.15:148][  0]NetworkingProfiler: OnSessionChanged
[2025.04.15-20.14.15:148][  0]MemoryProfiler: Initialize
[2025.04.15-20.14.15:149][  0]MemoryProfiler: OnSessionChanged
[2025.04.15-20.14.15:364][  0]LogFileCache: Scanning file cache for directory 'C:/Users/Playeroth/Documents/EscapeTheBackrooms--Mods/ETBModTemplate/Content/' took 0.00s
[2025.04.15-20.14.15:364][  0]LogCook: Display: CookSettings for Memory: MemoryMaxUsedVirtual 0MiB, MemoryMaxUsedPhysical 16384MiB, MemoryMinFreeVirtual 0MiB, MemoryMinFreePhysical 1024MiB
[2025.04.15-20.14.15:364][  0]LogCook: Display: Mobile HDR setting 1
[2025.04.15-20.14.15:858][  0]LogInit: Display: Engine is initialized. Leaving FEngineLoop::Init()
[2025.04.15-20.14.15:869][  0]SourceControl: Source control is disabled
[2025.04.15-20.14.15:870][  0]LogUnrealEdMisc: Loading editor; pre map load, took 19.561
[2025.04.15-20.14.15:872][  0]Cmd: MAP LOAD FILE="../../../Engine/Content/Maps/Templates/Template_Default.umap" TEMPLATE=1 SHOWPROGRESS=1 FEATURELEVEL=3
[2025.04.15-20.14.15:873][  0]LightingResults: New page: Lighting Build
[2025.04.15-20.14.15:879][  0]LogWorld: UWorld::CleanupWorld for Untitled, bSessionEnded=true, bCleanupResources=true
[2025.04.15-20.14.15:882][  0]LogSlate: InvalidateAllWidgets triggered.  All widgets were invalidated
[2025.04.15-20.14.15:886][  0]MapCheck: New page: Map Check
[2025.04.15-20.14.15:886][  0]LightingResults: New page: Lighting Build
[2025.04.15-20.14.15:899][  0]LogAudio: Display: Audio Device unregistered from world 'None'.
[2025.04.15-20.14.15:911][  0]LogUObjectHash: Compacting FUObjectHashTables data took   0.99ms
[2025.04.15-20.14.15:980][  0]LogTexture: Display: Building textures: DeprecatedTextureEB9CBE3C423008B5E8E130901E171C89 (BGRA8, 128X128)
[2025.04.15-20.14.15:997][  0]LogAudio: Display: Audio Device (ID: 1) registered with world 'Untitled_1'.
[2025.04.15-20.14.15:998][  0]LogAIModule: Creating AISystem for world Untitled_1
[2025.04.15-20.14.16:029][  0]LogEditorServer: Finished looking for orphan Actors (0.000 secs)
[2025.04.15-20.14.16:042][  0]LogUObjectHash: Compacting FUObjectHashTables data took   0.95ms
[2025.04.15-20.14.16:044][  0]Cmd: MAP CHECKDEP NOCLEARLOG
[2025.04.15-20.14.16:045][  0]MapCheck: Map check complete: 0 Error(s), 0 Warning(s), took 0.622ms to complete.
[2025.04.15-20.14.16:045][  0]LogFileHelpers: Loading map 'Template_Default' took 0.175
[2025.04.15-20.14.16:096][  0]LogUnrealEdMisc: Total Editor Startup Time, took 19.787
[2025.04.15-20.14.16:295][  0]LogSlate: Updating window title bar state: overlay mode, drag disabled, window buttons hidden, title bar hidden
[2025.04.15-20.14.16:303][  0]LogSlate: Updating window title bar state: overlay mode, drag disabled, window buttons hidden, title bar hidden
[2025.04.15-20.14.16:308][  0]LogSlate: Updating window title bar state: overlay mode, drag disabled, window buttons hidden, title bar hidden
[2025.04.15-20.14.16:313][  0]LogSlate: Updating window title bar state: overlay mode, drag disabled, window buttons hidden, title bar hidden
[2025.04.15-20.14.16:358][  0]LogNativeClassHierarchy: Verbose: Native class hierarchy populated in 0.0085 seconds. Added 3822 classes and 928 folders.
[2025.04.15-20.14.16:371][  0]LogNativeClassHierarchy: Verbose: Native class hierarchy updated for 'WidgetCarousel' in 0.0003 seconds. Added 0 classes and 0 folders.
[2025.04.15-20.14.16:378][  0]LogNativeClassHierarchy: Verbose: Native class hierarchy updated for 'AddContentDialog' in 0.0003 seconds. Added 0 classes and 0 folders.
[2025.04.15-20.14.16:384][  0]LogNativeClassHierarchy: Verbose: Native class hierarchy updated for 'SceneOutliner' in 0.0003 seconds. Added 2 classes and 0 folders.
[2025.04.15-20.14.16:461][  0]LogSlate: Took 0.006662 seconds to synchronously load lazily loaded font '../../../Engine/Content/Slate/Fonts/Roboto-Regular.ttf' (155K)
[2025.04.15-20.14.16:471][  0]LogSlate: Took 0.007434 seconds to synchronously load lazily loaded font '../../../Engine/Content/Editor/Slate/Fonts/FontAwesome.ttf' (139K)
[2025.04.15-20.14.16:480][  0]LogSlate: Took 0.006690 seconds to synchronously load lazily loaded font '../../../Engine/Content/Slate/Fonts/Roboto-Bold.ttf' (160K)
[2025.04.15-20.14.16:705][  0]LogRenderer: Reallocating scene render targets to support 1208x560 Format 10 NumSamples 1 (Frame:1).
[2025.04.15-20.14.16:896][  0]LogNativeClassHierarchy: Verbose: Native class hierarchy updated for 'HierarchicalLODOutliner' in 0.0003 seconds. Added 0 classes and 0 folders.
[2025.04.15-20.14.16:896][  0]LogLoad: (Engine Initialization) Total time: 20.59 seconds
[2025.04.15-20.14.16:896][  0]LogLoad: (Engine Initialization) Total Blueprint compile time: 0.00 seconds
[2025.04.15-20.14.16:952][  0]LogAssetRegistry: Asset discovery search completed in 9.0938 seconds
[2025.04.15-20.14.16:962][  0]LogCollectionManager: Fixed up redirectors for 0 collections in 0.000003 seconds (updated 0 objects)
[2025.04.15-20.14.16:966][  0]LogContentStreaming: Texture pool size now 1000 MB
[2025.04.15-20.14.17:602][  2]LogSlate: Took 0.007517 seconds to synchronously load lazily loaded font '../../../Engine/Content/Slate/Fonts/Roboto-Light.ttf' (167K)
[2025.04.15-20.14.41:611][128]LogSlate: Took 0.007696 seconds to synchronously load lazily loaded font '../../../Engine/Content/Slate/Fonts/Roboto-Italic.ttf' (157K)
[2025.04.15-20.14.41:978][169]LogUObjectHash: Compacting FUObjectHashTables data took   0.70ms
[2025.04.15-20.14.42:024][169]LogSlate: Window 'EscapeTheBackrooms - Unreal Editor' being destroyed
[2025.04.15-20.14.42:119][170]Cmd: QUIT_EDITOR
[2025.04.15-20.14.42:119][170]LogCore: Engine exit requested (reason: UUnrealEdEngine::CloseEditor())
[2025.04.15-20.14.42:124][170]LogCore: Engine exit requested (reason: EngineExit() was called; note: exit was already requested)
[2025.04.15-20.14.42:132][170]LogAudio: Display: Beginning Audio Device Manager Shutdown (Module: AudioMixerXAudio2)...
[2025.04.15-20.14.42:132][170]LogAudio: Display: Destroying 1 Remaining Audio Device(s)...
[2025.04.15-20.14.42:132][170]LogAudio: Display: Audio Device unregistered from world 'Untitled_1'.
[2025.04.15-20.14.42:134][170]LogAudioMixer: FMixerPlatformXAudio2::StopAudioStream() called
[2025.04.15-20.14.42:136][170]LogAudioMixer: FMixerPlatformXAudio2::StopAudioStream() called
[2025.04.15-20.14.42:139][170]LogAudio: Display: Audio Device Manager Shutdown
[2025.04.15-20.14.42:144][170]LogWindowsTextInputMethodSystem: Display: IME system deactivated.
[2025.04.15-20.14.42:147][170]LogExit: Preparing to exit.
[2025.04.15-20.14.42:851][170]LogUObjectHash: Compacting FUObjectHashTables data took   0.84ms
[2025.04.15-20.14.43:010][170]LogWorld: UWorld::CleanupWorld for None, bSessionEnded=true, bCleanupResources=true
[2025.04.15-20.14.43:010][170]LogExit: Editor shut down
[2025.04.15-20.14.43:011][170]LogExit: Transaction tracking system shut down
[2025.04.15-20.14.43:015][170]LogDemo: Cleaned up 0 splitscreen connections with owner deletion
[2025.04.15-20.14.43:305][170]LogExit: Object subsystem successfully closed.
[2025.04.15-20.14.43:324][170]LogShaderCompilers: Display: === FShaderJobCache stats ===
[2025.04.15-20.14.43:325][170]LogShaderCompilers: Display: Total job queries 0, among them cache hits 0 (0.00%)
[2025.04.15-20.14.43:325][170]LogShaderCompilers: Display: Tracking 0 distinct input hashes that result in 0 distinct outputs (0.00%)
[2025.04.15-20.14.43:325][170]LogShaderCompilers: Display: RAM used: 0.00 MB (0.00 GB) of 819.20 MB (0.80 GB) budget. Usage: 0.00%
[2025.04.15-20.14.43:325][170]LogShaderCompilers: Display: ================================================
[2025.04.15-20.14.43:351][170]LogShaderCompilers: Display: Shaders left to compile 0
[2025.04.15-20.14.43:427][170]LogModuleManager: Shutting down and abandoning module HierarchicalLODOutliner (870)
[2025.04.15-20.14.43:427][170]LogModuleManager: Shutting down and abandoning module SceneOutliner (868)
[2025.04.15-20.14.43:427][170]LogModuleManager: Shutting down and abandoning module AddContentDialog (866)
[2025.04.15-20.14.43:429][170]LogModuleManager: Shutting down and abandoning module WidgetCarousel (865)
[2025.04.15-20.14.43:429][170]LogModuleManager: Shutting down and abandoning module EditorWidgets (862)
[2025.04.15-20.14.43:429][170]LogModuleManager: Shutting down and abandoning module StatsViewer (860)
[2025.04.15-20.14.43:429][170]LogModuleManager: Shutting down and abandoning module PIEPreviewDeviceProfileSelector (858)
[2025.04.15-20.14.43:430][170]LogModuleManager: Shutting down and abandoning module SequenceRecorderSections (856)
[2025.04.15-20.14.43:430][170]LogModuleManager: Shutting down and abandoning module AutomationWorker (854)
[2025.04.15-20.14.43:430][170]LogModuleManager: Shutting down and abandoning module SteamVREditor (852)
[2025.04.15-20.14.43:430][170]LogModuleManager: Shutting down and abandoning module OculusMR (850)
[2025.04.15-20.14.43:430][170]LogModuleManager: Shutting down and abandoning module OpenXRInput (848)
[2025.04.15-20.14.43:430][170]LogModuleManager: Shutting down and abandoning module TakeRecorderSources (846)
[2025.04.15-20.14.43:432][170]LogModuleManager: Shutting down and abandoning module TakeRecorder (845)
[2025.04.15-20.14.43:432][170]LogModuleManager: Shutting down and abandoning module TakeTrackRecorders (842)
[2025.04.15-20.14.43:432][170]LogModuleManager: Shutting down and abandoning module TakesCore (840)
[2025.04.15-20.14.43:433][170]LogModuleManager: Shutting down and abandoning module GooglePADEditor (838)
[2025.04.15-20.14.43:433][170]LogModuleManager: Shutting down and abandoning module AudioCaptureEditor (836)
[2025.04.15-20.14.43:433][170]LogModuleManager: Shutting down and abandoning module TemplateSequenceEditor (834)
[2025.04.15-20.14.43:433][170]LogModuleManager: Shutting down and abandoning module MatineeToLevelSequence (832)
[2025.04.15-20.14.43:434][170]LogModuleManager: Shutting down and abandoning module LevelSequenceEditor (830)
[2025.04.15-20.14.43:435][170]LogModuleManager: Shutting down and abandoning module ActorSequenceEditor (828)
[2025.04.15-20.14.43:436][170]LogModuleManager: Shutting down and abandoning module WmfMediaFactory (826)
[2025.04.15-20.14.43:436][170]LogModuleManager: Shutting down and abandoning module WmfMediaEditor (824)
[2025.04.15-20.14.43:436][170]LogModuleManager: Shutting down and abandoning module WebMMediaFactory (822)
[2025.04.15-20.14.43:436][170]LogModuleManager: Shutting down and abandoning module WebMMediaEditor (820)
[2025.04.15-20.14.43:436][170]LogModuleManager: Shutting down and abandoning module WebMMedia (818)
[2025.04.15-20.14.43:436][170]LogModuleManager: Shutting down and abandoning module MediaPlayerEditor (816)
[2025.04.15-20.14.43:437][170]LogModuleManager: Shutting down and abandoning module MediaCompositingEditor (814)
[2025.04.15-20.14.43:437][170]LogModuleManager: Shutting down and abandoning module SequenceRecorder (813)
[2025.04.15-20.14.43:438][170]LogModuleManager: Shutting down and abandoning module OpenExrWrapper (810)
[2025.04.15-20.14.43:438][170]LogModuleManager: Shutting down and abandoning module ImgMediaFactory (808)
[2025.04.15-20.14.43:438][170]LogModuleManager: Shutting down and abandoning module ImgMediaEditor (806)
[2025.04.15-20.14.43:438][170]LogModuleManager: Shutting down and abandoning module AvfMediaFactory (804)
[2025.04.15-20.14.43:438][170]LogModuleManager: Shutting down and abandoning module AvfMediaEditor (802)
[2025.04.15-20.14.43:438][170]LogModuleManager: Shutting down and abandoning module AndroidMediaFactory (800)
[2025.04.15-20.14.43:438][170]LogModuleManager: Shutting down and abandoning module AndroidMediaEditor (798)
[2025.04.15-20.14.43:438][170]LogModuleManager: Shutting down and abandoning module PlanarCut (796)
[2025.04.15-20.14.43:439][170]LogModuleManager: Shutting down and abandoning module MagicLeapMediaCodecFactory (794)
[2025.04.15-20.14.43:439][170]LogModuleManager: Shutting down and abandoning module MagicLeapMediaFactory (792)
[2025.04.15-20.14.43:439][170]LogModuleManager: Shutting down and abandoning module MagicLeapMediaEditor (790)
[2025.04.15-20.14.43:439][170]LogModuleManager: Shutting down and abandoning module CharacterAI (788)
[2025.04.15-20.14.43:439][170]LogModuleManager: Shutting down and abandoning module TextureAlignMode (786)
[2025.04.15-20.14.43:439][170]LogModuleManager: Shutting down and abandoning module BspMode (784)
[2025.04.15-20.14.43:439][170]LogModuleManager: Shutting down and abandoning module GeometryMode (782)
[2025.04.15-20.14.43:439][170]LogModuleManager: Shutting down and abandoning module CameraShakePreviewer (780)
[2025.04.15-20.14.43:440][170]LogModuleManager: Shutting down and abandoning module SmartSnapping (778)
[2025.04.15-20.14.43:440][170]LogModuleManager: Shutting down and abandoning module SessionServices (776)
[2025.04.15-20.14.43:440][170]LogModuleManager: Shutting down and abandoning module MeshPaint (774)
[2025.04.15-20.14.43:441][170]LogModuleManager: Shutting down and abandoning module VirtualTexturingEditor (772)
[2025.04.15-20.14.43:441][170]LogModuleManager: Shutting down and abandoning module FoliageEdit (770)
[2025.04.15-20.14.43:442][170]LogModuleManager: Shutting down and abandoning module LandscapeEditor (768)
[2025.04.15-20.14.43:443][170]LogModuleManager: Shutting down and abandoning module MeshPaintMode (766)
[2025.04.15-20.14.43:443][170]LogModuleManager: Shutting down and abandoning module SceneDepthPickerMode (764)
[2025.04.15-20.14.43:443][170]LogModuleManager: Shutting down and abandoning module ActorPickerMode (762)
[2025.04.15-20.14.43:443][170]LogModuleManager: Shutting down and abandoning module PlacementMode (760)
[2025.04.15-20.14.43:443][170]LogModuleManager: Shutting down and abandoning module ViewportSnapping (758)
[2025.04.15-20.14.43:443][170]LogModuleManager: Shutting down and abandoning module ViewportInteraction (756)
[2025.04.15-20.14.43:443][170]LogModuleManager: Shutting down and abandoning module ClothPainter (754)
[2025.04.15-20.14.43:444][170]LogModuleManager: Shutting down and abandoning module SkeletalMeshEditor (753)
[2025.04.15-20.14.43:445][170]LogModuleManager: Shutting down and abandoning module LogVisualizer (750)
[2025.04.15-20.14.43:446][170]LogModuleManager: Shutting down and abandoning module IntroTutorials (748)
[2025.04.15-20.14.43:446][170]LogModuleManager: Shutting down and abandoning module GameProjectGeneration (747)
[2025.04.15-20.14.43:447][170]LogModuleManager: Shutting down and abandoning module LuminPlatformEditor (744)
[2025.04.15-20.14.43:447][170]LogModuleManager: Shutting down and abandoning module IOSPlatformEditor (742)
[2025.04.15-20.14.43:447][170]LogModuleManager: Shutting down and abandoning module AndroidPlatformEditor (740)
[2025.04.15-20.14.43:447][170]LogModuleManager: Shutting down and abandoning module AndroidDeviceDetection (739)
[2025.04.15-20.14.44:215][170]LogModuleManager: Shutting down and abandoning module WindowsPlatformEditor (736)
[2025.04.15-20.14.44:215][170]LogModuleManager: Shutting down and abandoning module LuminRuntimeSettings (734)
[2025.04.15-20.14.44:215][170]LogModuleManager: Shutting down and abandoning module IOSRuntimeSettings (732)
[2025.04.15-20.14.44:215][170]LogModuleManager: Shutting down and abandoning module AndroidRuntimeSettings (730)
[2025.04.15-20.14.44:215][170]LogModuleManager: Shutting down and abandoning module TraceInsights (728)
[2025.04.15-20.14.44:218][170]MemoryProfiler: Shutdown
[2025.04.15-20.14.44:218][170]NetworkingProfiler: Shutdown
[2025.04.15-20.14.44:218][170]LoadingProfiler: Shutdown
[2025.04.15-20.14.44:219][170]TimingProfiler: Shutdown
[2025.04.15-20.14.44:220][170]LogModuleManager: Shutting down and abandoning module TraceServices (727)
[2025.04.15-20.14.44:221][170]LogModuleManager: Shutting down and abandoning module EditorInteractiveToolsFramework (724)
[2025.04.15-20.14.44:221][170]LogModuleManager: Shutting down and abandoning module TimeManagementEditor (722)
[2025.04.15-20.14.44:221][170]LogModuleManager: Shutting down and abandoning module InputBindingEditor (720)
[2025.04.15-20.14.44:221][170]LogModuleManager: Shutting down and abandoning module MergeActors (718)
[2025.04.15-20.14.44:222][170]LogModuleManager: Shutting down and abandoning module LocalizationDashboard (716)
[2025.04.15-20.14.44:222][170]LogModuleManager: Shutting down and abandoning module LocalizationService (715)
[2025.04.15-20.14.44:223][170]LogModuleManager: Shutting down and abandoning module HardwareTargeting (712)
[2025.04.15-20.14.44:223][170]LogModuleManager: Shutting down and abandoning module DeviceProfileEditor (710)
[2025.04.15-20.14.44:223][170]LogModuleManager: Shutting down and abandoning module UndoHistory (708)
[2025.04.15-20.14.44:223][170]LogModuleManager: Shutting down and abandoning module XmlParser (706)
[2025.04.15-20.14.44:223][170]LogModuleManager: Shutting down and abandoning module Blutility (704)
[2025.04.15-20.14.44:224][170]LogModuleManager: Shutting down and abandoning module ProjectSettingsViewer (702)
[2025.04.15-20.14.44:224][170]LogModuleManager: Shutting down and abandoning module ProjectTargetPlatformEditor (701)
[2025.04.15-20.14.44:224][170]LogModuleManager: Shutting down and abandoning module EditorSettingsViewer (698)
[2025.04.15-20.14.44:224][170]LogModuleManager: Shutting down and abandoning module InternationalizationSettings (697)
[2025.04.15-20.14.44:224][170]LogModuleManager: Shutting down and abandoning module SettingsEditor (694)
[2025.04.15-20.14.44:224][170]LogModuleManager: Shutting down and abandoning module ProjectLauncher (692)
[2025.04.15-20.14.44:225][170]LogModuleManager: Shutting down and abandoning module SessionFrontend (690)
[2025.04.15-20.14.44:225][170]LogModuleManager: Shutting down and abandoning module ProfilerClient (688)
[2025.04.15-20.14.44:225][170]LogModuleManager: Shutting down and abandoning module DeviceManager (686)
[2025.04.15-20.14.44:226][170]LogModuleManager: Shutting down and abandoning module TargetDeviceServices (685)
[2025.04.15-20.14.44:258][170]LogModuleManager: Shutting down and abandoning module AutomationController (682)
[2025.04.15-20.14.44:258][170]LogModuleManager: Shutting down and abandoning module AutomationWindow (680)
[2025.04.15-20.14.44:259][170]LogModuleManager: Shutting down and abandoning module Layers (678)
[2025.04.15-20.14.44:260][170]LogModuleManager: Shutting down and abandoning module ComponentVisualizers (676)
[2025.04.15-20.14.44:260][170]LogModuleManager: Shutting down and abandoning module DetailCustomizations (674)
[2025.04.15-20.14.44:260][170]LogModuleManager: Shutting down and abandoning module PackagesDialog (672)
[2025.04.15-20.14.44:260][170]LogModuleManager: Shutting down and abandoning module AnimationBlueprintEditor (670)
[2025.04.15-20.14.44:262][170]LogModuleManager: Shutting down and abandoning module Persona (668)
[2025.04.15-20.14.44:263][170]LogModuleManager: Shutting down and abandoning module AdvancedPreviewScene (667)
[2025.04.15-20.14.44:263][170]LogModuleManager: Shutting down and abandoning module AnimGraph (665)
[2025.04.15-20.14.44:263][170]LogModuleManager: Shutting down and abandoning module Kismet (662)
[2025.04.15-20.14.44:263][170]LogModuleManager: Shutting down and abandoning module KismetWidgets (661)
[2025.04.15-20.14.44:263][170]LogModuleManager: Shutting down and abandoning module GraphEditor (658)
[2025.04.15-20.14.44:265][170]LogModuleManager: Shutting down and abandoning module StructViewer (656)
[2025.04.15-20.14.44:265][170]LogModuleManager: Shutting down and abandoning module ClassViewer (654)
[2025.04.15-20.14.44:265][170]LogModuleManager: Shutting down and abandoning module Toolbox (652)
[2025.04.15-20.14.44:265][170]LogModuleManager: Shutting down and abandoning module ModuleUI (650)
[2025.04.15-20.14.44:265][170]LogModuleManager: Shutting down and abandoning module OutputLog (648)
[2025.04.15-20.14.44:266][170]LogModuleManager: Shutting down and abandoning module GammaUI (646)
[2025.04.15-20.14.44:266][170]LogModuleManager: Shutting down and abandoning module Documentation (644)
[2025.04.15-20.14.44:266][170]LogModuleManager: Shutting down and abandoning module LiveCoding (642)
[2025.04.15-20.14.44:266][170]LogModuleManager: Shutting down and abandoning module LevelSequence (640)
[2025.04.15-20.14.44:266][170]LogModuleManager: Shutting down and abandoning module MovieSceneTracks (638)
[2025.04.15-20.14.44:266][170]LogModuleManager: Shutting down and abandoning module MovieScene (636)
[2025.04.15-20.14.44:267][170]LogModuleManager: Shutting down and abandoning module StreamingPauseRendering (634)
[2025.04.15-20.14.44:268][170]LogModuleManager: Shutting down and abandoning module LauncherPlatform (632)
[2025.04.15-20.14.44:268][170]LogModuleManager: Shutting down and abandoning module AnalyticsET (630)
[2025.04.15-20.14.44:268][170]LogModuleManager: Shutting down and abandoning module PortalServices (628)
[2025.04.15-20.14.44:268][170]LogModuleManager: Shutting down and abandoning module PortalRpc (626)
[2025.04.15-20.14.44:268][170]LogModuleManager: Shutting down and abandoning module MessagingRpc (624)
[2025.04.15-20.14.44:268][170]LogModuleManager: Shutting down and abandoning module AudioMixerXAudio2 (622)
[2025.04.15-20.14.44:268][170]LogModuleManager: Shutting down and abandoning module AudioMixerCore (621)
[2025.04.15-20.14.44:268][170]LogModuleManager: Shutting down and abandoning module AIModule (618)
[2025.04.15-20.14.44:268][170]LogModuleManager: Shutting down and abandoning module GameplayDebugger (617)
[2025.04.15-20.14.44:269][170]LogModuleManager: Shutting down and abandoning module AITestSuite (615)
[2025.04.15-20.14.44:269][170]LogModuleManager: Shutting down and abandoning module NavigationSystem (613)
[2025.04.15-20.14.44:269][170]LogModuleManager: Shutting down and abandoning module ImageWriteQueue (610)
[2025.04.15-20.14.44:272][170]LogModuleManager: Shutting down and abandoning module ProfilerService (608)
[2025.04.15-20.14.44:421][170]LogModuleManager: Shutting down and abandoning module TaskGraph (606)
[2025.04.15-20.14.44:422][170]LogModuleManager: Shutting down and abandoning module AudioSynesthesiaEditor (604)
[2025.04.15-20.14.44:422][170]LogModuleManager: Shutting down and abandoning module OculusEditor (602)
[2025.04.15-20.14.44:425][170]LogModuleManager: Shutting down and abandoning module OculusInput (600)
[2025.04.15-20.14.44:425][170]LogModuleManager: Shutting down and abandoning module ContentBrowserClassDataSource (598)
[2025.04.15-20.14.44:425][170]LogModuleManager: Shutting down and abandoning module ContentBrowserFileDataSource (596)
[2025.04.15-20.14.44:425][170]LogModuleManager: Shutting down and abandoning module ContentBrowserAssetDataSource (594)
[2025.04.15-20.14.44:425][170]LogModuleManager: Shutting down and abandoning module CollectionManager (593)
[2025.04.15-20.14.44:425][170]LogModuleManager: Shutting down and abandoning module SynthesisEditor (590)
[2025.04.15-20.14.44:425][170]LogModuleManager: Shutting down and abandoning module Synthesis (588)
[2025.04.15-20.14.44:426][170]LogModuleManager: Shutting down and abandoning module ProceduralMeshComponentEditor (586)
[2025.04.15-20.14.44:426][170]LogModuleManager: Shutting down and abandoning module ProceduralMeshComponent (584)
[2025.04.15-20.14.44:427][170]LogModuleManager: Shutting down and abandoning module OpenXREditor (582)
[2025.04.15-20.14.44:427][170]LogModuleManager: Shutting down and abandoning module MobilePatchingUtils (580)
[2025.04.15-20.14.44:427][170]LogModuleManager: Shutting down and abandoning module TakeSequencer (578)
[2025.04.15-20.14.44:427][170]LogModuleManager: Shutting down and abandoning module TakeMovieScene (576)
[2025.04.15-20.14.44:427][170]LogModuleManager: Shutting down and abandoning module ScreenshotTools (574)
[2025.04.15-20.14.44:427][170]LogModuleManager: Shutting down and abandoning module GooglePAD (572)
[2025.04.15-20.14.44:427][170]LogModuleManager: Shutting down and abandoning module EditableMesh (570)
[2025.04.15-20.14.44:427][170]LogModuleManager: Shutting down and abandoning module CustomMeshComponent (568)
[2025.04.15-20.14.44:427][170]LogModuleManager: Shutting down and abandoning module CableComponent (566)
[2025.04.15-20.14.44:427][170]LogModuleManager: Shutting down and abandoning module AudioCapture (564)
[2025.04.15-20.14.44:427][170]LogModuleManager: Shutting down and abandoning module AudioCaptureRtAudio (563)
[2025.04.15-20.14.44:427][170]LogModuleManager: Shutting down and abandoning module AssetTags (560)
[2025.04.15-20.14.44:427][170]LogModuleManager: Shutting down and abandoning module ArchVisCharacter (558)
[2025.04.15-20.14.44:427][170]LogModuleManager: Shutting down and abandoning module AppleImageUtilsBlueprintSupport (556)
[2025.04.15-20.14.44:427][170]LogModuleManager: Shutting down and abandoning module AppleImageUtils (554)
[2025.04.15-20.14.44:427][170]LogModuleManager: Shutting down and abandoning module AndroidPermission (552)
[2025.04.15-20.14.44:427][170]LogModuleManager: Shutting down and abandoning module ActorLayerUtilitiesEditor (550)
[2025.04.15-20.14.44:427][170]LogModuleManager: Shutting down and abandoning module ActorLayerUtilities (548)
[2025.04.15-20.14.44:427][170]LogModuleManager: Shutting down and abandoning module TemplateSequence (546)
[2025.04.15-20.14.44:428][170]LogModuleManager: Shutting down and abandoning module MediaCompositing (544)
[2025.04.15-20.14.44:428][170]LogModuleManager: Shutting down and abandoning module ImgMedia (542)
[2025.04.15-20.14.44:428][170]LogModuleManager: Shutting down and abandoning module MotoSynthEditor (540)
[2025.04.15-20.14.44:428][170]LogModuleManager: Shutting down and abandoning module MotoSynth (538)
[2025.04.15-20.14.44:428][170]LogModuleManager: Shutting down and abandoning module OpenImageDenoise (536)
[2025.04.15-20.14.44:428][170]LogOpenImageDenoise: OIDN shutting down
[2025.04.15-20.14.44:428][170]LogModuleManager: Shutting down and abandoning module MeshConversion (534)
[2025.04.15-20.14.44:428][170]LogModuleManager: Shutting down and abandoning module DynamicMesh (532)
[2025.04.15-20.14.44:429][170]LogModuleManager: Shutting down and abandoning module GeometryAlgorithms (530)
[2025.04.15-20.14.44:429][170]LogModuleManager: Shutting down and abandoning module GeometricObjects (528)
[2025.04.15-20.14.44:430][170]LogModuleManager: Shutting down and abandoning module SpeedTreeImporter (526)
[2025.04.15-20.14.44:430][170]LogModuleManager: Shutting down and abandoning module PluginBrowser (524)
[2025.04.15-20.14.44:431][170]LogModuleManager: Shutting down and abandoning module MobileLauncherProfileWizard (522)
[2025.04.15-20.14.44:431][170]LogModuleManager: Shutting down and abandoning module MaterialAnalyzer (520)
[2025.04.15-20.14.44:431][170]LogModuleManager: Shutting down and abandoning module GeometryCollectionTracks (518)
[2025.04.15-20.14.44:431][170]LogModuleManager: Shutting down and abandoning module GeometryCollectionSequencer (517)
[2025.04.15-20.14.44:431][170]LogModuleManager: Shutting down and abandoning module GeometryCollectionEditor (514)
[2025.04.15-20.14.44:431][170]LogModuleManager: Shutting down and abandoning module GeometryCacheTracks (512)
[2025.04.15-20.14.44:431][170]LogModuleManager: Shutting down and abandoning module GeometryCacheStreamer (510)
[2025.04.15-20.14.44:431][170]LogModuleManager: Shutting down and abandoning module GeometryCacheSequencer (508)
[2025.04.15-20.14.44:431][170]LogModuleManager: Shutting down and abandoning module MagicLeapSharedWorld (506)
[2025.04.15-20.14.44:431][170]LogModuleManager: Shutting down and abandoning module MagicLeapLightEstimation (504)
[2025.04.15-20.14.44:431][170]LogModuleManager: Shutting down and abandoning module ChaosSolverEditor (502)
[2025.04.15-20.14.44:431][170]LogModuleManager: Shutting down and abandoning module ChaosNiagara (500)
[2025.04.15-20.14.44:432][170]LogModuleManager: Shutting down and abandoning module FractureEditor (498)
[2025.04.15-20.14.44:432][170]LogModuleManager: Shutting down and abandoning module FieldSystemEngine (497)
[2025.04.15-20.14.44:432][170]LogModuleManager: Shutting down and abandoning module ChaosClothEditor (494)
[2025.04.15-20.14.44:432][170]LogModuleManager: Shutting down and abandoning module MagicLeapHelperVulkan (492)
[2025.04.15-20.14.44:432][170]LogModuleManager: Shutting down and abandoning module MagicLeapHelperOpenGL (490)
[2025.04.15-20.14.44:432][170]LogModuleManager: Shutting down and abandoning module MagicLeapAudio (488)
[2025.04.15-20.14.44:432][170]LogModuleManager: Shutting down and abandoning module CurveEditorTools (486)
[2025.04.15-20.14.44:433][170]LogModuleManager: Shutting down and abandoning module BackChannel (484)
[2025.04.15-20.14.44:434][170]LogModuleManager: Shutting down and abandoning module AutomationUtilsEditor (482)
[2025.04.15-20.14.44:434][170]LogModuleManager: Shutting down and abandoning module AutomationUtils (480)
[2025.04.15-20.14.44:434][170]LogModuleManager: Shutting down and abandoning module CryptoKeysOpenSSL (478)
[2025.04.15-20.14.44:434][170]LogModuleManager: Shutting down and abandoning module CryptoKeys (476)
[2025.04.15-20.14.44:434][170]LogModuleManager: Shutting down and abandoning module AlembicImporter (474)
[2025.04.15-20.14.44:434][170]LogModuleManager: Shutting down and abandoning module AlembicLibrary (473)
[2025.04.15-20.14.44:434][170]LogModuleManager: Shutting down and abandoning module GeometryCache (472)
[2025.04.15-20.14.44:434][170]LogModuleManager: Shutting down and abandoning module GeometryCacheEd (471)
[2025.04.15-20.14.44:434][170]LogModuleManager: Shutting down and abandoning module PlasticSourceControl (466)
[2025.04.15-20.14.44:435][170]LogModuleManager: Shutting down and abandoning module PluginUtils (464)
[2025.04.15-20.14.44:435][170]LogModuleManager: Shutting down and abandoning module NiagaraEditorWidgets (462)
[2025.04.15-20.14.44:437][170]LogModuleManager: Shutting down and abandoning module VisualStudioCodeSourceCodeAccess (460)
[2025.04.15-20.14.44:437][170]LogModuleManager: Shutting down and abandoning module VisualStudioSourceCodeAccess (458)
[2025.04.15-20.14.44:437][170]LogModuleManager: Shutting down and abandoning module UObjectPlugin (456)
[2025.04.15-20.14.44:437][170]LogModuleManager: Shutting down and abandoning module SubversionSourceControl (454)
[2025.04.15-20.14.44:438][170]LogModuleManager: Shutting down and abandoning module RiderSourceCodeAccess (452)
[2025.04.15-20.14.44:438][170]LogModuleManager: Shutting down and abandoning module PerforceSourceControl (450)
[2025.04.15-20.14.44:440][170]LogModuleManager: Shutting down and abandoning module GitSourceControl (448)
[2025.04.15-20.14.44:440][170]LogModuleManager: Shutting down and abandoning module SourceControl (447)
[2025.04.15-20.14.44:441][170]LogModuleManager: Shutting down and abandoning module CLionSourceCodeAccess (444)
[2025.04.15-20.14.44:441][170]LogModuleManager: Shutting down and abandoning module AnimationSharingEd (442)
[2025.04.15-20.14.44:441][170]LogModuleManager: Shutting down and abandoning module VariantManagerContentEditor (440)
[2025.04.15-20.14.44:441][170]LogModuleManager: Shutting down and abandoning module DatasmithContentEditor (438)
[2025.04.15-20.14.44:441][170]LogModuleManager: Shutting down and abandoning module OodleNetworkHandlerComponent (436)
[2025.04.15-20.14.44:441][170]LogModuleManager: Shutting down and abandoning module LightPropagationVolumeEditor (434)
[2025.04.15-20.14.44:441][170]LogModuleManager: Shutting down and abandoning module LiveLinkSequencer (432)
[2025.04.15-20.14.44:442][170]LogModuleManager: Shutting down and abandoning module LiveLinkMovieScene (430)
[2025.04.15-20.14.44:442][170]LogModuleManager: Shutting down and abandoning module LiveLinkGraphNode (428)
[2025.04.15-20.14.44:442][170]LogModuleManager: Shutting down and abandoning module LiveLinkEditor (426)
[2025.04.15-20.14.44:442][170]LogModuleManager: Shutting down and abandoning module LiveLinkComponents (424)
[2025.04.15-20.14.44:442][170]LogModuleManager: Shutting down and abandoning module LiveLink (422)
[2025.04.15-20.14.44:985][170]LogModuleManager: Shutting down and abandoning module PaperTiledImporter (420)
[2025.04.15-20.14.44:985][170]LogModuleManager: Shutting down and abandoning module PaperSpriteSheetImporter (418)
[2025.04.15-20.14.44:985][170]LogModuleManager: Shutting down and abandoning module Paper2DEditor (416)
[2025.04.15-20.14.44:987][170]LogModuleManager: Shutting down and abandoning module MeshPaintingToolset (414)
[2025.04.15-20.14.44:987][170]LogModuleManager: Shutting down and abandoning module MeshPaintEditorMode (412)
[2025.04.15-20.14.44:988][170]LogModuleManager: Shutting down and abandoning module SoundFields (410)
[2025.04.15-20.14.44:988][170]LogModuleManager: Shutting down and abandoning module SignificanceManager (408)
[2025.04.15-20.14.44:988][170]LogModuleManager: Shutting down and abandoning module RuntimePhysXCooking (406)
[2025.04.15-20.14.44:988][170]LogModuleManager: Shutting down and abandoning module PropertyAccessEditor (404)
[2025.04.15-20.14.44:988][170]LogModuleManager: Shutting down and abandoning module PhysXVehiclesEditor (402)
[2025.04.15-20.14.44:988][170]LogModuleManager: Shutting down and abandoning module LocationServicesBPLibrary (398)
[2025.04.15-20.14.44:988][170]LogModuleManager: Shutting down and abandoning module AudioSynesthesia (396)
[2025.04.15-20.14.44:989][170]LogModuleManager: Shutting down and abandoning module AudioSynesthesiaCore (394)
[2025.04.15-20.14.44:989][170]LogModuleManager: Shutting down and abandoning module ActorSequence (392)
[2025.04.15-20.14.44:989][170]LogModuleManager: Shutting down and abandoning module UdpMessaging (390)
[2025.04.15-20.14.45:089][170]LogModuleManager: Shutting down and abandoning module TcpMessaging (388)
[2025.04.15-20.14.45:190][170]LogModuleManager: Shutting down and abandoning module ImgMediaEngine (386)
[2025.04.15-20.14.45:190][170]LogModuleManager: Shutting down and abandoning module PythonScriptPlugin (384)
[2025.04.15-20.14.45:190][170]LogModuleManager: Shutting down and abandoning module MagicLeapARPin (382)
[2025.04.15-20.14.45:190][170]LogModuleManager: Shutting down and abandoning module MagicLeapHandMeshing (380)
[2025.04.15-20.14.45:190][170]LogModuleManager: Shutting down and abandoning module MagicLeapSecureStorage (378)
[2025.04.15-20.14.45:190][170]LogModuleManager: Shutting down and abandoning module MagicLeapPrivileges (376)
[2025.04.15-20.14.45:190][170]LogModuleManager: Shutting down and abandoning module MagicLeapPlanes (374)
[2025.04.15-20.14.45:191][170]LogMagicLeapPlanes: Planes tracker already destroyed.
[2025.04.15-20.14.45:191][170]LogModuleManager: Shutting down and abandoning module MagicLeapImageTracker (372)
[2025.04.15-20.14.45:191][170]LogModuleManager: Shutting down and abandoning module MagicLeapIdentity (370)
[2025.04.15-20.14.45:191][170]LogModuleManager: Shutting down and abandoning module MagicLeapHandTracking (368)
[2025.04.15-20.14.45:192][170]LogModuleManager: Shutting down and abandoning module MagicLeapEyeTracker (366)
[2025.04.15-20.14.45:192][170]LogModuleManager: Shutting down and abandoning module MagicLeapController (364)
[2025.04.15-20.14.45:192][170]LogModuleManager: Shutting down and abandoning module MagicLeapARPinImpl (362)
[2025.04.15-20.14.45:192][170]LogModuleManager: Shutting down and abandoning module MagicLeapAR (360)
[2025.04.15-20.14.45:192][170]LogModuleManager: Shutting down and abandoning module GameplayTagsEditor (358)
[2025.04.15-20.14.45:192][170]LogModuleManager: Shutting down and abandoning module FacialAnimationEditor (356)
[2025.04.15-20.14.45:192][170]LogModuleManager: Shutting down and abandoning module FacialAnimation (354)
[2025.04.15-20.14.45:192][170]LogModuleManager: Shutting down and abandoning module DataValidation (352)
[2025.04.15-20.14.45:192][170]LogModuleManager: Shutting down and abandoning module NiagaraAnimNotifies (350)
[2025.04.15-20.14.45:192][170]LogModuleManager: Shutting down and abandoning module Niagara (348)
[2025.04.15-20.14.45:193][170]LogModuleManager: Shutting down and abandoning module SignalProcessing (347)
[2025.04.15-20.14.45:194][170]LogModuleManager: Shutting down and abandoning module NiagaraEditor (345)
[2025.04.15-20.14.45:195][170]LogModuleManager: Shutting down and abandoning module NiagaraCore (342)
[2025.04.15-20.14.45:195][170]LogModuleManager: Shutting down and abandoning module AssetManagerEditor (340)
[2025.04.15-20.14.45:196][170]LogModuleManager: Shutting down and abandoning module LevelEditor (339)
[2025.04.15-20.14.45:197][170]LogModuleManager: Shutting down and abandoning module PixelInspectorModule (338)
[2025.04.15-20.14.45:197][170]LogModuleManager: Shutting down and abandoning module CommonMenuExtensions (336)
[2025.04.15-20.14.45:197][170]LogModuleManager: Shutting down and abandoning module MainFrame (334)
[2025.04.15-20.14.45:198][170]LogModuleManager: Shutting down and abandoning module HotReload (333)
[2025.04.15-20.14.45:198][170]LogModuleManager: Shutting down and abandoning module ToolMenus (329)
[2025.04.15-20.14.45:198][170]LogModuleManager: Shutting down and abandoning module ContentBrowser (327)
[2025.04.15-20.14.45:198][170]LogModuleManager: Shutting down and abandoning module ContentBrowserData (326)
[2025.04.15-20.14.45:198][170]LogModuleManager: Shutting down and abandoning module TreeMap (323)
[2025.04.15-20.14.45:198][170]LogModuleManager: Shutting down and abandoning module PropertyAccessNode (320)
[2025.04.15-20.14.45:198][170]LogModuleManager: Shutting down and abandoning module AnimationSharing (318)
[2025.04.15-20.14.45:198][170]LogModuleManager: Shutting down and abandoning module GameplayCameras (316)
[2025.04.15-20.14.45:198][170]LogModuleManager: Shutting down and abandoning module LightPropagationVolumeRuntime (314)
[2025.04.15-20.14.45:198][170]LogModuleManager: Shutting down and abandoning module EnvironmentQueryEditor (312)
[2025.04.15-20.14.45:199][170]LogModuleManager: Shutting down and abandoning module Paper2D (310)
[2025.04.15-20.14.45:199][170]LogModuleManager: Shutting down and abandoning module WindowsMoviePlayer (308)
[2025.04.15-20.14.45:200][170]LogModuleManager: Shutting down and abandoning module WebMMoviePlayer (306)
[2025.04.15-20.14.45:200][170]LogModuleManager: Shutting down and abandoning module NetworkReplayStreaming (304)
[2025.04.15-20.14.45:200][170]LogModuleManager: Shutting down and abandoning module PacketHandler (302)
[2025.04.15-20.14.45:200][170]LogModuleManager: Shutting down and abandoning module ClothingSystemEditor (300)
[2025.04.15-20.14.45:200][170]LogModuleManager: Shutting down and abandoning module ClothingSystemRuntimeNv (298)
[2025.04.15-20.14.45:201][170]LogModuleManager: Shutting down and abandoning module MediaAssets (296)
[2025.04.15-20.14.45:201][170]LogModuleManager: Shutting down and abandoning module Overlay (294)
[2025.04.15-20.14.45:201][170]LogModuleManager: Shutting down and abandoning module OverlayEditor (293)
[2025.04.15-20.14.45:201][170]LogModuleManager: Shutting down and abandoning module VREditor (290)
[2025.04.15-20.14.45:201][170]LogModuleManager: Shutting down and abandoning module StringTableEditor (288)
[2025.04.15-20.14.45:202][170]LogModuleManager: Shutting down and abandoning module GameplayTasksEditor (286)
[2025.04.15-20.14.45:202][170]LogModuleManager: Shutting down and abandoning module BehaviorTreeEditor (284)
[2025.04.15-20.14.45:203][170]LogModuleManager: Shutting down and abandoning module FunctionalTesting (282)
[2025.04.15-20.14.45:203][170]LogModuleManager: Shutting down and abandoning module CollisionAnalyzer (280)
[2025.04.15-20.14.45:204][170]LogModuleManager: Shutting down and abandoning module WorkspaceMenuStructure (279)
[2025.04.15-20.14.45:204][170]LogModuleManager: Shutting down and abandoning module UMG (276)
[2025.04.15-20.14.45:204][170]LogModuleManager: Shutting down and abandoning module UMGEditor (275)
[2025.04.15-20.14.45:205][170]LogModuleManager: Shutting down and abandoning module MessageLog (273)
[2025.04.15-20.14.45:205][170]LogModuleManager: Shutting down and abandoning module SlateReflector (268)
[2025.04.15-20.14.45:207][170]LogModuleManager: Shutting down and abandoning module Slate (266)
[2025.04.15-20.14.45:207][170]LogModuleManager: Shutting down and abandoning module SlateCore (264)
[2025.04.15-20.14.45:208][170]LogModuleManager: Shutting down and abandoning module LandscapeEditorUtilities (262)
[2025.04.15-20.14.45:208][170]LogModuleManager: Shutting down and abandoning module UnrealEd (260)
[2025.04.15-20.14.45:208][170]LogModuleManager: Shutting down and abandoning module MRMesh (258)
[2025.04.15-20.14.45:208][170]LogModuleManager: Shutting down and abandoning module SourceCodeAccess (256)
[2025.04.15-20.14.45:208][170]LogModuleManager: Shutting down and abandoning module HeadMountedDisplay (254)
[2025.04.15-20.14.45:208][170]LogModuleManager: Shutting down and abandoning module XAudio2 (252)
[2025.04.15-20.14.45:208][170]LogModuleManager: Shutting down and abandoning module Networking (250)
[2025.04.15-20.14.45:208][170]LogModuleManager: Shutting down and abandoning module Core (248)
[2025.04.15-20.14.45:208][170]LogModuleManager: Shutting down and abandoning module MaterialEditor (246)
[2025.04.15-20.14.45:209][170]LogModuleManager: Shutting down and abandoning module MovieSceneTools (244)
[2025.04.15-20.14.45:209][170]LogModuleManager: Shutting down and abandoning module CurveEditor (243)
[2025.04.15-20.14.45:210][170]LogModuleManager: Shutting down and abandoning module Sequencer (241)
[2025.04.15-20.14.45:211][170]LogModuleManager: Shutting down and abandoning module EditorStyle (240)
[2025.04.15-20.14.45:212][170]LogModuleManager: Shutting down and abandoning module KismetCompiler (236)
[2025.04.15-20.14.45:212][170]LogModuleManager: Shutting down and abandoning module MeshBuilder (234)
[2025.04.15-20.14.45:212][170]LogModuleManager: Shutting down and abandoning module MeshUtilities (232)
[2025.04.15-20.14.45:213][170]LogModuleManager: Shutting down and abandoning module MeshMergeUtilities (231)
[2025.04.15-20.14.45:213][170]LogModuleManager: Shutting down and abandoning module MeshReductionInterface (230)
[2025.04.15-20.14.45:213][170]LogModuleManager: Shutting down and abandoning module MeshBoneReduction (229)
[2025.04.15-20.14.45:213][170]LogModuleManager: Shutting down and abandoning module SkeletalMeshReduction (227)
[2025.04.15-20.14.45:213][170]LogModuleManager: Shutting down and abandoning module ProxyLODMeshReduction (225)
[2025.04.15-20.14.45:214][170]LogModuleManager: Shutting down and abandoning module QuadricMeshReduction (223)
[2025.04.15-20.14.45:214][170]LogModuleManager: Shutting down and abandoning module MaterialBaking (219)
[2025.04.15-20.14.45:215][170]LogModuleManager: Shutting down and abandoning module NullInstallBundleManager (214)
[2025.04.15-20.14.45:215][170]LogModuleManager: Shutting down and abandoning module DerivedDataCache (212)
[2025.04.15-20.14.45:215][170]LogModuleManager: Shutting down and abandoning module TargetPlatform (210)
[2025.04.15-20.14.45:216][170]LogModuleManager: Shutting down and abandoning module VulkanShaderFormat (209)
[2025.04.15-20.14.45:217][170]LogModuleManager: Shutting down and abandoning module ShaderFormatVectorVM (207)
[2025.04.15-20.14.45:217][170]LogModuleManager: Shutting down and abandoning module ShaderFormatOpenGL (205)
[2025.04.15-20.14.45:217][170]LogModuleManager: Shutting down and abandoning module ShaderFormatD3D (203)
[2025.04.15-20.14.45:218][170]LogModuleManager: Shutting down and abandoning module MetalShaderFormat (201)
[2025.04.15-20.14.45:218][170]LogModuleManager: Shutting down and abandoning module TextureFormatOodle (199)
[2025.04.15-20.14.45:218][170]LogModuleManager: Shutting down and abandoning module TextureFormatUncompressed (197)
[2025.04.15-20.14.45:218][170]LogModuleManager: Shutting down and abandoning module TextureFormatPVR (195)
[2025.04.15-20.14.45:218][170]LogModuleManager: Shutting down and abandoning module TextureFormatETC2 (193)
[2025.04.15-20.14.45:218][170]LogModuleManager: Shutting down and abandoning module TextureFormatDXT (191)
[2025.04.15-20.14.45:219][170]LogModuleManager: Shutting down and abandoning module TextureFormatIntelISPCTexComp (189)
[2025.04.15-20.14.45:219][170]LogModuleManager: Shutting down and abandoning module TextureFormatASTC (187)
[2025.04.15-20.14.45:219][170]LogModuleManager: Shutting down and abandoning module ImageWrapper (186)
[2025.04.15-20.14.45:219][170]LogModuleManager: Shutting down and abandoning module AudioFormatOpus (183)
[2025.04.15-20.14.45:219][170]LogModuleManager: Shutting down and abandoning module AudioFormatOgg (181)
[2025.04.15-20.14.45:219][170]LogModuleManager: Shutting down and abandoning module AudioFormatADPCM (179)
[2025.04.15-20.14.45:220][170]LogModuleManager: Shutting down and abandoning module WindowsServerTargetPlatform (177)
[2025.04.15-20.14.45:220][170]LogModuleManager: Shutting down and abandoning module WindowsClientTargetPlatform (175)
[2025.04.15-20.14.45:220][170]LogModuleManager: Shutting down and abandoning module WindowsTargetPlatform (173)
[2025.04.15-20.14.45:220][170]LogModuleManager: Shutting down and abandoning module WindowsNoEditorTargetPlatform (171)
[2025.04.15-20.14.45:220][170]LogModuleManager: Shutting down and abandoning module TVOSTargetPlatform (169)
[2025.04.15-20.14.45:220][170]LogModuleManager: Shutting down and abandoning module MacServerTargetPlatform (167)
[2025.04.15-20.14.45:220][170]LogModuleManager: Shutting down and abandoning module MacClientTargetPlatform (165)
[2025.04.15-20.14.45:220][170]LogModuleManager: Shutting down and abandoning module MacTargetPlatform (163)
[2025.04.15-20.14.45:220][170]LogModuleManager: Shutting down and abandoning module MacNoEditorTargetPlatform (161)
[2025.04.15-20.14.45:220][170]LogModuleManager: Shutting down and abandoning module LuminTargetPlatform (159)
[2025.04.15-20.14.45:221][170]LogModuleManager: Shutting down and abandoning module LinuxAArch64ServerTargetPlatform (157)
[2025.04.15-20.14.45:221][170]LogModuleManager: Shutting down and abandoning module LinuxAArch64ClientTargetPlatform (155)
[2025.04.15-20.14.45:221][170]LogModuleManager: Shutting down and abandoning module LinuxAArch64NoEditorTargetPlatform (153)
[2025.04.15-20.14.45:221][170]LogModuleManager: Shutting down and abandoning module LinuxServerTargetPlatform (151)
[2025.04.15-20.14.45:221][170]LogModuleManager: Shutting down and abandoning module LinuxClientTargetPlatform (149)
[2025.04.15-20.14.45:221][170]LogModuleManager: Shutting down and abandoning module LinuxNoEditorTargetPlatform (147)
[2025.04.15-20.14.45:221][170]LogModuleManager: Shutting down and abandoning module LinuxTargetPlatform (145)
[2025.04.15-20.14.45:221][170]LogModuleManager: Shutting down and abandoning module Messaging (143)
[2025.04.15-20.14.45:221][170]LogModuleManager: Shutting down and abandoning module IOSTargetPlatform (141)
[2025.04.15-20.14.45:221][170]LogModuleManager: Shutting down and abandoning module AndroidTargetPlatform (139)
[2025.04.15-20.14.45:224][170]LogModuleManager: Shutting down and abandoning module AllDesktopTargetPlatform (137)
[2025.04.15-20.14.45:224][170]LogModuleManager: Shutting down and abandoning module D3D11RHI (134)
[2025.04.15-20.14.45:224][170]LogModuleManager: Shutting down and abandoning module InputCore (132)
[2025.04.15-20.14.45:224][170]LogModuleManager: Shutting down and abandoning module Settings (130)
[2025.04.15-20.14.45:224][170]LogModuleManager: Shutting down and abandoning module DirectoryWatcher (128)
[2025.04.15-20.14.45:224][170]LogModuleManager: Shutting down and abandoning module PhysXCooking (126)
[2025.04.15-20.14.45:224][170]LogModuleManager: Shutting down and abandoning module Chaos (124)
[2025.04.15-20.14.45:225][170]LogModuleManager: Shutting down and abandoning module WindowsPlatformFeatures (122)
[2025.04.15-20.14.45:225][170]LogModuleManager: Shutting down and abandoning module GameplayMediaEncoder (121)
[2025.04.15-20.14.45:225][170]LogModuleManager: Shutting down and abandoning module AVEncoder (120)
[2025.04.15-20.14.45:225][170]LogModuleManager: Shutting down and abandoning module SteamVRInputDevice (116)
[2025.04.15-20.14.45:225][170]LogModuleManager: Shutting down and abandoning module SteamVRInput (114)
[2025.04.15-20.14.45:225][170]LogModuleManager: Shutting down and abandoning module SteamVR (112)
[2025.04.15-20.14.45:225][170]LogHMD: Freeing OpenVRDLLHandle.
[2025.04.15-20.14.45:225][170]LogModuleManager: Shutting down and abandoning module OculusHMD (110)
[2025.04.15-20.14.45:226][170]LogModuleManager: Shutting down and abandoning module OpenXREyeTracker (108)
[2025.04.15-20.14.45:226][170]LogModuleManager: Shutting down and abandoning module OpenXRAR (106)
[2025.04.15-20.14.45:226][170]LogModuleManager: Shutting down and abandoning module AugmentedReality (105)
[2025.04.15-20.14.45:226][170]LogModuleManager: Shutting down and abandoning module OpenXRHandTracking (102)
[2025.04.15-20.14.45:226][170]LogSlate: Slate User Destroyed.  User Index 0, Is Virtual User: 0
[2025.04.15-20.14.45:226][170]LogModuleManager: Shutting down and abandoning module OpenXRHMD (101)
[2025.04.15-20.14.45:227][170]LogModuleManager: Shutting down and abandoning module ExampleDeviceProfileSelector (98)
[2025.04.15-20.14.45:227][170]LogModuleManager: Shutting down and abandoning module ChunkDownloader (96)
[2025.04.15-20.14.45:227][170]LogModuleManager: Shutting down and abandoning module LauncherChunkInstaller (94)
[2025.04.15-20.14.45:227][170]LogModuleManager: Shutting down and abandoning module OnlineBlueprintSupport (92)
[2025.04.15-20.14.45:227][170]LogModuleManager: Shutting down and abandoning module OnlineSubsystem (88)
[2025.04.15-20.14.45:231][170]LogModuleManager: Shutting down and abandoning module XMPP (83)
[2025.04.15-20.14.45:232][170]LogModuleManager: Shutting down and abandoning module WebSockets (82)
[2025.04.15-20.14.45:258][170]LogModuleManager: Shutting down and abandoning module HTTP (79)
[2025.04.15-20.14.45:258][170]LogHttp: Display: Http module shutting down, but needs to wait on 1 outstanding Http requests:
[2025.04.15-20.14.45:258][170]LogHttp: Display: 	verb=[POST] url=[https://datarouter.ol.epicgames.com/datarouter/api/v1/public/data?SessionID=%7B525B52C8-4B50-CDB3-C7C8-0D968559310E%7D&AppID=UEEditor.Rocket.Release&AppVersion=4.27.2-18319896%2B%2B%2BUE4%2BRelease-4.27&UserID=ff34cec34635c2434a0cbe8ccdbd3a28%7C2eea84bf844543fbbb7d5cf485b735d0%7Cc84dd4ac-b030-4b4d-8068-60af0798f8bd&AppEnvironment=datacollector-binary&UploadType=eteventstream] refs=[1] status=Processing
[2025.04.15-20.14.45:258][170]LogHttp: Display: cleaning up 1 outstanding Http requests.
[2025.04.15-20.14.45:279][170]LogModuleManager: Shutting down and abandoning module SSL (78)
[2025.04.15-20.14.45:279][170]LogModuleManager: Shutting down and abandoning module WmfMedia (74)
[2025.04.15-20.14.45:280][170]LogModuleManager: Shutting down and abandoning module Media (73)
[2025.04.15-20.14.45:281][170]LogModuleManager: Shutting down and abandoning module MediaInfo (72)
[2025.04.15-20.14.45:281][170]LogModuleManager: Shutting down and abandoning module ExrReaderGpu (68)
[2025.04.15-20.14.45:281][170]LogModuleManager: Shutting down and abandoning module MLSDK (66)
[2025.04.15-20.14.45:281][170]LogModuleManager: Shutting down and abandoning module MagicLeap (64)
[2025.04.15-20.14.45:281][170]LogModuleManager: Shutting down and abandoning module ChaosCloth (62)
[2025.04.15-20.14.45:281][170]LogModuleManager: Shutting down and abandoning module NiagaraVertexFactories (60)
[2025.04.15-20.14.45:281][170]LogModuleManager: Shutting down and abandoning module NiagaraShader (58)
[2025.04.15-20.14.45:281][170]LogModuleManager: Shutting down and abandoning module PixWinPlugin (56)
[2025.04.15-20.14.45:282][170]LogModuleManager: Shutting down and abandoning module VariantManagerContent (54)
[2025.04.15-20.14.45:282][170]LogModuleManager: Shutting down and abandoning module DatasmithContent (52)
[2025.04.15-20.14.45:282][170]LogModuleManager: Shutting down and abandoning module AISupportModule (50)
[2025.04.15-20.14.45:282][170]LogModuleManager: Shutting down and abandoning module DesktopPlatform (48)
[2025.04.15-20.14.45:282][170]LogModuleManager: Shutting down and abandoning module PythonScriptPluginPreload (46)
[2025.04.15-20.14.45:282][170]LogModuleManager: Shutting down and abandoning module PlatformCryptoOpenSSL (44)
[2025.04.15-20.14.45:282][170]LogModuleManager: Shutting down and abandoning module PlatformCryptoTypes (42)
[2025.04.15-20.14.45:282][170]LogModuleManager: Shutting down and abandoning module PlatformCrypto (40)
[2025.04.15-20.14.45:282][170]LogModuleManager: Shutting down and abandoning module OodleDataCompressionFormat (38)
[2025.04.15-20.14.45:282][170]LogModuleManager: Shutting down and abandoning module XGEController (36)
[2025.04.15-20.14.45:282][170]LogXGEController: Cleaning working directory: C:/Users/Playeroth/AppData/Local/Temp/UnrealXGEWorkingDir/
[2025.04.15-20.14.45:282][170]LogModuleManager: Shutting down and abandoning module AnimationModifiers (34)
[2025.04.15-20.14.45:282][170]LogModuleManager: Shutting down and abandoning module AudioEditor (32)
[2025.04.15-20.14.45:282][170]LogModuleManager: Shutting down and abandoning module PropertyEditor (31)
[2025.04.15-20.14.45:283][170]LogModuleManager: Shutting down and abandoning module TextureCompressor (28)
[2025.04.15-20.14.45:283][170]LogModuleManager: Shutting down and abandoning module RenderCore (26)
[2025.04.15-20.14.45:283][170]LogModuleManager: Shutting down and abandoning module Landscape (24)
[2025.04.15-20.14.45:283][170]LogModuleManager: Shutting down and abandoning module SlateRHIRenderer (22)
[2025.04.15-20.14.45:283][170]LogModuleManager: Shutting down and abandoning module AnimGraphRuntime (20)
[2025.04.15-20.14.45:283][170]LogModuleManager: Shutting down and abandoning module Renderer (18)
[2025.04.15-20.14.45:283][170]LogModuleManager: Shutting down and abandoning module Engine (16)
[2025.04.15-20.14.45:283][170]LogModuleManager: Shutting down and abandoning module CoreUObject (14)
[2025.04.15-20.14.45:283][170]LogModuleManager: Shutting down and abandoning module NetworkFile (12)
[2025.04.15-20.14.45:283][170]LogModuleManager: Shutting down and abandoning module CookedIterativeFile (10)
[2025.04.15-20.14.45:283][170]LogModuleManager: Shutting down and abandoning module StreamingFile (8)
[2025.04.15-20.14.45:283][170]LogModuleManager: Shutting down and abandoning module SandboxFile (6)
[2025.04.15-20.14.45:283][170]LogModuleManager: Shutting down and abandoning module PakFile (4)
[2025.04.15-20.14.45:283][170]LogModuleManager: Shutting down and abandoning module RSA (3)
[2025.04.15-20.14.45:490][170]LogContentStreaming: Display: There are 1 unreleased StreamingManagers
[2025.04.15-20.14.45:505][170]LogD3D11RHI: Shutdown
[2025.04.15-20.14.45:505][170]LogD3D11RHI: CleanupD3DDevice
[2025.04.15-20.14.45:509][170]LogExit: Exiting.
[2025.04.15-20.14.45:514][170]Log file closed, 04/15/25 17:14:45
